id,event_id,user_id,event_type,timestamp,session_id,device,browser,source,product_id,product_name,product_category,product_sector,product_price,search_query,time_on_page_sec,quantity,order_total,payment_method
42ed0a6d-4937-4f90-a603-2e86af4c44e5,EVT-000001,USER-00174,view,2025-11-23T01:40:18.113504,SES-83aee6aa,tablet,Firefox,email,PROD-01132,Saatva Loom & Leaf,Beds,Furniture,708.46,,519,0,0,
7a0623c9-0c78-4cb2-a28a-56d330a2d67c,EVT-000002,USER-00064,search,2025-12-19T10:28:47.282609,SES-74b89205,mobile,Firefox,organic,,,,,0.0,wireless headphones,0,0,0,
11828de5-a0e8-4963-b5ec-c3f53e3dea79,EVT-000003,USER-00218,click,2025-12-02T03:25:47.373492,SES-90ebe9d6,desktop,Safari,email,PROD-00003,Penfolds Grange,Red Wine,Wine,390.13,,276,0,0,
51f45473-cff9-436f-93e0-7f1d386749d5,EVT-000004,USER-00107,search,2025-12-18T11:09:10.342657,SES-8f838cd4,desktop,Firefox,organic,,,,,0.0,home office chair,0,0,0,
f80f7022-dcde-4686-965e-0455958198d7,EVT-000005,USER-00147,add_to_cart,2026-01-05T12:40:24.913330,SES-f7cec357,mobile,Chrome,email,PROD-01416,REI Flash 55 Pack,Outdoor Gear,Sports,517.67,,0,1,0,
b0ed435c-ec81-4fd5-bb32-1f7348408f9d,EVT-000006,USER-00048,wishlist,2025-10-25T23:28:29.984976,SES-72243e74,tablet,Safari,organic,PROD-01844,Samsung Galaxy Watch 6,Smartwatches,Electronics,790.52,,0,0,0,
529d6002-400d-43f9-8a5d-70254768834d,EVT-000007,USER-00154,search,2026-01-05T19:08:24.318634,SES-2bae8628,tablet,Chrome,organic,,,,,0.0,red wine gift,0,0,0,
163b776a-4a14-43ab-b29d-2430e74bac91,EVT-000008,USER-00144,view,2025-11-26T09:12:22.057631,SES-bb7b3c7d,tablet,Edge,direct,PROD-01196,Oral-B iO Series 9,Personal Care,Healthcare,285.71,,125,0,0,
bd08ea8f-bcd2-46f3-8b67-7b73e80d6bab,EVT-000009,USER-00001,view,2025-12-10T02:06:18.744376,SES-486dccd8,desktop,Safari,direct,PROD-00512,Dom Pérignon Rosé 2009,Champagne,Wine,415.51,,398,0,0,
63c4f008-f5c7-4f71-a46a-ec49ea2f74db,EVT-000010,USER-00023,search,2025-11-10T15:10:02.909837,SES-dc8f0119,desktop,Chrome,social,,,,,0.0,gaming laptop,0,0,0,
485b0c5e-2214-438b-8cf5-48cde056341b,EVT-000011,USER-00155,search,2025-12-24T20:51:38.742409,SES-fa3208c2,mobile,Firefox,social,,,,,0.0,wireless headphones,0,0,0,
45680974-819d-474c-9d8d-5cbd84805cd9,EVT-000012,USER-00218,click,2025-11-22T21:29:10.822791,SES-b9dcac06,desktop,Safari,email,PROD-00003,Penfolds Grange,Red Wine,Wine,390.13,,276,0,0,
f911057d-8643-427c-aa44-3564ed2495e9,EVT-000013,USER-00107,search,2026-01-03T15:41:52.116906,SES-4e8b9334,desktop,Firefox,organic,,,,,0.0,home office chair,0,0,0,
01b94e83-f472-439a-97ab-393b97d377e4,EVT-000014,USER-00147,add_to_cart,2026-01-02T08:04:55.412733,SES-52207187,mobile,Chrome,email,PROD-01416,REI Flash 55 Pack,Outdoor Gear,Sports,517.67,,0,1,0,
fb8e7bf6-6bfa-4b83-ae7c-aa9652ec9b65,EVT-000015,USER-00048,wishlist,2025-11-10T08:13:16.543027,SES-cdd1b14d,tablet,Safari,organic,PROD-01844,Samsung Galaxy Watch 6,Smartwatches,Electronics,790.52,,0,0,0,
54c77d7d-eccf-49c9-ba64-09acc351fa94,EVT-000016,USER-00154,search,2025-12-24T15:23:17.154236,SES-fb4f61b7,tablet,Chrome,organic,,,,,0.0,red wine gift,0,0,0,
6d187bc3-bc5a-4700-861a-775241cd7585,EVT-000017,USER-00144,view,2025-12-07T00:16:07.598557,SES-f14a4ed8,tablet,Edge,direct,PROD-01196,Oral-B iO Series 9,Personal Care,Healthcare,285.71,,125,0,0,
e7cb0f22-63af-4769-b0f4-4771d4259afc,EVT-000018,USER-00001,view,2026-01-05T08:37:42.341127,SES-a7a07340,desktop,Safari,direct,PROD-00512,Dom Pérignon Rosé 2009,Champagne,Wine,415.51,,398,0,0,
7eafd80a-afdf-47ae-ac83-8682f04cb61e,EVT-000019,USER-00023,search,2026-01-02T03:48:47.152159,SES-3bcbf3ef,desktop,Chrome,social,,,,,0.0,gaming laptop,0,0,0,
8f4721df-6ebd-4af2-83bf-ae201b2402eb,EVT-000020,USER-00155,search,2025-10-30T20:10:19.323726,SES-2c3efd1c,mobile,Firefox,social,,,,,0.0,wireless headphones,0,0,0,
dab3fe91-2156-41e7-954c-0e0623dcc0b6,EVT-000021,USER-00218,click,2025-12-31T06:41:57.350164,SES-e216afed,desktop,Safari,email,PROD-00003,Penfolds Grange,Red Wine,Wine,390.13,,276,0,0,
3e4e0824-ccd3-4832-9090-346cac8b494e,EVT-000022,USER-00107,search,2025-11-14T21:52:39.893725,SES-d525ce08,desktop,Firefox,organic,,,,,0.0,home office chair,0,0,0,
b52d3777-c3bc-4b1b-a6fe-e2efb91f766d,EVT-000023,USER-00147,add_to_cart,2025-12-03T18:20:32.422600,SES-d8c1b7b6,mobile,Chrome,email,PROD-01416,REI Flash 55 Pack,Outdoor Gear,Sports,517.67,,0,1,0,
eb22288d-d938-4062-a386-8e5f614d64cf,EVT-000024,USER-00048,wishlist,2025-10-25T12:03:49.042645,SES-7226de92,tablet,Safari,organic,PROD-01844,Samsung Galaxy Watch 6,Smartwatches,Electronics,790.52,,0,0,0,
c5110a86-516c-4ee6-b610-08dda2bbc78e,EVT-000025,USER-00154,search,2025-11-02T01:10:47.691415,SES-fae7e4c9,tablet,Chrome,organic,,,,,0.0,red wine gift,0,0,0,
8f8860ce-5e62-4d93-a0a9-a38c445aaba6,EVT-000026,USER-00144,view,2025-12-20T22:08:00.041079,SES-6860275c,tablet,Edge,direct,PROD-01196,Oral-B iO Series 9,Personal Care,Healthcare,285.71,,125,0,0,
7f8e1c64-ca73-4367-98ae-4416863d8f17,EVT-000027,USER-00001,view,2025-11-08T10:48:53.770497,SES-7e3b3ba3,desktop,Safari,direct,PROD-00512,Dom Pérignon Rosé 2009,Champagne,Wine,415.51,,398,0,0,
481d2e0f-ac38-4531-9758-0b134da014ae,EVT-000028,USER-00023,search,2025-11-04T06:08:12.631530,SES-52321e30,desktop,Chrome,social,,,,,0.0,gaming laptop,0,0,0,
b653a1d5-efd1-41a2-a8f0-44b8724eaf2e,EVT-000029,USER-00155,search,2025-12-14T11:40:07.239757,SES-3441c636,mobile,Firefox,social,,,,,0.0,wireless headphones,0,0,0,
0812ef2f-bcda-4658-83b3-d09c55437895,EVT-000030,USER-00218,click,2025-11-25T04:15:59.645761,SES-deb048bc,desktop,Safari,email,PROD-00003,Penfolds Grange,Red Wine,Wine,390.13,,276,0,0,
aed36161-3a96-4892-8bf7-0ca58a95a998,EVT-000031,USER-00107,search,2025-11-25T16:25:18.380695,SES-e14e908b,desktop,Firefox,organic,,,,,0.0,home office chair,0,0,0,
36be3d49-f5d8-41e5-b3ef-9952a9797697,EVT-000032,USER-00147,add_to_cart,2025-12-14T15:03:35.718810,SES-cbdf2166,mobile,Chrome,email,PROD-01416,REI Flash 55 Pack,Outdoor Gear,Sports,517.67,,0,1,0,
26657116-806e-4aa4-9d0c-13c579004912,EVT-000033,USER-00048,wishlist,2025-10-25T17:15:04.933165,SES-63e38f3b,tablet,Safari,organic,PROD-01844,Samsung Galaxy Watch 6,Smartwatches,Electronics,790.52,,0,0,0,
a64d6f20-da2a-43c4-b629-79c55c4b6302,EVT-000034,USER-00154,search,2025-12-24T18:55:06.693668,SES-356fe616,tablet,Chrome,organic,,,,,0.0,red wine gift,0,0,0,
bf0c120e-1018-4e93-bee7-9a7a2b6aaee2,EVT-000035,USER-00144,view,2025-12-18T07:47:43.890711,SES-3d4a1051,tablet,Edge,direct,PROD-01196,Oral-B iO Series 9,Personal Care,Healthcare,285.71,,125,0,0,
b9b26654-84f0-4d32-ad27-7d8e4cef1358,EVT-000036,USER-00001,view,2026-01-08T21:53:12.094041,SES-a17239de,desktop,Safari,direct,PROD-00512,Dom Pérignon Rosé 2009,Champagne,Wine,415.51,,398,0,0,
bdd20c16-edf7-4f19-a574-46ac4570f825,EVT-000037,USER-00023,search,2025-10-23T09:11:46.196888,SES-4807bd82,desktop,Chrome,social,,,,,0.0,gaming laptop,0,0,0,
42fed661-89e5-427e-ad9a-5be9429235fe,EVT-000038,USER-00155,search,2025-11-29T14:22:35.763007,SES-354e56a3,mobile,Firefox,social,,,,,0.0,wireless headphones,0,0,0,
aeb3b1d4-d353-486b-9166-fcda39fb3375,EVT-000039,USER-00218,click,2025-11-21T19:06:53.229291,SES-7d9e079a,desktop,Safari,email,PROD-00003,Penfolds Grange,Red Wine,Wine,390.13,,276,0,0,
67c6225e-16ad-4832-83ac-25c11038bcb1,EVT-000040,USER-00107,search,2025-12-19T23:33:34.093275,SES-f50d8eb4,desktop,Firefox,organic,,,,,0.0,home office chair,0,0,0,
0c2a1381-27de-4672-941f-275d716e3a81,EVT-000041,USER-00147,add_to_cart,2025-10-31T16:35:03.980475,SES-887b51b1,mobile,Chrome,email,PROD-01416,REI Flash 55 Pack,Outdoor Gear,Sports,517.67,,0,1,0,
dc953ced-f5ab-438d-9baf-8e356a4ce964,EVT-000042,USER-00048,wishlist,2026-01-12T20:32:14.248173,SES-35c3c0c7,tablet,Safari,organic,PROD-01844,Samsung Galaxy Watch 6,Smartwatches,Electronics,790.52,,0,0,0,
bd35d91d-dfa6-4a75-8dd0-b3329b64eb8f,EVT-000043,USER-00154,search,2025-11-19T05:41:28.296700,SES-22871997,tablet,Chrome,organic,,,,,0.0,red wine gift,0,0,0,
2da642cc-5703-4fb6-989d-beb221c51526,EVT-000044,USER-00144,view,2025-12-03T16:30:46.422988,SES-aeb1486a,tablet,Edge,direct,PROD-01196,Oral-B iO Series 9,Personal Care,Healthcare,285.71,,125,0,0,
ff6469cd-f667-44c1-9861-cc0f3fdf84cf,EVT-000045,USER-00001,view,2025-11-08T10:14:34.809170,SES-bc4f36b9,desktop,Safari,direct,PROD-00512,Dom Pérignon Rosé 2009,Champagne,Wine,415.51,,398,0,0,
6ccd0c7e-f082-4127-aa52-2dcaf19da8e1,EVT-000046,USER-00023,search,2025-10-24T15:06:56.759857,SES-81348db9,desktop,Chrome,social,,,,,0.0,gaming laptop,0,0,0,
e92e28c3-eb01-470b-a35d-da435c155697,EVT-000047,USER-00155,search,2026-01-03T12:03:14.076846,SES-08fbd267,mobile,Firefox,social,,,,,0.0,wireless headphones,0,0,0,
f53392c2-5bd1-436d-b0f1-15d31a2af24a,EVT-000048,USER-00218,click,2025-12-02T18:03:30.576891,SES-03f99fa0,desktop,Safari,email,PROD-00003,Penfolds Grange,Red Wine,Wine,390.13,,276,0,0,
fe7496d3-b29c-44c2-aa9a-600bab6766eb,EVT-000049,USER-00107,search,2025-12-13T12:13:14.403510,SES-d3c22612,desktop,Firefox,organic,,,,,0.0,home office chair,0,0,0,
ddeb1d38-7e74-48f0-9adb-5319b1135e0f,EVT-000050,USER-00147,add_to_cart,2025-11-30T19:40:03.876943,SES-b14b429d,mobile,Chrome,email,PROD-01416,REI Flash 55 Pack,Outdoor Gear,Sports,517.67,,0,1,0,
0fa36043-91d8-4f5b-811d-905a84f7eca4,EVT-000051,USER-00048,wishlist,2025-11-27T14:41:46.144746,SES-812fd43f,tablet,Safari,organic,PROD-01844,Samsung Galaxy Watch 6,Smartwatches,Electronics,790.52,,0,0,0,
6e9f11c1-8872-4796-afd5-ada9d4d626d0,EVT-000052,USER-00154,search,2026-01-05T17:47:02.693455,SES-b7e805bb,tablet,Chrome,organic,,,,,0.0,red wine gift,0,0,0,
ccd62ec5-e79c-45b2-ace9-654474eaca56,EVT-000053,USER-00144,view,2025-11-14T09:41:50.408267,SES-7cfb40a2,tablet,Edge,direct,PROD-01196,Oral-B iO Series 9,Personal Care,Healthcare,285.71,,125,0,0,
3eb4baa6-ff8f-4184-828f-9c558b314733,EVT-000054,USER-00001,view,2025-11-25T06:16:47.116147,SES-96587904,desktop,Safari,direct,PROD-00512,Dom Pérignon Rosé 2009,Champagne,Wine,415.51,,398,0,0,
4717c840-7afb-4365-90d6-45034b9eedaf,EVT-000055,USER-00023,search,2025-11-22T01:57:10.354671,SES-d82bc50d,desktop,Chrome,social,,,,,0.0,gaming laptop,0,0,0,
0043444a-5684-4706-bbe9-a0e35d02f996,EVT-000056,USER-00155,search,2025-12-22T17:48:59.225468,SES-0dbc3999,mobile,Firefox,social,,,,,0.0,wireless headphones,0,0,0,
c46769b0-0492-4672-935b-4b1439cfbbf7,EVT-000057,USER-00218,click,2025-11-18T16:30:36.563875,SES-74ce03e5,desktop,Safari,email,PROD-00003,Penfolds Grange,Red Wine,Wine,390.13,,276,0,0,
9d34115a-2472-47ce-8b90-7d5d99144783,EVT-000058,USER-00107,search,2026-01-18T00:59:22.866211,SES-4dc18ebf,desktop,Firefox,organic,,,,,0.0,home office chair,0,0,0,
5ca40f19-a069-4ba2-8e33-86bcdbc391a0,EVT-000059,USER-00147,add_to_cart,2026-01-09T15:23:25.777596,SES-c754296c,mobile,Chrome,email,PROD-01416,REI Flash 55 Pack,Outdoor Gear,Sports,517.67,,0,1,0,
e1d42d89-f02c-4d92-a7e3-686bef1a728e,EVT-000060,USER-00048,wishlist,2025-12-30T08:35:22.178698,SES-ed0fba10,tablet,Safari,organic,PROD-01844,Samsung Galaxy Watch 6,Smartwatches,Electronics,790.52,,0,0,0,
97866541-c807-4717-af2d-1565266e2da8,EVT-000061,USER-00154,search,2026-01-11T18:00:19.318220,SES-73fb161b,tablet,Chrome,organic,,,,,0.0,red wine gift,0,0,0,
2b8d6a90-b630-431f-8472-51e7808c4a24,EVT-000062,USER-00144,view,2025-12-07T07:10:15.853277,SES-e680748d,tablet,Edge,direct,PROD-01196,Oral-B iO Series 9,Personal Care,Healthcare,285.71,,125,0,0,
6ee25794-6be5-47a0-b24c-e9cf9e7052b7,EVT-000063,USER-00001,view,2025-11-29T13:27:56.019322,SES-3c6e646b,desktop,Safari,direct,PROD-00512,Dom Pérignon Rosé 2009,Champagne,Wine,415.51,,398,0,0,
dde43498-904e-477f-978d-d7032e722f53,EVT-000064,USER-00023,search,2025-12-31T08:07:56.355150,SES-1098cdaa,desktop,Chrome,social,,,,,0.0,gaming laptop,0,0,0,
d2b006ed-fc1f-4531-87c7-7c87843eb773,EVT-000065,USER-00155,search,2026-01-16T12:44:12.567622,SES-af3d2f51,mobile,Firefox,social,,,,,0.0,wireless headphones,0,0,0,
142cd929-9bb9-4148-ad25-680383b5669c,EVT-000066,USER-00218,click,2025-11-27T17:45:21.990531,SES-03de95cf,desktop,Safari,email,PROD-00003,Penfolds Grange,Red Wine,Wine,390.13,,276,0,0,
420b7f63-7772-4a6f-9ab7-7afd4582a270,EVT-000067,USER-00107,search,2025-10-25T05:48:54.009102,SES-e1fef912,desktop,Firefox,organic,,,,,0.0,home office chair,0,0,0,
2880458e-5a36-4f58-be95-79d9173388bf,EVT-000068,USER-00147,add_to_cart,2025-12-07T18:29:50.027782,SES-1e3caf38,mobile,Chrome,email,PROD-01416,REI Flash 55 Pack,Outdoor Gear,Sports,517.67,,0,1,0,
5edfe98c-d88b-4da4-a1d8-affc972f642f,EVT-000069,USER-00048,wishlist,2026-01-13T16:25:10.575985,SES-9a0899f2,tablet,Safari,organic,PROD-01844,Samsung Galaxy Watch 6,Smartwatches,Electronics,790.52,,0,0,0,
6734f247-d74e-4c88-832f-d36df6c90145,EVT-000070,USER-00154,search,2026-01-10T11:10:53.634236,SES-27902ab2,tablet,Chrome,organic,,,,,0.0,red wine gift,0,0,0,
19d4bd21-0d2b-4716-99e5-c33e8042bd1c,EVT-000071,USER-00144,view,2026-01-17T13:02:41.111398,SES-7655777f,tablet,Edge,direct,PROD-01196,Oral-B iO Series 9,Personal Care,Healthcare,285.71,,125,0,0,
9474f323-91b6-448b-97f4-c73c139e3cd2,EVT-000072,USER-00001,view,2026-01-15T12:41:02.077048,SES-c4351136,desktop,Safari,direct,PROD-00512,Dom Pérignon Rosé 2009,Champagne,Wine,415.51,,398,0,0,
8722a222-ac47-4592-82fa-c71179e38cd5,EVT-000073,USER-00023,search,2025-11-09T12:48:50.625360,SES-c7de2693,desktop,Chrome,social,,,,,0.0,gaming laptop,0,0,0,
c4415d5e-a801-4dcd-9b00-a390bfa58ba8,EVT-000074,USER-00155,search,2026-01-18T04:34:47.202472,SES-2a1374e9,mobile,Firefox,social,,,,,0.0,wireless headphones,0,0,0,
a1512bd2-5464-4fd3-a4ef-336b26a87fb8,EVT-000075,USER-00218,click,2025-12-29T08:07:55.315086,SES-ff475ccf,desktop,Safari,email,PROD-00003,Penfolds Grange,Red Wine,Wine,390.13,,276,0,0,
45353853-c5da-4f38-bb97-4095bc683b53,EVT-000076,USER-00107,search,2025-11-03T08:42:00.069328,SES-c5f4851d,desktop,Firefox,organic,,,,,0.0,home office chair,0,0,0,
64da7a6d-36e3-499f-94e9-2222a3ea4092,EVT-000077,USER-00147,add_to_cart,2025-11-21T15:44:00.961809,SES-ec709d52,mobile,Chrome,email,PROD-01416,REI Flash 55 Pack,Outdoor Gear,Sports,517.67,,0,1,0,
e5795e12-0ae1-46dc-911b-9ddd4998b1ff,EVT-000078,USER-00048,wishlist,2026-01-17T01:32:54.812157,SES-8b78ff6d,tablet,Safari,organic,PROD-01844,Samsung Galaxy Watch 6,Smartwatches,Electronics,790.52,,0,0,0,
6752f53b-3547-4a80-a163-df05ea3fa553,EVT-000079,USER-00154,search,2026-01-18T00:02:17.194687,SES-8e87bd6e,tablet,Chrome,organic,,,,,0.0,red wine gift,0,0,0,
a2e843ec-a1e0-41d3-a773-4c5e677c5821,EVT-000080,USER-00144,view,2025-11-19T12:10:00.042611,SES-5fca012c,tablet,Edge,direct,PROD-01196,Oral-B iO Series 9,Personal Care,Healthcare,285.71,,125,0,0,
c0e0fe8b-a938-4f0f-ae24-008b9b8b8018,EVT-000081,USER-00001,view,2025-12-30T14:18:49.518850,SES-cc35eb3a,desktop,Safari,direct,PROD-00512,Dom Pérignon Rosé 2009,Champagne,Wine,415.51,,398,0,0,
dd419cbf-3204-469f-a47d-fb499ede3760,EVT-000082,USER-00023,search,2026-01-02T19:21:12.316065,SES-c8815c4f,desktop,Chrome,social,,,,,0.0,gaming laptop,0,0,0,
189c93f1-3883-4063-933f-830a69af9562,EVT-000083,USER-00155,search,2025-12-02T22:57:25.327969,SES-b0f5c39f,mobile,Firefox,social,,,,,0.0,wireless headphones,0,0,0,
1fb72234-7eba-46cf-8ee6-436e425aa01b,EVT-000084,USER-00218,click,2025-11-06T13:16:29.022202,SES-1216b16c,desktop,Safari,email,PROD-00003,Penfolds Grange,Red Wine,Wine,390.13,,276,0,0,
d069f773-b9b2-4c3a-ad7a-a4c323534c03,EVT-000085,USER-00107,search,2025-10-22T17:57:25.796799,SES-4170caf2,desktop,Firefox,organic,,,,,0.0,home office chair,0,0,0,
17cb38c7-820d-4aae-8c82-3a761d0e0a40,EVT-000086,USER-00147,add_to_cart,2025-11-04T22:42:59.090155,SES-aa62a312,mobile,Chrome,email,PROD-01416,REI Flash 55 Pack,Outdoor Gear,Sports,517.67,,0,1,0,
e232f406-feea-4e98-831d-c917097c18d3,EVT-000087,USER-00048,wishlist,2026-01-10T03:19:05.060699,SES-81f89097,tablet,Safari,organic,PROD-01844,Samsung Galaxy Watch 6,Smartwatches,Electronics,790.52,,0,0,0,
259afc71-5bd4-4825-bb56-cbe168169a22,EVT-000088,USER-00154,search,2025-11-18T18:54:20.426375,SES-690f1edd,tablet,Chrome,organic,,,,,0.0,red wine gift,0,0,0,
7f8de74d-46e9-4e61-a819-78b7e86c6f3e,EVT-000089,USER-00144,view,2025-10-29T21:44:47.102869,SES-eedb6637,tablet,Edge,direct,PROD-01196,Oral-B iO Series 9,Personal Care,Healthcare,285.71,,125,0,0,
c9b4c229-00a7-4da4-8114-7e406329f702,EVT-000090,USER-00001,view,2025-11-12T22:17:32.538894,SES-cb92aa6d,desktop,Safari,direct,PROD-00512,Dom Pérignon Rosé 2009,Champagne,Wine,415.51,,398,0,0,
2f3413e8-3114-4134-8b0b-5e929d93f7c5,EVT-000091,USER-00023,search,2025-11-09T23:18:40.729717,SES-8ebf72e8,desktop,Chrome,social,,,,,0.0,gaming laptop,0,0,0,
52a56f62-fdd2-492b-8f9c-b84e70748720,EVT-000092,USER-00155,search,2025-10-30T18:53:46.771837,SES-db36df89,mobile,Firefox,social,,,,,0.0,wireless headphones,0,0,0,
32c6ec16-d5cb-4a9c-bf9a-4fcfc86a3f37,EVT-000093,USER-00218,click,2025-11-13T16:45:29.095915,SES-9450f997,desktop,Safari,email,PROD-00003,Penfolds Grange,Red Wine,Wine,390.13,,276,0,0,
8e32a15e-f7c4-4b04-8cf6-4de0a457712d,EVT-000094,USER-00107,search,2025-12-23T07:07:01.770097,SES-9a759bfb,desktop,Firefox,organic,,,,,0.0,home office chair,0,0,0,
010eae58-4539-4472-a372-e671dc5c30a8,EVT-000095,USER-00147,add_to_cart,2026-01-06T18:46:46.448633,SES-ceff8461,mobile,Chrome,email,PROD-01416,REI Flash 55 Pack,Outdoor Gear,Sports,517.67,,0,1,0,
1748edea-e220-4761-8b84-be4f93ddad1f,EVT-000096,USER-00048,wishlist,2025-11-25T08:31:57.734065,SES-dc8fb4b3,tablet,Safari,organic,PROD-01844,Samsung Galaxy Watch 6,Smartwatches,Electronics,790.52,,0,0,0,
921ee1ed-1ac3-45aa-938a-f934a357f2d6,EVT-000097,USER-00154,search,2025-12-04T15:11:56.639512,SES-ae3c8ae6,tablet,Chrome,organic,,,,,0.0,red wine gift,0,0,0,
636b842b-fee9-4d73-94b1-8eb38fb3ebd1,EVT-000098,USER-00144,view,2025-11-22T16:42:48.448623,SES-048749eb,tablet,Edge,direct,PROD-01196,Oral-B iO Series 9,Personal Care,Healthcare,285.71,,125,0,0,
d2a13970-5630-42cd-bca0-4fd6bf0205df,EVT-000099,USER-00001,view,2025-12-04T01:03:55.200039,SES-0e8ba8ab,desktop,Safari,direct,PROD-00512,Dom Pérignon Rosé 2009,Champagne,Wine,415.51,,398,0,0,
85dd7e3e-cc4a-44c9-9677-c5ce72cec8c0,EVT-000100,USER-00023,search,2025-12-23T11:35:40.345623,SES-3a84e423,desktop,Chrome,social,,,,,0.0,gaming laptop,0,0,0,
1c0529f1-1658-4f4c-ad15-4a5d45f65f17,EVT-000101,USER-00155,search,2025-12-24T13:30:00.324128,SES-ada87c72,mobile,Firefox,social,,,,,0.0,wireless headphones,0,0,0,
ba2c15d6-8e76-4187-b32f-6b2d543a0d17,EVT-000102,USER-00218,click,2026-01-12T19:51:18.765399,SES-13d839b2,desktop,Safari,email,PROD-00003,Penfolds Grange,Red Wine,Wine,390.13,,276,0,0,
e048c277-4876-40ba-8601-0dc7d2c720ea,EVT-000103,USER-00107,search,2025-12-21T19:57:33.948950,SES-23bb290c,desktop,Firefox,organic,,,,,0.0,home office chair,0,0,0,
85726dc3-08b5-4072-a538-2921a80dbb17,EVT-000104,USER-00147,add_to_cart,2026-01-05T11:50:43.210812,SES-e0a1d222,mobile,Chrome,email,PROD-01416,REI Flash 55 Pack,Outdoor Gear,Sports,517.67,,0,1,0,
0dee4ce2-a556-44c4-bbc1-a9ad7863462d,EVT-000105,USER-00048,wishlist,2025-12-25T05:34:47.606345,SES-cd090f60,tablet,Safari,organic,PROD-01844,Samsung Galaxy Watch 6,Smartwatches,Electronics,790.52,,0,0,0,
429b7693-50f9-4482-abd9-d66cc0ffb907,EVT-000106,USER-00154,search,2025-12-30T08:20:13.803595,SES-7d5111aa,tablet,Chrome,organic,,,,,0.0,red wine gift,0,0,0,
e2779df0-f88b-4d2a-8eb4-1f536edfaa81,EVT-000107,USER-00144,view,2025-10-31T07:07:03.134097,SES-413c3a3b,tablet,Edge,direct,PROD-01196,Oral-B iO Series 9,Personal Care,Healthcare,285.71,,125,0,0,
ba8c89e7-22d9-4d5a-b97a-3cd183acfabb,EVT-000108,USER-00001,view,2025-11-03T05:42:03.613028,SES-bfb8e364,desktop,Safari,direct,PROD-00512,Dom Pérignon Rosé 2009,Champagne,Wine,415.51,,398,0,0,
d1822e2c-f050-4a59-8fbc-07c404597636,EVT-000109,USER-00023,search,2025-12-30T08:18:41.455127,SES-470ec285,desktop,Chrome,social,,,,,0.0,gaming laptop,0,0,0,
679c42bd-0602-4f08-856b-53c011098e7e,EVT-000110,USER-00155,search,2025-11-03T16:33:09.264638,SES-2a39a0f6,mobile,Firefox,social,,,,,0.0,wireless headphones,0,0,0,
634cc267-d3b0-4701-9e2c-ba57dedb7253,EVT-000111,USER-00218,click,2025-12-31T06:22:42.176691,SES-412b5780,desktop,Safari,email,PROD-00003,Penfolds Grange,Red Wine,Wine,390.13,,276,0,0,
346eab78-4bf4-49c9-b33d-c62d0aff5ed9,EVT-000112,USER-00107,search,2026-01-11T11:51:42.553576,SES-1e6f9386,desktop,Firefox,organic,,,,,0.0,home office chair,0,0,0,
fecd271c-a9e0-42f0-a653-ca5553623d11,EVT-000113,USER-00147,add_to_cart,2026-01-04T10:53:04.408097,SES-15c00e3f,mobile,Chrome,email,PROD-01416,REI Flash 55 Pack,Outdoor Gear,Sports,517.67,,0,1,0,
c039cd1f-d74e-482b-b2b4-7e1e75439650,EVT-000114,USER-00048,wishlist,2025-12-27T09:44:22.508468,SES-d17a052b,tablet,Safari,organic,PROD-01844,Samsung Galaxy Watch 6,Smartwatches,Electronics,790.52,,0,0,0,
599bc8ba-3c58-4c94-ba6e-bd54fd19dfe2,EVT-000115,USER-00154,search,2025-11-29T21:15:19.811943,SES-bd67aefb,tablet,Chrome,organic,,,,,0.0,red wine gift,0,0,0,
a882c28a-f22a-45dd-a483-5725958d37a1,EVT-000116,USER-00144,view,2025-11-27T02:51:09.401847,SES-0fd99b9b,tablet,Edge,direct,PROD-01196,Oral-B iO Series 9,Personal Care,Healthcare,285.71,,125,0,0,
74f92738-9153-4bcb-b356-f6bfabdc51d8,EVT-000117,USER-00001,view,2025-10-29T02:54:52.245232,SES-bde1e6ce,desktop,Safari,direct,PROD-00512,Dom Pérignon Rosé 2009,Champagne,Wine,415.51,,398,0,0,
2ded9291-a8b1-4114-9f56-0b0d3da7207a,EVT-000118,USER-00023,search,2025-12-05T14:53:02.340583,SES-30645c74,desktop,Chrome,social,,,,,0.0,gaming laptop,0,0,0,
ccfa7400-e74c-43b5-9d56-64bf670eee17,EVT-000119,USER-00155,search,2025-12-28T07:27:45.821986,SES-f8c91a1c,mobile,Firefox,social,,,,,0.0,wireless headphones,0,0,0,
d00dfe21-ce17-436d-b121-513551daff4f,EVT-000120,USER-00218,click,2025-12-14T10:49:20.557173,SES-a7cad7a3,desktop,Safari,email,PROD-00003,Penfolds Grange,Red Wine,Wine,390.13,,276,0,0,
394595eb-3fdf-4831-89f2-1e35dd4adb51,EVT-000121,USER-00107,search,2025-11-11T14:59:41.885494,SES-64ac066a,desktop,Firefox,organic,,,,,0.0,home office chair,0,0,0,
e14c7f3f-f7c3-434c-a88a-6fcfb5bcf89b,EVT-000122,USER-00147,add_to_cart,2025-12-16T10:32:38.673322,SES-57cc3eb4,mobile,Chrome,email,PROD-01416,REI Flash 55 Pack,Outdoor Gear,Sports,517.67,,0,1,0,
c1a4f850-9a5d-4c55-b80c-acf248efc56e,EVT-000123,USER-00048,wishlist,2025-12-30T18:40:43.370247,SES-5b1f2fbe,tablet,Safari,organic,PROD-01844,Samsung Galaxy Watch 6,Smartwatches,Electronics,790.52,,0,0,0,
5f197ec5-4345-4a1d-8c9a-db4b5abb0726,EVT-000124,USER-00154,search,2025-11-24T21:27:43.834546,SES-e8fa6955,tablet,Chrome,organic,,,,,0.0,red wine gift,0,0,0,
7eb4045c-6377-4229-bc7c-c17949901cca,EVT-000125,USER-00144,view,2025-11-22T06:12:49.994953,SES-ef214942,tablet,Edge,direct,PROD-01196,Oral-B iO Series 9,Personal Care,Healthcare,285.71,,125,0,0,
df6c4b05-3e2c-4c42-ae97-ea7474d79446,EVT-000126,USER-00001,view,2026-01-04T18:19:48.790999,SES-c6262beb,desktop,Safari,direct,PROD-00512,Dom Pérignon Rosé 2009,Champagne,Wine,415.51,,398,0,0,
a549534b-8754-4938-b00e-b4afa36106ed,EVT-000127,USER-00023,search,2025-12-16T14:57:34.288019,SES-e50c3f65,desktop,Chrome,social,,,,,0.0,gaming laptop,0,0,0,
ed65ec63-5e68-4db9-a1bb-04babdd81027,EVT-000128,USER-00155,search,2025-12-29T07:46:27.361196,SES-569fc797,mobile,Firefox,social,,,,,0.0,wireless headphones,0,0,0,
ee5e4d7b-731e-46ea-8e7a-c39a47b3c1cf,EVT-000129,USER-00218,click,2026-01-12T23:38:29.741600,SES-2afb01e8,desktop,Safari,email,PROD-00003,Penfolds Grange,Red Wine,Wine,390.13,,276,0,0,
6eea4c14-b26b-4589-bfcf-4abc1028a25c,EVT-000130,USER-00107,search,2025-12-19T18:34:57.840062,SES-54e5fa97,desktop,Firefox,organic,,,,,0.0,home office chair,0,0,0,
9e0d063f-ca73-4932-b61e-3bc445c6b698,EVT-000131,USER-00147,add_to_cart,2025-11-04T02:23:18.304688,SES-51570970,mobile,Chrome,email,PROD-01416,REI Flash 55 Pack,Outdoor Gear,Sports,517.67,,0,1,0,
a21979fe-ff5a-4644-aafc-b29a9553a16a,EVT-000132,USER-00048,wishlist,2025-11-08T14:09:07.990562,SES-d64aa9b0,tablet,Safari,organic,PROD-01844,Samsung Galaxy Watch 6,Smartwatches,Electronics,790.52,,0,0,0,
438fd6c7-ded7-4d78-89aa-8eb685de6f79,EVT-000133,USER-00154,search,2025-11-10T16:23:51.707532,SES-c2374d3b,tablet,Chrome,organic,,,,,0.0,red wine gift,0,0,0,
11b2e459-17d7-443d-88c3-4418f5d591fe,EVT-000134,USER-00144,view,2025-11-30T20:36:04.285235,SES-eab5b4e2,tablet,Edge,direct,PROD-01196,Oral-B iO Series 9,Personal Care,Healthcare,285.71,,125,0,0,
f1aa03ef-5601-4ac7-bc6d-4cd472472fa9,EVT-000135,USER-00001,view,2025-11-22T05:38:34.834543,SES-e5d70424,desktop,Safari,direct,PROD-00512,Dom Pérignon Rosé 2009,Champagne,Wine,415.51,,398,0,0,
4dbae228-74c1-4900-ac9f-ace1472a42f1,EVT-000136,USER-00023,search,2025-12-20T12:52:22.414228,SES-31dfcb78,desktop,Chrome,social,,,,,0.0,gaming laptop,0,0,0,
6c51c4ac-6ad7-468c-b265-4aabe9b905cf,EVT-000137,USER-00155,search,2025-11-29T23:40:20.224115,SES-d58ceb0f,mobile,Firefox,social,,,,,0.0,wireless headphones,0,0,0,
e079bd60-bdbe-4c27-8b2c-d62bdfe254de,EVT-000138,USER-00218,click,2025-11-17T07:39:30.029748,SES-eb3b041d,desktop,Safari,email,PROD-00003,Penfolds Grange,Red Wine,Wine,390.13,,276,0,0,
bb95daaa-ee42-4407-8bff-6e0b9e03b4c3,EVT-000139,USER-00107,search,2025-11-26T11:39:26.450249,SES-7e193fd4,desktop,Firefox,organic,,,,,0.0,home office chair,0,0,0,
fe62fc09-c1cf-4ca5-8b04-b0829a091d2b,EVT-000140,USER-00147,add_to_cart,2026-01-04T14:05:23.511089,SES-cd90aa25,mobile,Chrome,email,PROD-01416,REI Flash 55 Pack,Outdoor Gear,Sports,517.67,,0,1,0,
6ef00a57-b0f5-466c-af1e-e6f452de1110,EVT-000141,USER-00048,wishlist,2025-10-25T19:21:41.112910,SES-a66e1cb5,tablet,Safari,organic,PROD-01844,Samsung Galaxy Watch 6,Smartwatches,Electronics,790.52,,0,0,0,
e323b237-c4c7-4ff6-9bc9-e1b33f0c272c,EVT-000142,USER-00154,search,2026-01-16T22:31:24.108716,SES-bffbbd20,tablet,Chrome,organic,,,,,0.0,red wine gift,0,0,0,
8edb19b7-bc08-47ec-abfc-5e64b97cf7c8,EVT-000143,USER-00144,view,2025-11-29T15:05:15.056057,SES-9786c44e,tablet,Edge,direct,PROD-01196,Oral-B iO Series 9,Personal Care,Healthcare,285.71,,125,0,0,
f028dd19-8f66-4cd0-832f-2bd2efc30aa7,EVT-000144,USER-00001,view,2025-11-06T09:23:18.412519,SES-8fa1aaca,desktop,Safari,direct,PROD-00512,Dom Pérignon Rosé 2009,Champagne,Wine,415.51,,398,0,0,
5c9621ac-18e7-4a6a-a515-b7bf9c3d586f,EVT-000145,USER-00023,search,2025-12-23T01:59:23.101571,SES-a24a5dfd,desktop,Chrome,social,,,,,0.0,gaming laptop,0,0,0,
868997b9-36d2-4db3-97cb-f996da0c3486,EVT-000146,USER-00155,search,2026-01-05T18:04:40.881338,SES-27425763,mobile,Firefox,social,,,,,0.0,wireless headphones,0,0,0,
23c33d52-c23f-407e-a575-221491597161,EVT-000147,USER-00218,click,2025-12-03T12:22:07.933543,SES-ddaccf87,desktop,Safari,email,PROD-00003,Penfolds Grange,Red Wine,Wine,390.13,,276,0,0,
7aba9a66-9b53-423c-bf09-3201571cd4b9,EVT-000148,USER-00107,search,2025-10-30T02:38:21.307584,SES-a36b32ee,desktop,Firefox,organic,,,,,0.0,home office chair,0,0,0,
057ee02c-c56e-4207-be63-3b87eb3dd458,EVT-000149,USER-00147,add_to_cart,2025-12-23T10:02:15.258650,SES-992ba1e3,mobile,Chrome,email,PROD-01416,REI Flash 55 Pack,Outdoor Gear,Sports,517.67,,0,1,0,
c4443ee7-1341-4f0b-b929-8a08c9f83060,EVT-000150,USER-00048,wishlist,2025-10-31T19:10:15.030153,SES-c3f90b83,tablet,Safari,organic,PROD-01844,Samsung Galaxy Watch 6,Smartwatches,Electronics,790.52,,0,0,0,
9fe0cc4f-5763-4c2a-a437-0a00ea84c6d5,EVT-000151,USER-00154,search,2026-01-08T07:03:48.347479,SES-af2a0265,tablet,Chrome,organic,,,,,0.0,red wine gift,0,0,0,
4c821b66-6f42-4e72-8b4c-4bd7eda6521d,EVT-000152,USER-00144,view,2026-01-02T23:48:15.797190,SES-2fbd6929,tablet,Edge,direct,PROD-01196,Oral-B iO Series 9,Personal Care,Healthcare,285.71,,125,0,0,
73ccd9b5-d89b-47e4-83e8-18f0b12ff3d1,EVT-000153,USER-00001,view,2025-10-23T18:32:26.627701,SES-f3757a60,desktop,Safari,direct,PROD-00512,Dom Pérignon Rosé 2009,Champagne,Wine,415.51,,398,0,0,
ee7e0a83-e417-4f3c-bf7e-3a1fd51f9d69,EVT-000154,USER-00023,search,2025-11-20T09:13:53.451591,SES-7ba534ce,desktop,Chrome,social,,,,,0.0,gaming laptop,0,0,0,
b7547c9a-ee6a-45e6-9fb5-00a949c8e50f,EVT-000155,USER-00155,search,2025-12-13T09:26:57.862570,SES-5228e9be,mobile,Firefox,social,,,,,0.0,wireless headphones,0,0,0,
c1451b2f-c379-4701-94f9-72197437db9e,EVT-000156,USER-00218,click,2025-11-26T05:33:17.459609,SES-9753a27c,desktop,Safari,email,PROD-00003,Penfolds Grange,Red Wine,Wine,390.13,,276,0,0,
c790f8d0-4151-4233-ae2c-63e61aa7ef39,EVT-000157,USER-00107,search,2025-12-02T14:16:14.503677,SES-14a44f03,desktop,Firefox,organic,,,,,0.0,home office chair,0,0,0,
8a28de3a-5c52-4e50-b2f6-d04b7f63fe0b,EVT-000158,USER-00147,add_to_cart,2025-12-05T10:11:48.852418,SES-6e882529,mobile,Chrome,email,PROD-01416,REI Flash 55 Pack,Outdoor Gear,Sports,517.67,,0,1,0,
725820ac-d93e-421c-8aa9-8d404f474452,EVT-000159,USER-00048,wishlist,2026-01-17T01:33:55.101012,SES-0d610608,tablet,Safari,organic,PROD-01844,Samsung Galaxy Watch 6,Smartwatches,Electronics,790.52,,0,0,0,
9fc082c6-055a-46aa-bc18-800e46990ff4,EVT-000160,USER-00154,search,2025-11-27T19:48:54.565666,SES-a7f5365b,tablet,Chrome,organic,,,,,0.0,red wine gift,0,0,0,
608aa39a-d5ce-416f-bea5-fd728116d9c8,EVT-000161,USER-00144,view,2025-12-31T02:16:21.717229,SES-ce28c2dc,tablet,Edge,direct,PROD-01196,Oral-B iO Series 9,Personal Care,Healthcare,285.71,,125,0,0,
bc9efab4-972a-4589-9e9c-c7c8d183d429,EVT-000162,USER-00001,view,2025-11-18T22:31:03.293249,SES-567d2a58,desktop,Safari,direct,PROD-00512,Dom Pérignon Rosé 2009,Champagne,Wine,415.51,,398,0,0,
f613d17a-7470-408a-a562-72ad8cbead02,EVT-000163,USER-00023,search,2025-11-14T22:49:04.007105,SES-b17e2c6d,desktop,Chrome,social,,,,,0.0,gaming laptop,0,0,0,
c12ef9ee-3d4e-4bdb-829e-de0836a888ca,EVT-000164,USER-00155,search,2025-12-18T17:49:44.187659,SES-a7b5f623,mobile,Firefox,social,,,,,0.0,wireless headphones,0,0,0,
79f408f4-501a-4a0c-9f48-baf898adc50d,EVT-000165,USER-00218,click,2025-12-15T23:59:22.903783,SES-10c699f7,desktop,Safari,email,PROD-00003,Penfolds Grange,Red Wine,Wine,390.13,,276,0,0,
e2cfdf50-4789-4cad-8bd7-a4b6461d76a0,EVT-000166,USER-00107,search,2026-01-02T21:21:34.441021,SES-4959cc47,desktop,Firefox,organic,,,,,0.0,home office chair,0,0,0,
deea6fc3-8ef0-46e3-9f6a-24c0516db46b,EVT-000167,USER-00147,add_to_cart,2025-12-02T04:43:08.063206,SES-9c6d233f,mobile,Chrome,email,PROD-01416,REI Flash 55 Pack,Outdoor Gear,Sports,517.67,,0,1,0,
9866cc7a-d8cc-4305-b1e3-164ebdae4c65,EVT-000168,USER-00048,wishlist,2025-11-25T05:26:18.652964,SES-33a31216,tablet,Safari,organic,PROD-01844,Samsung Galaxy Watch 6,Smartwatches,Electronics,790.52,,0,0,0,
d6f1f53b-8317-42a3-b1b1-3477d3a55a1d,EVT-000169,USER-00154,search,2025-12-04T06:59:52.689247,SES-79b94a85,tablet,Chrome,organic,,,,,0.0,red wine gift,0,0,0,
f7871fed-bbad-4bc8-bfa1-2163361abf7b,EVT-000170,USER-00144,view,2025-11-21T19:52:22.841956,SES-2d948c65,tablet,Edge,direct,PROD-01196,Oral-B iO Series 9,Personal Care,Healthcare,285.71,,125,0,0,
5a553aca-7620-483f-9c8c-b7fb3ff1bf6a,EVT-000171,USER-00001,view,2025-12-09T19:47:16.914014,SES-2c5f8c94,desktop,Safari,direct,PROD-00512,Dom Pérignon Rosé 2009,Champagne,Wine,415.51,,398,0,0,
d1971aa3-3c29-42e2-8dc4-c26a722d30f0,EVT-000172,USER-00023,search,2025-11-24T12:14:14.257248,SES-8d1897cd,desktop,Chrome,social,,,,,0.0,gaming laptop,0,0,0,
06ee42ee-6c47-4663-bd93-411361581c78,EVT-000173,USER-00155,search,2026-01-01T08:48:15.971945,SES-05d2536c,mobile,Firefox,social,,,,,0.0,wireless headphones,0,0,0,
1ff2ce85-8b46-4b1e-8732-41b2c7ad99a4,EVT-000174,USER-00218,click,2026-01-18T22:31:20.533577,SES-b52b4f78,desktop,Safari,email,PROD-00003,Penfolds Grange,Red Wine,Wine,390.13,,276,0,0,
94c5f6ff-c58c-43e1-b433-09c291f3798b,EVT-000175,USER-00107,search,2025-12-09T12:37:58.625021,SES-fcb635d1,desktop,Firefox,organic,,,,,0.0,home office chair,0,0,0,
e518296c-5aca-49fd-a37e-509938b51c2a,EVT-000176,USER-00147,add_to_cart,2025-11-26T04:26:05.897689,SES-b2388000,mobile,Chrome,email,PROD-01416,REI Flash 55 Pack,Outdoor Gear,Sports,517.67,,0,1,0,
6a27234d-3247-46fb-b138-c3d5202a78e5,EVT-000177,USER-00048,wishlist,2025-12-22T09:31:43.240752,SES-495df33b,tablet,Safari,organic,PROD-01844,Samsung Galaxy Watch 6,Smartwatches,Electronics,790.52,,0,0,0,
2b62c2ce-2d32-41bc-bbf2-fc86f87d63dd,EVT-000178,USER-00154,search,2025-11-05T04:58:20.023781,SES-8284c22b,tablet,Chrome,organic,,,,,0.0,red wine gift,0,0,0,
2a1c7567-bb54-4111-bcc2-1d9f5f8538dd,EVT-000179,USER-00144,view,2025-11-22T00:18:20.603311,SES-2fcee381,tablet,Edge,direct,PROD-01196,Oral-B iO Series 9,Personal Care,Healthcare,285.71,,125,0,0,
168040c8-f6dc-4d75-97e0-4c0a84e8d5b5,EVT-000180,USER-00001,view,2026-01-14T17:57:29.943970,SES-a7bbb06c,desktop,Safari,direct,PROD-00512,Dom Pérignon Rosé 2009,Champagne,Wine,415.51,,398,0,0,
ba5043db-2201-4dfb-92f0-87dd3bd30985,EVT-000181,USER-00023,search,2025-12-14T18:51:58.868520,SES-defdc8b4,desktop,Chrome,social,,,,,0.0,gaming laptop,0,0,0,
a2e7897b-ac56-4d6d-ac14-a5de65bf34a3,EVT-000182,USER-00155,search,2025-11-09T10:58:48.072208,SES-d7d8d94a,mobile,Firefox,social,,,,,0.0,wireless headphones,0,0,0,
1e4580a9-0a38-4ee7-8b17-c663d11add26,EVT-000183,USER-00218,click,2026-01-03T19:51:34.810244,SES-19c59d2d,desktop,Safari,email,PROD-00003,Penfolds Grange,Red Wine,Wine,390.13,,276,0,0,
f83b2879-8264-4714-b984-4faabd0c8707,EVT-000184,USER-00107,search,2025-12-27T03:48:50.288601,SES-4dd11db0,desktop,Firefox,organic,,,,,0.0,home office chair,0,0,0,
cebc7ff1-cc89-4adb-87e9-e560b14a5607,EVT-000185,USER-00147,add_to_cart,2025-12-02T14:54:46.279090,SES-3e6838f7,mobile,Chrome,email,PROD-01416,REI Flash 55 Pack,Outdoor Gear,Sports,517.67,,0,1,0,
86f872c6-9615-47f6-8b30-b56e19698737,EVT-000186,USER-00048,wishlist,2025-10-27T00:59:24.019917,SES-61c3ec95,tablet,Safari,organic,PROD-01844,Samsung Galaxy Watch 6,Smartwatches,Electronics,790.52,,0,0,0,
ff367aff-fb97-4b9e-9088-438ead890ae9,EVT-000187,USER-00154,search,2025-11-17T00:38:16.717200,SES-a71eb590,tablet,Chrome,organic,,,,,0.0,red wine gift,0,0,0,
26026198-1f3f-48d4-8e2f-7041edcc46be,EVT-000188,USER-00144,view,2025-11-02T14:41:13.041238,SES-f25a0895,tablet,Edge,direct,PROD-01196,Oral-B iO Series 9,Personal Care,Healthcare,285.71,,125,0,0,
5cfcc9ae-4812-4b5b-ab40-dd5c4cad9495,EVT-000189,USER-00001,view,2025-12-05T17:43:05.097479,SES-31b15312,desktop,Safari,direct,PROD-00512,Dom Pérignon Rosé 2009,Champagne,Wine,415.51,,398,0,0,
88c9adfd-615d-4041-b7a4-b1d9e05d03bc,EVT-000190,USER-00023,search,2025-11-24T17:04:50.644318,SES-b5d07df5,desktop,Chrome,social,,,,,0.0,gaming laptop,0,0,0,
703ab88b-7425-4a59-8779-5a4777c6d282,EVT-000191,USER-00155,search,2026-01-10T16:44:03.309901,SES-529918dc,mobile,Firefox,social,,,,,0.0,wireless headphones,0,0,0,
29d60f65-6d37-430e-b783-15594acca849,EVT-000192,USER-00218,click,2025-12-23T10:43:59.277123,SES-f00a02f7,desktop,Safari,email,PROD-00003,Penfolds Grange,Red Wine,Wine,390.13,,276,0,0,
1e7c1c39-3031-4762-b91c-f060b9ed7885,EVT-000193,USER-00107,search,2025-11-14T09:09:42.232500,SES-9c5a1981,desktop,Firefox,organic,,,,,0.0,home office chair,0,0,0,
f48ef185-f0a9-4568-a751-121bae543efa,EVT-000194,USER-00147,add_to_cart,2025-11-22T01:03:11.527624,SES-ff8a7eac,mobile,Chrome,email,PROD-01416,REI Flash 55 Pack,Outdoor Gear,Sports,517.67,,0,1,0,
06a2d3a2-b23e-452e-b9f6-b16898adb833,EVT-000195,USER-00048,wishlist,2025-11-18T07:48:28.273792,SES-35f7c238,tablet,Safari,organic,PROD-01844,Samsung Galaxy Watch 6,Smartwatches,Electronics,790.52,,0,0,0,
9fe330c9-0425-459c-a33b-85e74e31a279,EVT-000196,USER-00154,search,2026-01-04T09:32:29.808782,SES-311f7aad,tablet,Chrome,organic,,,,,0.0,red wine gift,0,0,0,
cc4141ab-08c9-40bc-883a-3c3454f1cca7,EVT-000197,USER-00144,view,2025-12-10T12:28:21.319884,SES-f7d9cce7,tablet,Edge,direct,PROD-01196,Oral-B iO Series 9,Personal Care,Healthcare,285.71,,125,0,0,
c323299f-a9a7-43db-b2f6-a374a754d5a4,EVT-000198,USER-00001,view,2025-11-07T18:11:19.330233,SES-a1f13ebb,desktop,Safari,direct,PROD-00512,Dom Pérignon Rosé 2009,Champagne,Wine,415.51,,398,0,0,
a68790e5-034e-49d6-ae87-ad835e5fe0c8,EVT-000199,USER-00023,search,2025-11-23T19:00:29.573346,SES-c9433208,desktop,Chrome,social,,,,,0.0,gaming laptop,0,0,0,
9cd60178-c06d-4f81-bd6e-ef59ab3f1ad6,EVT-000200,USER-00155,search,2025-10-24T05:58:36.690116,SES-4d1df81b,mobile,Firefox,social,,,,,0.0,wireless headphones,0,0,0,
e1d25aa8-d7e4-4016-ba9d-90c792b3d379,EVT-000201,USER-00218,click,2025-11-20T21:20:31.708906,SES-7845ad0f,desktop,Safari,email,PROD-00003,Penfolds Grange,Red Wine,Wine,390.13,,276,0,0,
a26e103f-5637-4544-8634-89533bb47353,EVT-000202,USER-00107,search,2025-12-18T21:51:30.474870,SES-74a46ef1,desktop,Firefox,organic,,,,,0.0,home office chair,0,0,0,
9cdbde3e-8764-4820-826d-d53426e2a206,EVT-000203,USER-00147,add_to_cart,2025-12-15T07:01:05.770625,SES-46da8c10,mobile,Chrome,email,PROD-01416,REI Flash 55 Pack,Outdoor Gear,Sports,517.67,,0,1,0,
5d8bd75b-912d-4bcc-8d02-79edfc83e863,EVT-000204,USER-00048,wishlist,2025-11-23T19:47:02.093036,SES-b281d3e2,tablet,Safari,organic,PROD-01844,Samsung Galaxy Watch 6,Smartwatches,Electronics,790.52,,0,0,0,
2da4d7cd-93a5-4c61-9324-2d2c6a386050,EVT-000205,USER-00154,search,2025-10-25T23:13:06.639250,SES-500dc6ec,tablet,Chrome,organic,,,,,0.0,red wine gift,0,0,0,
ce75d91a-030a-46d0-9f06-1aaec716975b,EVT-000206,USER-00144,view,2025-12-28T03:41:07.059835,SES-0ca10630,tablet,Edge,direct,PROD-01196,Oral-B iO Series 9,Personal Care,Healthcare,285.71,,125,0,0,
54fa2f5c-b5bb-4d29-a85c-5732a5edde33,EVT-000207,USER-00001,view,2025-11-14T01:10:10.357151,SES-2b962786,desktop,Safari,direct,PROD-00512,Dom Pérignon Rosé 2009,Champagne,Wine,415.51,,398,0,0,
52acd71f-fac5-4d03-95a7-c02520f86641,EVT-000208,USER-00023,search,2025-10-30T05:40:37.379898,SES-4acbdd27,desktop,Chrome,social,,,,,0.0,gaming laptop,0,0,0,
ec43f566-140d-4e26-b463-051528565697,EVT-000209,USER-00155,search,2025-10-31T04:24:45.341951,SES-c075b256,mobile,Firefox,social,,,,,0.0,wireless headphones,0,0,0,
b36823e4-b040-438a-a607-70a6b00345f1,EVT-000210,USER-00218,click,2025-12-27T01:59:47.855865,SES-97984263,desktop,Safari,email,PROD-00003,Penfolds Grange,Red Wine,Wine,390.13,,276,0,0,
c702e178-0a7b-4180-9676-09c3fa7f290f,EVT-000211,USER-00107,search,2025-12-18T15:14:35.098887,SES-6103cbf8,desktop,Firefox,organic,,,,,0.0,home office chair,0,0,0,
791e5f9a-340d-4f51-9f31-2e2d27ba0f0a,EVT-000212,USER-00147,add_to_cart,2025-11-30T11:18:46.849696,SES-04544cba,mobile,Chrome,email,PROD-01416,REI Flash 55 Pack,Outdoor Gear,Sports,517.67,,0,1,0,
80fe0a1a-1c95-4430-a7b2-cea1ac405725,EVT-000213,USER-00048,wishlist,2025-11-16T09:28:46.911398,SES-068e4b8f,tablet,Safari,organic,PROD-01844,Samsung Galaxy Watch 6,Smartwatches,Electronics,790.52,,0,0,0,
d11e9d55-44b7-4739-a7e2-cc36cd0a2c00,EVT-000214,USER-00154,search,2026-01-18T03:20:16.181125,SES-d90f8312,tablet,Chrome,organic,,,,,0.0,red wine gift,0,0,0,
15579e37-e3f7-4832-a0ef-939cf81c5daf,EVT-000215,USER-00144,view,2025-12-23T16:21:30.488826,SES-ce32521c,tablet,Edge,direct,PROD-01196,Oral-B iO Series 9,Personal Care,Healthcare,285.71,,125,0,0,
10a88967-0790-4ca5-8ba9-42ce7279872e,EVT-000216,USER-00001,view,2025-11-13T15:23:36.075735,SES-cf7a97b3,desktop,Safari,direct,PROD-00512,Dom Pérignon Rosé 2009,Champagne,Wine,415.51,,398,0,0,
c6f7fc77-b423-4144-8c69-3e1e8a502349,EVT-000217,USER-00023,search,2026-01-04T23:22:12.281357,SES-9f2c3208,desktop,Chrome,social,,,,,0.0,gaming laptop,0,0,0,
061e0dd0-2bec-4c07-ab87-d530ff1c9cbe,EVT-000218,USER-00155,search,2026-01-05T19:33:30.609388,SES-c9254254,mobile,Firefox,social,,,,,0.0,wireless headphones,0,0,0,
b4a89282-733b-4673-ae7f-8224b5db7de0,EVT-000219,USER-00218,click,2025-12-27T14:44:29.157322,SES-deda1ae3,desktop,Safari,email,PROD-00003,Penfolds Grange,Red Wine,Wine,390.13,,276,0,0,
5575bb98-f6fd-4922-9629-583b5d683289,EVT-000220,USER-00107,search,2025-12-08T19:01:21.820855,SES-046fbe99,desktop,Firefox,organic,,,,,0.0,home office chair,0,0,0,
ad655d09-d8af-439b-a5e7-fd47d23a76f6,EVT-000221,USER-00147,add_to_cart,2025-12-02T22:19:19.569629,SES-5c1706ac,mobile,Chrome,email,PROD-01416,REI Flash 55 Pack,Outdoor Gear,Sports,517.67,,0,1,0,
202224f1-cd71-47fc-b474-fa0138402db7,EVT-000222,USER-00048,wishlist,2025-10-29T13:27:14.053950,SES-4d90d819,tablet,Safari,organic,PROD-01844,Samsung Galaxy Watch 6,Smartwatches,Electronics,790.52,,0,0,0,
ac56bd87-eb0b-43a4-aae0-98b21ed84764,EVT-000223,USER-00154,search,2025-11-25T05:22:25.476618,SES-ebe37318,tablet,Chrome,organic,,,,,0.0,red wine gift,0,0,0,
7260ba46-5038-4557-a03c-791250540096,EVT-000224,USER-00144,view,2025-11-04T21:07:00.477612,SES-8c60ca5d,tablet,Edge,direct,PROD-01196,Oral-B iO Series 9,Personal Care,Healthcare,285.71,,125,0,0,
a74890d2-3f4b-43e9-b3e3-97e3f12309d8,EVT-000225,USER-00001,view,2026-01-18T14:07:02.754894,SES-7f22d70f,desktop,Safari,direct,PROD-00512,Dom Pérignon Rosé 2009,Champagne,Wine,415.51,,398,0,0,
89c52c32-eb60-4dc0-9b88-b0eddad4136a,EVT-000226,USER-00023,search,2025-12-19T01:48:54.420893,SES-dd163f64,desktop,Chrome,social,,,,,0.0,gaming laptop,0,0,0,
cd3f16c5-1f0c-4bde-910d-178ea7d3dcdf,EVT-000227,USER-00155,search,2026-01-10T01:20:07.840020,SES-60084023,mobile,Firefox,social,,,,,0.0,wireless headphones,0,0,0,
7fe593f0-4010-4a8e-b4f8-102e67da479a,EVT-000228,USER-00218,click,2025-11-26T01:04:04.450861,SES-9b0fa0b0,desktop,Safari,email,PROD-00003,Penfolds Grange,Red Wine,Wine,390.13,,276,0,0,
e747e5e6-a519-4594-adbc-5aef14371f44,EVT-000229,USER-00107,search,2026-01-18T21:30:41.203243,SES-c6c412a3,desktop,Firefox,organic,,,,,0.0,home office chair,0,0,0,
04e54010-26cf-40d4-9abb-d4ddea6c00de,EVT-000230,USER-00147,add_to_cart,2025-10-29T18:16:04.596685,SES-24326e2f,mobile,Chrome,email,PROD-01416,REI Flash 55 Pack,Outdoor Gear,Sports,517.67,,0,1,0,
71af287d-d179-4782-9c80-29ef53a7fb5b,EVT-000231,USER-00048,wishlist,2026-01-14T03:24:26.726109,SES-a25d0a7f,tablet,Safari,organic,PROD-01844,Samsung Galaxy Watch 6,Smartwatches,Electronics,790.52,,0,0,0,
a8d04096-1dfb-41e3-bcde-2adff1504350,EVT-000232,USER-00154,search,2025-12-29T02:33:09.186010,SES-f44b2732,tablet,Chrome,organic,,,,,0.0,red wine gift,0,0,0,
a67e5134-bb91-4b07-8178-383f5958c150,EVT-000233,USER-00144,view,2025-11-29T16:48:01.572541,SES-8ac4d79b,tablet,Edge,direct,PROD-01196,Oral-B iO Series 9,Personal Care,Healthcare,285.71,,125,0,0,
f6a135f4-60ea-4f84-9480-1d8aa85977ef,EVT-000234,USER-00001,view,2025-10-24T16:29:02.903030,SES-1768f411,desktop,Safari,direct,PROD-00512,Dom Pérignon Rosé 2009,Champagne,Wine,415.51,,398,0,0,
a621f303-82de-4012-a299-c9e7a5a9ded0,EVT-000235,USER-00023,search,2026-01-16T04:54:39.656010,SES-20725feb,desktop,Chrome,social,,,,,0.0,gaming laptop,0,0,0,
42fae71d-635e-4bd5-925b-a9de7e41a3db,EVT-000236,USER-00155,search,2025-11-14T18:56:56.839457,SES-1c731f72,mobile,Firefox,social,,,,,0.0,wireless headphones,0,0,0,
c3bf5e75-e81e-41b3-9ddc-2b49c00b700c,EVT-000237,USER-00218,click,2025-12-20T10:23:23.893024,SES-300199a9,desktop,Safari,email,PROD-00003,Penfolds Grange,Red Wine,Wine,390.13,,276,0,0,
4f6175e7-1ae3-4a6c-bacc-84cc46fe8c21,EVT-000238,USER-00107,search,2026-01-10T03:15:16.614800,SES-dd3533ac,desktop,Firefox,organic,,,,,0.0,home office chair,0,0,0,
58f8a6f8-789c-412a-8e5f-09febd26dc5c,EVT-000239,USER-00147,add_to_cart,2026-01-05T23:44:20.395040,SES-eaf1165d,mobile,Chrome,email,PROD-01416,REI Flash 55 Pack,Outdoor Gear,Sports,517.67,,0,1,0,
a34acd8c-ad5d-4ce1-85a6-99de31470d1e,EVT-000240,USER-00048,wishlist,2025-11-30T16:21:21.763265,SES-59de1dc3,tablet,Safari,organic,PROD-01844,Samsung Galaxy Watch 6,Smartwatches,Electronics,790.52,,0,0,0,
fbd2a894-5beb-405d-8f8b-5a6f403fb89d,EVT-000241,USER-00154,search,2025-11-02T03:36:53.149336,SES-50184ed3,tablet,Chrome,organic,,,,,0.0,red wine gift,0,0,0,
1aa0500c-ca13-4202-9216-75032fe0120d,EVT-000242,USER-00144,view,2025-11-08T22:05:09.922882,SES-3d15add6,tablet,Edge,direct,PROD-01196,Oral-B iO Series 9,Personal Care,Healthcare,285.71,,125,0,0,
09689f1e-1b38-474d-90d3-f559a9260b7c,EVT-000243,USER-00001,view,2025-11-15T03:50:36.418491,SES-ee3d8dde,desktop,Safari,direct,PROD-00512,Dom Pérignon Rosé 2009,Champagne,Wine,415.51,,398,0,0,
6948c8d2-c20f-4231-a780-11145fef48e4,EVT-000244,USER-00023,search,2025-11-18T23:03:03.235941,SES-62fa5f5a,desktop,Chrome,social,,,,,0.0,gaming laptop,0,0,0,
b9dd9665-ecb8-402e-ac19-6b9ec9494904,EVT-000245,USER-00155,search,2025-12-07T22:27:40.716694,SES-d9def49f,mobile,Firefox,social,,,,,0.0,wireless headphones,0,0,0,
6d67649f-605a-480e-b29b-4ce2d7dc5b70,EVT-000246,USER-00218,click,2026-01-07T13:18:07.618478,SES-13c92808,desktop,Safari,email,PROD-00003,Penfolds Grange,Red Wine,Wine,390.13,,276,0,0,
8ce489d6-dc76-479e-84e7-4ee37ee2314e,EVT-000247,USER-00107,search,2025-11-13T14:38:27.683935,SES-730cf3f7,desktop,Firefox,organic,,,,,0.0,home office chair,0,0,0,
d322be55-97f8-42c2-9f07-d1045a2fada1,EVT-000248,USER-00147,add_to_cart,2026-01-02T13:52:36.079894,SES-d93558b1,mobile,Chrome,email,PROD-01416,REI Flash 55 Pack,Outdoor Gear,Sports,517.67,,0,1,0,
daca6b80-7754-49dc-9b98-6c5a3ab7a80c,EVT-000249,USER-00048,wishlist,2025-11-25T08:29:11.143879,SES-1f4986ab,tablet,Safari,organic,PROD-01844,Samsung Galaxy Watch 6,Smartwatches,Electronics,790.52,,0,0,0,
943ec59a-7e6a-48d2-86c8-80f235a4c3a3,EVT-000250,USER-00154,search,2025-12-04T05:38:22.480591,SES-5c80ea41,tablet,Chrome,organic,,,,,0.0,red wine gift,0,0,0,
a617e834-8670-4900-a9cb-56fce55893ce,EVT-000251,USER-00144,view,2025-12-30T03:17:20.297932,SES-cc80f8b8,tablet,Edge,direct,PROD-01196,Oral-B iO Series 9,Personal Care,Healthcare,285.71,,125,0,0,
20d18f46-1587-41cd-a424-f5dedddcda36,EVT-000252,USER-00001,view,2025-11-30T23:56:18.251130,SES-be880790,desktop,Safari,direct,PROD-00512,Dom Pérignon Rosé 2009,Champagne,Wine,415.51,,398,0,0,
693ba946-65ea-4f5a-8355-c6f117f6dc0d,EVT-000253,USER-00023,search,2025-12-28T21:22:28.508084,SES-f91bc819,desktop,Chrome,social,,,,,0.0,gaming laptop,0,0,0,
ea337110-2dd1-4ff6-8de2-4c0c2e5ad22e,EVT-000254,USER-00155,search,2025-12-31T17:16:59.582602,SES-88149c4d,mobile,Firefox,social,,,,,0.0,wireless headphones,0,0,0,
7d8bc5fc-08b5-4a1d-9a93-707a000b560c,EVT-000255,USER-00218,click,2025-11-16T14:08:24.234394,SES-c82c52aa,desktop,Safari,email,PROD-00003,Penfolds Grange,Red Wine,Wine,390.13,,276,0,0,
a8f3b7b0-184a-4628-8415-1ef1014141f5,EVT-000256,USER-00107,search,2025-12-22T02:26:43.645032,SES-fd24e262,desktop,Firefox,organic,,,,,0.0,home office chair,0,0,0,
790df904-8aee-4f2f-900e-83880090c2c0,EVT-000257,USER-00147,add_to_cart,2025-12-16T02:07:14.090169,SES-d7a9ba36,mobile,Chrome,email,PROD-01416,REI Flash 55 Pack,Outdoor Gear,Sports,517.67,,0,1,0,
d0780c57-4659-4911-826a-7ac92e6f0fc7,EVT-000258,USER-00048,wishlist,2026-01-12T13:11:17.082706,SES-f516ed59,tablet,Safari,organic,PROD-01844,Samsung Galaxy Watch 6,Smartwatches,Electronics,790.52,,0,0,0,
f0016545-b0de-4bba-a4cc-bb74207c3b06,EVT-000259,USER-00154,search,2025-12-22T17:03:56.343834,SES-df083a0c,tablet,Chrome,organic,,,,,0.0,red wine gift,0,0,0,
3d8d1159-f4b6-4e19-8a3d-2fb5f2d38d3e,EVT-000260,USER-00144,view,2025-11-16T05:07:24.041320,SES-75b3941b,tablet,Edge,direct,PROD-01196,Oral-B iO Series 9,Personal Care,Healthcare,285.71,,125,0,0,
7b795a26-b06f-4c09-88ee-d6908dae030d,EVT-000261,USER-00001,view,2025-11-28T07:39:02.389677,SES-9e4bdb3f,desktop,Safari,direct,PROD-00512,Dom Pérignon Rosé 2009,Champagne,Wine,415.51,,398,0,0,
3046f3e5-aa9c-4e5c-9b54-21d61de95ca4,EVT-000262,USER-00023,search,2025-10-24T08:34:07.546075,SES-8636a08d,desktop,Chrome,social,,,,,0.0,gaming laptop,0,0,0,
ec841a3f-adba-467c-b011-78ec9fb973f1,EVT-000263,USER-00155,search,2025-11-28T23:04:38.954592,SES-43686f6d,mobile,Firefox,social,,,,,0.0,wireless headphones,0,0,0,
84417227-5982-4203-8941-de21e4faa613,EVT-000264,USER-00218,click,2025-11-03T08:25:56.749684,SES-3a9bfe5f,desktop,Safari,email,PROD-00003,Penfolds Grange,Red Wine,Wine,390.13,,276,0,0,
662e085a-9685-46d6-87ed-377f4b566ef0,EVT-000265,USER-00107,search,2025-11-15T16:58:15.303304,SES-addfedb6,desktop,Firefox,organic,,,,,0.0,home office chair,0,0,0,
33b99a04-e75e-4a6d-adf2-74df294b300a,EVT-000266,USER-00147,add_to_cart,2025-12-15T14:08:50.810139,SES-405aa6f2,mobile,Chrome,email,PROD-01416,REI Flash 55 Pack,Outdoor Gear,Sports,517.67,,0,1,0,
7b18e64a-7eae-4c84-8972-5ea81974dc2b,EVT-000267,USER-00048,wishlist,2026-01-18T12:04:28.911535,SES-74fe1733,tablet,Safari,organic,PROD-01844,Samsung Galaxy Watch 6,Smartwatches,Electronics,790.52,,0,0,0,
a172c269-712d-4578-8908-fed3209fb19e,EVT-000268,USER-00154,search,2025-11-20T07:21:36.453110,SES-892c45a3,tablet,Chrome,organic,,,,,0.0,red wine gift,0,0,0,
4ea0bff5-166e-46b7-8a97-6b53da265003,EVT-000269,USER-00144,view,2025-11-11T14:11:41.978704,SES-f790db18,tablet,Edge,direct,PROD-01196,Oral-B iO Series 9,Personal Care,Healthcare,285.71,,125,0,0,
13f1b0f1-e83f-45e3-b768-688796fcd7c7,EVT-000270,USER-00001,view,2025-10-24T07:10:24.051892,SES-07332d46,desktop,Safari,direct,PROD-00512,Dom Pérignon Rosé 2009,Champagne,Wine,415.51,,398,0,0,
11dc158e-1c92-4760-bdb7-ae83a5b1e02d,EVT-000271,USER-00023,search,2025-11-20T21:17:27.295087,SES-e0b67f64,desktop,Chrome,social,,,,,0.0,gaming laptop,0,0,0,
8fdd21d5-f3a4-4e30-b80f-d38c48f50ee2,EVT-000272,USER-00155,search,2025-10-28T09:46:34.837814,SES-3534c7c0,mobile,Firefox,social,,,,,0.0,wireless headphones,0,0,0,
737ac1b6-c1d9-4f81-8efb-61a1ae9b61f5,EVT-000273,USER-00218,click,2025-11-17T13:51:05.281200,SES-910cf4ad,desktop,Safari,email,PROD-00003,Penfolds Grange,Red Wine,Wine,390.13,,276,0,0,
744566c6-1814-4498-a6ed-c8a0f47e8fd9,EVT-000274,USER-00107,search,2025-12-25T18:07:42.305908,SES-a137f153,desktop,Firefox,organic,,,,,0.0,home office chair,0,0,0,
19674eff-e3ce-441d-93d9-78ba7be93834,EVT-000275,USER-00147,add_to_cart,2026-01-05T02:24:06.417378,SES-309f0b39,mobile,Chrome,email,PROD-01416,REI Flash 55 Pack,Outdoor Gear,Sports,517.67,,0,1,0,
07e834f4-7843-49e1-a933-49ea614fb771,EVT-000276,USER-00048,wishlist,2025-12-14T14:01:49.543300,SES-4e261080,tablet,Safari,organic,PROD-01844,Samsung Galaxy Watch 6,Smartwatches,Electronics,790.52,,0,0,0,
afa3c237-8aa6-41f2-91f8-9f604440f070,EVT-000277,USER-00154,search,2025-12-18T19:14:41.225800,SES-19ffa1bb,tablet,Chrome,organic,,,,,0.0,red wine gift,0,0,0,
969a7af6-2a15-4ca2-817f-49150b4d1dbc,EVT-000278,USER-00144,view,2025-11-21T06:14:24.669378,SES-dd9bcc19,tablet,Edge,direct,PROD-01196,Oral-B iO Series 9,Personal Care,Healthcare,285.71,,125,0,0,
4ffce8e0-99ad-473e-af2f-8335d7e95bcb,EVT-000279,USER-00001,view,2025-11-26T16:27:40.249526,SES-ce6ce749,desktop,Safari,direct,PROD-00512,Dom Pérignon Rosé 2009,Champagne,Wine,415.51,,398,0,0,
46db0744-923b-401a-a948-037ca21ebf95,EVT-000280,USER-00023,search,2026-01-14T08:39:39.082433,SES-a6eface9,desktop,Chrome,social,,,,,0.0,gaming laptop,0,0,0,
897f50ab-0801-457b-9320-1b5ab346ff10,EVT-000281,USER-00155,search,2025-10-23T19:16:51.739062,SES-6360ba53,mobile,Firefox,social,,,,,0.0,wireless headphones,0,0,0,
d659ed9e-4b58-4bcd-b693-4e5197f9c9d7,EVT-000282,USER-00218,click,2025-11-22T07:49:23.324148,SES-059a4fab,desktop,Safari,email,PROD-00003,Penfolds Grange,Red Wine,Wine,390.13,,276,0,0,
c385f8f3-bf72-499b-b1e1-09636e6d4d9d,EVT-000283,USER-00107,search,2025-11-22T20:17:13.463563,SES-f530abf1,desktop,Firefox,organic,,,,,0.0,home office chair,0,0,0,
191a70c8-a7c6-4521-9d3a-c04f170d7fc3,EVT-000284,USER-00147,add_to_cart,2025-12-01T16:00:11.702189,SES-a246f5e7,mobile,Chrome,email,PROD-01416,REI Flash 55 Pack,Outdoor Gear,Sports,517.67,,0,1,0,
e7dc2882-a2ea-4040-bd5f-14cd881de565,EVT-000285,USER-00048,wishlist,2025-12-03T05:56:33.162600,SES-53842d09,tablet,Safari,organic,PROD-01844,Samsung Galaxy Watch 6,Smartwatches,Electronics,790.52,,0,0,0,
4dc577db-4aed-4558-9ec8-c56c9dcb5f90,EVT-000286,USER-00154,search,2025-12-28T12:05:22.312667,SES-3c61bcb8,tablet,Chrome,organic,,,,,0.0,red wine gift,0,0,0,
c2760e46-80c0-477f-b86a-24bfc0fe9a1a,EVT-000287,USER-00144,view,2025-11-10T15:06:45.380247,SES-d8e2d490,tablet,Edge,direct,PROD-01196,Oral-B iO Series 9,Personal Care,Healthcare,285.71,,125,0,0,
14579b60-1c5e-49e3-b807-92e6650bdcef,EVT-000288,USER-00001,view,2025-12-24T11:13:21.433127,SES-4bc4e305,desktop,Safari,direct,PROD-00512,Dom Pérignon Rosé 2009,Champagne,Wine,415.51,,398,0,0,
9ca46cc6-c1e2-49eb-a16c-965750c0f729,EVT-000289,USER-00023,search,2025-12-22T05:47:07.759085,SES-deba86c7,desktop,Chrome,social,,,,,0.0,gaming laptop,0,0,0,
6c0f3802-1966-4e71-8e44-1a130f045233,EVT-000290,USER-00155,search,2025-11-14T16:25:54.632370,SES-aac09eae,mobile,Firefox,social,,,,,0.0,wireless headphones,0,0,0,
1088a31a-ce8f-43d4-8a74-a1980615c495,EVT-000291,USER-00218,click,2025-10-25T13:49:53.381645,SES-0bfd7e2b,desktop,Safari,email,PROD-00003,Penfolds Grange,Red Wine,Wine,390.13,,276,0,0,
40e80699-29d1-4f36-b167-bcd6b462a1cb,EVT-000292,USER-00107,search,2026-01-07T09:05:09.085628,SES-5ce7ac42,desktop,Firefox,organic,,,,,0.0,home office chair,0,0,0,
81003500-80b6-4725-a5db-f772236b1734,EVT-000293,USER-00147,add_to_cart,2026-01-17T18:25:07.780494,SES-9ec1a23a,mobile,Chrome,email,PROD-01416,REI Flash 55 Pack,Outdoor Gear,Sports,517.67,,0,1,0,
5ed4455c-002d-4500-aa80-560b8f75c3fb,EVT-000294,USER-00048,wishlist,2025-12-18T11:55:31.477090,SES-6c1b8ff6,tablet,Safari,organic,PROD-01844,Samsung Galaxy Watch 6,Smartwatches,Electronics,790.52,,0,0,0,
3f6bbe64-16ca-409f-b7d3-84dfa548ea7a,EVT-000295,USER-00154,search,2025-12-12T04:35:57.924938,SES-a9dd8b75,tablet,Chrome,organic,,,,,0.0,red wine gift,0,0,0,
38559fc2-5c8a-45d7-bdf7-ac5a34af5261,EVT-000296,USER-00144,view,2025-11-22T17:58:55.520040,SES-a22041e8,tablet,Edge,direct,PROD-01196,Oral-B iO Series 9,Personal Care,Healthcare,285.71,,125,0,0,
1aaefd22-852b-4d18-99f5-311709aaaec2,EVT-000297,USER-00001,view,2025-11-10T08:26:47.145124,SES-73adfb4a,desktop,Safari,direct,PROD-00512,Dom Pérignon Rosé 2009,Champagne,Wine,415.51,,398,0,0,
00d3182c-0f11-48e6-be0f-f73255409ee4,EVT-000298,USER-00023,search,2026-01-19T07:27:07.271783,SES-2e9436ec,desktop,Chrome,social,,,,,0.0,gaming laptop,0,0,0,
a80357a6-20f4-4b44-abe5-057db9f11f48,EVT-000299,USER-00155,search,2025-11-24T21:35:21.755060,SES-6e5c0b7b,mobile,Firefox,social,,,,,0.0,wireless headphones,0,0,0,
f3029baa-3335-4be8-be1d-9ce950ba0430,EVT-000300,USER-00218,click,2025-11-17T22:28:24.978970,SES-a7b67b8c,desktop,Safari,email,PROD-00003,Penfolds Grange,Red Wine,Wine,390.13,,276,0,0,
7737b110-7413-479f-a962-a1868bd26243,EVT-000301,USER-00107,search,2025-11-20T01:15:57.956545,SES-007d976c,desktop,Firefox,organic,,,,,0.0,home office chair,0,0,0,
286ae096-1398-4cca-aa1d-d1c7f0d7db55,EVT-000302,USER-00147,add_to_cart,2025-12-22T09:03:31.656196,SES-d4b8466a,mobile,Chrome,email,PROD-01416,REI Flash 55 Pack,Outdoor Gear,Sports,517.67,,0,1,0,
2cfc7a36-895f-4117-99d0-9fa3fa868a8c,EVT-000303,USER-00048,wishlist,2025-10-25T07:59:43.081326,SES-20a2ebef,tablet,Safari,organic,PROD-01844,Samsung Galaxy Watch 6,Smartwatches,Electronics,790.52,,0,0,0,
344e59c1-c234-45a7-ac1d-76a57101ef60,EVT-000304,USER-00154,search,2025-12-17T21:50:21.336602,SES-58b8904e,tablet,Chrome,organic,,,,,0.0,red wine gift,0,0,0,
7a6c00fa-6cff-4459-82ba-543067dc79e1,EVT-000305,USER-00144,view,2025-11-06T16:16:54.957273,SES-5ea1a054,tablet,Edge,direct,PROD-01196,Oral-B iO Series 9,Personal Care,Healthcare,285.71,,125,0,0,
4bc46cbd-729e-4f8d-8c69-2f8d8f6f57d0,EVT-000306,USER-00001,view,2025-11-23T07:38:55.715610,SES-7e37d35b,desktop,Safari,direct,PROD-00512,Dom Pérignon Rosé 2009,Champagne,Wine,415.51,,398,0,0,
7689c42f-a7de-4b15-befd-bbb2e6ce34bc,EVT-000307,USER-00023,search,2025-11-30T12:14:32.435760,SES-a2ab5943,desktop,Chrome,social,,,,,0.0,gaming laptop,0,0,0,
7bb911fd-bda9-4713-b29b-acf38488c826,EVT-000308,USER-00155,search,2026-01-20T07:07:10.733952,SES-373c869e,mobile,Firefox,social,,,,,0.0,wireless headphones,0,0,0,
3217e3dc-2233-4a60-924e-88eb98439d42,EVT-000309,USER-00218,click,2025-10-24T18:41:52.283145,SES-5ddf4f3e,desktop,Safari,email,PROD-00003,Penfolds Grange,Red Wine,Wine,390.13,,276,0,0,
a0258709-4eb2-47e8-9b5a-76615ec6925e,EVT-000310,USER-00107,search,2026-01-18T06:35:13.565645,SES-274bbbb4,desktop,Firefox,organic,,,,,0.0,home office chair,0,0,0,
fff98a4c-6ea0-405a-9bdf-66241f44c8f0,EVT-000311,USER-00147,add_to_cart,2025-12-11T18:02:42.452617,SES-1805c518,mobile,Chrome,email,PROD-01416,REI Flash 55 Pack,Outdoor Gear,Sports,517.67,,0,1,0,
e695fda2-0bc2-478d-962c-30ec16cafdb3,EVT-000312,USER-00048,wishlist,2025-12-05T20:10:14.473140,SES-e76e8981,tablet,Safari,organic,PROD-01844,Samsung Galaxy Watch 6,Smartwatches,Electronics,790.52,,0,0,0,
2f78beea-913d-489c-bd21-080832a355a8,EVT-000313,USER-00154,search,2025-11-12T19:07:40.553420,SES-bfdb600c,tablet,Chrome,organic,,,,,0.0,red wine gift,0,0,0,
c890e5f1-cf80-4e26-8215-849edc179eb7,EVT-000314,USER-00144,view,2026-01-13T13:52:35.761883,SES-0aa88ed6,tablet,Edge,direct,PROD-01196,Oral-B iO Series 9,Personal Care,Healthcare,285.71,,125,0,0,
f31e7e17-b427-4815-9cd3-53c77134b876,EVT-000315,USER-00001,view,2025-11-03T12:36:07.899374,SES-91491684,desktop,Safari,direct,PROD-00512,Dom Pérignon Rosé 2009,Champagne,Wine,415.51,,398,0,0,
6998f03d-34b6-4fec-8ea2-8eb2fc261e7f,EVT-000316,USER-00023,search,2025-12-16T07:31:07.672639,SES-794ceee4,desktop,Chrome,social,,,,,0.0,gaming laptop,0,0,0,
2368e727-1026-4da6-8464-906c23a1247a,EVT-000317,USER-00155,search,2026-01-07T03:25:08.851687,SES-1020fbb2,mobile,Firefox,social,,,,,0.0,wireless headphones,0,0,0,
5b734e85-cbf4-4eba-aaa5-edf8e2d60e52,EVT-000318,USER-00218,click,2025-10-31T09:36:44.097324,SES-73cec544,desktop,Safari,email,PROD-00003,Penfolds Grange,Red Wine,Wine,390.13,,276,0,0,
65c88e08-4bab-488c-ac80-9ce8eb9e2f9e,EVT-000319,USER-00107,search,2025-11-11T07:40:31.640530,SES-2cf594ab,desktop,Firefox,organic,,,,,0.0,home office chair,0,0,0,
ba26d689-bb9f-4d38-adb4-956a00156e9f,EVT-000320,USER-00147,add_to_cart,2026-01-19T23:08:18.926721,SES-f1eefee5,mobile,Chrome,email,PROD-01416,REI Flash 55 Pack,Outdoor Gear,Sports,517.67,,0,1,0,
a8b01dc8-dc24-4b46-beee-a1bfd254a880,EVT-000321,USER-00048,wishlist,2025-12-13T00:56:42.242939,SES-f230e35f,tablet,Safari,organic,PROD-01844,Samsung Galaxy Watch 6,Smartwatches,Electronics,790.52,,0,0,0,
6555ab9f-b17e-4dbf-b817-085131fdc2bb,EVT-000322,USER-00154,search,2025-11-07T17:57:37.081753,SES-10adfb61,tablet,Chrome,organic,,,,,0.0,red wine gift,0,0,0,
49d8f837-cf9f-4baf-8ca6-492caa6e3d96,EVT-000323,USER-00144,view,2025-11-05T23:49:46.820890,SES-4c5d0277,tablet,Edge,direct,PROD-01196,Oral-B iO Series 9,Personal Care,Healthcare,285.71,,125,0,0,
1a0a2159-57f3-40c5-96a2-f8108e2c8494,EVT-000324,USER-00001,view,2025-12-31T15:35:20.909992,SES-8dc97f91,desktop,Safari,direct,PROD-00512,Dom Pérignon Rosé 2009,Champagne,Wine,415.51,,398,0,0,
cc0a4d98-a883-4ff9-9318-e62c5db935f1,EVT-000325,USER-00023,search,2025-12-27T18:34:15.491240,SES-1095f139,desktop,Chrome,social,,,,,0.0,gaming laptop,0,0,0,
f10ce392-5b23-4e1f-a05a-8d244e184444,EVT-000326,USER-00155,search,2025-11-27T18:32:50.976811,SES-67dc8467,mobile,Firefox,social,,,,,0.0,wireless headphones,0,0,0,
11b8a8ea-0c63-43b5-8e34-81e5825d2b02,EVT-000327,USER-00218,click,2025-11-28T10:31:50.863256,SES-7b826333,desktop,Safari,email,PROD-00003,Penfolds Grange,Red Wine,Wine,390.13,,276,0,0,
a32f9693-56e7-45b2-bc93-2bca4a052989,EVT-000328,USER-00107,search,2025-12-29T06:54:09.436562,SES-ec124225,desktop,Firefox,organic,,,,,0.0,home office chair,0,0,0,
18b6a4ad-1b29-4bb2-abef-698317093f1e,EVT-000329,USER-00147,add_to_cart,2025-11-29T07:24:16.645553,SES-70402663,mobile,Chrome,email,PROD-01416,REI Flash 55 Pack,Outdoor Gear,Sports,517.67,,0,1,0,
7084d297-7167-48f1-9a52-e44945e0dd3c,EVT-000330,USER-00048,wishlist,2025-12-15T14:30:45.631557,SES-2b4c7191,tablet,Safari,organic,PROD-01844,Samsung Galaxy Watch 6,Smartwatches,Electronics,790.52,,0,0,0,
5e2615e5-5613-4bc0-b52d-b5241a45e030,EVT-000331,USER-00154,search,2025-11-20T10:02:50.597765,SES-412f64d5,tablet,Chrome,organic,,,,,0.0,red wine gift,0,0,0,
2fd0b8c1-dd67-4c76-b763-01b16820d800,EVT-000332,USER-00144,view,2025-11-24T08:35:35.324052,SES-6db096c4,tablet,Edge,direct,PROD-01196,Oral-B iO Series 9,Personal Care,Healthcare,285.71,,125,0,0,
83c72eeb-30b1-4db1-99b4-c9bd795e9233,EVT-000333,USER-00001,view,2025-11-01T04:18:56.131493,SES-c9114bd0,desktop,Safari,direct,PROD-00512,Dom Pérignon Rosé 2009,Champagne,Wine,415.51,,398,0,0,
44fcc544-8a33-4753-b7bf-79f7b75c9442,EVT-000334,USER-00023,search,2026-01-10T07:12:46.170778,SES-3e1883f7,desktop,Chrome,social,,,,,0.0,gaming laptop,0,0,0,
ca7897b7-65d7-43f4-ab74-7291eb926251,EVT-000335,USER-00155,search,2026-01-17T02:15:10.576082,SES-8d5968ea,mobile,Firefox,social,,,,,0.0,wireless headphones,0,0,0,
30e93d7f-0b75-45c8-8b3f-f29f5d9a2fe2,EVT-000336,USER-00218,click,2025-12-30T05:31:21.352247,SES-6507df17,desktop,Safari,email,PROD-00003,Penfolds Grange,Red Wine,Wine,390.13,,276,0,0,
3a60d3a0-444c-40c3-b0c1-fafb9dd6ffd4,EVT-000337,USER-00107,search,2025-11-20T06:31:48.152417,SES-169f96d7,desktop,Firefox,organic,,,,,0.0,home office chair,0,0,0,
0e1e94e2-69ea-4295-a0c2-6836bdba6d89,EVT-000338,USER-00147,add_to_cart,2025-12-09T21:05:24.930729,SES-f120e640,mobile,Chrome,email,PROD-01416,REI Flash 55 Pack,Outdoor Gear,Sports,517.67,,0,1,0,
7f6a0b0f-9a8b-4747-9aa9-1c612e0bd695,EVT-000339,USER-00048,wishlist,2025-11-26T23:13:49.097403,SES-83695d81,tablet,Safari,organic,PROD-01844,Samsung Galaxy Watch 6,Smartwatches,Electronics,790.52,,0,0,0,
71296368-97d1-4d2f-9a9b-fe19cab196aa,EVT-000340,USER-00154,search,2026-01-07T23:41:53.024764,SES-3cd739a8,tablet,Chrome,organic,,,,,0.0,red wine gift,0,0,0,
2319561a-e2b6-4fe8-8eb4-fbe7b193ff7f,EVT-000341,USER-00144,view,2025-12-06T04:58:32.074081,SES-b3766d39,tablet,Edge,direct,PROD-01196,Oral-B iO Series 9,Personal Care,Healthcare,285.71,,125,0,0,
d4c9ad2f-9947-4313-88d7-f65511083f99,EVT-000342,USER-00001,view,2025-12-03T10:11:23.813196,SES-fa74d5c6,desktop,Safari,direct,PROD-00512,Dom Pérignon Rosé 2009,Champagne,Wine,415.51,,398,0,0,
87e8cc02-11c1-4291-a649-1ef263f32a61,EVT-000343,USER-00023,search,2026-01-05T00:35:41.480141,SES-44ad3555,desktop,Chrome,social,,,,,0.0,gaming laptop,0,0,0,
0c565a82-2dc4-4e2b-8898-01d959f0f771,EVT-000344,USER-00155,search,2025-12-02T02:57:38.276701,SES-d02eccb6,mobile,Firefox,social,,,,,0.0,wireless headphones,0,0,0,
b183fb57-cb23-4310-9bde-0af34c6b6b64,EVT-000345,USER-00218,click,2026-01-13T19:46:57.493410,SES-2b14dfba,desktop,Safari,email,PROD-00003,Penfolds Grange,Red Wine,Wine,390.13,,276,0,0,
b0957433-025f-4bd5-8b5c-349b5aacc288,EVT-000346,USER-00107,search,2025-11-07T15:48:33.656871,SES-3a633b0d,desktop,Firefox,organic,,,,,0.0,home office chair,0,0,0,
b77e03a5-0042-40c1-9c11-99e3da5e5ec1,EVT-000347,USER-00147,add_to_cart,2025-11-17T15:05:48.131005,SES-aa7a6b04,mobile,Chrome,email,PROD-01416,REI Flash 55 Pack,Outdoor Gear,Sports,517.67,,0,1,0,
2757bec2-e787-42c9-b68e-a893601f1de7,EVT-000348,USER-00048,wishlist,2025-12-09T14:41:37.529105,SES-78811c89,tablet,Safari,organic,PROD-01844,Samsung Galaxy Watch 6,Smartwatches,Electronics,790.52,,0,0,0,
5661e01e-a0e8-4f1d-bf45-c70423ab79fb,EVT-000349,USER-00154,search,2025-11-21T17:41:39.500191,SES-c11bccce,tablet,Chrome,organic,,,,,0.0,red wine gift,0,0,0,
a13f89ad-5cb9-4ca0-b1f7-db0192630713,EVT-000350,USER-00144,view,2025-12-03T10:25:20.078733,SES-00621db5,tablet,Edge,direct,PROD-01196,Oral-B iO Series 9,Personal Care,Healthcare,285.71,,125,0,0,
9616fcf1-6440-4db5-a89e-8ac5b84f41c8,EVT-000351,USER-00001,view,2025-11-07T04:14:25.715721,SES-6ebce23b,desktop,Safari,direct,PROD-00512,Dom Pérignon Rosé 2009,Champagne,Wine,415.51,,398,0,0,
085a2275-cdef-4c13-bc19-d01b768ca7e9,EVT-000352,USER-00023,search,2026-01-12T07:51:45.164993,SES-33b1d2d8,desktop,Chrome,social,,,,,0.0,gaming laptop,0,0,0,
dede3519-5fb7-4bcb-9786-7f549f5163f7,EVT-000353,USER-00155,search,2025-11-26T04:10:45.224436,SES-c2767a29,mobile,Firefox,social,,,,,0.0,wireless headphones,0,0,0,
d78d2c8e-de6d-4242-b1ab-ea5f24bdb218,EVT-000354,USER-00218,click,2025-12-20T10:50:27.580560,SES-4ca35854,desktop,Safari,email,PROD-00003,Penfolds Grange,Red Wine,Wine,390.13,,276,0,0,
e1c915a4-9b9c-4aaa-9d5e-024f2b227119,EVT-000355,USER-00107,search,2026-01-18T08:30:36.717533,SES-32c2cecb,desktop,Firefox,organic,,,,,0.0,home office chair,0,0,0,
e9ef1f88-9029-4a7c-bff6-3fd054fed317,EVT-000356,USER-00147,add_to_cart,2025-11-28T14:22:13.620108,SES-9cbfb899,mobile,Chrome,email,PROD-01416,REI Flash 55 Pack,Outdoor Gear,Sports,517.67,,0,1,0,
e437a67d-b176-4555-a833-439aaa7b1b01,EVT-000357,USER-00048,wishlist,2025-12-18T22:47:46.620329,SES-b9f3a6af,tablet,Safari,organic,PROD-01844,Samsung Galaxy Watch 6,Smartwatches,Electronics,790.52,,0,0,0,
1f7f04cc-f6c1-4402-8fed-83a67971d4a4,EVT-000358,USER-00154,search,2025-12-17T08:54:28.520530,SES-144add0d,tablet,Chrome,organic,,,,,0.0,red wine gift,0,0,0,
9e87bc51-15af-41b2-a3f0-83e2aaae17d8,EVT-000359,USER-00144,view,2025-11-04T03:27:05.196747,SES-a4f471ca,tablet,Edge,direct,PROD-01196,Oral-B iO Series 9,Personal Care,Healthcare,285.71,,125,0,0,
ccdf82de-5c15-4943-b7ee-f222b6748b6e,EVT-000360,USER-00001,view,2025-12-17T11:09:49.212030,SES-306ad31d,desktop,Safari,direct,PROD-00512,Dom Pérignon Rosé 2009,Champagne,Wine,415.51,,398,0,0,
1832d5c8-3a41-44e9-bd6e-d3be09cef85b,EVT-000361,USER-00023,search,2026-01-20T13:46:52.256436,SES-06c8fbf0,desktop,Chrome,social,,,,,0.0,gaming laptop,0,0,0,
61a32cd8-a182-48a0-8540-bb1e2e909137,EVT-000362,USER-00155,search,2025-12-15T15:12:11.090619,SES-eb6d000e,mobile,Firefox,social,,,,,0.0,wireless headphones,0,0,0,
8de5adf0-5329-4f12-a3b7-b7fff0c892f0,EVT-000363,USER-00218,click,2025-12-27T13:34:31.806809,SES-2f64bf2a,desktop,Safari,email,PROD-00003,Penfolds Grange,Red Wine,Wine,390.13,,276,0,0,
e7df2e75-4357-4a50-a413-3a1938ca22ff,EVT-000364,USER-00107,search,2026-01-15T18:23:31.614276,SES-3496c9a9,desktop,Firefox,organic,,,,,0.0,home office chair,0,0,0,
1bbb7862-86f8-458c-8bca-dd501851004c,EVT-000365,USER-00147,add_to_cart,2025-11-20T22:10:46.933327,SES-c33fcb6a,mobile,Chrome,email,PROD-01416,REI Flash 55 Pack,Outdoor Gear,Sports,517.67,,0,1,0,
7dad3aaa-244c-4af3-b0a3-325e8b26144a,EVT-000366,USER-00048,wishlist,2025-11-14T04:00:28.304841,SES-ec54607e,tablet,Safari,organic,PROD-01844,Samsung Galaxy Watch 6,Smartwatches,Electronics,790.52,,0,0,0,
77083085-4d14-49f0-a291-ffa55159f32b,EVT-000367,USER-00154,search,2025-12-12T21:50:13.601315,SES-2c12e5d6,tablet,Chrome,organic,,,,,0.0,red wine gift,0,0,0,
d14ae3e0-b7c3-4154-bfb8-edb7f4abbd28,EVT-000368,USER-00144,view,2025-12-04T03:28:08.717927,SES-14bcd9b8,tablet,Edge,direct,PROD-01196,Oral-B iO Series 9,Personal Care,Healthcare,285.71,,125,0,0,
869538ec-71c7-45cd-bb58-c348d11dcc62,EVT-000369,USER-00001,view,2025-10-30T20:37:24.040383,SES-a2def06e,desktop,Safari,direct,PROD-00512,Dom Pérignon Rosé 2009,Champagne,Wine,415.51,,398,0,0,
fde45050-1194-4728-9270-3dcce6c447e1,EVT-000370,USER-00023,search,2025-11-24T23:58:30.013241,SES-4964ebfe,desktop,Chrome,social,,,,,0.0,gaming laptop,0,0,0,
20eb6fc6-7709-4f35-a54d-97c231fee62c,EVT-000371,USER-00155,search,2025-12-28T12:56:27.755199,SES-f73071f0,mobile,Firefox,social,,,,,0.0,wireless headphones,0,0,0,
81b66f00-90d1-4a74-a41e-af18d018c21d,EVT-000372,USER-00218,click,2026-01-10T04:31:22.048225,SES-91c5a1ba,desktop,Safari,email,PROD-00003,Penfolds Grange,Red Wine,Wine,390.13,,276,0,0,
4f7747f7-1603-4d82-a4e0-89b105394561,EVT-000373,USER-00107,search,2025-12-20T13:01:35.364825,SES-32a5f5ca,desktop,Firefox,organic,,,,,0.0,home office chair,0,0,0,
c8af37c4-ea43-425a-b0c5-49c4e9178f43,EVT-000374,USER-00147,add_to_cart,2025-12-11T08:34:47.027099,SES-b590c5fa,mobile,Chrome,email,PROD-01416,REI Flash 55 Pack,Outdoor Gear,Sports,517.67,,0,1,0,
25fc89de-4f4e-4b3a-ab79-f7a9c35cb98b,EVT-000375,USER-00048,wishlist,2026-01-08T09:09:45.006371,SES-04d9c2c1,tablet,Safari,organic,PROD-01844,Samsung Galaxy Watch 6,Smartwatches,Electronics,790.52,,0,0,0,
26a5e220-570b-49ea-99b7-6109fe6dfd0d,EVT-000376,USER-00154,search,2026-01-07T04:48:11.890327,SES-62b1d6ca,tablet,Chrome,organic,,,,,0.0,red wine gift,0,0,0,
7f3a112b-95bf-4fc2-8daf-8bfeecebf9db,EVT-000377,USER-00144,view,2025-11-06T04:42:54.232028,SES-e952e50f,tablet,Edge,direct,PROD-01196,Oral-B iO Series 9,Personal Care,Healthcare,285.71,,125,0,0,
6427a0cc-12fc-491f-8ac4-36e48ee7ae3d,EVT-000378,USER-00001,view,2025-11-24T21:18:53.164301,SES-b7771051,desktop,Safari,direct,PROD-00512,Dom Pérignon Rosé 2009,Champagne,Wine,415.51,,398,0,0,
937d45ec-c7be-4d49-b9ac-b2253f95d6e3,EVT-000379,USER-00023,search,2026-01-09T09:22:48.932059,SES-b380c0ea,desktop,Chrome,social,,,,,0.0,gaming laptop,0,0,0,
193403cb-222a-4062-b8fd-ae7bcbdd0490,EVT-000380,USER-00155,search,2025-11-07T10:35:29.685686,SES-b4a7679e,mobile,Firefox,social,,,,,0.0,wireless headphones,0,0,0,
e6e8a79c-e1bd-4fae-96e5-27699fc243a8,EVT-000381,USER-00218,click,2026-01-15T00:21:36.539847,SES-7b427686,desktop,Safari,email,PROD-00003,Penfolds Grange,Red Wine,Wine,390.13,,276,0,0,
27a99a87-724a-4fa2-bda5-b7aaabb68d08,EVT-000382,USER-00107,search,2026-01-13T14:19:44.083510,SES-800aa3b4,desktop,Firefox,organic,,,,,0.0,home office chair,0,0,0,
9fb81a5c-9273-482e-99fd-d5ac48e7ec14,EVT-000383,USER-00147,add_to_cart,2025-11-20T17:13:12.392991,SES-a788c99e,mobile,Chrome,email,PROD-01416,REI Flash 55 Pack,Outdoor Gear,Sports,517.67,,0,1,0,
6e2a741b-afe0-48f1-994e-681957eeab9f,EVT-000384,USER-00048,wishlist,2025-11-18T00:58:36.376163,SES-9f2dfb79,tablet,Safari,organic,PROD-01844,Samsung Galaxy Watch 6,Smartwatches,Electronics,790.52,,0,0,0,
709c5b9f-5449-4a9c-9e91-7b956cbe00f2,EVT-000385,USER-00154,search,2026-01-11T04:08:18.436299,SES-6eeca336,tablet,Chrome,organic,,,,,0.0,red wine gift,0,0,0,
c913f1c6-0ddf-44b6-a2cc-964a5d797d38,EVT-000386,USER-00144,view,2025-11-10T07:16:17.538398,SES-3f0261b0,tablet,Edge,direct,PROD-01196,Oral-B iO Series 9,Personal Care,Healthcare,285.71,,125,0,0,
edd15649-5c05-44bb-b0e2-6500eea3eae4,EVT-000387,USER-00001,view,2025-12-03T04:17:01.473846,SES-ec8ba437,desktop,Safari,direct,PROD-00512,Dom Pérignon Rosé 2009,Champagne,Wine,415.51,,398,0,0,
b4a8c339-c0a0-43cc-90ef-73aa6cbc6b1d,EVT-000388,USER-00023,search,2025-11-13T17:26:14.245498,SES-0c92f715,desktop,Chrome,social,,,,,0.0,gaming laptop,0,0,0,
37bfc57a-f44c-4ea0-87e0-8cbbf34211d7,EVT-000389,USER-00155,search,2025-12-15T23:09:13.122345,SES-288287cf,mobile,Firefox,social,,,,,0.0,wireless headphones,0,0,0,
5ce341b4-e051-454a-b87a-ced21f1f3720,EVT-000390,USER-00218,click,2026-01-19T17:54:59.837740,SES-184ebb3b,desktop,Safari,email,PROD-00003,Penfolds Grange,Red Wine,Wine,390.13,,276,0,0,
06d367e8-0f8e-46f1-88b4-a5dd7215ee97,EVT-000391,USER-00107,search,2026-01-02T09:07:24.658098,SES-67ce0603,desktop,Firefox,organic,,,,,0.0,home office chair,0,0,0,
697dcb9d-b811-4994-998e-d7ff9dfe6015,EVT-000392,USER-00147,add_to_cart,2026-01-18T05:23:42.914834,SES-64af214a,mobile,Chrome,email,PROD-01416,REI Flash 55 Pack,Outdoor Gear,Sports,517.67,,0,1,0,
8d27d8d2-baa1-42f1-ab8d-03492d2eb7fd,EVT-000393,USER-00048,wishlist,2025-12-06T16:36:00.366657,SES-55c387b4,tablet,Safari,organic,PROD-01844,Samsung Galaxy Watch 6,Smartwatches,Electronics,790.52,,0,0,0,
898ccf96-b8aa-441d-9a4e-9b9832b6b97a,EVT-000394,USER-00154,search,2025-11-01T16:14:08.138559,SES-9b5a16cb,tablet,Chrome,organic,,,,,0.0,red wine gift,0,0,0,
b63589f2-c77e-4211-b653-14040dd78c81,EVT-000395,USER-00144,view,2025-12-16T00:47:25.844665,SES-49f87a4d,tablet,Edge,direct,PROD-01196,Oral-B iO Series 9,Personal Care,Healthcare,285.71,,125,0,0,
05c556a9-1f1e-474b-aa7c-f35c43dcf5d1,EVT-000396,USER-00001,view,2025-11-21T11:39:20.809701,SES-9084379e,desktop,Safari,direct,PROD-00512,Dom Pérignon Rosé 2009,Champagne,Wine,415.51,,398,0,0,
7db40997-ae98-4563-90bf-68056b3a5fd4,EVT-000397,USER-00023,search,2026-01-13T11:40:20.618227,SES-61adb903,desktop,Chrome,social,,,,,0.0,gaming laptop,0,0,0,
30c61dc0-35f4-49b6-9cdb-8bec5ceab5a2,EVT-000398,USER-00155,search,2025-11-06T00:09:05.968427,SES-212da464,mobile,Firefox,social,,,,,0.0,wireless headphones,0,0,0,
765935f6-d963-4f07-9631-04e36eb6cb55,EVT-000399,USER-00218,click,2025-12-03T06:30:51.321200,SES-191bff9f,desktop,Safari,email,PROD-00003,Penfolds Grange,Red Wine,Wine,390.13,,276,0,0,
9fed3f86-1157-4726-98a7-cd47568b2347,EVT-000400,USER-00107,search,2026-01-17T07:04:47.028558,SES-176cc486,desktop,Firefox,organic,,,,,0.0,home office chair,0,0,0,
c7c32141-2f19-42cb-8315-8731a4c0bcde,EVT-000401,USER-00147,add_to_cart,2025-10-23T07:00:13.648645,SES-ed7e3258,mobile,Chrome,email,PROD-01416,REI Flash 55 Pack,Outdoor Gear,Sports,517.67,,0,1,0,
2193160f-e2cc-4032-b7b3-80808e86f600,EVT-000402,USER-00048,wishlist,2025-10-25T13:57:09.291198,SES-b726afbf,tablet,Safari,organic,PROD-01844,Samsung Galaxy Watch 6,Smartwatches,Electronics,790.52,,0,0,0,
67be59ef-7513-4b6e-96b4-77523c7e9e07,EVT-000403,USER-00154,search,2025-12-22T14:10:48.593091,SES-bacf901c,tablet,Chrome,organic,,,,,0.0,red wine gift,0,0,0,
7baed597-7704-4718-bbc5-468d164e8dab,EVT-000404,USER-00144,view,2026-01-08T16:59:28.664827,SES-ef142502,tablet,Edge,direct,PROD-01196,Oral-B iO Series 9,Personal Care,Healthcare,285.71,,125,0,0,
e20508dd-876c-47f0-bffa-ac57d4f44121,EVT-000405,USER-00001,view,2026-01-20T06:29:25.662174,SES-800eff0d,desktop,Safari,direct,PROD-00512,Dom Pérignon Rosé 2009,Champagne,Wine,415.51,,398,0,0,
9517c380-c6c8-4307-b383-e5d86c57d011,EVT-000406,USER-00023,search,2026-01-08T06:25:14.915344,SES-60fd1d65,desktop,Chrome,social,,,,,0.0,gaming laptop,0,0,0,
693a4874-8a8e-4a0d-b89f-d9cfc6a2ea77,EVT-000407,USER-00155,search,2025-10-29T00:07:32.011141,SES-4d3234ef,mobile,Firefox,social,,,,,0.0,wireless headphones,0,0,0,
7130960c-aba6-4857-b7c2-d28787f4d846,EVT-000408,USER-00218,click,2025-11-29T05:02:57.814948,SES-f61fd030,desktop,Safari,email,PROD-00003,Penfolds Grange,Red Wine,Wine,390.13,,276,0,0,
6cfe6166-7530-4087-97d0-210dedc96ca3,EVT-000409,USER-00107,search,2025-11-15T01:47:56.432636,SES-6acfa24f,desktop,Firefox,organic,,,,,0.0,home office chair,0,0,0,
6c5f415e-6a50-4c61-a56a-f2241a1a2804,EVT-000410,USER-00147,add_to_cart,2025-12-26T02:38:42.866876,SES-5c917800,mobile,Chrome,email,PROD-01416,REI Flash 55 Pack,Outdoor Gear,Sports,517.67,,0,1,0,
f47a392d-edcc-498a-98cf-94c9289ed234,EVT-000411,USER-00048,wishlist,2025-11-02T13:27:24.831942,SES-2879f3f2,tablet,Safari,organic,PROD-01844,Samsung Galaxy Watch 6,Smartwatches,Electronics,790.52,,0,0,0,
489a92d5-696c-4b04-9bcf-1169bf91a731,EVT-000412,USER-00154,search,2025-12-31T13:35:03.604400,SES-c6f7975a,tablet,Chrome,organic,,,,,0.0,red wine gift,0,0,0,
fa311553-a627-4be2-b271-4be33fd83cc4,EVT-000413,USER-00144,view,2025-12-19T21:50:55.705603,SES-7e10abac,tablet,Edge,direct,PROD-01196,Oral-B iO Series 9,Personal Care,Healthcare,285.71,,125,0,0,
aff008d0-393e-46a8-9095-10256328e9c0,EVT-000414,USER-00001,view,2025-12-09T17:56:41.232038,SES-45ec5a36,desktop,Safari,direct,PROD-00512,Dom Pérignon Rosé 2009,Champagne,Wine,415.51,,398,0,0,
352e8bc1-c542-4fef-9ba1-f0f7f6e0e603,EVT-000415,USER-00023,search,2025-10-24T19:22:16.700873,SES-69ceddf4,desktop,Chrome,social,,,,,0.0,gaming laptop,0,0,0,
ca789572-50eb-47c0-a5c8-f39c2953e089,EVT-000416,USER-00155,search,2025-12-04T22:40:48.616648,SES-b0ae6e12,mobile,Firefox,social,,,,,0.0,wireless headphones,0,0,0,
63dd4f11-767d-4c9e-bee2-46b9c5581b3c,EVT-000417,USER-00218,click,2025-12-27T00:21:51.894890,SES-53d985e3,desktop,Safari,email,PROD-00003,Penfolds Grange,Red Wine,Wine,390.13,,276,0,0,
17989828-ed35-4bec-a756-4f23077d77bc,EVT-000418,USER-00107,search,2025-11-18T00:56:09.842074,SES-377164f3,desktop,Firefox,organic,,,,,0.0,home office chair,0,0,0,
e11f39ea-576c-486e-9f0d-68e5d9aac328,EVT-000419,USER-00147,add_to_cart,2025-11-27T12:40:22.023758,SES-d6622161,mobile,Chrome,email,PROD-01416,REI Flash 55 Pack,Outdoor Gear,Sports,517.67,,0,1,0,
8613e0b6-fda6-4249-8c6e-ab93a9c5f026,EVT-000420,USER-00048,wishlist,2026-01-04T16:20:16.333501,SES-678285b3,tablet,Safari,organic,PROD-01844,Samsung Galaxy Watch 6,Smartwatches,Electronics,790.52,,0,0,0,
876fd233-fcb7-43cd-8729-3cf9ef16384e,EVT-000421,USER-00154,search,2025-12-30T20:39:38.547753,SES-f5729e28,tablet,Chrome,organic,,,,,0.0,red wine gift,0,0,0,
293cc28c-5239-48fe-981e-dc5b88533c10,EVT-000422,USER-00144,view,2025-11-24T09:01:19.529218,SES-fec86658,tablet,Edge,direct,PROD-01196,Oral-B iO Series 9,Personal Care,Healthcare,285.71,,125,0,0,
397fb27a-d097-49d0-a786-a0bb91c14b37,EVT-000423,USER-00001,view,2025-12-26T04:02:42.080005,SES-b9a4f889,desktop,Safari,direct,PROD-00512,Dom Pérignon Rosé 2009,Champagne,Wine,415.51,,398,0,0,
43418361-9d17-418c-b581-b3363dbc3384,EVT-000424,USER-00023,search,2025-12-07T17:06:17.224819,SES-54e4f960,desktop,Chrome,social,,,,,0.0,gaming laptop,0,0,0,
919029b4-7408-4837-bca8-f3c78561d094,EVT-000425,USER-00155,search,2025-12-20T03:20:10.362050,SES-11364027,mobile,Firefox,social,,,,,0.0,wireless headphones,0,0,0,
399386d1-f1d9-4d37-9c8d-02fb20dd41f1,EVT-000426,USER-00218,click,2025-11-30T05:53:13.469763,SES-001bfd84,desktop,Safari,email,PROD-00003,Penfolds Grange,Red Wine,Wine,390.13,,276,0,0,
d628024f-fb56-408b-905d-bd64b26fd0b6,EVT-000427,USER-00107,search,2025-11-02T20:05:55.039748,SES-fde50599,desktop,Firefox,organic,,,,,0.0,home office chair,0,0,0,
6aa73f88-dc62-4b7d-b856-68c1e1e927c5,EVT-000428,USER-00147,add_to_cart,2025-11-04T19:27:38.558725,SES-83bca834,mobile,Chrome,email,PROD-01416,REI Flash 55 Pack,Outdoor Gear,Sports,517.67,,0,1,0,
c3e9a329-72ec-4c91-b4c0-7dcb0704e9ff,EVT-000429,USER-00048,wishlist,2025-11-15T07:08:01.998929,SES-05b14bff,tablet,Safari,organic,PROD-01844,Samsung Galaxy Watch 6,Smartwatches,Electronics,790.52,,0,0,0,
7e7bbd30-fb15-47d9-8d28-08c55b8b16f6,EVT-000430,USER-00154,search,2026-01-04T22:37:46.524494,SES-ef608a6a,tablet,Chrome,organic,,,,,0.0,red wine gift,0,0,0,
d54d9c8d-dc9a-488c-b6bf-cc9fefbb1010,EVT-000431,USER-00144,view,2025-12-29T11:51:50.413365,SES-2e372bc6,tablet,Edge,direct,PROD-01196,Oral-B iO Series 9,Personal Care,Healthcare,285.71,,125,0,0,
22a4e41f-3eae-4f2e-9ae8-15fb6ed03100,EVT-000432,USER-00001,view,2025-11-01T17:35:19.310785,SES-ab5eb71d,desktop,Safari,direct,PROD-00512,Dom Pérignon Rosé 2009,Champagne,Wine,415.51,,398,0,0,
8472e555-e6c5-40a6-b795-2e46a45c6537,EVT-000433,USER-00023,search,2025-11-06T21:04:31.152903,SES-0edbaf3a,desktop,Chrome,social,,,,,0.0,gaming laptop,0,0,0,
80f0c9c7-f83d-48df-b377-edb75ca3e625,EVT-000434,USER-00155,search,2025-11-28T19:59:05.390318,SES-5be6e46a,mobile,Firefox,social,,,,,0.0,wireless headphones,0,0,0,
1e1d5319-90c7-41a1-b597-1a09a6187bf8,EVT-000435,USER-00218,click,2025-11-22T06:10:43.036973,SES-6a773eb7,desktop,Safari,email,PROD-00003,Penfolds Grange,Red Wine,Wine,390.13,,276,0,0,
42997ca7-0134-49cb-8581-abc1d2b0b4da,EVT-000436,USER-00107,search,2026-01-12T20:09:39.414826,SES-51ef0a9a,desktop,Firefox,organic,,,,,0.0,home office chair,0,0,0,
85129875-c963-4635-90fc-893e88c0f3af,EVT-000437,USER-00147,add_to_cart,2026-01-02T06:31:49.899646,SES-f475ff3c,mobile,Chrome,email,PROD-01416,REI Flash 55 Pack,Outdoor Gear,Sports,517.67,,0,1,0,
e2f911a9-c66e-479c-8b2e-b70f45267751,EVT-000438,USER-00048,wishlist,2025-11-10T13:55:09.837039,SES-ffdeef51,tablet,Safari,organic,PROD-01844,Samsung Galaxy Watch 6,Smartwatches,Electronics,790.52,,0,0,0,
09f1c984-4c32-48fe-9d92-c7e005e5887f,EVT-000439,USER-00154,search,2025-10-31T09:55:38.474811,SES-b31a141d,tablet,Chrome,organic,,,,,0.0,red wine gift,0,0,0,
05a74ee7-cd5c-4248-8533-527108d790ca,EVT-000440,USER-00144,view,2025-12-19T10:55:57.603509,SES-2132c937,tablet,Edge,direct,PROD-01196,Oral-B iO Series 9,Personal Care,Healthcare,285.71,,125,0,0,
bd7be721-7b2c-42b0-912a-fd4594f80a17,EVT-000441,USER-00001,view,2025-10-29T08:07:33.863861,SES-ebdc3b1d,desktop,Safari,direct,PROD-00512,Dom Pérignon Rosé 2009,Champagne,Wine,415.51,,398,0,0,
3dc191e4-fac2-477c-8850-4a48dbf65e38,EVT-000442,USER-00023,search,2026-01-11T14:23:51.740561,SES-a07837ba,desktop,Chrome,social,,,,,0.0,gaming laptop,0,0,0,
44cba0c3-e81f-4f2a-85e2-e71ee0e6c29e,EVT-000443,USER-00155,search,2025-12-05T21:56:31.211775,SES-14a1ce60,mobile,Firefox,social,,,,,0.0,wireless headphones,0,0,0,
35e43484-9938-4e68-ba2c-97dedc4036e0,EVT-000444,USER-00218,click,2025-11-13T16:44:57.382069,SES-276fbaa1,desktop,Safari,email,PROD-00003,Penfolds Grange,Red Wine,Wine,390.13,,276,0,0,
8c826813-1864-4f91-80de-058808e4cdee,EVT-000445,USER-00107,search,2025-11-15T01:44:05.527475,SES-0c6d5850,desktop,Firefox,organic,,,,,0.0,home office chair,0,0,0,
3a24ef79-3310-408a-a1ca-db7d145ee076,EVT-000446,USER-00147,add_to_cart,2025-11-18T05:58:00.133851,SES-50ba97a6,mobile,Chrome,email,PROD-01416,REI Flash 55 Pack,Outdoor Gear,Sports,517.67,,0,1,0,
3c4b0fcc-2851-4378-a6cf-1a8a058e2d7a,EVT-000447,USER-00048,wishlist,2025-12-01T16:37:38.980991,SES-1c61dace,tablet,Safari,organic,PROD-01844,Samsung Galaxy Watch 6,Smartwatches,Electronics,790.52,,0,0,0,
4e21a609-b795-405a-b0cc-1fdb1f086551,EVT-000448,USER-00154,search,2026-01-01T12:51:48.823323,SES-d21ac017,tablet,Chrome,organic,,,,,0.0,red wine gift,0,0,0,
4648fd32-e3cb-424d-9b56-8e19df76249f,EVT-000449,USER-00144,view,2025-12-24T15:11:20.564149,SES-d53a37e2,tablet,Edge,direct,PROD-01196,Oral-B iO Series 9,Personal Care,Healthcare,285.71,,125,0,0,
fb29db3f-43d4-4424-801b-987ffb9c4536,EVT-000450,USER-00001,view,2025-12-12T19:30:54.731978,SES-3d187a2e,desktop,Safari,direct,PROD-00512,Dom Pérignon Rosé 2009,Champagne,Wine,415.51,,398,0,0,
29804075-b9f1-4687-8680-d0343a1d8bcd,EVT-000451,USER-00023,search,2025-12-15T04:06:02.137018,SES-7b91ca60,desktop,Chrome,social,,,,,0.0,gaming laptop,0,0,0,
d6dbfc5c-c664-4216-b534-cad92ba99c72,EVT-000452,USER-00155,search,2025-12-30T04:35:34.609003,SES-6090f665,mobile,Firefox,social,,,,,0.0,wireless headphones,0,0,0,
cdc697cf-9f4f-47e3-8293-ebc6b520d68c,EVT-000453,USER-00218,click,2025-11-04T23:52:03.424255,SES-1e91eebf,desktop,Safari,email,PROD-00003,Penfolds Grange,Red Wine,Wine,390.13,,276,0,0,
0f6f4ef1-c005-4e4a-ae12-c57ef685140f,EVT-000454,USER-00107,search,2025-11-17T15:08:44.025145,SES-b2e5aa6b,desktop,Firefox,organic,,,,,0.0,home office chair,0,0,0,
457f32d0-5a60-4173-8d12-273961d5f778,EVT-000455,USER-00147,add_to_cart,2025-11-11T13:32:32.491698,SES-bc0c162a,mobile,Chrome,email,PROD-01416,REI Flash 55 Pack,Outdoor Gear,Sports,517.67,,0,1,0,
dd3c3208-b672-436d-afee-cd5efd36e6f8,EVT-000456,USER-00048,wishlist,2025-11-25T01:10:27.298163,SES-d7f08ca2,tablet,Safari,organic,PROD-01844,Samsung Galaxy Watch 6,Smartwatches,Electronics,790.52,,0,0,0,
015f14b6-c39d-441a-b0f4-f3fd0a9ed905,EVT-000457,USER-00154,search,2025-11-24T07:37:12.651451,SES-a6e04be6,tablet,Chrome,organic,,,,,0.0,red wine gift,0,0,0,
cf6d6f3b-1259-48be-8449-1552af9bdd62,EVT-000458,USER-00144,view,2025-11-17T21:10:02.485079,SES-93d116a9,tablet,Edge,direct,PROD-01196,Oral-B iO Series 9,Personal Care,Healthcare,285.71,,125,0,0,
43235fd7-76ef-4706-bf4c-d742ef30d092,EVT-000459,USER-00001,view,2026-01-15T16:53:10.899278,SES-eb380ee5,desktop,Safari,direct,PROD-00512,Dom Pérignon Rosé 2009,Champagne,Wine,415.51,,398,0,0,
424ddfac-6570-43c1-a221-cca2d41b624f,EVT-000460,USER-00023,search,2025-11-05T22:04:08.815964,SES-f58a0619,desktop,Chrome,social,,,,,0.0,gaming laptop,0,0,0,
36a8ffde-af17-4adb-9b59-f26624e9abbf,EVT-000461,USER-00155,search,2025-12-18T17:20:53.253247,SES-4e671b30,mobile,Firefox,social,,,,,0.0,wireless headphones,0,0,0,
f22b4461-297c-40e3-83ca-f72f34eeb860,EVT-000462,USER-00218,click,2025-12-04T10:45:03.935274,SES-ba3a34e5,desktop,Safari,email,PROD-00003,Penfolds Grange,Red Wine,Wine,390.13,,276,0,0,
52244baf-79fa-44fb-b999-07f6ed1a811f,EVT-000463,USER-00107,search,2025-12-01T06:14:18.658138,SES-5bcbd94c,desktop,Firefox,organic,,,,,0.0,home office chair,0,0,0,
d890d3fa-faa2-4f77-85ce-5934ed405fc4,EVT-000464,USER-00147,add_to_cart,2025-11-18T05:04:32.897574,SES-2d10421a,mobile,Chrome,email,PROD-01416,REI Flash 55 Pack,Outdoor Gear,Sports,517.67,,0,1,0,
61e986c9-6e14-4b18-ae27-3785859998cc,EVT-000465,USER-00048,wishlist,2025-12-28T14:35:58.100347,SES-2c695fd6,tablet,Safari,organic,PROD-01844,Samsung Galaxy Watch 6,Smartwatches,Electronics,790.52,,0,0,0,
2378b022-d711-4090-ab21-8a0880ffa47c,EVT-000466,USER-00154,search,2025-12-24T05:30:50.647806,SES-b2b5f025,tablet,Chrome,organic,,,,,0.0,red wine gift,0,0,0,
891b4747-06ab-4e73-98fa-354fca7a86cf,EVT-000467,USER-00144,view,2025-11-04T20:37:56.264874,SES-2f52cb85,tablet,Edge,direct,PROD-01196,Oral-B iO Series 9,Personal Care,Healthcare,285.71,,125,0,0,
9bb7f973-736a-4810-92a9-9b1c9e96c108,EVT-000468,USER-00001,view,2025-11-17T23:34:29.468267,SES-72e12369,desktop,Safari,direct,PROD-00512,Dom Pérignon Rosé 2009,Champagne,Wine,415.51,,398,0,0,
43a3f30b-b0d1-4fcc-b16b-50cc72013e87,EVT-000469,USER-00023,search,2025-11-26T06:03:55.619111,SES-8ef03313,desktop,Chrome,social,,,,,0.0,gaming laptop,0,0,0,
98dc7f27-d642-42f0-b86c-60b26377149c,EVT-000470,USER-00155,search,2025-12-18T23:32:32.879200,SES-8a40862a,mobile,Firefox,social,,,,,0.0,wireless headphones,0,0,0,
9a9e4d11-ba4f-4e90-877c-119279750d16,EVT-000471,USER-00218,click,2025-10-25T04:37:33.584487,SES-f39ac893,desktop,Safari,email,PROD-00003,Penfolds Grange,Red Wine,Wine,390.13,,276,0,0,
f5be7c0a-f51a-4c79-a73e-bdd567f53d6c,EVT-000472,USER-00107,search,2025-11-10T17:19:33.050304,SES-f7b6a80f,desktop,Firefox,organic,,,,,0.0,home office chair,0,0,0,
c1d46fe4-fd15-4ac1-946a-719488791b55,EVT-000473,USER-00147,add_to_cart,2025-11-18T22:31:19.267480,SES-4f76b57b,mobile,Chrome,email,PROD-01416,REI Flash 55 Pack,Outdoor Gear,Sports,517.67,,0,1,0,
69a66583-667b-4631-ad5f-de0b671271d2,EVT-000474,USER-00048,wishlist,2025-12-14T06:04:58.604199,SES-b9b20c86,tablet,Safari,organic,PROD-01844,Samsung Galaxy Watch 6,Smartwatches,Electronics,790.52,,0,0,0,
56b89370-ed92-42af-a7a9-a4720288b367,EVT-000475,USER-00154,search,2025-11-15T00:29:08.037135,SES-5540edca,tablet,Chrome,organic,,,,,0.0,red wine gift,0,0,0,
429f5440-4fa2-4408-9b0e-62c31774470f,EVT-000476,USER-00144,view,2025-12-26T13:47:48.723498,SES-51fb6213,tablet,Edge,direct,PROD-01196,Oral-B iO Series 9,Personal Care,Healthcare,285.71,,125,0,0,
5e12ccf3-2635-41e6-9c4e-c7b5dde6d449,EVT-000477,USER-00001,view,2025-12-28T18:19:24.486438,SES-df881410,desktop,Safari,direct,PROD-00512,Dom Pérignon Rosé 2009,Champagne,Wine,415.51,,398,0,0,
5f011342-33fe-4a29-8276-2174d2a2f605,EVT-000478,USER-00023,search,2026-01-20T07:44:58.844872,SES-18818d7d,desktop,Chrome,social,,,,,0.0,gaming laptop,0,0,0,
246aea0c-7f51-4bd3-b170-afe5488712da,EVT-000479,USER-00155,search,2025-11-28T04:45:36.861267,SES-dbd98d13,mobile,Firefox,social,,,,,0.0,wireless headphones,0,0,0,
f8a6f267-ecc1-42dd-9dea-fcdf3376adfe,EVT-000480,USER-00218,click,2025-12-17T08:00:33.892860,SES-ffd5eda1,desktop,Safari,email,PROD-00003,Penfolds Grange,Red Wine,Wine,390.13,,276,0,0,
c68828d0-de5d-413a-87f5-f52d665f2b16,EVT-000481,USER-00107,search,2025-11-07T00:13:18.141658,SES-d739c525,desktop,Firefox,organic,,,,,0.0,home office chair,0,0,0,
3b6323d9-1264-4b5a-bfd4-d4785c80514c,EVT-000482,USER-00147,add_to_cart,2025-11-22T15:38:13.507793,SES-b0a7150e,mobile,Chrome,email,PROD-01416,REI Flash 55 Pack,Outdoor Gear,Sports,517.67,,0,1,0,
723ed1ad-1bbb-4976-a374-8fc1b14dd136,EVT-000483,USER-00048,wishlist,2025-11-05T16:49:47.439616,SES-7c3f434d,tablet,Safari,organic,PROD-01844,Samsung Galaxy Watch 6,Smartwatches,Electronics,790.52,,0,0,0,
941230ef-0df4-4960-9342-755d2f103857,EVT-000484,USER-00154,search,2026-01-07T09:46:28.034921,SES-d6fee9f1,tablet,Chrome,organic,,,,,0.0,red wine gift,0,0,0,
75cec836-f41b-4b83-8133-bf47cb88641c,EVT-000485,USER-00144,view,2025-11-19T23:00:56.520039,SES-32713501,tablet,Edge,direct,PROD-01196,Oral-B iO Series 9,Personal Care,Healthcare,285.71,,125,0,0,
66933a8b-2743-49c0-a03d-fbe085ed2ff7,EVT-000486,USER-00001,view,2025-11-25T08:45:32.447697,SES-ffe5dffd,desktop,Safari,direct,PROD-00512,Dom Pérignon Rosé 2009,Champagne,Wine,415.51,,398,0,0,
f0778a21-4371-4749-8f83-e1a23fbc4766,EVT-000487,USER-00023,search,2026-01-08T13:25:06.959699,SES-a5ad1584,desktop,Chrome,social,,,,,0.0,gaming laptop,0,0,0,
f7028d89-750c-4b04-a23a-ab3cc125cc6d,EVT-000488,USER-00155,search,2025-12-05T08:16:00.216286,SES-4c3717b2,mobile,Firefox,social,,,,,0.0,wireless headphones,0,0,0,
6f84c0ac-2b46-4b05-82d1-ce8d43d4bcc0,EVT-000489,USER-00218,click,2025-11-06T21:26:12.939695,SES-684941cd,desktop,Safari,email,PROD-00003,Penfolds Grange,Red Wine,Wine,390.13,,276,0,0,
91fd27ec-4aa7-42d3-b4cf-704bea76bc39,EVT-000490,USER-00107,search,2025-12-08T22:38:50.908583,SES-eeb291af,desktop,Firefox,organic,,,,,0.0,home office chair,0,0,0,
0d0a8510-d72e-429d-8dfc-3c1436e555b4,EVT-000491,USER-00147,add_to_cart,2025-11-07T10:58:21.082675,SES-e21040b5,mobile,Chrome,email,PROD-01416,REI Flash 55 Pack,Outdoor Gear,Sports,517.67,,0,1,0,
25eefa18-18dc-424d-9329-d55cf5e4de96,EVT-000492,USER-00048,wishlist,2026-01-11T09:56:39.924318,SES-fddecbae,tablet,Safari,organic,PROD-01844,Samsung Galaxy Watch 6,Smartwatches,Electronics,790.52,,0,0,0,
3de70b64-d942-437d-9135-05b7e90ed727,EVT-000493,USER-00154,search,2025-10-23T22:52:41.664763,SES-b6742ef2,tablet,Chrome,organic,,,,,0.0,red wine gift,0,0,0,
5a090b12-5327-4f33-8d2f-a8517f4be321,EVT-000494,USER-00144,view,2026-01-15T21:32:38.616112,SES-51488dd2,tablet,Edge,direct,PROD-01196,Oral-B iO Series 9,Personal Care,Healthcare,285.71,,125,0,0,
bedb8aad-dfff-416c-82e1-b81bad859b57,EVT-000495,USER-00001,view,2025-11-22T11:38:54.753916,SES-efc6e2d1,desktop,Safari,direct,PROD-00512,Dom Pérignon Rosé 2009,Champagne,Wine,415.51,,398,0,0,
89e88246-4022-43ad-a10c-3fa08745f00d,EVT-000496,USER-00023,search,2025-11-19T12:14:30.220809,SES-03a7e30b,desktop,Chrome,social,,,,,0.0,gaming laptop,0,0,0,
4ec1d9fb-5c05-44c1-bbbe-d45e1919a896,EVT-000497,USER-00155,search,2025-11-11T20:38:43.477871,SES-0be3414e,mobile,Firefox,social,,,,,0.0,wireless headphones,0,0,0,
2c40e6df-0dd6-4402-bc7a-220d7b3f4d27,EVT-000498,USER-00218,click,2025-11-16T17:17:50.706405,SES-0e112d72,desktop,Safari,email,PROD-00003,Penfolds Grange,Red Wine,Wine,390.13,,276,0,0,
bbe75094-7a22-4022-9ded-18320784b3ff,EVT-000499,USER-00107,search,2025-12-31T16:38:48.662096,SES-6f032654,desktop,Firefox,organic,,,,,0.0,home office chair,0,0,0,
98715af7-4c66-4648-80a2-531511bae521,EVT-000500,USER-00147,add_to_cart,2026-01-01T16:58:05.539941,SES-d75d9af9,mobile,Chrome,email,PROD-01416,REI Flash 55 Pack,Outdoor Gear,Sports,517.67,,0,1,0,
3a763b1a-39ef-4401-a653-d9a327343acb,EVT-000501,USER-00048,wishlist,2025-12-20T04:07:43.044623,SES-79c8ec5f,tablet,Safari,organic,PROD-01844,Samsung Galaxy Watch 6,Smartwatches,Electronics,790.52,,0,0,0,
b7fbbe98-ab64-46a4-93e6-17ebac14a053,EVT-000502,USER-00154,search,2025-11-23T18:10:44.382444,SES-1f01233f,tablet,Chrome,organic,,,,,0.0,red wine gift,0,0,0,
577f58f1-6d71-4794-b9b9-8461cc14459c,EVT-000503,USER-00144,view,2025-12-03T00:16:14.630409,SES-82e64273,tablet,Edge,direct,PROD-01196,Oral-B iO Series 9,Personal Care,Healthcare,285.71,,125,0,0,
f1c9c696-ea13-4380-b26c-ff01ed28fe36,EVT-000504,USER-00001,view,2026-01-12T19:34:23.683378,SES-287518c1,desktop,Safari,direct,PROD-00512,Dom Pérignon Rosé 2009,Champagne,Wine,415.51,,398,0,0,
c0c76a3c-7156-4113-8310-b84639f2d4ba,EVT-000505,USER-00023,search,2026-01-12T05:44:53.565803,SES-f0bf9ce2,desktop,Chrome,social,,,,,0.0,gaming laptop,0,0,0,
dbbd4474-fb30-4958-9814-561cda778a1b,EVT-000506,USER-00155,search,2026-01-06T06:29:11.208400,SES-74475d0e,mobile,Firefox,social,,,,,0.0,wireless headphones,0,0,0,
91de2c50-a0a5-4ecf-8e1c-2c0cea2f20de,EVT-000507,USER-00218,click,2026-01-06T18:56:49.388124,SES-2a7aff04,desktop,Safari,email,PROD-00003,Penfolds Grange,Red Wine,Wine,390.13,,276,0,0,
90de4dc3-aba3-43c6-b080-eca831282f27,EVT-000508,USER-00107,search,2026-01-01T03:36:16.919857,SES-8d615a60,desktop,Firefox,organic,,,,,0.0,home office chair,0,0,0,
af2c8425-58a6-40d6-bcb9-7c35d3ac5026,EVT-000509,USER-00147,add_to_cart,2025-12-08T20:13:53.159710,SES-fbe003d0,mobile,Chrome,email,PROD-01416,REI Flash 55 Pack,Outdoor Gear,Sports,517.67,,0,1,0,
880da9ea-3439-4ddd-8d74-01384b5f3d42,EVT-000510,USER-00048,wishlist,2025-11-12T05:25:04.386094,SES-836519ff,tablet,Safari,organic,PROD-01844,Samsung Galaxy Watch 6,Smartwatches,Electronics,790.52,,0,0,0,
a0e8df58-e429-444b-8df9-11fdcb385d65,EVT-000511,USER-00154,search,2025-11-09T21:36:02.159014,SES-d58382ca,tablet,Chrome,organic,,,,,0.0,red wine gift,0,0,0,
fa3c4828-e427-472c-bf6b-d97536f9de12,EVT-000512,USER-00144,view,2025-12-21T10:54:11.011142,SES-166c5e42,tablet,Edge,direct,PROD-01196,Oral-B iO Series 9,Personal Care,Healthcare,285.71,,125,0,0,
dd9c63e6-e703-4fd4-af45-38cbb7bce431,EVT-000513,USER-00001,view,2025-11-27T12:52:36.752794,SES-92bdcaf5,desktop,Safari,direct,PROD-00512,Dom Pérignon Rosé 2009,Champagne,Wine,415.51,,398,0,0,
49073886-284a-4cc2-b37d-718ea3136a10,EVT-000514,USER-00023,search,2025-10-31T13:37:48.997383,SES-d9be5b1d,desktop,Chrome,social,,,,,0.0,gaming laptop,0,0,0,
f8d6c48d-5d8b-4ae6-b0f5-4a0618a602c3,EVT-000515,USER-00155,search,2025-11-21T07:53:18.269500,SES-ffd371ca,mobile,Firefox,social,,,,,0.0,wireless headphones,0,0,0,
f6447b9f-bf77-4eaf-af7f-3962c271787b,EVT-000516,USER-00218,click,2025-10-28T17:16:58.526703,SES-cd285fff,desktop,Safari,email,PROD-00003,Penfolds Grange,Red Wine,Wine,390.13,,276,0,0,
95781bdf-354d-4749-8cde-1aa8e9d85b3f,EVT-000517,USER-00107,search,2025-12-11T11:13:49.123339,SES-c8e33804,desktop,Firefox,organic,,,,,0.0,home office chair,0,0,0,
2d9cc354-10f2-46a9-acbc-9da493a4e2f1,EVT-000518,USER-00147,add_to_cart,2025-12-09T19:12:15.114904,SES-e18ef75f,mobile,Chrome,email,PROD-01416,REI Flash 55 Pack,Outdoor Gear,Sports,517.67,,0,1,0,
1ca05443-4f41-418d-bf97-7d322e688fde,EVT-000519,USER-00048,wishlist,2025-12-28T09:15:10.334092,SES-f2e4a74f,tablet,Safari,organic,PROD-01844,Samsung Galaxy Watch 6,Smartwatches,Electronics,790.52,,0,0,0,
174850ee-dcf0-4b5f-8555-ea4e198d0eca,EVT-000520,USER-00154,search,2026-01-09T04:59:08.011628,SES-ad021220,tablet,Chrome,organic,,,,,0.0,red wine gift,0,0,0,
6983d3ee-17b6-47b1-b682-93da7d535d07,EVT-000521,USER-00144,view,2026-01-18T00:16:48.820570,SES-3efcaeab,tablet,Edge,direct,PROD-01196,Oral-B iO Series 9,Personal Care,Healthcare,285.71,,125,0,0,
9185056a-ab94-470c-970b-f53ff9bd2f6a,EVT-000522,USER-00001,view,2025-10-27T17:02:29.042794,SES-888dbdc7,desktop,Safari,direct,PROD-00512,Dom Pérignon Rosé 2009,Champagne,Wine,415.51,,398,0,0,
ef7edf20-9061-4802-80ea-87e4de09d897,EVT-000523,USER-00023,search,2025-12-12T16:12:45.005143,SES-2200b18a,desktop,Chrome,social,,,,,0.0,gaming laptop,0,0,0,
dd1775c0-4655-4a4f-84df-561b0022abb2,EVT-000524,USER-00155,search,2025-11-13T23:45:18.854693,SES-6bbbb37d,mobile,Firefox,social,,,,,0.0,wireless headphones,0,0,0,
ad85fec2-6121-40bf-ab24-e5f0c4b7f4c0,EVT-000525,USER-00218,click,2025-11-14T17:15:05.437039,SES-6c4adf37,desktop,Safari,email,PROD-00003,Penfolds Grange,Red Wine,Wine,390.13,,276,0,0,
0df09868-dbff-4def-a28f-1a044ac83b6e,EVT-000526,USER-00107,search,2025-12-28T05:19:01.613066,SES-88f3558b,desktop,Firefox,organic,,,,,0.0,home office chair,0,0,0,
1c0fe84b-8f78-48f8-9468-6c102eee9741,EVT-000527,USER-00147,add_to_cart,2025-12-23T17:53:08.722512,SES-80128fea,mobile,Chrome,email,PROD-01416,REI Flash 55 Pack,Outdoor Gear,Sports,517.67,,0,1,0,
354fe615-04d6-4aaf-ae29-cf44d278811a,EVT-000528,USER-00048,wishlist,2025-12-20T05:52:45.909298,SES-4fe75138,tablet,Safari,organic,PROD-01844,Samsung Galaxy Watch 6,Smartwatches,Electronics,790.52,,0,0,0,
c264843c-10c3-4ba6-8352-2a73bcaf2d72,EVT-000529,USER-00154,search,2025-11-13T17:31:25.913263,SES-44c7c6e2,tablet,Chrome,organic,,,,,0.0,red wine gift,0,0,0,
f36be5d2-2006-44b3-b553-fcea244b591e,EVT-000530,USER-00144,view,2025-12-23T17:45:09.813208,SES-fb77f54b,tablet,Edge,direct,PROD-01196,Oral-B iO Series 9,Personal Care,Healthcare,285.71,,125,0,0,
a072ca5e-edb0-4c46-8088-f7fbd90fd037,EVT-000531,USER-00001,view,2025-12-02T17:14:18.612245,SES-a0ee61da,desktop,Safari,direct,PROD-00512,Dom Pérignon Rosé 2009,Champagne,Wine,415.51,,398,0,0,
3eafc9ce-55c5-4b93-b940-4efcde1e24db,EVT-000532,USER-00023,search,2025-10-26T07:02:19.193259,SES-f12d8ede,desktop,Chrome,social,,,,,0.0,gaming laptop,0,0,0,
cab8479e-52dc-4fd9-9233-1bee2a97b11d,EVT-000533,USER-00155,search,2025-12-16T11:52:23.820819,SES-cc4c55b3,mobile,Firefox,social,,,,,0.0,wireless headphones,0,0,0,
d2d0c7b7-8a5a-4368-b2ca-9a8cfcae8559,EVT-000534,USER-00218,click,2025-12-11T08:24:11.690503,SES-0e7861f5,desktop,Safari,email,PROD-00003,Penfolds Grange,Red Wine,Wine,390.13,,276,0,0,
637104e0-a3ed-4c97-be7c-022b1ad4d931,EVT-000535,USER-00107,search,2025-10-30T21:28:18.109491,SES-fd08215e,desktop,Firefox,organic,,,,,0.0,home office chair,0,0,0,
ff62ab78-976f-4b7b-8d3e-87f19bd6f397,EVT-000536,USER-00147,add_to_cart,2025-11-08T18:33:59.159741,SES-b8c81f6d,mobile,Chrome,email,PROD-01416,REI Flash 55 Pack,Outdoor Gear,Sports,517.67,,0,1,0,
497f9e24-9c29-43ae-b07b-e03867b75813,EVT-000537,USER-00048,wishlist,2026-01-05T10:25:52.947283,SES-b4bbe180,tablet,Safari,organic,PROD-01844,Samsung Galaxy Watch 6,Smartwatches,Electronics,790.52,,0,0,0,
39dbac21-259e-405b-92f4-fac3a009c81a,EVT-000538,USER-00154,search,2025-10-28T09:39:38.644716,SES-de721ac3,tablet,Chrome,organic,,,,,0.0,red wine gift,0,0,0,
d7922445-3147-42a0-8195-793ae4eb368c,EVT-000539,USER-00144,view,2026-01-11T22:54:15.772797,SES-b3c1065f,tablet,Edge,direct,PROD-01196,Oral-B iO Series 9,Personal Care,Healthcare,285.71,,125,0,0,
bcec7872-414a-456b-a235-47a58a008214,EVT-000540,USER-00001,view,2025-12-08T16:51:37.678668,SES-45361629,desktop,Safari,direct,PROD-00512,Dom Pérignon Rosé 2009,Champagne,Wine,415.51,,398,0,0,
2afa4a53-f723-4d8b-9c5b-81e9c64e5b48,EVT-000541,USER-00023,search,2025-10-28T03:36:16.120218,SES-18b25bc0,desktop,Chrome,social,,,,,0.0,gaming laptop,0,0,0,
0268c56d-1492-4485-94c7-834cc4c6ded5,EVT-000542,USER-00155,search,2025-11-12T03:43:19.671014,SES-d5fdbabd,mobile,Firefox,social,,,,,0.0,wireless headphones,0,0,0,
8c32bce4-29c6-4b98-9046-1ccec60a05a4,EVT-000543,USER-00218,click,2025-12-14T09:11:56.392456,SES-605058a8,desktop,Safari,email,PROD-00003,Penfolds Grange,Red Wine,Wine,390.13,,276,0,0,
24d5e637-b58a-476a-8d25-8de19669e628,EVT-000544,USER-00107,search,2025-12-13T23:40:47.922143,SES-478d33a3,desktop,Firefox,organic,,,,,0.0,home office chair,0,0,0,
67f4bf6a-1868-47ad-bc98-5f4a76e7a107,EVT-000545,USER-00147,add_to_cart,2025-12-03T10:57:42.572989,SES-00505045,mobile,Chrome,email,PROD-01416,REI Flash 55 Pack,Outdoor Gear,Sports,517.67,,0,1,0,
e20bf2dc-e4c4-4ab2-b6a7-3be116a1263d,EVT-000546,USER-00048,wishlist,2025-12-09T23:54:45.021375,SES-9bc4ea73,tablet,Safari,organic,PROD-01844,Samsung Galaxy Watch 6,Smartwatches,Electronics,790.52,,0,0,0,
8ad39dc0-940e-47b3-83b8-4ccaaa07edd9,EVT-000547,USER-00154,search,2025-12-31T23:59:13.276126,SES-1db59a6f,tablet,Chrome,organic,,,,,0.0,red wine gift,0,0,0,
325031db-ee8d-4295-a44c-55f35a6b91a8,EVT-000548,USER-00144,view,2025-11-20T08:52:11.442649,SES-196e4174,tablet,Edge,direct,PROD-01196,Oral-B iO Series 9,Personal Care,Healthcare,285.71,,125,0,0,
785abe9b-0a92-4127-87fa-50750c1af7f8,EVT-000549,USER-00001,view,2025-12-18T17:22:19.737846,SES-51df8522,desktop,Safari,direct,PROD-00512,Dom Pérignon Rosé 2009,Champagne,Wine,415.51,,398,0,0,
816f1cc4-6606-4459-a476-8226bdb379c5,EVT-000550,USER-00023,search,2025-11-09T08:24:56.245690,SES-0b3a5207,desktop,Chrome,social,,,,,0.0,gaming laptop,0,0,0,
d093a2d0-539a-43aa-ba3c-3d58a9e1f648,EVT-000551,USER-00155,search,2025-11-02T03:34:25.103206,SES-2ccec0f9,mobile,Firefox,social,,,,,0.0,wireless headphones,0,0,0,
3d18404d-bb2d-4d39-a6f2-b233651988d3,EVT-000552,USER-00218,click,2025-10-30T04:15:00.158723,SES-e0f6029e,desktop,Safari,email,PROD-00003,Penfolds Grange,Red Wine,Wine,390.13,,276,0,0,
d579ed18-3acb-4f90-9fc7-2acde0cffd6e,EVT-000553,USER-00107,search,2025-11-09T10:30:42.176801,SES-d4324f71,desktop,Firefox,organic,,,,,0.0,home office chair,0,0,0,
4bdabd4b-7558-4259-87db-65d28c018642,EVT-000554,USER-00147,add_to_cart,2025-12-10T11:39:09.050396,SES-c739ff34,mobile,Chrome,email,PROD-01416,REI Flash 55 Pack,Outdoor Gear,Sports,517.67,,0,1,0,
d59e9e68-21eb-4b70-bb2a-60d97e96d2cb,EVT-000555,USER-00048,wishlist,2025-11-11T00:31:21.902800,SES-1fe39dd2,tablet,Safari,organic,PROD-01844,Samsung Galaxy Watch 6,Smartwatches,Electronics,790.52,,0,0,0,
04e4020a-a374-472e-b068-ea983b5522b5,EVT-000556,USER-00154,search,2025-12-05T12:33:14.676053,SES-d470f88b,tablet,Chrome,organic,,,,,0.0,red wine gift,0,0,0,
90212f5a-563a-4d0a-826e-f1e3378e4c73,EVT-000557,USER-00144,view,2025-12-12T21:53:13.398092,SES-5bb2bfc0,tablet,Edge,direct,PROD-01196,Oral-B iO Series 9,Personal Care,Healthcare,285.71,,125,0,0,
30a7d298-0a61-4e68-a43a-284b5cfaded3,EVT-000558,USER-00001,view,2025-12-14T00:38:13.530151,SES-e77de482,desktop,Safari,direct,PROD-00512,Dom Pérignon Rosé 2009,Champagne,Wine,415.51,,398,0,0,
eea49794-8c00-4f13-a288-b50c11b8ca68,EVT-000559,USER-00023,search,2026-01-08T04:11:46.665413,SES-5747a609,desktop,Chrome,social,,,,,0.0,gaming laptop,0,0,0,
c515008b-01d4-4037-a868-ee8d1d74147b,EVT-000560,USER-00155,search,2025-11-01T17:01:38.860553,SES-98b3f3d8,mobile,Firefox,social,,,,,0.0,wireless headphones,0,0,0,
706a0e04-1c66-48e2-b0af-5fdcaf2c5445,EVT-000561,USER-00218,click,2026-01-10T11:00:48.950247,SES-79b51167,desktop,Safari,email,PROD-00003,Penfolds Grange,Red Wine,Wine,390.13,,276,0,0,
073d054a-abff-405b-a160-d6d558e6b4a0,EVT-000562,USER-00107,search,2025-12-31T15:18:39.239620,SES-a90a2444,desktop,Firefox,organic,,,,,0.0,home office chair,0,0,0,
6dab3d47-0c5f-47d3-b7d8-7bc6ddd88876,EVT-000563,USER-00147,add_to_cart,2025-11-09T04:54:04.192783,SES-40a74dd3,mobile,Chrome,email,PROD-01416,REI Flash 55 Pack,Outdoor Gear,Sports,517.67,,0,1,0,
2e0600bf-ea7c-4433-b04b-55fe0bf34986,EVT-000564,USER-00048,wishlist,2026-01-03T04:35:24.362456,SES-7d40ada8,tablet,Safari,organic,PROD-01844,Samsung Galaxy Watch 6,Smartwatches,Electronics,790.52,,0,0,0,
97d5c450-6cba-48cf-bde4-4447835e0a4c,EVT-000565,USER-00154,search,2025-12-16T23:16:06.680396,SES-d11636bd,tablet,Chrome,organic,,,,,0.0,red wine gift,0,0,0,
43cf2ee0-c07c-474d-bfa1-002eed03319e,EVT-000566,USER-00144,view,2025-12-02T17:38:43.506062,SES-f57d9250,tablet,Edge,direct,PROD-01196,Oral-B iO Series 9,Personal Care,Healthcare,285.71,,125,0,0,
773220cb-26a5-40c3-a2b4-7e75894f1971,EVT-000567,USER-00001,view,2025-10-22T17:12:19.074571,SES-3fe92d9d,desktop,Safari,direct,PROD-00512,Dom Pérignon Rosé 2009,Champagne,Wine,415.51,,398,0,0,
e0ba7f71-a966-4a8e-b537-1601d6e8c61c,EVT-000568,USER-00023,search,2025-12-29T13:59:09.504756,SES-a0949f64,desktop,Chrome,social,,,,,0.0,gaming laptop,0,0,0,
0bca4998-bfc3-4a40-b2ea-9e7b7d2a9a12,EVT-000569,USER-00155,search,2025-12-15T19:03:38.843424,SES-05c3d328,mobile,Firefox,social,,,,,0.0,wireless headphones,0,0,0,
ffc4aa67-26ed-40af-a637-a873108c5ed6,EVT-000570,USER-00218,click,2025-12-06T00:09:46.565118,SES-922b9516,desktop,Safari,email,PROD-00003,Penfolds Grange,Red Wine,Wine,390.13,,276,0,0,
60e04506-e65a-48ac-9951-74e87fc8e542,EVT-000571,USER-00107,search,2025-11-07T13:26:40.868491,SES-3292b2a1,desktop,Firefox,organic,,,,,0.0,home office chair,0,0,0,
0c853b49-a690-43c9-844b-034fc2365eda,EVT-000572,USER-00147,add_to_cart,2025-12-07T07:53:19.228547,SES-846597f6,mobile,Chrome,email,PROD-01416,REI Flash 55 Pack,Outdoor Gear,Sports,517.67,,0,1,0,
15f5d821-0bac-4603-969d-52b62c6d6bb2,EVT-000573,USER-00048,wishlist,2025-12-07T22:48:30.027649,SES-83b87bb6,tablet,Safari,organic,PROD-01844,Samsung Galaxy Watch 6,Smartwatches,Electronics,790.52,,0,0,0,
27da8308-36c6-4114-8e5f-f6acff33b9ac,EVT-000574,USER-00154,search,2026-01-16T07:14:12.983107,SES-90b1fc13,tablet,Chrome,organic,,,,,0.0,red wine gift,0,0,0,
957b0f6a-d637-4e21-832c-f583c46ec425,EVT-000575,USER-00144,view,2025-11-18T15:21:08.391861,SES-7bd59ca8,tablet,Edge,direct,PROD-01196,Oral-B iO Series 9,Personal Care,Healthcare,285.71,,125,0,0,
a83c0cf3-b6c6-4925-ad9d-b23a78cce37b,EVT-000576,USER-00001,view,2026-01-08T17:25:10.276980,SES-2b4ac3b0,desktop,Safari,direct,PROD-00512,Dom Pérignon Rosé 2009,Champagne,Wine,415.51,,398,0,0,
64b9161f-28ff-4f8c-98b3-db0dc4539beb,EVT-000577,USER-00023,search,2025-11-14T02:01:24.088171,SES-a4d27acf,desktop,Chrome,social,,,,,0.0,gaming laptop,0,0,0,
b99a7a43-7ee4-4bcb-b9e9-c4b97eaaa2a3,EVT-000578,USER-00155,search,2025-11-16T10:45:31.197780,SES-e474fbce,mobile,Firefox,social,,,,,0.0,wireless headphones,0,0,0,
c95a3fc1-1b34-48a6-88a4-b9683e9af438,EVT-000579,USER-00218,click,2025-12-12T04:28:00.332923,SES-424069b2,desktop,Safari,email,PROD-00003,Penfolds Grange,Red Wine,Wine,390.13,,276,0,0,
999b741d-b9d5-4cec-890e-3b32ad5a6453,EVT-000580,USER-00107,search,2025-11-19T11:09:09.040068,SES-15d8bad3,desktop,Firefox,organic,,,,,0.0,home office chair,0,0,0,
e29b9bdd-dbb5-4ed6-9009-946caf4ea921,EVT-000581,USER-00147,add_to_cart,2025-12-01T06:37:49.591985,SES-4756b0e5,mobile,Chrome,email,PROD-01416,REI Flash 55 Pack,Outdoor Gear,Sports,517.67,,0,1,0,
054d43e1-fbb9-4e4b-b297-bedb80a23766,EVT-000582,USER-00048,wishlist,2026-01-18T14:57:01.683195,SES-4f992657,tablet,Safari,organic,PROD-01844,Samsung Galaxy Watch 6,Smartwatches,Electronics,790.52,,0,0,0,
654d47c5-414c-4a42-83c9-9945bf717020,EVT-000583,USER-00154,search,2026-01-15T18:50:29.014856,SES-f7205c04,tablet,Chrome,organic,,,,,0.0,red wine gift,0,0,0,
2fa27996-5a5d-4394-9db7-c01a1dd34294,EVT-000584,USER-00144,view,2025-12-05T13:18:34.509115,SES-bc2545dc,tablet,Edge,direct,PROD-01196,Oral-B iO Series 9,Personal Care,Healthcare,285.71,,125,0,0,
f2f03e61-6f0c-4de9-b2f5-74c00623c8ce,EVT-000585,USER-00001,view,2025-11-20T09:37:26.895586,SES-b01ddeb4,desktop,Safari,direct,PROD-00512,Dom Pérignon Rosé 2009,Champagne,Wine,415.51,,398,0,0,
deadf277-d091-4eed-b5b4-1190ad5f92d8,EVT-000586,USER-00023,search,2026-01-18T08:44:28.737620,SES-bb9e3455,desktop,Chrome,social,,,,,0.0,gaming laptop,0,0,0,
bef4fc6c-20b3-440e-ba38-b3386c1fc9e0,EVT-000587,USER-00155,search,2025-12-04T00:25:46.214755,SES-9df10709,mobile,Firefox,social,,,,,0.0,wireless headphones,0,0,0,
aeb100af-585d-41b6-990a-a7194a5c93c2,EVT-000588,USER-00218,click,2025-11-06T08:29:54.670654,SES-a3eaf4ff,desktop,Safari,email,PROD-00003,Penfolds Grange,Red Wine,Wine,390.13,,276,0,0,
191e3aa5-e005-47de-a530-4a43936f759c,EVT-000589,USER-00107,search,2025-10-28T13:44:39.476271,SES-c2f90f65,desktop,Firefox,organic,,,,,0.0,home office chair,0,0,0,
ef04254d-3e6c-4f09-9521-31d40b01b8c7,EVT-000590,USER-00147,add_to_cart,2025-11-30T13:17:16.997554,SES-1b3e3811,mobile,Chrome,email,PROD-01416,REI Flash 55 Pack,Outdoor Gear,Sports,517.67,,0,1,0,
487f4f34-1b96-40f2-8c0a-b9edb600df25,EVT-000591,USER-00048,wishlist,2025-11-19T02:09:37.254876,SES-3df0ab58,tablet,Safari,organic,PROD-01844,Samsung Galaxy Watch 6,Smartwatches,Electronics,790.52,,0,0,0,
acf08734-86ea-4511-9147-fcfb08647d7d,EVT-000592,USER-00154,search,2026-01-13T22:46:25.540564,SES-b9a50451,tablet,Chrome,organic,,,,,0.0,red wine gift,0,0,0,
f5647978-6ce1-4f48-89ae-2f72e287dbe7,EVT-000593,USER-00144,view,2025-12-01T13:26:39.239365,SES-42b4e916,tablet,Edge,direct,PROD-01196,Oral-B iO Series 9,Personal Care,Healthcare,285.71,,125,0,0,
065c77bb-ccff-47c0-9f14-ef1374efa916,EVT-000594,USER-00001,view,2025-12-19T01:57:47.016646,SES-2b61152e,desktop,Safari,direct,PROD-00512,Dom Pérignon Rosé 2009,Champagne,Wine,415.51,,398,0,0,
8a41d831-eda0-41e8-b01c-1288fed34b0d,EVT-000595,USER-00023,search,2025-12-10T03:29:25.575728,SES-a7b4714b,desktop,Chrome,social,,,,,0.0,gaming laptop,0,0,0,
204334b6-1aa7-4012-b0a8-555b2213bafa,EVT-000596,USER-00155,search,2025-11-08T02:40:19.499183,SES-252194b0,mobile,Firefox,social,,,,,0.0,wireless headphones,0,0,0,
1d2109a3-9cc7-4620-98b3-1a37adff7eba,EVT-000597,USER-00218,click,2025-12-31T18:19:33.986262,SES-c288ac6f,desktop,Safari,email,PROD-00003,Penfolds Grange,Red Wine,Wine,390.13,,276,0,0,
85aebaf7-3ed7-44bf-8607-7b4a87c21e6c,EVT-000598,USER-00107,search,2025-12-30T07:53:51.191917,SES-cb4a2ef6,desktop,Firefox,organic,,,,,0.0,home office chair,0,0,0,
c6dfb521-25c4-4a6c-853d-6c9d9d44af56,EVT-000599,USER-00147,add_to_cart,2025-11-10T20:41:00.104538,SES-ba88ddd5,mobile,Chrome,email,PROD-01416,REI Flash 55 Pack,Outdoor Gear,Sports,517.67,,0,1,0,
f2bc1386-735e-47ab-81fb-d35090bd8f40,EVT-000600,USER-00048,wishlist,2025-12-06T19:58:47.716318,SES-0a533f8d,tablet,Safari,organic,PROD-01844,Samsung Galaxy Watch 6,Smartwatches,Electronics,790.52,,0,0,0,
dce812ff-8d4f-4b50-9a64-eef464213497,EVT-000601,USER-00154,search,2025-11-20T11:22:12.333921,SES-72bf89db,tablet,Chrome,organic,,,,,0.0,red wine gift,0,0,0,
b9c0b3bb-8ee2-4435-9155-3b8feaf0c4fb,EVT-000602,USER-00144,view,2025-12-09T09:47:55.665503,SES-84e6325f,tablet,Edge,direct,PROD-01196,Oral-B iO Series 9,Personal Care,Healthcare,285.71,,125,0,0,
9a614fb6-fc14-435d-a7b9-9f96cfc63bb8,EVT-000603,USER-00001,view,2025-10-31T22:26:12.505772,SES-ebe2902d,desktop,Safari,direct,PROD-00512,Dom Pérignon Rosé 2009,Champagne,Wine,415.51,,398,0,0,
983e8693-13b0-4236-9dd4-e107ed1a3d31,EVT-000604,USER-00023,search,2025-11-18T16:16:06.594661,SES-d301bdd2,desktop,Chrome,social,,,,,0.0,gaming laptop,0,0,0,
5f75503c-78e1-4d99-9594-6b00ceb39909,EVT-000605,USER-00155,search,2025-12-16T12:42:48.525399,SES-03aa3f5a,mobile,Firefox,social,,,,,0.0,wireless headphones,0,0,0,
801bfd4b-b364-4b51-b5c8-34e5cf88f448,EVT-000606,USER-00218,click,2025-12-13T01:30:50.524360,SES-216307d0,desktop,Safari,email,PROD-00003,Penfolds Grange,Red Wine,Wine,390.13,,276,0,0,
cb1f4506-1e0c-4f11-b59a-163d529bcb5f,EVT-000607,USER-00107,search,2025-11-05T14:04:00.325625,SES-75b956f5,desktop,Firefox,organic,,,,,0.0,home office chair,0,0,0,
dfba24a6-c4a3-48d5-b758-0fa87808aaa1,EVT-000608,USER-00147,add_to_cart,2025-11-05T17:55:59.952805,SES-d5999adc,mobile,Chrome,email,PROD-01416,REI Flash 55 Pack,Outdoor Gear,Sports,517.67,,0,1,0,
7b22d2d6-76d3-4baa-8fa7-42bf7ca98a15,EVT-000609,USER-00048,wishlist,2025-12-30T15:33:15.044694,SES-859f1324,tablet,Safari,organic,PROD-01844,Samsung Galaxy Watch 6,Smartwatches,Electronics,790.52,,0,0,0,
d8924859-d468-4943-b50b-d7834ddd6568,EVT-000610,USER-00154,search,2026-01-01T09:29:16.327533,SES-5cf1566b,tablet,Chrome,organic,,,,,0.0,red wine gift,0,0,0,
f25137a4-1786-4da8-ba98-d9801fe129b3,EVT-000611,USER-00144,view,2026-01-07T09:13:39.243583,SES-8aebd4cc,tablet,Edge,direct,PROD-01196,Oral-B iO Series 9,Personal Care,Healthcare,285.71,,125,0,0,
d64a38a4-c155-402d-886e-fc9660411e6d,EVT-000612,USER-00001,view,2025-12-16T14:00:07.232539,SES-3a6c4326,desktop,Safari,direct,PROD-00512,Dom Pérignon Rosé 2009,Champagne,Wine,415.51,,398,0,0,
10e30a6b-bd16-474a-be43-d80478ed3bcb,EVT-000613,USER-00023,search,2025-11-05T19:32:32.547120,SES-b7df16fe,desktop,Chrome,social,,,,,0.0,gaming laptop,0,0,0,
b2f82cf4-936f-4209-9e53-828d7d0c6c0a,EVT-000614,USER-00155,search,2026-01-16T18:37:22.493810,SES-1be66b54,mobile,Firefox,social,,,,,0.0,wireless headphones,0,0,0,
ed9170dc-a445-4ffe-b2d8-9567448ab361,EVT-000615,USER-00218,click,2026-01-18T23:25:45.677467,SES-3999de8f,desktop,Safari,email,PROD-00003,Penfolds Grange,Red Wine,Wine,390.13,,276,0,0,
b3917951-1581-4d4f-8b67-78ea0984fbb8,EVT-000616,USER-00107,search,2025-12-20T11:40:32.136988,SES-910a89ce,desktop,Firefox,organic,,,,,0.0,home office chair,0,0,0,
6b15fabd-92c1-42f6-afd2-8c040d315ab3,EVT-000617,USER-00147,add_to_cart,2026-01-01T15:49:58.366300,SES-b3b49d69,mobile,Chrome,email,PROD-01416,REI Flash 55 Pack,Outdoor Gear,Sports,517.67,,0,1,0,
07c3b0d5-8ce2-4c5a-839c-e866d50ad00e,EVT-000618,USER-00048,wishlist,2025-12-31T20:24:23.198087,SES-25ed6fde,tablet,Safari,organic,PROD-01844,Samsung Galaxy Watch 6,Smartwatches,Electronics,790.52,,0,0,0,
6d56fd0a-046f-432d-a7c6-af0b4848f815,EVT-000619,USER-00154,search,2025-11-15T22:00:12.656793,SES-ba3f2e26,tablet,Chrome,organic,,,,,0.0,red wine gift,0,0,0,
3d4bb9ef-ff62-44cb-a991-31917078f316,EVT-000620,USER-00144,view,2026-01-14T15:04:40.410178,SES-a52374de,tablet,Edge,direct,PROD-01196,Oral-B iO Series 9,Personal Care,Healthcare,285.71,,125,0,0,
3288f554-d50c-483d-af52-a47d48aff690,EVT-000621,USER-00001,view,2025-12-04T03:36:58.496584,SES-6b67b24a,desktop,Safari,direct,PROD-00512,Dom Pérignon Rosé 2009,Champagne,Wine,415.51,,398,0,0,
9fcc6d07-7f03-4579-bd6b-7235f7e81af0,EVT-000622,USER-00023,search,2026-01-07T17:36:32.087132,SES-7c6c3097,desktop,Chrome,social,,,,,0.0,gaming laptop,0,0,0,
acc32284-b5e5-47b0-b9e5-583d48a91fbd,EVT-000623,USER-00155,search,2025-11-18T23:57:03.508348,SES-bd49cb01,mobile,Firefox,social,,,,,0.0,wireless headphones,0,0,0,
64083e76-fada-4437-b780-2d02019c34ef,EVT-000624,USER-00218,click,2025-11-04T17:18:24.237525,SES-61aa0f01,desktop,Safari,email,PROD-00003,Penfolds Grange,Red Wine,Wine,390.13,,276,0,0,
55f1af97-a6b6-4d79-8d73-27b45bb360a5,EVT-000625,USER-00107,search,2025-11-21T16:58:32.552558,SES-981abda2,desktop,Firefox,organic,,,,,0.0,home office chair,0,0,0,
4777acab-3560-4d42-a223-ac5b3a773f1c,EVT-000626,USER-00147,add_to_cart,2025-11-23T12:37:56.451959,SES-016e53f0,mobile,Chrome,email,PROD-01416,REI Flash 55 Pack,Outdoor Gear,Sports,517.67,,0,1,0,
c5b790c3-5e90-4547-9e9c-bea6ecd61d53,EVT-000627,USER-00048,wishlist,2025-12-28T17:47:52.563525,SES-fc9a7e4c,tablet,Safari,organic,PROD-01844,Samsung Galaxy Watch 6,Smartwatches,Electronics,790.52,,0,0,0,
ff39ac20-1f3e-4aab-a318-53619f5d2ac7,EVT-000628,USER-00154,search,2025-12-02T03:30:17.439581,SES-0eb51eaf,tablet,Chrome,organic,,,,,0.0,red wine gift,0,0,0,
2b05a271-a8e3-4172-a2b0-2d975be9418f,EVT-000629,USER-00144,view,2025-11-29T22:46:45.569013,SES-a825abe3,tablet,Edge,direct,PROD-01196,Oral-B iO Series 9,Personal Care,Healthcare,285.71,,125,0,0,
303a31cb-a497-403a-8067-f756639a863e,EVT-000630,USER-00001,view,2025-11-27T02:11:13.193929,SES-fe46b4a9,desktop,Safari,direct,PROD-00512,Dom Pérignon Rosé 2009,Champagne,Wine,415.51,,398,0,0,
7d996fb6-acfc-4653-baae-3884fb5fca61,EVT-000631,USER-00023,search,2025-11-29T05:07:22.410143,SES-95b83ec6,desktop,Chrome,social,,,,,0.0,gaming laptop,0,0,0,
e9d59981-ad0a-4d77-b330-185239b5b798,EVT-000632,USER-00155,search,2025-12-30T06:32:13.057945,SES-750a643a,mobile,Firefox,social,,,,,0.0,wireless headphones,0,0,0,
8021d475-ca87-4937-b2e5-b3a1ebf1f66c,EVT-000633,USER-00218,click,2025-11-28T00:57:03.684906,SES-f7dda4f1,desktop,Safari,email,PROD-00003,Penfolds Grange,Red Wine,Wine,390.13,,276,0,0,
846485c0-0bc6-4dbf-9e55-a2364421b8af,EVT-000634,USER-00107,search,2026-01-17T20:29:04.312093,SES-7c94ad16,desktop,Firefox,organic,,,,,0.0,home office chair,0,0,0,
242ac700-bbb7-4190-bd21-0cdd5012a99c,EVT-000635,USER-00147,add_to_cart,2025-11-23T11:56:15.588270,SES-05457f90,mobile,Chrome,email,PROD-01416,REI Flash 55 Pack,Outdoor Gear,Sports,517.67,,0,1,0,
387b3062-7026-4da1-8736-095d79a00610,EVT-000636,USER-00048,wishlist,2026-01-03T03:44:12.002825,SES-8d3b333b,tablet,Safari,organic,PROD-01844,Samsung Galaxy Watch 6,Smartwatches,Electronics,790.52,,0,0,0,
abd43a2f-468f-414e-b021-e6cfea3d391c,EVT-000637,USER-00154,search,2026-01-18T10:06:18.264971,SES-1aebc36d,tablet,Chrome,organic,,,,,0.0,red wine gift,0,0,0,
02790454-8884-403a-9a13-58ea61a56995,EVT-000638,USER-00144,view,2025-12-30T16:57:38.908770,SES-5f99ba0f,tablet,Edge,direct,PROD-01196,Oral-B iO Series 9,Personal Care,Healthcare,285.71,,125,0,0,
6409ff43-bed0-4b7b-a3cb-50b7b88fcc6a,EVT-000639,USER-00001,view,2025-10-24T10:12:42.552919,SES-ba2a5c50,desktop,Safari,direct,PROD-00512,Dom Pérignon Rosé 2009,Champagne,Wine,415.51,,398,0,0,
a4ba1ed3-9eda-489d-ad1f-3bd78f3e0e08,EVT-000640,USER-00023,search,2025-12-25T01:30:28.361844,SES-31e2dfc8,desktop,Chrome,social,,,,,0.0,gaming laptop,0,0,0,
83c444e3-55b7-4fc2-a8d6-dd570b7d988e,EVT-000641,USER-00155,search,2025-11-10T10:43:52.910856,SES-c2428525,mobile,Firefox,social,,,,,0.0,wireless headphones,0,0,0,
98f67bd0-6682-4867-b970-4456455d7d41,EVT-000642,USER-00218,click,2025-12-26T04:08:55.900270,SES-6f478c24,desktop,Safari,email,PROD-00003,Penfolds Grange,Red Wine,Wine,390.13,,276,0,0,
c68bb11b-f92d-45da-84ab-cd26d5437d03,EVT-000643,USER-00107,search,2025-11-18T04:53:49.618684,SES-a032ff91,desktop,Firefox,organic,,,,,0.0,home office chair,0,0,0,
cdd0bb12-8e8f-4540-aa7b-5cb9006a0344,EVT-000644,USER-00147,add_to_cart,2025-11-25T06:50:32.051804,SES-3cc5b231,mobile,Chrome,email,PROD-01416,REI Flash 55 Pack,Outdoor Gear,Sports,517.67,,0,1,0,
941121ac-f9e1-4252-a445-99deff09a6ef,EVT-000645,USER-00048,wishlist,2025-11-20T15:19:21.905179,SES-f421f177,tablet,Safari,organic,PROD-01844,Samsung Galaxy Watch 6,Smartwatches,Electronics,790.52,,0,0,0,
7562bd7d-5288-4300-b94b-47a8a3b04f81,EVT-000646,USER-00154,search,2026-01-01T20:31:22.685514,SES-3ef8d31e,tablet,Chrome,organic,,,,,0.0,red wine gift,0,0,0,
ecd50dcb-9dc0-498c-9ec1-205168607850,EVT-000647,USER-00144,view,2025-11-20T23:36:56.592089,SES-be91f5f7,tablet,Edge,direct,PROD-01196,Oral-B iO Series 9,Personal Care,Healthcare,285.71,,125,0,0,
4b2d03f6-952a-4ccd-a182-2c4a9fe26456,EVT-000648,USER-00001,view,2025-12-12T01:40:33.308753,SES-9d4724e3,desktop,Safari,direct,PROD-00512,Dom Pérignon Rosé 2009,Champagne,Wine,415.51,,398,0,0,
8554ef60-ef0e-4410-b4a4-aea58110982f,EVT-000649,USER-00023,search,2025-11-09T14:57:08.882466,SES-330b7019,desktop,Chrome,social,,,,,0.0,gaming laptop,0,0,0,
7177d8b1-772d-4030-bf6c-7f4fc7ae64bd,EVT-000650,USER-00155,search,2025-11-11T00:29:32.347479,SES-bc3b2903,mobile,Firefox,social,,,,,0.0,wireless headphones,0,0,0,
6ebf0dab-1a51-42fb-a9f2-2bfd786ad4c5,EVT-000651,USER-00218,click,2025-12-06T22:29:37.051020,SES-47b6de16,desktop,Safari,email,PROD-00003,Penfolds Grange,Red Wine,Wine,390.13,,276,0,0,
93ab61b5-0e4c-4b7f-9c48-d31e8bae8800,EVT-000652,USER-00107,search,2026-01-07T17:58:02.167156,SES-9a28c29c,desktop,Firefox,organic,,,,,0.0,home office chair,0,0,0,
ab1bee88-0362-4d98-b35b-26963c30c72e,EVT-000653,USER-00147,add_to_cart,2025-11-01T06:53:54.663663,SES-2e9e2749,mobile,Chrome,email,PROD-01416,REI Flash 55 Pack,Outdoor Gear,Sports,517.67,,0,1,0,
ef4ade38-b1de-47c6-86ee-138188e9b8d1,EVT-000654,USER-00048,wishlist,2025-11-13T13:18:48.651771,SES-573c46f7,tablet,Safari,organic,PROD-01844,Samsung Galaxy Watch 6,Smartwatches,Electronics,790.52,,0,0,0,
4dd229cc-fedb-4d8a-8c1c-37fd1e34972f,EVT-000655,USER-00154,search,2025-11-20T23:10:45.095374,SES-69d674f7,tablet,Chrome,organic,,,,,0.0,red wine gift,0,0,0,
181e0430-006b-44c3-b1b8-d30ba0a242ab,EVT-000656,USER-00144,view,2025-12-04T20:15:01.662836,SES-20e2e811,tablet,Edge,direct,PROD-01196,Oral-B iO Series 9,Personal Care,Healthcare,285.71,,125,0,0,
148fe150-6a44-42a0-9370-ba039580d09c,EVT-000657,USER-00001,view,2025-12-26T14:03:57.703214,SES-ddcf4bd0,desktop,Safari,direct,PROD-00512,Dom Pérignon Rosé 2009,Champagne,Wine,415.51,,398,0,0,
e8ac4b39-511f-4a40-95a6-863a6f43d7b8,EVT-000658,USER-00023,search,2025-12-03T23:03:31.798430,SES-551e9e6b,desktop,Chrome,social,,,,,0.0,gaming laptop,0,0,0,
c78cd652-273e-4ad0-abac-407c8a622048,EVT-000659,USER-00155,search,2026-01-18T01:47:00.546366,SES-2eb8d074,mobile,Firefox,social,,,,,0.0,wireless headphones,0,0,0,
939f8945-685d-435b-9458-df11dbeed53a,EVT-000660,USER-00218,click,2025-10-26T19:29:44.611438,SES-16fb54bd,desktop,Safari,email,PROD-00003,Penfolds Grange,Red Wine,Wine,390.13,,276,0,0,
4e8d878b-064b-418f-b7bd-2fcb3796f609,EVT-000661,USER-00107,search,2025-12-21T00:28:45.200377,SES-f7ffb105,desktop,Firefox,organic,,,,,0.0,home office chair,0,0,0,
c969d70f-6bb0-42ef-a16b-47ac7b2ef320,EVT-000662,USER-00147,add_to_cart,2025-12-23T13:47:09.310863,SES-c423a581,mobile,Chrome,email,PROD-01416,REI Flash 55 Pack,Outdoor Gear,Sports,517.67,,0,1,0,
8182f8d5-a783-408a-9a0d-aad30b76cec9,EVT-000663,USER-00048,wishlist,2026-01-12T11:19:57.009357,SES-47fd9c23,tablet,Safari,organic,PROD-01844,Samsung Galaxy Watch 6,Smartwatches,Electronics,790.52,,0,0,0,
c725040c-bddd-49d3-a960-9ba38b9a0d4c,EVT-000664,USER-00154,search,2025-12-05T12:08:42.526638,SES-033f53d4,tablet,Chrome,organic,,,,,0.0,red wine gift,0,0,0,
b8bb8d35-9fbb-4c2b-b2a9-69706933ce2c,EVT-000665,USER-00144,view,2025-11-16T21:14:37.956028,SES-f4655398,tablet,Edge,direct,PROD-01196,Oral-B iO Series 9,Personal Care,Healthcare,285.71,,125,0,0,
6ef93e98-fa6f-4748-8a5e-304762174104,EVT-000666,USER-00001,view,2025-12-16T06:37:05.858708,SES-171ed0af,desktop,Safari,direct,PROD-00512,Dom Pérignon Rosé 2009,Champagne,Wine,415.51,,398,0,0,
df6ca174-f69a-4117-b7eb-220948fbf8f7,EVT-000667,USER-00023,search,2025-11-25T10:10:36.449831,SES-de496ee6,desktop,Chrome,social,,,,,0.0,gaming laptop,0,0,0,
294ba210-518b-49c9-9b82-939023e8992b,EVT-000668,USER-00155,search,2025-10-31T19:14:45.786937,SES-54114dcf,mobile,Firefox,social,,,,,0.0,wireless headphones,0,0,0,
ec8b2952-452c-44d9-823a-ffe5d1d3cb86,EVT-000669,USER-00218,click,2025-12-19T05:44:01.508467,SES-67b9e6bf,desktop,Safari,email,PROD-00003,Penfolds Grange,Red Wine,Wine,390.13,,276,0,0,
b0cb3680-0bb6-4589-8d6c-73fea116e83d,EVT-000670,USER-00107,search,2025-11-16T12:23:44.410573,SES-becb7426,desktop,Firefox,organic,,,,,0.0,home office chair,0,0,0,
90870256-b4cc-4604-b76b-31542a13d92f,EVT-000671,USER-00147,add_to_cart,2025-11-24T22:08:43.094158,SES-610abcf0,mobile,Chrome,email,PROD-01416,REI Flash 55 Pack,Outdoor Gear,Sports,517.67,,0,1,0,
c600db73-b279-4f34-82bd-32b043d4b6de,EVT-000672,USER-00048,wishlist,2026-01-13T19:07:29.974233,SES-d4cf4272,tablet,Safari,organic,PROD-01844,Samsung Galaxy Watch 6,Smartwatches,Electronics,790.52,,0,0,0,
f6dcd17a-5050-4b53-abe6-3a2d6954d809,EVT-000673,USER-00154,search,2025-11-01T15:57:44.428833,SES-0d98014a,tablet,Chrome,organic,,,,,0.0,red wine gift,0,0,0,
b5862cbb-5e78-4580-af45-063f102cec75,EVT-000674,USER-00144,view,2025-11-03T18:11:27.090326,SES-e2748c5b,tablet,Edge,direct,PROD-01196,Oral-B iO Series 9,Personal Care,Healthcare,285.71,,125,0,0,
e60777cc-1248-4ddf-a662-faf8efef5143,EVT-000675,USER-00001,view,2025-12-29T03:45:37.595805,SES-3f4157fc,desktop,Safari,direct,PROD-00512,Dom Pérignon Rosé 2009,Champagne,Wine,415.51,,398,0,0,
0cded967-23c4-4189-b1f7-724f7cd6e768,EVT-000676,USER-00023,search,2025-11-20T21:09:14.943254,SES-d099e221,desktop,Chrome,social,,,,,0.0,gaming laptop,0,0,0,
b1387eca-c82b-4cdd-9e10-149fd7a89cef,EVT-000677,USER-00155,search,2025-12-31T10:39:37.851019,SES-9993f103,mobile,Firefox,social,,,,,0.0,wireless headphones,0,0,0,
b6030a7a-a3c0-48de-82bc-6acc9d7d4709,EVT-000678,USER-00218,click,2025-11-28T21:53:41.905890,SES-040a5c23,desktop,Safari,email,PROD-00003,Penfolds Grange,Red Wine,Wine,390.13,,276,0,0,
41f267fc-bfe0-4bc2-ac80-1ebb89db4ea6,EVT-000679,USER-00107,search,2025-11-05T07:57:52.640807,SES-c758a098,desktop,Firefox,organic,,,,,0.0,home office chair,0,0,0,
165bc6a7-bb24-46e7-bbf5-e65b5c50fb13,EVT-000680,USER-00147,add_to_cart,2025-11-05T05:02:31.614423,SES-9a706fd8,mobile,Chrome,email,PROD-01416,REI Flash 55 Pack,Outdoor Gear,Sports,517.67,,0,1,0,
6c6011f3-55ab-4de0-9fa5-810bcdf2a0c5,EVT-000681,USER-00048,wishlist,2025-11-18T13:39:50.373983,SES-74e70a81,tablet,Safari,organic,PROD-01844,Samsung Galaxy Watch 6,Smartwatches,Electronics,790.52,,0,0,0,
4475d3e8-8891-4e20-b5a6-395f0b109b99,EVT-000682,USER-00154,search,2025-11-09T16:07:24.734903,SES-bb06227f,tablet,Chrome,organic,,,,,0.0,red wine gift,0,0,0,
f4a7e1e1-9889-4d78-8176-6b32cd490d93,EVT-000683,USER-00144,view,2025-10-30T14:13:37.113198,SES-331b81a6,tablet,Edge,direct,PROD-01196,Oral-B iO Series 9,Personal Care,Healthcare,285.71,,125,0,0,
9d479905-9c99-48cd-8acb-cc41733dd438,EVT-000684,USER-00001,view,2025-11-13T17:49:31.576386,SES-a42d837a,desktop,Safari,direct,PROD-00512,Dom Pérignon Rosé 2009,Champagne,Wine,415.51,,398,0,0,
65e2b9c9-3287-4874-bb10-14fa108998e2,EVT-000685,USER-00023,search,2025-12-13T05:14:22.113637,SES-d133225b,desktop,Chrome,social,,,,,0.0,gaming laptop,0,0,0,
39b5c1a6-01cf-4164-945d-ffc2bacc3df0,EVT-000686,USER-00155,search,2025-12-30T07:45:21.961833,SES-f12b146f,mobile,Firefox,social,,,,,0.0,wireless headphones,0,0,0,
027af71c-e090-4f9b-b4e1-71714cc341c0,EVT-000687,USER-00218,click,2025-11-15T03:17:20.971214,SES-7fc03fbf,desktop,Safari,email,PROD-00003,Penfolds Grange,Red Wine,Wine,390.13,,276,0,0,
6981edb4-19e8-452b-8e30-6a5171fc488f,EVT-000688,USER-00107,search,2025-12-09T11:09:18.681360,SES-be8cbda3,desktop,Firefox,organic,,,,,0.0,home office chair,0,0,0,
63a4751f-a215-4edc-b891-7742f28d6308,EVT-000689,USER-00147,add_to_cart,2025-11-17T21:36:06.134267,SES-dc7dea37,mobile,Chrome,email,PROD-01416,REI Flash 55 Pack,Outdoor Gear,Sports,517.67,,0,1,0,
a311d184-49ed-4ee7-b0b9-5c3d71aac853,EVT-000690,USER-00048,wishlist,2025-10-24T15:20:08.665845,SES-a3a712ab,tablet,Safari,organic,PROD-01844,Samsung Galaxy Watch 6,Smartwatches,Electronics,790.52,,0,0,0,
c252c188-0547-43f8-917b-3a1f7722a227,EVT-000691,USER-00154,search,2025-12-31T03:52:24.160734,SES-5815e645,tablet,Chrome,organic,,,,,0.0,red wine gift,0,0,0,
38346e6a-03c8-4823-8fe0-061828520bb6,EVT-000692,USER-00144,view,2025-10-28T19:01:27.379561,SES-2dcc6bbc,tablet,Edge,direct,PROD-01196,Oral-B iO Series 9,Personal Care,Healthcare,285.71,,125,0,0,
d0726b92-9c1f-4fc8-878a-1f5db007a728,EVT-000693,USER-00001,view,2026-01-01T09:40:52.919191,SES-397d24cd,desktop,Safari,direct,PROD-00512,Dom Pérignon Rosé 2009,Champagne,Wine,415.51,,398,0,0,
efefa93b-e9fd-4704-b7c1-06a47bb28cb5,EVT-000694,USER-00023,search,2025-12-25T16:45:56.317102,SES-62ce3f8a,desktop,Chrome,social,,,,,0.0,gaming laptop,0,0,0,
586bcfd2-6adf-4eb0-a3b1-ea76869326b6,EVT-000695,USER-00155,search,2025-11-19T22:17:31.581635,SES-d46a7190,mobile,Firefox,social,,,,,0.0,wireless headphones,0,0,0,
44290680-e3f6-4878-a5cb-8bceaab5bf26,EVT-000696,USER-00218,click,2026-01-07T11:33:06.563023,SES-b397aaea,desktop,Safari,email,PROD-00003,Penfolds Grange,Red Wine,Wine,390.13,,276,0,0,
ee542e2a-6979-48d9-b588-37c5f2216364,EVT-000697,USER-00107,search,2026-01-12T03:09:33.781114,SES-ffbd556c,desktop,Firefox,organic,,,,,0.0,home office chair,0,0,0,
7c988037-5246-441d-86fc-56999016431e,EVT-000698,USER-00147,add_to_cart,2025-12-01T19:09:03.730746,SES-bce978e4,mobile,Chrome,email,PROD-01416,REI Flash 55 Pack,Outdoor Gear,Sports,517.67,,0,1,0,
3e2520d3-3247-4d20-8ef6-a5f932d79610,EVT-000699,USER-00048,wishlist,2026-01-10T06:50:23.657049,SES-43b7b574,tablet,Safari,organic,PROD-01844,Samsung Galaxy Watch 6,Smartwatches,Electronics,790.52,,0,0,0,
3e3c5af2-7046-40ee-8987-855bb5bc3bc1,EVT-000700,USER-00154,search,2025-11-08T05:52:41.865216,SES-9b1e3c67,tablet,Chrome,organic,,,,,0.0,red wine gift,0,0,0,
3f5d9424-18d1-41e4-babd-57c16ab66208,EVT-000701,USER-00144,view,2025-12-03T19:43:15.078130,SES-f2d44f47,tablet,Edge,direct,PROD-01196,Oral-B iO Series 9,Personal Care,Healthcare,285.71,,125,0,0,
978db8d3-1fae-4b44-88ac-b1405773ebb0,EVT-000702,USER-00001,view,2025-12-03T03:28:18.495548,SES-798df13d,desktop,Safari,direct,PROD-00512,Dom Pérignon Rosé 2009,Champagne,Wine,415.51,,398,0,0,
d4131835-a151-44cc-9e40-f34d25cc42a3,EVT-000703,USER-00023,search,2025-11-21T15:26:31.074564,SES-1bbaac8d,desktop,Chrome,social,,,,,0.0,gaming laptop,0,0,0,
b7f98b25-f373-4cdd-8d10-24f6a4612c6e,EVT-000704,USER-00155,search,2025-12-22T15:54:01.606120,SES-890d01f6,mobile,Firefox,social,,,,,0.0,wireless headphones,0,0,0,
d1b8fe6d-3cb5-4400-ace1-d84a27fd1d1d,EVT-000705,USER-00218,click,2025-12-25T00:54:21.974954,SES-d66ff01e,desktop,Safari,email,PROD-00003,Penfolds Grange,Red Wine,Wine,390.13,,276,0,0,
bc482b41-fa0d-4141-b128-c0c69adc2ec9,EVT-000706,USER-00107,search,2025-11-14T15:42:31.070913,SES-ae292dc2,desktop,Firefox,organic,,,,,0.0,home office chair,0,0,0,
8244ff69-4492-4d32-94eb-383dbc3f7fcc,EVT-000707,USER-00147,add_to_cart,2025-12-28T23:03:37.578005,SES-3a1aac3d,mobile,Chrome,email,PROD-01416,REI Flash 55 Pack,Outdoor Gear,Sports,517.67,,0,1,0,
bb7a4ca4-7486-47f8-b3c6-449015f55814,EVT-000708,USER-00048,wishlist,2025-10-24T18:06:52.483631,SES-1d042277,tablet,Safari,organic,PROD-01844,Samsung Galaxy Watch 6,Smartwatches,Electronics,790.52,,0,0,0,
8cb9d272-c737-44ae-a630-1670f3c45c47,EVT-000709,USER-00154,search,2025-11-02T09:35:13.837461,SES-48f5ae86,tablet,Chrome,organic,,,,,0.0,red wine gift,0,0,0,
9081c767-7bef-43b2-aec0-7e436634d12c,EVT-000710,USER-00144,view,2025-11-28T15:25:06.117987,SES-c0f78fee,tablet,Edge,direct,PROD-01196,Oral-B iO Series 9,Personal Care,Healthcare,285.71,,125,0,0,
ddfe3175-ff91-491c-aca0-349ccbe4c6ea,EVT-000711,USER-00001,view,2025-11-27T08:09:39.860718,SES-453c818a,desktop,Safari,direct,PROD-00512,Dom Pérignon Rosé 2009,Champagne,Wine,415.51,,398,0,0,
c257635b-fb49-4ab9-9211-29ad979863d7,EVT-000712,USER-00023,search,2025-12-05T10:40:05.160569,SES-ad0dba63,desktop,Chrome,social,,,,,0.0,gaming laptop,0,0,0,
b4e9dfb4-d08a-45ea-9838-d00c4c761080,EVT-000713,USER-00155,search,2025-10-26T23:52:58.701294,SES-65b3b4f7,mobile,Firefox,social,,,,,0.0,wireless headphones,0,0,0,
95df01b3-ef38-4c7a-8861-e99b50c3a0f2,EVT-000714,USER-00218,click,2025-12-09T05:28:27.040526,SES-3e200403,desktop,Safari,email,PROD-00003,Penfolds Grange,Red Wine,Wine,390.13,,276,0,0,
9598855a-2d7a-4e23-a9f8-eb112ba31282,EVT-000715,USER-00107,search,2026-01-12T20:10:38.610444,SES-3c0d5a78,desktop,Firefox,organic,,,,,0.0,home office chair,0,0,0,
23125ad6-2f2b-4c38-9cd7-21b8dc6f3235,EVT-000716,USER-00147,add_to_cart,2025-12-07T18:37:15.739233,SES-3120478a,mobile,Chrome,email,PROD-01416,REI Flash 55 Pack,Outdoor Gear,Sports,517.67,,0,1,0,
57d683d2-adac-4af2-bdce-dbf632e6b4de,EVT-000717,USER-00048,wishlist,2025-10-24T03:07:50.070630,SES-091e497d,tablet,Safari,organic,PROD-01844,Samsung Galaxy Watch 6,Smartwatches,Electronics,790.52,,0,0,0,
f4f7716d-ba2c-4775-9b1b-ab8ac5499453,EVT-000718,USER-00154,search,2025-12-01T00:30:09.982538,SES-ecbe8272,tablet,Chrome,organic,,,,,0.0,red wine gift,0,0,0,
c3c43236-13f5-48d7-a981-1854b8bfbe9a,EVT-000719,USER-00144,view,2025-10-25T13:26:14.321576,SES-d5997bff,tablet,Edge,direct,PROD-01196,Oral-B iO Series 9,Personal Care,Healthcare,285.71,,125,0,0,
902eadbb-985d-40da-b3ef-d3afc05fad44,EVT-000720,USER-00001,view,2025-12-07T01:13:58.082365,SES-6ccd0298,desktop,Safari,direct,PROD-00512,Dom Pérignon Rosé 2009,Champagne,Wine,415.51,,398,0,0,
b5cd7806-dcc0-4cb3-9237-87833fa89abb,EVT-000721,USER-00023,search,2026-01-02T12:25:00.631460,SES-091413b5,desktop,Chrome,social,,,,,0.0,gaming laptop,0,0,0,
bf992ccb-adf8-4d78-9b08-a96d46798187,EVT-000722,USER-00155,search,2026-01-01T18:49:58.227879,SES-94f98138,mobile,Firefox,social,,,,,0.0,wireless headphones,0,0,0,
d59afd03-51ef-4b49-856d-0a6923924b98,EVT-000723,USER-00218,click,2025-12-05T22:52:34.642472,SES-1fdaa319,desktop,Safari,email,PROD-00003,Penfolds Grange,Red Wine,Wine,390.13,,276,0,0,
814a7a95-dd32-452c-a278-416cf2cc3917,EVT-000724,USER-00107,search,2025-12-13T09:44:14.090728,SES-4629a9d8,desktop,Firefox,organic,,,,,0.0,home office chair,0,0,0,
7ab44ee0-5410-4c3a-bfbe-7f4ed14c8f21,EVT-000725,USER-00147,add_to_cart,2025-12-18T18:23:00.012265,SES-6f703586,mobile,Chrome,email,PROD-01416,REI Flash 55 Pack,Outdoor Gear,Sports,517.67,,0,1,0,
94d9439f-96d6-47d0-87ce-a539ac707b71,EVT-000726,USER-00048,wishlist,2025-12-27T18:30:46.290973,SES-a27b323d,tablet,Safari,organic,PROD-01844,Samsung Galaxy Watch 6,Smartwatches,Electronics,790.52,,0,0,0,
33a8f61c-0c5e-473a-bb04-2179356eef68,EVT-000727,USER-00154,search,2025-12-12T13:11:54.721596,SES-e91a519c,tablet,Chrome,organic,,,,,0.0,red wine gift,0,0,0,
1de349c5-7c8f-4820-9f96-a774764b5170,EVT-000728,USER-00144,view,2026-01-18T08:28:02.326966,SES-a4127868,tablet,Edge,direct,PROD-01196,Oral-B iO Series 9,Personal Care,Healthcare,285.71,,125,0,0,
28302048-c813-45c5-8dce-1f0aa2558afb,EVT-000729,USER-00001,view,2025-12-31T22:12:22.924584,SES-0d2117b7,desktop,Safari,direct,PROD-00512,Dom Pérignon Rosé 2009,Champagne,Wine,415.51,,398,0,0,
9d369924-8055-4510-a0bb-ce1a33f56ab3,EVT-000730,USER-00023,search,2025-12-09T12:44:33.711754,SES-2ff6a7eb,desktop,Chrome,social,,,,,0.0,gaming laptop,0,0,0,
85bcfd8c-5cc4-42d3-82cb-2b49f9c20bad,EVT-000731,USER-00155,search,2026-01-02T13:05:32.435951,SES-05fcfb5d,mobile,Firefox,social,,,,,0.0,wireless headphones,0,0,0,
d2b4ba1f-1d0b-4cd4-9e83-ac066dd0ac55,EVT-000732,USER-00218,click,2026-01-06T20:08:32.681095,SES-37c60ce3,desktop,Safari,email,PROD-00003,Penfolds Grange,Red Wine,Wine,390.13,,276,0,0,
8d5f746d-d444-43ae-aea1-6e6f0b510ab4,EVT-000733,USER-00107,search,2025-10-30T13:37:59.466991,SES-ec3c22d5,desktop,Firefox,organic,,,,,0.0,home office chair,0,0,0,
152ac1b5-02fd-4988-8e74-2274452954b9,EVT-000734,USER-00147,add_to_cart,2026-01-13T16:43:44.747441,SES-75ffe4cc,mobile,Chrome,email,PROD-01416,REI Flash 55 Pack,Outdoor Gear,Sports,517.67,,0,1,0,
d8d98f6c-9981-4e29-a437-0c144596aab5,EVT-000735,USER-00048,wishlist,2025-12-16T13:48:13.811428,SES-8d8fd39c,tablet,Safari,organic,PROD-01844,Samsung Galaxy Watch 6,Smartwatches,Electronics,790.52,,0,0,0,
1b180dd4-b3fe-40b2-8103-4a53fb3005b3,EVT-000736,USER-00154,search,2026-01-20T00:54:26.066418,SES-77ff1670,tablet,Chrome,organic,,,,,0.0,red wine gift,0,0,0,
afe58787-a639-491e-bdf3-b72524bcb81c,EVT-000737,USER-00144,view,2025-12-29T08:15:20.547203,SES-63cbe7d5,tablet,Edge,direct,PROD-01196,Oral-B iO Series 9,Personal Care,Healthcare,285.71,,125,0,0,
813abe66-7b30-430f-88e0-664661a9892e,EVT-000738,USER-00001,view,2025-12-30T17:06:17.457155,SES-c652f628,desktop,Safari,direct,PROD-00512,Dom Pérignon Rosé 2009,Champagne,Wine,415.51,,398,0,0,
d8ed1430-5b0e-4b8e-b7c2-0cd3aaaa5e17,EVT-000739,USER-00023,search,2025-11-30T10:58:50.762522,SES-c4dfd30a,desktop,Chrome,social,,,,,0.0,gaming laptop,0,0,0,
4c735881-df26-495b-9b89-328f3da03d9a,EVT-000740,USER-00155,search,2025-11-16T14:09:50.556532,SES-0db36c63,mobile,Firefox,social,,,,,0.0,wireless headphones,0,0,0,
836964d3-1cf2-4c2e-ac95-a50168c77129,EVT-000741,USER-00218,click,2025-12-02T06:55:09.056561,SES-0c46552e,desktop,Safari,email,PROD-00003,Penfolds Grange,Red Wine,Wine,390.13,,276,0,0,
95702113-a4c5-4843-9098-26f8edc7ae50,EVT-000742,USER-00107,search,2026-01-09T22:06:12.604247,SES-891876ba,desktop,Firefox,organic,,,,,0.0,home office chair,0,0,0,
c865b02c-09d0-4b9b-8cd9-3f69e45c7490,EVT-000743,USER-00147,add_to_cart,2025-12-28T04:14:19.918414,SES-5df9d293,mobile,Chrome,email,PROD-01416,REI Flash 55 Pack,Outdoor Gear,Sports,517.67,,0,1,0,
6cf2890c-21e4-4aec-82df-41cbc7a9ccb6,EVT-000744,USER-00048,wishlist,2025-12-20T05:05:39.195240,SES-72b5575b,tablet,Safari,organic,PROD-01844,Samsung Galaxy Watch 6,Smartwatches,Electronics,790.52,,0,0,0,
f6fc5400-f86d-4e3c-aa0e-46aa5537bd71,EVT-000745,USER-00154,search,2025-10-29T05:52:17.517691,SES-8b62a6fe,tablet,Chrome,organic,,,,,0.0,red wine gift,0,0,0,
0e582d78-18c8-4778-932d-9317cb6618d0,EVT-000746,USER-00144,view,2025-12-19T23:28:11.777905,SES-c2c68ade,tablet,Edge,direct,PROD-01196,Oral-B iO Series 9,Personal Care,Healthcare,285.71,,125,0,0,
7871ebf2-390a-4af2-bc46-fb8365deda8a,EVT-000747,USER-00001,view,2025-11-22T06:07:29.375961,SES-878e39b0,desktop,Safari,direct,PROD-00512,Dom Pérignon Rosé 2009,Champagne,Wine,415.51,,398,0,0,
a7958ea6-5735-4925-ace9-9860b06930fb,EVT-000748,USER-00023,search,2025-12-09T03:59:52.812983,SES-1d23147c,desktop,Chrome,social,,,,,0.0,gaming laptop,0,0,0,
14b462c5-d54d-45e9-b352-fd6bbbb8f015,EVT-000749,USER-00155,search,2025-12-24T00:07:19.032303,SES-f3ceaa08,mobile,Firefox,social,,,,,0.0,wireless headphones,0,0,0,
b49f2cff-38b4-45f1-8af2-42932f5c3b08,EVT-000750,USER-00218,click,2026-01-04T11:47:10.504117,SES-979f13d9,desktop,Safari,email,PROD-00003,Penfolds Grange,Red Wine,Wine,390.13,,276,0,0,
486c7034-6529-4d52-a7f6-e5b61e86cd72,EVT-000751,USER-00107,search,2025-11-30T14:06:49.401936,SES-1efdb7db,desktop,Firefox,organic,,,,,0.0,home office chair,0,0,0,
62ebad59-80c4-48f7-a12a-d15bde625ab0,EVT-000752,USER-00147,add_to_cart,2025-10-24T14:32:24.918588,SES-41b95f31,mobile,Chrome,email,PROD-01416,REI Flash 55 Pack,Outdoor Gear,Sports,517.67,,0,1,0,
936fecd4-7ed0-49ac-a21a-3444e758154f,EVT-000753,USER-00048,wishlist,2025-12-13T09:34:10.456203,SES-88700768,tablet,Safari,organic,PROD-01844,Samsung Galaxy Watch 6,Smartwatches,Electronics,790.52,,0,0,0,
45cf7fb7-fcdf-4d27-80c1-ae0b258b5c41,EVT-000754,USER-00154,search,2025-10-23T05:51:37.366813,SES-99602ae8,tablet,Chrome,organic,,,,,0.0,red wine gift,0,0,0,
d66f7c37-7bbf-42e9-b49b-77e44471047b,EVT-000755,USER-00144,view,2026-01-05T05:05:48.270133,SES-35b7f9c3,tablet,Edge,direct,PROD-01196,Oral-B iO Series 9,Personal Care,Healthcare,285.71,,125,0,0,
fb2ecc2e-68f2-42e3-99df-fa47402e940e,EVT-000756,USER-00001,view,2025-10-24T08:53:54.951670,SES-8f280fcf,desktop,Safari,direct,PROD-00512,Dom Pérignon Rosé 2009,Champagne,Wine,415.51,,398,0,0,
91195912-ee61-4494-9613-e52a2f1d1496,EVT-000757,USER-00023,search,2025-11-11T22:37:56.984357,SES-c21128d6,desktop,Chrome,social,,,,,0.0,gaming laptop,0,0,0,
c310be5b-7f9c-4b2e-9cb1-62850e17a8d3,EVT-000758,USER-00155,search,2025-11-30T02:46:44.655892,SES-b6483759,mobile,Firefox,social,,,,,0.0,wireless headphones,0,0,0,
c988f1ee-361a-40e7-8758-62b6c5213750,EVT-000759,USER-00218,click,2025-11-14T23:15:29.540386,SES-06064b37,desktop,Safari,email,PROD-00003,Penfolds Grange,Red Wine,Wine,390.13,,276,0,0,
acac86ec-d59e-4e4b-9c0d-b91c6285b39c,EVT-000760,USER-00107,search,2025-11-11T17:34:41.535163,SES-e4a196c5,desktop,Firefox,organic,,,,,0.0,home office chair,0,0,0,
abda3c40-27a0-449d-a343-10170e5e5716,EVT-000761,USER-00147,add_to_cart,2025-12-22T09:08:18.918873,SES-340ee7e3,mobile,Chrome,email,PROD-01416,REI Flash 55 Pack,Outdoor Gear,Sports,517.67,,0,1,0,
0b76274c-fe7f-4c6a-ad5e-7c611ce76bd2,EVT-000762,USER-00048,wishlist,2025-11-21T01:38:00.512576,SES-12bbcb90,tablet,Safari,organic,PROD-01844,Samsung Galaxy Watch 6,Smartwatches,Electronics,790.52,,0,0,0,
d333b4b5-1216-4b45-8c58-d01e689a8e31,EVT-000763,USER-00154,search,2025-12-02T20:52:58.819724,SES-d19378a0,tablet,Chrome,organic,,,,,0.0,red wine gift,0,0,0,
2011a410-40c9-4496-a325-ca3c1bea4d0d,EVT-000764,USER-00144,view,2025-12-21T13:24:13.941235,SES-65cedae7,tablet,Edge,direct,PROD-01196,Oral-B iO Series 9,Personal Care,Healthcare,285.71,,125,0,0,
394d37f3-09ee-4ec9-88e0-5e77d2481c65,EVT-000765,USER-00001,view,2025-12-30T23:10:47.791883,SES-fe6792a0,desktop,Safari,direct,PROD-00512,Dom Pérignon Rosé 2009,Champagne,Wine,415.51,,398,0,0,
f8a8cc17-8092-47e0-92e9-f8811413b77f,EVT-000766,USER-00023,search,2025-12-13T08:55:22.114353,SES-aa6c1e15,desktop,Chrome,social,,,,,0.0,gaming laptop,0,0,0,
82cc9c42-d452-415c-8158-336927b72c8c,EVT-000767,USER-00155,search,2025-11-23T14:10:10.938624,SES-6e8d3de3,mobile,Firefox,social,,,,,0.0,wireless headphones,0,0,0,
0b8304cc-df12-4c3c-b834-1cb56ac8259b,EVT-000768,USER-00218,click,2026-01-09T21:36:33.092579,SES-7216320e,desktop,Safari,email,PROD-00003,Penfolds Grange,Red Wine,Wine,390.13,,276,0,0,
91c533f6-fd05-4c17-bbf8-43c2a5d713a6,EVT-000769,USER-00107,search,2026-01-08T17:22:51.523531,SES-fc9b93f9,desktop,Firefox,organic,,,,,0.0,home office chair,0,0,0,
4b60315c-a369-41b8-ad4d-3b33caa02687,EVT-000770,USER-00147,add_to_cart,2025-11-05T09:45:43.788706,SES-c0de6e3e,mobile,Chrome,email,PROD-01416,REI Flash 55 Pack,Outdoor Gear,Sports,517.67,,0,1,0,
68112473-2ca5-44a8-bde5-bcc4725cb981,EVT-000771,USER-00048,wishlist,2025-12-31T05:47:54.800465,SES-0f6d53b1,tablet,Safari,organic,PROD-01844,Samsung Galaxy Watch 6,Smartwatches,Electronics,790.52,,0,0,0,
c9737900-d6cd-496c-bdaf-c55ea06fe954,EVT-000772,USER-00154,search,2025-11-10T05:24:26.075806,SES-29167f9a,tablet,Chrome,organic,,,,,0.0,red wine gift,0,0,0,
435eb503-52e7-4ac1-83b0-c4897798fcaf,EVT-000773,USER-00144,view,2025-11-08T00:21:47.340950,SES-548cbaa3,tablet,Edge,direct,PROD-01196,Oral-B iO Series 9,Personal Care,Healthcare,285.71,,125,0,0,
8d91ebcc-dc6e-484e-a91e-d99970bde7f8,EVT-000774,USER-00001,view,2025-10-25T00:46:50.638160,SES-00082eb5,desktop,Safari,direct,PROD-00512,Dom Pérignon Rosé 2009,Champagne,Wine,415.51,,398,0,0,
128c6c3c-4030-4687-8fe2-6ed430e00d06,EVT-000775,USER-00023,search,2025-12-15T20:17:10.339520,SES-1e6d388f,desktop,Chrome,social,,,,,0.0,gaming laptop,0,0,0,
a9d79e1e-a8e8-41a7-b753-6aaf37fd8c17,EVT-000776,USER-00155,search,2026-01-06T16:41:03.117991,SES-f9e74f99,mobile,Firefox,social,,,,,0.0,wireless headphones,0,0,0,
01028334-4881-4da6-86a2-83791578b4b6,EVT-000777,USER-00218,click,2025-12-31T19:46:34.980144,SES-e1e1b361,desktop,Safari,email,PROD-00003,Penfolds Grange,Red Wine,Wine,390.13,,276,0,0,
f229c7de-9a0b-4706-8bc1-52315a5794c1,EVT-000778,USER-00107,search,2025-12-10T06:42:01.927344,SES-f9f563fb,desktop,Firefox,organic,,,,,0.0,home office chair,0,0,0,
62d8b668-485a-4141-bcb1-c3692f5fb4e1,EVT-000779,USER-00147,add_to_cart,2026-01-16T14:12:09.786560,SES-f150abdb,mobile,Chrome,email,PROD-01416,REI Flash 55 Pack,Outdoor Gear,Sports,517.67,,0,1,0,
52c43aba-54f3-4964-82b1-4726a646df56,EVT-000780,USER-00048,wishlist,2025-11-21T03:27:06.109219,SES-16eabfda,tablet,Safari,organic,PROD-01844,Samsung Galaxy Watch 6,Smartwatches,Electronics,790.52,,0,0,0,
1008b028-1842-4bb3-a3b4-d4b235d7cc63,EVT-000781,USER-00154,search,2025-11-20T01:15:43.674057,SES-7de53e3f,tablet,Chrome,organic,,,,,0.0,red wine gift,0,0,0,
aa43cee7-4d5c-4909-8811-c5760c6d7d1e,EVT-000782,USER-00144,view,2025-11-12T09:09:36.578567,SES-7b11e313,tablet,Edge,direct,PROD-01196,Oral-B iO Series 9,Personal Care,Healthcare,285.71,,125,0,0,
10c5ffdd-0390-4cb6-9c27-93f7f9ae61fc,EVT-000783,USER-00001,view,2025-11-10T11:09:34.205940,SES-dbcf2de1,desktop,Safari,direct,PROD-00512,Dom Pérignon Rosé 2009,Champagne,Wine,415.51,,398,0,0,
77ada9f4-a452-48d9-86e6-352c7c2e0166,EVT-000784,USER-00023,search,2025-11-18T22:27:48.845829,SES-39528c5c,desktop,Chrome,social,,,,,0.0,gaming laptop,0,0,0,
d2846659-596c-4169-9018-d3554be443af,EVT-000785,USER-00155,search,2025-11-29T20:35:18.573205,SES-cfd52250,mobile,Firefox,social,,,,,0.0,wireless headphones,0,0,0,
7f6f24be-4e2b-4f0c-bc03-fe614f9682a8,EVT-000786,USER-00218,click,2025-11-16T01:39:51.062324,SES-d69a944b,desktop,Safari,email,PROD-00003,Penfolds Grange,Red Wine,Wine,390.13,,276,0,0,
e85454ca-0c90-47d5-8001-8054c230771b,EVT-000787,USER-00107,search,2026-01-14T22:32:55.423666,SES-1020aab5,desktop,Firefox,organic,,,,,0.0,home office chair,0,0,0,
2f8f88eb-b4ca-4649-bc30-66b3bd2ccd6c,EVT-000788,USER-00147,add_to_cart,2025-11-11T05:21:54.653572,SES-ed75b1ad,mobile,Chrome,email,PROD-01416,REI Flash 55 Pack,Outdoor Gear,Sports,517.67,,0,1,0,
8dae1df1-8565-42ec-a90d-01b4474299ca,EVT-000789,USER-00048,wishlist,2025-11-23T15:40:49.893353,SES-b1b3f366,tablet,Safari,organic,PROD-01844,Samsung Galaxy Watch 6,Smartwatches,Electronics,790.52,,0,0,0,
9fcc3cad-bb1b-4c4d-b9c3-db12f8359106,EVT-000790,USER-00154,search,2025-11-04T00:43:48.398781,SES-ad4a166b,tablet,Chrome,organic,,,,,0.0,red wine gift,0,0,0,
257c060b-ddb6-48be-a433-19287f8b266c,EVT-000791,USER-00144,view,2026-01-11T13:42:57.017961,SES-abfb5786,tablet,Edge,direct,PROD-01196,Oral-B iO Series 9,Personal Care,Healthcare,285.71,,125,0,0,
cdb9f953-4f67-4bb2-a9b0-0f3d19653316,EVT-000792,USER-00001,view,2025-12-01T05:45:36.950629,SES-3820dfc1,desktop,Safari,direct,PROD-00512,Dom Pérignon Rosé 2009,Champagne,Wine,415.51,,398,0,0,
e6c5435a-61d6-4938-a071-3658015334c4,EVT-000793,USER-00023,search,2026-01-05T17:54:55.721441,SES-e1294e66,desktop,Chrome,social,,,,,0.0,gaming laptop,0,0,0,
6f4e9642-ada0-44d3-8f4d-26136eb52194,EVT-000794,USER-00155,search,2025-11-25T10:22:55.012358,SES-e555460c,mobile,Firefox,social,,,,,0.0,wireless headphones,0,0,0,
161d4b10-6e05-45ad-8a23-4704450e9b2c,EVT-000795,USER-00218,click,2025-12-01T15:04:23.349024,SES-1e220a70,desktop,Safari,email,PROD-00003,Penfolds Grange,Red Wine,Wine,390.13,,276,0,0,
8c26c44a-4d85-4986-bbb3-ace1fe05ed6b,EVT-000796,USER-00107,search,2025-12-28T15:03:04.938055,SES-8cdacb60,desktop,Firefox,organic,,,,,0.0,home office chair,0,0,0,
920a8b39-3dd2-4b9a-a0f2-7ed3828bcdae,EVT-000797,USER-00147,add_to_cart,2025-12-28T06:20:50.659023,SES-62880849,mobile,Chrome,email,PROD-01416,REI Flash 55 Pack,Outdoor Gear,Sports,517.67,,0,1,0,
f5b59b51-dc77-4428-83b6-24071b703517,EVT-000798,USER-00048,wishlist,2025-11-25T21:50:08.209518,SES-9453204a,tablet,Safari,organic,PROD-01844,Samsung Galaxy Watch 6,Smartwatches,Electronics,790.52,,0,0,0,
09d92ba1-1df8-46d3-9bd9-9863ef024cc7,EVT-000799,USER-00154,search,2025-12-01T21:15:02.122074,SES-a8053947,tablet,Chrome,organic,,,,,0.0,red wine gift,0,0,0,
537f540e-863d-43da-93a3-28c7b73719e3,EVT-000800,USER-00144,view,2025-11-27T14:21:38.690587,SES-62e443f8,tablet,Edge,direct,PROD-01196,Oral-B iO Series 9,Personal Care,Healthcare,285.71,,125,0,0,
953ef9d9-883e-4f92-8201-6571c5ca4d8e,EVT-000801,USER-00001,view,2025-11-10T04:18:05.513450,SES-881de977,desktop,Safari,direct,PROD-00512,Dom Pérignon Rosé 2009,Champagne,Wine,415.51,,398,0,0,
c12cb29d-d257-4759-9c18-223e25243a2f,EVT-000802,USER-00023,search,2025-11-25T22:01:35.010824,SES-a2fd9c19,desktop,Chrome,social,,,,,0.0,gaming laptop,0,0,0,
9a96db61-2a49-4a00-97a5-231cad0d2708,EVT-000803,USER-00155,search,2026-01-03T23:27:16.461817,SES-c44dbc3e,mobile,Firefox,social,,,,,0.0,wireless headphones,0,0,0,
824ae9bb-47e1-4c1d-81f6-04d0ce8e7362,EVT-000804,USER-00218,click,2025-10-31T00:41:44.731937,SES-35668152,desktop,Safari,email,PROD-00003,Penfolds Grange,Red Wine,Wine,390.13,,276,0,0,
c470542c-90f0-4264-9423-2206cd2027db,EVT-000805,USER-00107,search,2025-11-07T10:20:41.591116,SES-8598023a,desktop,Firefox,organic,,,,,0.0,home office chair,0,0,0,
3507b22e-9f73-4a99-865b-e6e512a77b0c,EVT-000806,USER-00147,add_to_cart,2026-01-12T20:49:39.247423,SES-b941448f,mobile,Chrome,email,PROD-01416,REI Flash 55 Pack,Outdoor Gear,Sports,517.67,,0,1,0,
79267e44-29df-452d-bac0-cb09e89eb87f,EVT-000807,USER-00048,wishlist,2025-12-26T21:05:43.613425,SES-8d230cbf,tablet,Safari,organic,PROD-01844,Samsung Galaxy Watch 6,Smartwatches,Electronics,790.52,,0,0,0,
194bdc32-d0f7-430c-84d3-9ebf9744f030,EVT-000808,USER-00154,search,2025-11-02T15:00:57.380208,SES-ed2c588e,tablet,Chrome,organic,,,,,0.0,red wine gift,0,0,0,
1437127e-2aff-4ea8-82ea-8548d9e18799,EVT-000809,USER-00144,view,2025-12-29T18:24:20.031032,SES-7b018d7f,tablet,Edge,direct,PROD-01196,Oral-B iO Series 9,Personal Care,Healthcare,285.71,,125,0,0,
cf9874d2-fff2-4b4c-896f-6aa1b43f0366,EVT-000810,USER-00001,view,2025-11-02T12:06:35.335971,SES-f143de14,desktop,Safari,direct,PROD-00512,Dom Pérignon Rosé 2009,Champagne,Wine,415.51,,398,0,0,
1db0a171-2aad-4588-a92a-6f9ef60aa4b2,EVT-000811,USER-00023,search,2025-12-05T16:36:36.123894,SES-d7a200db,desktop,Chrome,social,,,,,0.0,gaming laptop,0,0,0,
b58bab97-029f-4354-92c0-fe66b550c668,EVT-000812,USER-00155,search,2025-12-16T02:36:30.235220,SES-45c69fc6,mobile,Firefox,social,,,,,0.0,wireless headphones,0,0,0,
a38ac94a-2df2-4f5f-9822-a0bd16d7ecf5,EVT-000813,USER-00218,click,2025-12-29T03:27:00.822412,SES-26486987,desktop,Safari,email,PROD-00003,Penfolds Grange,Red Wine,Wine,390.13,,276,0,0,
26fc009a-d33f-4ffd-8ea2-86bd8af58fdc,EVT-000814,USER-00107,search,2025-11-20T04:35:44.622071,SES-8a078c97,desktop,Firefox,organic,,,,,0.0,home office chair,0,0,0,
505387dd-257a-4d5a-820c-7be28725f2a6,EVT-000815,USER-00147,add_to_cart,2025-11-08T20:39:18.374111,SES-8040a960,mobile,Chrome,email,PROD-01416,REI Flash 55 Pack,Outdoor Gear,Sports,517.67,,0,1,0,
34f242d1-ccd9-4952-815f-115b41a2803f,EVT-000816,USER-00048,wishlist,2026-01-19T08:03:51.758241,SES-f0b6995a,tablet,Safari,organic,PROD-01844,Samsung Galaxy Watch 6,Smartwatches,Electronics,790.52,,0,0,0,
77f2d5c3-6a0c-4892-a9fe-e1d36d4ff64c,EVT-000817,USER-00154,search,2026-01-02T15:41:05.473660,SES-228787bc,tablet,Chrome,organic,,,,,0.0,red wine gift,0,0,0,
441da8ec-21f0-4faf-86cf-6f122bbc9079,EVT-000818,USER-00144,view,2025-11-24T01:25:48.534156,SES-653ad97a,tablet,Edge,direct,PROD-01196,Oral-B iO Series 9,Personal Care,Healthcare,285.71,,125,0,0,
0507fdd5-e4c8-47d4-936d-3417250e1c36,EVT-000819,USER-00001,view,2025-11-14T15:33:01.557340,SES-b6a48b87,desktop,Safari,direct,PROD-00512,Dom Pérignon Rosé 2009,Champagne,Wine,415.51,,398,0,0,
fbb56663-04b3-4a3d-ade2-423df2b45477,EVT-000820,USER-00023,search,2025-11-01T18:02:21.581646,SES-10a96c0d,desktop,Chrome,social,,,,,0.0,gaming laptop,0,0,0,
e4bbff6d-706e-40d3-a252-4ed91824e88c,EVT-000821,USER-00155,search,2025-12-02T19:09:21.353631,SES-6f9fd7c0,mobile,Firefox,social,,,,,0.0,wireless headphones,0,0,0,
5ba0c2f5-d47b-4517-b19c-3ef8bd3128cc,EVT-000822,USER-00218,click,2025-10-23T07:48:28.501149,SES-79b1ead8,desktop,Safari,email,PROD-00003,Penfolds Grange,Red Wine,Wine,390.13,,276,0,0,
2904d558-f0e0-4177-920f-f00b21fb7c0a,EVT-000823,USER-00107,search,2026-01-02T23:30:18.170480,SES-314e8e47,desktop,Firefox,organic,,,,,0.0,home office chair,0,0,0,
5dd8e132-70ae-4359-afe5-019069929f46,EVT-000824,USER-00147,add_to_cart,2025-11-27T16:48:06.713676,SES-240c7f47,mobile,Chrome,email,PROD-01416,REI Flash 55 Pack,Outdoor Gear,Sports,517.67,,0,1,0,
80627615-3cd7-4eec-a315-a173e5fc9a7d,EVT-000825,USER-00048,wishlist,2026-01-07T20:19:15.139487,SES-027291c7,tablet,Safari,organic,PROD-01844,Samsung Galaxy Watch 6,Smartwatches,Electronics,790.52,,0,0,0,
c674473f-b47d-446a-8c86-34af40b61d89,EVT-000826,USER-00154,search,2025-11-23T14:14:49.230926,SES-706e8430,tablet,Chrome,organic,,,,,0.0,red wine gift,0,0,0,
6d593f3b-8762-49b6-991e-934259823620,EVT-000827,USER-00144,view,2026-01-15T18:54:59.350305,SES-80b24609,tablet,Edge,direct,PROD-01196,Oral-B iO Series 9,Personal Care,Healthcare,285.71,,125,0,0,
26274942-b803-4924-9ccf-07ab16255dda,EVT-000828,USER-00001,view,2026-01-05T23:03:02.319576,SES-86582c18,desktop,Safari,direct,PROD-00512,Dom Pérignon Rosé 2009,Champagne,Wine,415.51,,398,0,0,
2be70732-3dd2-4bf4-bc1f-1cc1025ef8d8,EVT-000829,USER-00023,search,2025-11-30T17:53:50.729036,SES-9e15efaa,desktop,Chrome,social,,,,,0.0,gaming laptop,0,0,0,
502cf857-65fb-425a-8652-d1b1c6aebbc1,EVT-000830,USER-00155,search,2026-01-06T23:24:05.231126,SES-82deb485,mobile,Firefox,social,,,,,0.0,wireless headphones,0,0,0,
e653ff4e-6c92-4a7a-81f0-fcf90d0aec21,EVT-000831,USER-00218,click,2025-11-18T17:38:08.946340,SES-85951957,desktop,Safari,email,PROD-00003,Penfolds Grange,Red Wine,Wine,390.13,,276,0,0,
a33b5e6b-ea1a-4c0d-9b92-b3bf34baf984,EVT-000832,USER-00107,search,2026-01-20T15:30:07.242501,SES-4cefeb33,desktop,Firefox,organic,,,,,0.0,home office chair,0,0,0,
18c2c655-4f6c-439c-b27c-4e679fc73034,EVT-000833,USER-00147,add_to_cart,2025-10-30T06:33:03.643511,SES-e4e82d2b,mobile,Chrome,email,PROD-01416,REI Flash 55 Pack,Outdoor Gear,Sports,517.67,,0,1,0,
638b7d25-5b06-40ee-8204-c856761bdc87,EVT-000834,USER-00048,wishlist,2025-12-19T14:16:22.283718,SES-c63a4a91,tablet,Safari,organic,PROD-01844,Samsung Galaxy Watch 6,Smartwatches,Electronics,790.52,,0,0,0,
c51000f4-ff93-411e-9b89-bea10cf06adf,EVT-000835,USER-00154,search,2025-11-26T17:51:28.976886,SES-476f3e99,tablet,Chrome,organic,,,,,0.0,red wine gift,0,0,0,
b62ac1d0-bbd1-403a-8df2-0e5ff646d3cd,EVT-000836,USER-00144,view,2025-12-04T02:16:35.700671,SES-e960373d,tablet,Edge,direct,PROD-01196,Oral-B iO Series 9,Personal Care,Healthcare,285.71,,125,0,0,
f2de733a-c921-4c12-abe6-8fe9fe8d9fa8,EVT-000837,USER-00001,view,2026-01-16T06:57:48.905536,SES-8227f218,desktop,Safari,direct,PROD-00512,Dom Pérignon Rosé 2009,Champagne,Wine,415.51,,398,0,0,
e3bc0d0a-85a6-4217-980b-392154fb97c1,EVT-000838,USER-00023,search,2025-11-16T09:31:21.622018,SES-e164d2c8,desktop,Chrome,social,,,,,0.0,gaming laptop,0,0,0,
3dc2ee4d-f8e2-402d-9039-51cd0e636954,EVT-000839,USER-00155,search,2025-12-19T22:25:57.376267,SES-0cf7306e,mobile,Firefox,social,,,,,0.0,wireless headphones,0,0,0,
ef7b05bc-622b-42e8-824b-d9b4ad6482e7,EVT-000840,USER-00218,click,2025-11-20T18:24:03.768616,SES-fae87093,desktop,Safari,email,PROD-00003,Penfolds Grange,Red Wine,Wine,390.13,,276,0,0,
dd1faa48-c00e-41fc-8e60-98635cf1b855,EVT-000841,USER-00107,search,2025-11-04T08:07:30.726981,SES-8c3e7cb7,desktop,Firefox,organic,,,,,0.0,home office chair,0,0,0,
bd5d87ea-c61d-43a3-ac98-fa44a6324e00,EVT-000842,USER-00147,add_to_cart,2025-11-14T01:58:18.394717,SES-80a1299f,mobile,Chrome,email,PROD-01416,REI Flash 55 Pack,Outdoor Gear,Sports,517.67,,0,1,0,
bcda52f9-2ba5-4817-aebe-54338a0fe2b7,EVT-000843,USER-00048,wishlist,2025-12-12T11:37:37.236316,SES-a76eb7de,tablet,Safari,organic,PROD-01844,Samsung Galaxy Watch 6,Smartwatches,Electronics,790.52,,0,0,0,
4d1618da-1f6f-4c72-bb20-84f6e0b5515b,EVT-000844,USER-00154,search,2025-11-03T04:30:15.003462,SES-7ea0785d,tablet,Chrome,organic,,,,,0.0,red wine gift,0,0,0,
421456f5-7c64-49d3-b9c1-33931ca6cf38,EVT-000845,USER-00144,view,2025-11-05T16:34:25.656502,SES-976fee16,tablet,Edge,direct,PROD-01196,Oral-B iO Series 9,Personal Care,Healthcare,285.71,,125,0,0,
03135805-3f51-4d9e-a999-361505b5b04d,EVT-000846,USER-00001,view,2025-12-24T05:29:14.957776,SES-63960de9,desktop,Safari,direct,PROD-00512,Dom Pérignon Rosé 2009,Champagne,Wine,415.51,,398,0,0,
349b8677-d762-4640-be25-940ba2da73b4,EVT-000847,USER-00023,search,2025-12-30T06:40:39.248021,SES-78d86822,desktop,Chrome,social,,,,,0.0,gaming laptop,0,0,0,
cc3ea00c-c652-4ec5-9f81-8ba92cb43f3d,EVT-000848,USER-00155,search,2025-10-28T04:17:16.035236,SES-b1203276,mobile,Firefox,social,,,,,0.0,wireless headphones,0,0,0,
7ec1c768-ed50-426c-9716-8c04bc539615,EVT-000849,USER-00218,click,2026-01-02T21:16:38.001443,SES-8fb512b9,desktop,Safari,email,PROD-00003,Penfolds Grange,Red Wine,Wine,390.13,,276,0,0,
f53f19de-2196-4b5c-97f1-25fd8a137fdd,EVT-000850,USER-00107,search,2026-01-08T15:26:28.193664,SES-e72da400,desktop,Firefox,organic,,,,,0.0,home office chair,0,0,0,
f6f012fc-6ea7-46dd-99ae-cebabff30eab,EVT-000851,USER-00147,add_to_cart,2025-12-21T03:47:33.231448,SES-c3d1cec4,mobile,Chrome,email,PROD-01416,REI Flash 55 Pack,Outdoor Gear,Sports,517.67,,0,1,0,
d5affde4-6db2-4d1d-ac7f-d9c036f68962,EVT-000852,USER-00048,wishlist,2025-11-25T03:00:59.608107,SES-64c54aaf,tablet,Safari,organic,PROD-01844,Samsung Galaxy Watch 6,Smartwatches,Electronics,790.52,,0,0,0,
7c44f426-87d6-49a0-ba9c-93b3c1d12d19,EVT-000853,USER-00154,search,2025-11-29T00:16:07.655493,SES-551bb3f3,tablet,Chrome,organic,,,,,0.0,red wine gift,0,0,0,
f16761cb-5a25-4721-9915-802d99f59584,EVT-000854,USER-00144,view,2025-11-05T20:17:54.430354,SES-d88d7654,tablet,Edge,direct,PROD-01196,Oral-B iO Series 9,Personal Care,Healthcare,285.71,,125,0,0,
14d0fbf0-9e81-4fa3-9ba7-5b1a5c0ac0ee,EVT-000855,USER-00001,view,2025-11-07T04:33:46.833843,SES-14b57ed2,desktop,Safari,direct,PROD-00512,Dom Pérignon Rosé 2009,Champagne,Wine,415.51,,398,0,0,
38372c28-8426-4e09-a6ec-fe9370f5a13d,EVT-000856,USER-00023,search,2026-01-14T22:31:32.378539,SES-b5632a87,desktop,Chrome,social,,,,,0.0,gaming laptop,0,0,0,
88963552-e4a4-417e-a6b9-e049e22da1b7,EVT-000857,USER-00155,search,2026-01-17T13:11:03.266526,SES-34822495,mobile,Firefox,social,,,,,0.0,wireless headphones,0,0,0,
119942a2-74ab-4b2d-abdf-7be7719cb217,EVT-000858,USER-00218,click,2025-12-28T10:47:01.832310,SES-770b4825,desktop,Safari,email,PROD-00003,Penfolds Grange,Red Wine,Wine,390.13,,276,0,0,
4a44eec2-544a-4a54-a07d-decf93e73487,EVT-000859,USER-00107,search,2026-01-03T14:25:34.789119,SES-80a72613,desktop,Firefox,organic,,,,,0.0,home office chair,0,0,0,
2e0a263c-07d9-495c-96aa-d47b15dc502e,EVT-000860,USER-00147,add_to_cart,2025-11-08T00:25:24.846928,SES-afbf5888,mobile,Chrome,email,PROD-01416,REI Flash 55 Pack,Outdoor Gear,Sports,517.67,,0,1,0,
1cc69de5-026f-4778-a940-5a9b1b751a10,EVT-000861,USER-00048,wishlist,2026-01-09T18:56:34.952826,SES-18cb08e5,tablet,Safari,organic,PROD-01844,Samsung Galaxy Watch 6,Smartwatches,Electronics,790.52,,0,0,0,
feb26b5a-c454-4d9f-a3b2-b5dcc4bc47e5,EVT-000862,USER-00154,search,2025-11-01T12:25:17.894599,SES-04758d4a,tablet,Chrome,organic,,,,,0.0,red wine gift,0,0,0,
ec04a967-6e2d-4a66-8788-0fbcc20afe12,EVT-000863,USER-00144,view,2025-11-06T06:51:47.002959,SES-cb199685,tablet,Edge,direct,PROD-01196,Oral-B iO Series 9,Personal Care,Healthcare,285.71,,125,0,0,
095f64bd-f269-4392-9f3e-b2ffa8e647a0,EVT-000864,USER-00001,view,2025-12-06T10:51:19.724466,SES-994fe645,desktop,Safari,direct,PROD-00512,Dom Pérignon Rosé 2009,Champagne,Wine,415.51,,398,0,0,
68a9618a-7b86-4292-ba1b-6c66d64abacc,EVT-000865,USER-00023,search,2025-11-19T05:14:09.019609,SES-67396959,desktop,Chrome,social,,,,,0.0,gaming laptop,0,0,0,
a9bf890f-3946-43db-aca5-5693b2a70d59,EVT-000866,USER-00155,search,2025-12-17T22:48:38.903432,SES-63f65cd8,mobile,Firefox,social,,,,,0.0,wireless headphones,0,0,0,
92ecd3c6-7147-4c72-8ae2-7782d5e31008,EVT-000867,USER-00218,click,2026-01-12T11:32:04.110394,SES-fa3e01dc,desktop,Safari,email,PROD-00003,Penfolds Grange,Red Wine,Wine,390.13,,276,0,0,
4ed058c9-dc7a-4d60-b84b-21e436442fd1,EVT-000868,USER-00107,search,2025-11-15T12:55:39.138026,SES-2776d271,desktop,Firefox,organic,,,,,0.0,home office chair,0,0,0,
d2a80ec1-f493-41c8-b4f4-b677421b2fa1,EVT-000869,USER-00147,add_to_cart,2025-11-20T13:39:10.588173,SES-485b454a,mobile,Chrome,email,PROD-01416,REI Flash 55 Pack,Outdoor Gear,Sports,517.67,,0,1,0,
087f03a2-6e38-4ecb-9643-ef0ebf66c7a1,EVT-000870,USER-00048,wishlist,2026-01-01T03:59:47.957986,SES-dc99237f,tablet,Safari,organic,PROD-01844,Samsung Galaxy Watch 6,Smartwatches,Electronics,790.52,,0,0,0,
7fb10690-64ef-40bd-8f3e-2f7d4ff9e8af,EVT-000871,USER-00154,search,2025-11-21T12:21:10.999475,SES-021651cc,tablet,Chrome,organic,,,,,0.0,red wine gift,0,0,0,
16251a8d-405d-4936-8f79-36ce7d504352,EVT-000872,USER-00144,view,2026-01-10T15:59:16.823346,SES-7d858315,tablet,Edge,direct,PROD-01196,Oral-B iO Series 9,Personal Care,Healthcare,285.71,,125,0,0,
e17c3d45-ddd5-4673-aa24-977d9f06633e,EVT-000873,USER-00001,view,2025-10-25T18:03:25.276882,SES-116a9aa6,desktop,Safari,direct,PROD-00512,Dom Pérignon Rosé 2009,Champagne,Wine,415.51,,398,0,0,
fed175f0-fec6-402d-b548-f775bc1c63ed,EVT-000874,USER-00023,search,2026-01-09T03:43:00.247767,SES-eeb0436b,desktop,Chrome,social,,,,,0.0,gaming laptop,0,0,0,
c4198040-c40b-4e76-aed1-e61f0c7b7bf9,EVT-000875,USER-00155,search,2026-01-12T21:27:43.237218,SES-5d44b82a,mobile,Firefox,social,,,,,0.0,wireless headphones,0,0,0,
40bb935b-5de1-4588-a303-67b900c43f3e,EVT-000876,USER-00218,click,2025-10-26T20:34:28.723619,SES-caabce56,desktop,Safari,email,PROD-00003,Penfolds Grange,Red Wine,Wine,390.13,,276,0,0,
8b605f24-93f8-45f3-b92a-4e3bd305a68f,EVT-000877,USER-00107,search,2025-11-25T14:32:06.930510,SES-5ae53ff3,desktop,Firefox,organic,,,,,0.0,home office chair,0,0,0,
df79ec37-029c-47a0-ad28-2225db8bbfcf,EVT-000878,USER-00147,add_to_cart,2025-12-15T12:54:43.139331,SES-5a93044e,mobile,Chrome,email,PROD-01416,REI Flash 55 Pack,Outdoor Gear,Sports,517.67,,0,1,0,
bc1a2831-2b44-4cb8-ab67-5e89589a185e,EVT-000879,USER-00048,wishlist,2025-12-08T22:34:39.970909,SES-d47c6e78,tablet,Safari,organic,PROD-01844,Samsung Galaxy Watch 6,Smartwatches,Electronics,790.52,,0,0,0,
0a800d06-db95-4040-b087-8e382974f908,EVT-000880,USER-00154,search,2025-11-05T21:47:18.969370,SES-afca24ce,tablet,Chrome,organic,,,,,0.0,red wine gift,0,0,0,
c1cb6bcd-7e6e-4cbb-8513-e9ae65ea9c05,EVT-000881,USER-00144,view,2025-10-24T00:24:10.475832,SES-d7ab4009,tablet,Edge,direct,PROD-01196,Oral-B iO Series 9,Personal Care,Healthcare,285.71,,125,0,0,
28bacd8a-e3ab-4f3e-9bad-59399ba212eb,EVT-000882,USER-00001,view,2026-01-11T10:03:48.291886,SES-9dc03617,desktop,Safari,direct,PROD-00512,Dom Pérignon Rosé 2009,Champagne,Wine,415.51,,398,0,0,
397860ff-1797-497a-a034-97b2c87b8627,EVT-000883,USER-00023,search,2025-10-30T23:07:24.438717,SES-f465493a,desktop,Chrome,social,,,,,0.0,gaming laptop,0,0,0,
2ea57911-5047-416f-b934-d7f17456d5f3,EVT-000884,USER-00155,search,2026-01-19T14:37:46.168159,SES-ec33c8f6,mobile,Firefox,social,,,,,0.0,wireless headphones,0,0,0,
7a77fe27-9dbf-4aa7-b151-5d93a62a78b7,EVT-000885,USER-00218,click,2025-11-01T18:56:33.746437,SES-81b4f38e,desktop,Safari,email,PROD-00003,Penfolds Grange,Red Wine,Wine,390.13,,276,0,0,
46b9ba00-d8af-441e-8f61-f6a346009f77,EVT-000886,USER-00107,search,2025-12-04T11:37:29.540499,SES-42adcf81,desktop,Firefox,organic,,,,,0.0,home office chair,0,0,0,
b761e0bd-ed83-44df-b95a-753e7f366dd7,EVT-000887,USER-00147,add_to_cart,2026-01-19T04:12:44.689903,SES-7fcdea3d,mobile,Chrome,email,PROD-01416,REI Flash 55 Pack,Outdoor Gear,Sports,517.67,,0,1,0,
a7621c07-6297-4c9e-a32b-23921cadfe37,EVT-000888,USER-00048,wishlist,2026-01-07T17:23:56.956717,SES-11576343,tablet,Safari,organic,PROD-01844,Samsung Galaxy Watch 6,Smartwatches,Electronics,790.52,,0,0,0,
ceafab1a-dadd-4c2d-867b-b068076a0c51,EVT-000889,USER-00154,search,2025-12-09T23:27:59.713029,SES-f4eeae4d,tablet,Chrome,organic,,,,,0.0,red wine gift,0,0,0,
67e11881-0302-4ddb-a338-6c9cc351600d,EVT-000890,USER-00144,view,2025-11-03T18:27:05.357839,SES-e75982a1,tablet,Edge,direct,PROD-01196,Oral-B iO Series 9,Personal Care,Healthcare,285.71,,125,0,0,
2ad76ecd-0b75-410a-b36f-d7dee71e6e02,EVT-000891,USER-00001,view,2025-12-15T23:12:05.038802,SES-43f87e0f,desktop,Safari,direct,PROD-00512,Dom Pérignon Rosé 2009,Champagne,Wine,415.51,,398,0,0,
12c889dc-d1a2-44ca-aaa4-a7cd775330ad,EVT-000892,USER-00023,search,2025-12-18T23:44:35.324400,SES-3184e1bf,desktop,Chrome,social,,,,,0.0,gaming laptop,0,0,0,
87f6dde4-3f22-4ae0-8614-f07f2950cdcd,EVT-000893,USER-00155,search,2025-11-19T16:49:35.542207,SES-0dcb788b,mobile,Firefox,social,,,,,0.0,wireless headphones,0,0,0,
4c7760f1-95fa-43e2-8df6-f8b6eca9f402,EVT-000894,USER-00218,click,2025-12-03T22:13:39.763338,SES-d49c0968,desktop,Safari,email,PROD-00003,Penfolds Grange,Red Wine,Wine,390.13,,276,0,0,
f2099386-38c2-4660-a362-bfb09e12c178,EVT-000895,USER-00107,search,2026-01-11T22:21:46.822556,SES-7c291bed,desktop,Firefox,organic,,,,,0.0,home office chair,0,0,0,
9a04500b-72dc-496b-b3ca-db806482192a,EVT-000896,USER-00147,add_to_cart,2025-11-03T05:02:41.400393,SES-d73994ac,mobile,Chrome,email,PROD-01416,REI Flash 55 Pack,Outdoor Gear,Sports,517.67,,0,1,0,
830e4ea5-a149-460f-b251-62675a93234e,EVT-000897,USER-00048,wishlist,2025-12-20T17:54:15.341070,SES-a32c9ca3,tablet,Safari,organic,PROD-01844,Samsung Galaxy Watch 6,Smartwatches,Electronics,790.52,,0,0,0,
77a732b8-5d1f-4176-ae77-8187518e5344,EVT-000898,USER-00154,search,2025-11-24T13:47:40.281845,SES-e5a4de48,tablet,Chrome,organic,,,,,0.0,red wine gift,0,0,0,
a9f4b8a0-b340-4383-b5f7-ab787c44f61f,EVT-000899,USER-00144,view,2025-12-16T21:31:57.033931,SES-db43ee85,tablet,Edge,direct,PROD-01196,Oral-B iO Series 9,Personal Care,Healthcare,285.71,,125,0,0,
19924b4f-20c8-4267-b9d1-e00c1dee1028,EVT-000900,USER-00001,view,2025-12-26T03:22:36.714792,SES-6b62f9be,desktop,Safari,direct,PROD-00512,Dom Pérignon Rosé 2009,Champagne,Wine,415.51,,398,0,0,
e2a71c93-46f5-4a25-9a72-1f05e0214efa,EVT-000901,USER-00023,search,2025-12-04T16:09:42.836773,SES-693971c6,desktop,Chrome,social,,,,,0.0,gaming laptop,0,0,0,
f9000779-1a16-4cff-8cde-18907a6d6a7d,EVT-000902,USER-00155,search,2025-12-29T01:22:07.291682,SES-823d6a3e,mobile,Firefox,social,,,,,0.0,wireless headphones,0,0,0,
74671887-83ed-4af0-92ce-db83d3fecd97,EVT-000903,USER-00218,click,2026-01-07T08:23:15.834319,SES-7abae283,desktop,Safari,email,PROD-00003,Penfolds Grange,Red Wine,Wine,390.13,,276,0,0,
e859c2c3-5138-48d4-9180-f81249dc5284,EVT-000904,USER-00107,search,2025-11-09T08:06:57.462261,SES-c092fbb0,desktop,Firefox,organic,,,,,0.0,home office chair,0,0,0,
e7e893db-1c27-48f3-a32a-362e89ffb51e,EVT-000905,USER-00147,add_to_cart,2025-11-11T09:50:52.342304,SES-69a50eba,mobile,Chrome,email,PROD-01416,REI Flash 55 Pack,Outdoor Gear,Sports,517.67,,0,1,0,
98158ea1-b24d-403a-8010-5e4b1aaef72c,EVT-000906,USER-00048,wishlist,2025-11-03T08:31:12.993560,SES-bf7256bf,tablet,Safari,organic,PROD-01844,Samsung Galaxy Watch 6,Smartwatches,Electronics,790.52,,0,0,0,
cd209b3b-6cb7-4eeb-8c5e-15ebd0ada0d8,EVT-000907,USER-00154,search,2026-01-15T11:28:49.274585,SES-c795d99c,tablet,Chrome,organic,,,,,0.0,red wine gift,0,0,0,
ef9bda41-639a-45a3-9bb4-d41ba9143602,EVT-000908,USER-00144,view,2025-11-11T23:19:40.116426,SES-2d431ede,tablet,Edge,direct,PROD-01196,Oral-B iO Series 9,Personal Care,Healthcare,285.71,,125,0,0,
ce821ae0-6f6d-410c-adda-97542277701f,EVT-000909,USER-00001,view,2025-10-30T01:39:50.542138,SES-e9a8b68a,desktop,Safari,direct,PROD-00512,Dom Pérignon Rosé 2009,Champagne,Wine,415.51,,398,0,0,
3aff1f32-c4ca-458c-b594-a25cb503fef2,EVT-000910,USER-00023,search,2025-10-31T04:52:49.741238,SES-20ef1ffe,desktop,Chrome,social,,,,,0.0,gaming laptop,0,0,0,
78d0219e-68f1-42de-9aaa-15d04a03f76b,EVT-000911,USER-00155,search,2025-11-28T00:25:37.427057,SES-61a65a24,mobile,Firefox,social,,,,,0.0,wireless headphones,0,0,0,
2715fe46-6dbd-442d-82b2-ad554c4e1d4d,EVT-000912,USER-00218,click,2026-01-10T11:52:42.773157,SES-2419f75c,desktop,Safari,email,PROD-00003,Penfolds Grange,Red Wine,Wine,390.13,,276,0,0,
738f00ea-01d7-48dc-b8a2-c3661b7419bd,EVT-000913,USER-00107,search,2025-11-01T03:25:43.559921,SES-bbb3ba26,desktop,Firefox,organic,,,,,0.0,home office chair,0,0,0,
50be902e-1f42-4b4f-b319-75846e69a917,EVT-000914,USER-00147,add_to_cart,2025-11-12T00:46:42.186339,SES-bf2aec88,mobile,Chrome,email,PROD-01416,REI Flash 55 Pack,Outdoor Gear,Sports,517.67,,0,1,0,
3541e636-5ea2-4bbe-bbb6-db7a009eaf6b,EVT-000915,USER-00048,wishlist,2025-11-08T06:55:46.655334,SES-c5a64577,tablet,Safari,organic,PROD-01844,Samsung Galaxy Watch 6,Smartwatches,Electronics,790.52,,0,0,0,
3e097d57-09d0-499d-b8ed-d44e35a97ca5,EVT-000916,USER-00154,search,2025-12-21T00:22:25.136935,SES-18454498,tablet,Chrome,organic,,,,,0.0,red wine gift,0,0,0,
20e06f08-149f-4f13-bc89-6d7e50e26b57,EVT-000917,USER-00144,view,2025-11-21T05:58:02.900548,SES-6076a6d3,tablet,Edge,direct,PROD-01196,Oral-B iO Series 9,Personal Care,Healthcare,285.71,,125,0,0,
eb6aaa84-4b37-44a0-b4b8-a716cc933a89,EVT-000918,USER-00001,view,2026-01-18T07:52:56.647844,SES-b3ad6cdc,desktop,Safari,direct,PROD-00512,Dom Pérignon Rosé 2009,Champagne,Wine,415.51,,398,0,0,
8998fbcb-afc6-40aa-84b8-a61a212dd387,EVT-000919,USER-00023,search,2025-12-21T19:47:08.081850,SES-fad350c3,desktop,Chrome,social,,,,,0.0,gaming laptop,0,0,0,
81dd4d8d-88e5-4012-be4b-2046a30072b4,EVT-000920,USER-00155,search,2025-12-08T11:09:23.014284,SES-2510f325,mobile,Firefox,social,,,,,0.0,wireless headphones,0,0,0,
0accfbb0-6034-43f6-a450-1acadd6c0a17,EVT-000921,USER-00218,click,2025-12-13T14:49:00.436185,SES-d800a0f0,desktop,Safari,email,PROD-00003,Penfolds Grange,Red Wine,Wine,390.13,,276,0,0,
fe261d07-d08a-4ad4-933f-09b86a005402,EVT-000922,USER-00107,search,2026-01-10T04:40:29.162805,SES-1be8692e,desktop,Firefox,organic,,,,,0.0,home office chair,0,0,0,
98d9a564-78ad-46c4-9ee7-f7efba3ab293,EVT-000923,USER-00147,add_to_cart,2025-12-30T01:30:21.771822,SES-23067ccd,mobile,Chrome,email,PROD-01416,REI Flash 55 Pack,Outdoor Gear,Sports,517.67,,0,1,0,
39f2b0a0-4356-443e-92c6-6d3d23f0779e,EVT-000924,USER-00048,wishlist,2025-11-03T12:37:23.386685,SES-f9471b24,tablet,Safari,organic,PROD-01844,Samsung Galaxy Watch 6,Smartwatches,Electronics,790.52,,0,0,0,
b4017bd7-1ea7-4fed-87cc-22262fa4b4c0,EVT-000925,USER-00154,search,2025-11-29T15:42:03.924428,SES-2b58ed02,tablet,Chrome,organic,,,,,0.0,red wine gift,0,0,0,
a9d258e1-481f-4a27-a520-bfb514182c34,EVT-000926,USER-00144,view,2025-12-21T04:19:54.416939,SES-24f8d6ef,tablet,Edge,direct,PROD-01196,Oral-B iO Series 9,Personal Care,Healthcare,285.71,,125,0,0,
34ca5804-dc47-4de6-adaf-4429ccebbec4,EVT-000927,USER-00001,view,2025-12-13T19:34:18.919002,SES-5e24e6a6,desktop,Safari,direct,PROD-00512,Dom Pérignon Rosé 2009,Champagne,Wine,415.51,,398,0,0,
b52b7926-f5ca-4d4c-bb47-b43df01102f8,EVT-000928,USER-00023,search,2026-01-14T18:55:28.412578,SES-137f6beb,desktop,Chrome,social,,,,,0.0,gaming laptop,0,0,0,
b6ae8ac7-4f79-47de-aeab-40a67771cf55,EVT-000929,USER-00155,search,2025-10-25T18:03:45.033713,SES-89120eb1,mobile,Firefox,social,,,,,0.0,wireless headphones,0,0,0,
c94d6019-e517-49c5-9927-318a90b13184,EVT-000930,USER-00218,click,2026-01-12T05:07:37.988071,SES-eff6322b,desktop,Safari,email,PROD-00003,Penfolds Grange,Red Wine,Wine,390.13,,276,0,0,
9730d1e0-0c52-4168-871b-964f0fd277c2,EVT-000931,USER-00107,search,2025-11-26T07:48:02.385445,SES-3fd1bbca,desktop,Firefox,organic,,,,,0.0,home office chair,0,0,0,
65a7151e-8cae-4a2b-bd6a-a053e89f5121,EVT-000932,USER-00147,add_to_cart,2025-10-26T23:51:20.324279,SES-5ff1d055,mobile,Chrome,email,PROD-01416,REI Flash 55 Pack,Outdoor Gear,Sports,517.67,,0,1,0,
c13eb8f5-0a74-4615-9c3e-bbcbb57e3879,EVT-000933,USER-00048,wishlist,2025-11-09T11:35:29.482480,SES-67ff78e2,tablet,Safari,organic,PROD-01844,Samsung Galaxy Watch 6,Smartwatches,Electronics,790.52,,0,0,0,
6ae5f706-0501-4235-b769-e17ab6437c74,EVT-000934,USER-00154,search,2025-11-08T01:37:42.125954,SES-adc77f23,tablet,Chrome,organic,,,,,0.0,red wine gift,0,0,0,
533ede62-6cf4-4a83-b7d6-06debbd50bf3,EVT-000935,USER-00144,view,2025-11-04T12:55:02.927654,SES-c5027b87,tablet,Edge,direct,PROD-01196,Oral-B iO Series 9,Personal Care,Healthcare,285.71,,125,0,0,
562e7591-f62a-4873-8eef-1caa3d0a7bda,EVT-000936,USER-00001,view,2025-10-25T17:49:19.768880,SES-dbacced3,desktop,Safari,direct,PROD-00512,Dom Pérignon Rosé 2009,Champagne,Wine,415.51,,398,0,0,
2fd61723-cd04-4227-af07-1cfe739ae22d,EVT-000937,USER-00023,search,2026-01-02T04:50:37.759077,SES-464e189e,desktop,Chrome,social,,,,,0.0,gaming laptop,0,0,0,
32eba8a5-2c08-4482-a5fb-d6c194398216,EVT-000938,USER-00155,search,2025-11-06T05:48:28.353202,SES-27aa95b8,mobile,Firefox,social,,,,,0.0,wireless headphones,0,0,0,
02b1aebc-d5a4-4983-91ec-2e811d424239,EVT-000939,USER-00218,click,2025-11-20T16:48:20.773073,SES-c3956749,desktop,Safari,email,PROD-00003,Penfolds Grange,Red Wine,Wine,390.13,,276,0,0,
2a6c0a91-adde-43d5-b722-592e696272ac,EVT-000940,USER-00107,search,2025-12-13T03:50:35.433408,SES-513b72cd,desktop,Firefox,organic,,,,,0.0,home office chair,0,0,0,
1da51dbd-5f5b-4061-9448-82c750fe8f21,EVT-000941,USER-00147,add_to_cart,2025-12-05T05:14:26.633909,SES-a4efa1ec,mobile,Chrome,email,PROD-01416,REI Flash 55 Pack,Outdoor Gear,Sports,517.67,,0,1,0,
b7ee14cf-b914-41a0-b6f9-4e39cc659043,EVT-000942,USER-00048,wishlist,2025-11-22T14:57:49.161386,SES-a514fe3c,tablet,Safari,organic,PROD-01844,Samsung Galaxy Watch 6,Smartwatches,Electronics,790.52,,0,0,0,
8ef5045e-c389-4295-b94b-f15af19a0bbf,EVT-000943,USER-00154,search,2025-12-18T06:09:20.676515,SES-94c3fe59,tablet,Chrome,organic,,,,,0.0,red wine gift,0,0,0,
18dcfed6-a54d-421c-a348-ed9b05d7941c,EVT-000944,USER-00144,view,2026-01-04T04:49:59.263991,SES-895098a0,tablet,Edge,direct,PROD-01196,Oral-B iO Series 9,Personal Care,Healthcare,285.71,,125,0,0,
af6b341b-0246-460b-ac32-dc91898afc93,EVT-000945,USER-00001,view,2025-12-13T14:53:27.717855,SES-0c747580,desktop,Safari,direct,PROD-00512,Dom Pérignon Rosé 2009,Champagne,Wine,415.51,,398,0,0,
ded3ef1b-baff-4d92-b379-176730bb8a95,EVT-000946,USER-00023,search,2025-12-02T08:40:50.590010,SES-38f03e14,desktop,Chrome,social,,,,,0.0,gaming laptop,0,0,0,
e5f4bf65-adb4-4088-8861-700f97bb4af0,EVT-000947,USER-00155,search,2025-11-11T00:10:55.221506,SES-5a663457,mobile,Firefox,social,,,,,0.0,wireless headphones,0,0,0,
084e4aa7-30e5-4875-af58-981192b3a837,EVT-000948,USER-00218,click,2025-12-17T14:10:15.471296,SES-f7fa6d79,desktop,Safari,email,PROD-00003,Penfolds Grange,Red Wine,Wine,390.13,,276,0,0,
bc127196-b5d9-4e80-a027-c064b1dcada7,EVT-000949,USER-00107,search,2025-12-10T19:14:07.423540,SES-cc80d66a,desktop,Firefox,organic,,,,,0.0,home office chair,0,0,0,
edea194b-cda5-445c-a4cf-1cf1917b3c0c,EVT-000950,USER-00147,add_to_cart,2025-11-02T06:37:30.543375,SES-c42d2e2d,mobile,Chrome,email,PROD-01416,REI Flash 55 Pack,Outdoor Gear,Sports,517.67,,0,1,0,
16ae7333-16d5-44ab-907a-cfca7d77c142,EVT-000951,USER-00048,wishlist,2025-11-16T19:26:06.194232,SES-b7ae1e58,tablet,Safari,organic,PROD-01844,Samsung Galaxy Watch 6,Smartwatches,Electronics,790.52,,0,0,0,
a3fc94ab-e890-484f-baa5-2476e6331650,EVT-000952,USER-00154,search,2025-12-30T20:07:10.950326,SES-e444f7e0,tablet,Chrome,organic,,,,,0.0,red wine gift,0,0,0,
2eac7124-45b9-4868-8c7e-8a5e456d63ae,EVT-000953,USER-00144,view,2026-01-13T19:43:43.667391,SES-93cd499e,tablet,Edge,direct,PROD-01196,Oral-B iO Series 9,Personal Care,Healthcare,285.71,,125,0,0,
ed7f6dc4-6e66-4ead-8877-259721323575,EVT-000954,USER-00001,view,2025-11-22T00:36:20.701649,SES-96afa71a,desktop,Safari,direct,PROD-00512,Dom Pérignon Rosé 2009,Champagne,Wine,415.51,,398,0,0,
37511e14-9521-4bcb-9c2d-560459b2114a,EVT-000955,USER-00023,search,2026-01-10T23:59:37.739270,SES-c0d705d1,desktop,Chrome,social,,,,,0.0,gaming laptop,0,0,0,
ecc29d48-be24-42dd-83dd-145461b41903,EVT-000956,USER-00155,search,2025-11-14T15:33:00.678586,SES-92f13147,mobile,Firefox,social,,,,,0.0,wireless headphones,0,0,0,
ebb0a0a2-2bfc-4439-a866-25bfe7010886,EVT-000957,USER-00218,click,2026-01-03T07:13:51.569039,SES-862e7cd9,desktop,Safari,email,PROD-00003,Penfolds Grange,Red Wine,Wine,390.13,,276,0,0,
2b49bc00-500f-4fdd-be96-9eab087bc7a9,EVT-000958,USER-00107,search,2025-12-05T12:49:22.635387,SES-d954fab2,desktop,Firefox,organic,,,,,0.0,home office chair,0,0,0,
e4f35fef-be2f-400b-8a74-9fff729e9756,EVT-000959,USER-00147,add_to_cart,2025-12-11T01:45:41.515527,SES-1b933d02,mobile,Chrome,email,PROD-01416,REI Flash 55 Pack,Outdoor Gear,Sports,517.67,,0,1,0,
44824f22-ca46-4acb-baba-b760f069b714,EVT-000960,USER-00048,wishlist,2025-12-21T08:45:05.994679,SES-26ff3629,tablet,Safari,organic,PROD-01844,Samsung Galaxy Watch 6,Smartwatches,Electronics,790.52,,0,0,0,
2ca93a21-b7f3-4908-a927-2cb80f315e9a,EVT-000961,USER-00154,search,2025-12-21T19:02:35.638579,SES-a72abfb0,tablet,Chrome,organic,,,,,0.0,red wine gift,0,0,0,
db0a94fc-c0d3-4d9e-941a-660fd784902f,EVT-000962,USER-00144,view,2025-11-22T11:39:57.181876,SES-49989c4e,tablet,Edge,direct,PROD-01196,Oral-B iO Series 9,Personal Care,Healthcare,285.71,,125,0,0,
dbf4c217-ebb1-4a97-8218-e44473f0eb4f,EVT-000963,USER-00001,view,2025-12-08T09:20:00.041802,SES-df70b629,desktop,Safari,direct,PROD-00512,Dom Pérignon Rosé 2009,Champagne,Wine,415.51,,398,0,0,
10f8f7d8-9319-4639-80ef-06cfecb6af0c,EVT-000964,USER-00023,search,2025-10-28T08:28:12.785089,SES-cafb111a,desktop,Chrome,social,,,,,0.0,gaming laptop,0,0,0,
e9967a41-0cca-4ffa-92bd-014b8f69dd3a,EVT-000965,USER-00155,search,2025-11-24T13:26:52.373757,SES-be7ba6da,mobile,Firefox,social,,,,,0.0,wireless headphones,0,0,0,
bd8fe6a6-305a-449c-b566-583c2bae80d3,EVT-000966,USER-00218,click,2025-12-19T11:29:16.984241,SES-dfe4ddc7,desktop,Safari,email,PROD-00003,Penfolds Grange,Red Wine,Wine,390.13,,276,0,0,
dcfb3498-b4b9-4c18-ac61-691f0efae86b,EVT-000967,USER-00107,search,2026-01-17T12:00:12.603779,SES-942563d8,desktop,Firefox,organic,,,,,0.0,home office chair,0,0,0,
dfd19c1f-7207-4f92-be4a-09e4c1eb4a3d,EVT-000968,USER-00147,add_to_cart,2025-11-03T00:47:19.244566,SES-773786ec,mobile,Chrome,email,PROD-01416,REI Flash 55 Pack,Outdoor Gear,Sports,517.67,,0,1,0,
754e5bf6-dea8-4654-9e7f-1d969ca73a10,EVT-000969,USER-00048,wishlist,2025-11-12T02:43:33.434697,SES-b9af9d5b,tablet,Safari,organic,PROD-01844,Samsung Galaxy Watch 6,Smartwatches,Electronics,790.52,,0,0,0,
d4b72dc7-ab3e-45c1-8537-d2cc9b456e89,EVT-000970,USER-00154,search,2025-12-02T20:11:31.417972,SES-37a80c29,tablet,Chrome,organic,,,,,0.0,red wine gift,0,0,0,
07285dc1-b8cc-42a7-9a44-2ef9873b244a,EVT-000971,USER-00144,view,2025-11-01T16:11:30.050336,SES-9f1e735e,tablet,Edge,direct,PROD-01196,Oral-B iO Series 9,Personal Care,Healthcare,285.71,,125,0,0,
2029d1a8-2194-48b1-a8f1-2d24ee620872,EVT-000972,USER-00001,view,2025-12-11T05:08:23.048001,SES-4e3fe413,desktop,Safari,direct,PROD-00512,Dom Pérignon Rosé 2009,Champagne,Wine,415.51,,398,0,0,
2f314851-96b5-4c8d-8daf-3d3522a9f40e,EVT-000973,USER-00023,search,2025-11-18T06:52:36.655585,SES-01df3153,desktop,Chrome,social,,,,,0.0,gaming laptop,0,0,0,
a774ba45-c460-4638-928b-484d5a7b46a2,EVT-000974,USER-00155,search,2026-01-09T06:28:42.201998,SES-d329a034,mobile,Firefox,social,,,,,0.0,wireless headphones,0,0,0,
272ee41b-55ba-4521-8bad-7f6e6c171c26,EVT-000975,USER-00218,click,2025-11-19T07:19:17.433135,SES-22eee827,desktop,Safari,email,PROD-00003,Penfolds Grange,Red Wine,Wine,390.13,,276,0,0,
5c0532b9-5b77-4ea9-a781-e14115c20dc7,EVT-000976,USER-00107,search,2025-11-30T22:15:01.100471,SES-bdfcaad4,desktop,Firefox,organic,,,,,0.0,home office chair,0,0,0,
e5dcfed6-b768-4454-a72b-dae8327b9c96,EVT-000977,USER-00147,add_to_cart,2026-01-19T06:14:56.774665,SES-198a7349,mobile,Chrome,email,PROD-01416,REI Flash 55 Pack,Outdoor Gear,Sports,517.67,,0,1,0,
8b5694a4-a1a5-47b3-b7f5-413072dee19e,EVT-000978,USER-00048,wishlist,2025-10-30T03:20:42.288080,SES-5ec5abc2,tablet,Safari,organic,PROD-01844,Samsung Galaxy Watch 6,Smartwatches,Electronics,790.52,,0,0,0,
1dde657a-e133-47e2-a8ea-da0847891a3b,EVT-000979,USER-00154,search,2026-01-08T16:47:08.214639,SES-498be263,tablet,Chrome,organic,,,,,0.0,red wine gift,0,0,0,
887e8c24-6a40-430f-8883-548ae03f0030,EVT-000980,USER-00144,view,2025-12-07T02:20:20.659263,SES-2980562f,tablet,Edge,direct,PROD-01196,Oral-B iO Series 9,Personal Care,Healthcare,285.71,,125,0,0,
a52e150f-4c91-46c0-81fb-10fba48cd2b8,EVT-000981,USER-00001,view,2025-11-27T10:51:40.779229,SES-60f451e6,desktop,Safari,direct,PROD-00512,Dom Pérignon Rosé 2009,Champagne,Wine,415.51,,398,0,0,
9524ff32-acba-4b49-b6b4-95fd72bc458d,EVT-000982,USER-00023,search,2026-01-15T09:14:06.821943,SES-e0a0aa2d,desktop,Chrome,social,,,,,0.0,gaming laptop,0,0,0,
4fd8e5ff-0547-4c3b-8507-c6b7930f3678,EVT-000983,USER-00155,search,2026-01-20T12:59:33.315479,SES-e61156d3,mobile,Firefox,social,,,,,0.0,wireless headphones,0,0,0,
af1c134b-baff-48b5-b182-43c43dc93b02,EVT-000984,USER-00218,click,2025-11-09T05:04:20.197327,SES-14a0f269,desktop,Safari,email,PROD-00003,Penfolds Grange,Red Wine,Wine,390.13,,276,0,0,
c47b1d7e-c86a-4604-bdde-f25e85a046bb,EVT-000985,USER-00107,search,2026-01-06T06:33:48.658732,SES-40d88aa5,desktop,Firefox,organic,,,,,0.0,home office chair,0,0,0,
76112915-b10a-450f-ba7c-28a0667d9ef3,EVT-000986,USER-00147,add_to_cart,2025-11-11T15:20:49.744320,SES-0d6ab417,mobile,Chrome,email,PROD-01416,REI Flash 55 Pack,Outdoor Gear,Sports,517.67,,0,1,0,
a1679bc0-4444-48f4-8b58-d066839cd613,EVT-000987,USER-00048,wishlist,2025-10-24T04:14:57.798189,SES-6f5412bd,tablet,Safari,organic,PROD-01844,Samsung Galaxy Watch 6,Smartwatches,Electronics,790.52,,0,0,0,
8d545bcb-5ba6-4814-9946-06dbb6ee27b2,EVT-000988,USER-00154,search,2025-12-27T16:18:23.227375,SES-6252d119,tablet,Chrome,organic,,,,,0.0,red wine gift,0,0,0,
731c8eb1-d98d-411b-8783-addf65a9f21c,EVT-000989,USER-00144,view,2025-11-23T12:38:19.203103,SES-8c047ccd,tablet,Edge,direct,PROD-01196,Oral-B iO Series 9,Personal Care,Healthcare,285.71,,125,0,0,
0081f50f-e3c1-4fe8-a953-324ed27d8fd6,EVT-000990,USER-00001,view,2025-12-15T18:09:29.664235,SES-295bf136,desktop,Safari,direct,PROD-00512,Dom Pérignon Rosé 2009,Champagne,Wine,415.51,,398,0,0,
eeb7c80c-5238-4e00-9ab4-7e4ebcf66f54,EVT-000991,USER-00023,search,2025-11-05T07:57:41.788806,SES-d6711c24,desktop,Chrome,social,,,,,0.0,gaming laptop,0,0,0,
45ff3c40-d1dc-4095-a7d1-d1d754d1545d,EVT-000992,USER-00155,search,2026-01-08T01:34:35.114913,SES-8a59e86b,mobile,Firefox,social,,,,,0.0,wireless headphones,0,0,0,
5a394ea6-bde0-4ff6-807b-b44914d6f394,EVT-000993,USER-00218,click,2025-12-08T22:14:00.660924,SES-b2bd465b,desktop,Safari,email,PROD-00003,Penfolds Grange,Red Wine,Wine,390.13,,276,0,0,
bf00044a-459d-49e1-a66e-2c50ba2dc975,EVT-000994,USER-00107,search,2026-01-02T16:41:50.674480,SES-a615b68d,desktop,Firefox,organic,,,,,0.0,home office chair,0,0,0,
cfc20d0f-3d68-47c3-8147-dc2d9ecc9783,EVT-000995,USER-00147,add_to_cart,2025-11-24T07:28:23.224789,SES-319a8654,mobile,Chrome,email,PROD-01416,REI Flash 55 Pack,Outdoor Gear,Sports,517.67,,0,1,0,
6e918b9d-3f9c-4827-ad69-48629ecf6c9a,EVT-000996,USER-00048,wishlist,2025-11-12T09:51:02.486273,SES-899b20cc,tablet,Safari,organic,PROD-01844,Samsung Galaxy Watch 6,Smartwatches,Electronics,790.52,,0,0,0,
4ae302d8-5512-4ffd-88c9-eb895cfb6add,EVT-000997,USER-00154,search,2026-01-15T22:00:32.374995,SES-2dd9d5b0,tablet,Chrome,organic,,,,,0.0,red wine gift,0,0,0,
9884c1b3-e5a9-47d4-845e-9b42eb3cea15,EVT-000998,USER-00144,view,2025-12-09T10:48:54.693760,SES-334eba82,tablet,Edge,direct,PROD-01196,Oral-B iO Series 9,Personal Care,Healthcare,285.71,,125,0,0,
93326589-bf64-490f-966c-198258cba71d,EVT-000999,USER-00001,view,2025-11-25T08:59:44.205873,SES-8a126d1f,desktop,Safari,direct,PROD-00512,Dom Pérignon Rosé 2009,Champagne,Wine,415.51,,398,0,0,
5d53dd9c-f031-4ddf-9b52-cfd4c530e39e,EVT-001000,USER-00023,search,2025-10-31T16:26:02.657736,SES-254033da,desktop,Chrome,social,,,,,0.0,gaming laptop,0,0,0,
956b38dd-eef5-4795-8432-74038f98c4a4,EVT-001001,USER-00155,search,2025-11-06T13:54:30.772490,SES-0b3a50b9,mobile,Firefox,social,,,,,0.0,wireless headphones,0,0,0,
54c62cf4-c6b2-48c8-ba3a-4a2da14ebdc6,EVT-001002,USER-00218,click,2025-12-18T18:15:03.942437,SES-d8a1d7de,desktop,Safari,email,PROD-00003,Penfolds Grange,Red Wine,Wine,390.13,,276,0,0,
af31bb67-5e77-4cbb-830c-7fae5d04451f,EVT-001003,USER-00107,search,2025-12-17T07:24:49.826831,SES-a5552ae9,desktop,Firefox,organic,,,,,0.0,home office chair,0,0,0,
61978bbe-30fb-4970-9024-9c642558dc26,EVT-001004,USER-00147,add_to_cart,2026-01-06T13:31:53.852788,SES-8dc60957,mobile,Chrome,email,PROD-01416,REI Flash 55 Pack,Outdoor Gear,Sports,517.67,,0,1,0,
3c2212aa-8bc6-4d36-a453-aa411afaea5e,EVT-001005,USER-00048,wishlist,2025-12-29T06:31:15.114409,SES-781922a3,tablet,Safari,organic,PROD-01844,Samsung Galaxy Watch 6,Smartwatches,Electronics,790.52,,0,0,0,
fb66a979-0498-4119-b21d-e5d97b87a8bc,EVT-001006,USER-00154,search,2025-11-05T08:33:58.200587,SES-2b312a84,tablet,Chrome,organic,,,,,0.0,red wine gift,0,0,0,
0f803b40-c34a-4a31-8ba9-7de48396b42f,EVT-001007,USER-00144,view,2026-01-15T11:16:13.897875,SES-b9f40b20,tablet,Edge,direct,PROD-01196,Oral-B iO Series 9,Personal Care,Healthcare,285.71,,125,0,0,
8e7abf46-5b5f-4823-ad31-ee206057d32e,EVT-001008,USER-00001,view,2025-12-16T13:00:48.343633,SES-c74c1856,desktop,Safari,direct,PROD-00512,Dom Pérignon Rosé 2009,Champagne,Wine,415.51,,398,0,0,
01e54df7-9de6-4f16-a039-c256e89ceff3,EVT-001009,USER-00023,search,2026-01-07T22:03:12.446516,SES-64a3b221,desktop,Chrome,social,,,,,0.0,gaming laptop,0,0,0,
46885df6-1eb0-4bcf-8016-f680af1a05f2,EVT-001010,USER-00155,search,2025-11-16T17:31:33.650804,SES-6d4e85c9,mobile,Firefox,social,,,,,0.0,wireless headphones,0,0,0,
8d3ef9cf-b43e-4aac-9eab-a3b5d7441439,EVT-001011,USER-00218,click,2026-01-16T23:41:54.401617,SES-c32553dd,desktop,Safari,email,PROD-00003,Penfolds Grange,Red Wine,Wine,390.13,,276,0,0,
745928d2-948e-495c-bdb3-3c96a4635534,EVT-001012,USER-00107,search,2026-01-16T01:45:28.465192,SES-0e946963,desktop,Firefox,organic,,,,,0.0,home office chair,0,0,0,
1e15b0c3-d735-4b88-8b1b-1e0b0c3c342f,EVT-001013,USER-00147,add_to_cart,2025-11-18T08:34:05.250981,SES-c06f4ace,mobile,Chrome,email,PROD-01416,REI Flash 55 Pack,Outdoor Gear,Sports,517.67,,0,1,0,
1c1f9ea7-3eb3-4c8d-be5f-966422f4ced0,EVT-001014,USER-00048,wishlist,2026-01-11T18:12:07.674732,SES-2d161ff6,tablet,Safari,organic,PROD-01844,Samsung Galaxy Watch 6,Smartwatches,Electronics,790.52,,0,0,0,
b1ebcc98-36ab-4363-838a-a1d42862ceff,EVT-001015,USER-00154,search,2026-01-18T03:40:29.932218,SES-ba907aca,tablet,Chrome,organic,,,,,0.0,red wine gift,0,0,0,
6e73af06-42a2-4b66-9d7d-7b4af0d59507,EVT-001016,USER-00144,view,2026-01-11T02:37:26.189942,SES-6129ecd9,tablet,Edge,direct,PROD-01196,Oral-B iO Series 9,Personal Care,Healthcare,285.71,,125,0,0,
fbd592b1-5d06-4053-96e7-0773e8dfd350,EVT-001017,USER-00001,view,2025-12-03T19:01:29.248057,SES-beaa052d,desktop,Safari,direct,PROD-00512,Dom Pérignon Rosé 2009,Champagne,Wine,415.51,,398,0,0,
0c547e60-8555-4ac3-b6b5-bb377dfc1d65,EVT-001018,USER-00023,search,2025-11-03T22:09:17.169054,SES-0058158b,desktop,Chrome,social,,,,,0.0,gaming laptop,0,0,0,
1a2055d2-fa3d-4989-8b34-afc0706fa658,EVT-001019,USER-00155,search,2026-01-15T02:31:31.534604,SES-51d2a4e3,mobile,Firefox,social,,,,,0.0,wireless headphones,0,0,0,
471b07de-bf72-4277-93c6-289d49a6985c,EVT-001020,USER-00218,click,2025-10-22T16:53:58.691294,SES-226c5a88,desktop,Safari,email,PROD-00003,Penfolds Grange,Red Wine,Wine,390.13,,276,0,0,
b38a5709-8d20-47ba-badd-50d91780ba49,EVT-001021,USER-00107,search,2025-11-14T07:00:25.178095,SES-82bdaa2c,desktop,Firefox,organic,,,,,0.0,home office chair,0,0,0,
dd0e753b-f681-45dd-85de-804970ab2fab,EVT-001022,USER-00147,add_to_cart,2025-12-11T16:34:18.375599,SES-f0fe1c76,mobile,Chrome,email,PROD-01416,REI Flash 55 Pack,Outdoor Gear,Sports,517.67,,0,1,0,
c65a68fa-93c6-418d-9c6f-307149f803c4,EVT-001023,USER-00048,wishlist,2025-11-19T17:12:12.207342,SES-90e9f073,tablet,Safari,organic,PROD-01844,Samsung Galaxy Watch 6,Smartwatches,Electronics,790.52,,0,0,0,
accbc555-150d-4877-909c-8bb83e30fb02,EVT-001024,USER-00154,search,2026-01-13T17:55:42.537805,SES-242aeba9,tablet,Chrome,organic,,,,,0.0,red wine gift,0,0,0,
ce9c7bfc-1669-4a98-bc4d-a37217d18739,EVT-001025,USER-00144,view,2025-12-16T20:28:08.869332,SES-d979d37c,tablet,Edge,direct,PROD-01196,Oral-B iO Series 9,Personal Care,Healthcare,285.71,,125,0,0,
bb0bb263-5992-4e93-891d-e7d1493cb56d,EVT-001026,USER-00001,view,2026-01-17T00:10:17.253802,SES-bae045b2,desktop,Safari,direct,PROD-00512,Dom Pérignon Rosé 2009,Champagne,Wine,415.51,,398,0,0,
86891a28-f3a0-4c31-8362-8cf40051321e,EVT-001027,USER-00023,search,2025-10-28T00:03:21.037159,SES-19b9c72f,desktop,Chrome,social,,,,,0.0,gaming laptop,0,0,0,
bbfeaaab-223b-41fc-8f0f-c481876a678c,EVT-001028,USER-00155,search,2025-11-28T14:32:49.114149,SES-1cd960ab,mobile,Firefox,social,,,,,0.0,wireless headphones,0,0,0,
1e27d26b-c420-4904-af1e-38e7b648b10e,EVT-001029,USER-00218,click,2025-11-04T14:43:32.228041,SES-821c84c2,desktop,Safari,email,PROD-00003,Penfolds Grange,Red Wine,Wine,390.13,,276,0,0,
f401590e-ee3f-44b5-8172-90ea7ad10a72,EVT-001030,USER-00107,search,2026-01-04T16:36:32.169952,SES-1593edc5,desktop,Firefox,organic,,,,,0.0,home office chair,0,0,0,
fbc56667-6985-4da2-8340-c8a3d1bceb3b,EVT-001031,USER-00147,add_to_cart,2025-12-30T11:39:23.627309,SES-ac08509f,mobile,Chrome,email,PROD-01416,REI Flash 55 Pack,Outdoor Gear,Sports,517.67,,0,1,0,
75b87317-2168-4d9c-9db6-b9cc55c18d14,EVT-001032,USER-00048,wishlist,2026-01-03T07:13:49.837021,SES-6d7d74dd,tablet,Safari,organic,PROD-01844,Samsung Galaxy Watch 6,Smartwatches,Electronics,790.52,,0,0,0,
b473a22c-9106-408e-a317-c9ccd11b32f7,EVT-001033,USER-00154,search,2026-01-16T06:06:09.924973,SES-81a45cc0,tablet,Chrome,organic,,,,,0.0,red wine gift,0,0,0,
a4ad2e96-1cc8-4d04-820a-7f9a407f0156,EVT-001034,USER-00144,view,2025-11-13T11:51:21.775076,SES-9f7c41ff,tablet,Edge,direct,PROD-01196,Oral-B iO Series 9,Personal Care,Healthcare,285.71,,125,0,0,
a7a4290a-2d4a-434f-a88d-add7447ecb9c,EVT-001035,USER-00001,view,2026-01-01T10:34:17.717848,SES-cd66c444,desktop,Safari,direct,PROD-00512,Dom Pérignon Rosé 2009,Champagne,Wine,415.51,,398,0,0,
0ae1aa1c-9444-4393-8b45-266722bc22a4,EVT-001036,USER-00023,search,2025-12-19T19:40:43.041438,SES-53b4d472,desktop,Chrome,social,,,,,0.0,gaming laptop,0,0,0,
7b5d42c0-ba96-417e-903d-9f3ec3f4095b,EVT-001037,USER-00155,search,2025-11-26T20:41:42.389615,SES-4a3ea40f,mobile,Firefox,social,,,,,0.0,wireless headphones,0,0,0,
da0b6032-5e76-4a3d-8224-842063056522,EVT-001038,USER-00218,click,2025-11-09T01:49:04.211545,SES-b65b5110,desktop,Safari,email,PROD-00003,Penfolds Grange,Red Wine,Wine,390.13,,276,0,0,
7583c60a-01d6-4ea0-bdd4-67e30dfd113a,EVT-001039,USER-00107,search,2026-01-05T18:17:11.510593,SES-2bef7448,desktop,Firefox,organic,,,,,0.0,home office chair,0,0,0,
b73b0f49-6ac5-4a97-a0a1-eb950a2a3fd7,EVT-001040,USER-00147,add_to_cart,2025-10-29T00:29:03.018353,SES-7a3b8c5c,mobile,Chrome,email,PROD-01416,REI Flash 55 Pack,Outdoor Gear,Sports,517.67,,0,1,0,
19bf069b-94fe-4dad-b516-6e299df41fb6,EVT-001041,USER-00048,wishlist,2026-01-17T08:59:15.706090,SES-1488e724,tablet,Safari,organic,PROD-01844,Samsung Galaxy Watch 6,Smartwatches,Electronics,790.52,,0,0,0,
79e60e68-22f0-4c61-8099-6a2bf2f531a0,EVT-001042,USER-00154,search,2025-11-16T12:45:59.168478,SES-a24df599,tablet,Chrome,organic,,,,,0.0,red wine gift,0,0,0,
0406ff7a-5a5a-45e3-9dcc-211f15f0d3aa,EVT-001043,USER-00144,view,2026-01-11T00:14:05.976354,SES-8a94831c,tablet,Edge,direct,PROD-01196,Oral-B iO Series 9,Personal Care,Healthcare,285.71,,125,0,0,
8e9d91f2-5e02-4cb5-b54c-30411848f6b7,EVT-001044,USER-00001,view,2025-11-02T18:50:02.777021,SES-de37c686,desktop,Safari,direct,PROD-00512,Dom Pérignon Rosé 2009,Champagne,Wine,415.51,,398,0,0,
75f4ea0e-848c-47cc-a18c-6bef363de675,EVT-001045,USER-00023,search,2025-12-28T05:47:26.163091,SES-b004133b,desktop,Chrome,social,,,,,0.0,gaming laptop,0,0,0,
3ed13f53-2792-44a4-9a7c-7ed2d44de29a,EVT-001046,USER-00155,search,2026-01-15T15:54:45.438401,SES-914e3ca1,mobile,Firefox,social,,,,,0.0,wireless headphones,0,0,0,
d4d7c0fb-913e-451f-8ed5-25ea2210b8e3,EVT-001047,USER-00218,click,2025-11-05T08:07:25.064896,SES-a479b16c,desktop,Safari,email,PROD-00003,Penfolds Grange,Red Wine,Wine,390.13,,276,0,0,
4455013a-be52-468c-b408-160cbbe8337d,EVT-001048,USER-00107,search,2025-12-01T13:50:22.418609,SES-7300ba07,desktop,Firefox,organic,,,,,0.0,home office chair,0,0,0,
16d64f1a-edbe-4630-81b7-0f4b90ccd42f,EVT-001049,USER-00147,add_to_cart,2025-12-22T04:10:12.223338,SES-d292c342,mobile,Chrome,email,PROD-01416,REI Flash 55 Pack,Outdoor Gear,Sports,517.67,,0,1,0,
56ee8683-46a7-48c0-8055-a53fced079eb,EVT-001050,USER-00048,wishlist,2025-12-30T02:59:54.812734,SES-26a4fc1d,tablet,Safari,organic,PROD-01844,Samsung Galaxy Watch 6,Smartwatches,Electronics,790.52,,0,0,0,
26c6903c-0d3d-4010-91f1-774165033bb2,EVT-001051,USER-00154,search,2025-10-23T15:23:49.029271,SES-09c7d670,tablet,Chrome,organic,,,,,0.0,red wine gift,0,0,0,
7fef99cf-053a-43ef-aa1b-6a97cd5123a9,EVT-001052,USER-00144,view,2025-11-02T05:29:11.694433,SES-dfc8151b,tablet,Edge,direct,PROD-01196,Oral-B iO Series 9,Personal Care,Healthcare,285.71,,125,0,0,
3df2294f-4357-4b24-b36d-8adb48142332,EVT-001053,USER-00001,view,2025-11-19T16:14:33.753130,SES-3dac70fa,desktop,Safari,direct,PROD-00512,Dom Pérignon Rosé 2009,Champagne,Wine,415.51,,398,0,0,
ff4b54bf-0066-408a-8b34-eb6a655b3fb1,EVT-001054,USER-00023,search,2025-10-31T21:46:41.549618,SES-b27b1643,desktop,Chrome,social,,,,,0.0,gaming laptop,0,0,0,
57538bfe-6789-499d-9f5a-7e1a6a1f0e7f,EVT-001055,USER-00155,search,2025-12-18T05:47:40.641307,SES-2121ccbb,mobile,Firefox,social,,,,,0.0,wireless headphones,0,0,0,
241b5e02-5e77-4748-98c1-7133f704660d,EVT-001056,USER-00218,click,2025-12-04T01:43:55.168618,SES-1b3dc55e,desktop,Safari,email,PROD-00003,Penfolds Grange,Red Wine,Wine,390.13,,276,0,0,
039e9a0e-2246-44c8-9971-45fedce403ae,EVT-001057,USER-00107,search,2025-12-21T02:38:46.073350,SES-fe8dc82a,desktop,Firefox,organic,,,,,0.0,home office chair,0,0,0,
c67ed8f8-ea81-4dab-ae09-49ffcef71f12,EVT-001058,USER-00147,add_to_cart,2025-11-18T13:35:30.546679,SES-e9ad069a,mobile,Chrome,email,PROD-01416,REI Flash 55 Pack,Outdoor Gear,Sports,517.67,,0,1,0,
87c783d2-35e1-463a-8b97-8e54f48e935e,EVT-001059,USER-00048,wishlist,2025-11-02T21:50:35.296579,SES-6b979942,tablet,Safari,organic,PROD-01844,Samsung Galaxy Watch 6,Smartwatches,Electronics,790.52,,0,0,0,
bd8f547d-52c3-4bda-996e-731f208649e5,EVT-001060,USER-00154,search,2025-12-28T12:49:30.618557,SES-90caf110,tablet,Chrome,organic,,,,,0.0,red wine gift,0,0,0,
48a98471-0136-490c-b46e-b3f046da1464,EVT-001061,USER-00144,view,2025-12-02T13:34:10.136947,SES-10e43482,tablet,Edge,direct,PROD-01196,Oral-B iO Series 9,Personal Care,Healthcare,285.71,,125,0,0,
cda8f917-77d8-4772-b1da-06706259bcff,EVT-001062,USER-00001,view,2025-10-29T00:12:20.652502,SES-2887a093,desktop,Safari,direct,PROD-00512,Dom Pérignon Rosé 2009,Champagne,Wine,415.51,,398,0,0,
03a4491f-83b7-45c3-be7f-3ff7bafb0e0a,EVT-001063,USER-00023,search,2026-01-18T18:45:38.253197,SES-580d8182,desktop,Chrome,social,,,,,0.0,gaming laptop,0,0,0,
ea092c5f-18bd-40b4-8713-230a979304bc,EVT-001064,USER-00155,search,2026-01-12T14:49:44.934620,SES-a77f155b,mobile,Firefox,social,,,,,0.0,wireless headphones,0,0,0,
01b247ec-7a6d-47ad-a49c-c6773bee648d,EVT-001065,USER-00218,click,2025-11-22T09:30:38.031897,SES-fac94f5f,desktop,Safari,email,PROD-00003,Penfolds Grange,Red Wine,Wine,390.13,,276,0,0,
2be4574d-2170-4c8f-976d-320a3e23d408,EVT-001066,USER-00107,search,2025-11-16T03:52:40.277267,SES-272ff7d2,desktop,Firefox,organic,,,,,0.0,home office chair,0,0,0,
8d9dad0c-16fb-4ce7-bb0e-03f35028ac82,EVT-001067,USER-00147,add_to_cart,2026-01-19T14:07:41.353305,SES-f9372c39,mobile,Chrome,email,PROD-01416,REI Flash 55 Pack,Outdoor Gear,Sports,517.67,,0,1,0,
81ad7844-1027-4e5c-8ae2-3787b6e0e2f9,EVT-001068,USER-00048,wishlist,2025-11-26T00:10:46.302387,SES-3f9ff99d,tablet,Safari,organic,PROD-01844,Samsung Galaxy Watch 6,Smartwatches,Electronics,790.52,,0,0,0,
c465d9b7-cbfe-4c5c-be4a-a71c0ec27174,EVT-001069,USER-00154,search,2026-01-10T20:56:52.829907,SES-3877fb73,tablet,Chrome,organic,,,,,0.0,red wine gift,0,0,0,
b0049368-93bf-4f29-bab3-9279dd5fb30e,EVT-001070,USER-00144,view,2025-11-01T19:51:53.964508,SES-d7939e96,tablet,Edge,direct,PROD-01196,Oral-B iO Series 9,Personal Care,Healthcare,285.71,,125,0,0,
e20be532-3cf1-4a07-b91b-a71347d0635b,EVT-001071,USER-00001,view,2025-12-03T15:49:52.722595,SES-3a6eeaf0,desktop,Safari,direct,PROD-00512,Dom Pérignon Rosé 2009,Champagne,Wine,415.51,,398,0,0,
dfca7180-b034-4bb1-8c65-8d2e2e176ecb,EVT-001072,USER-00023,search,2025-12-14T07:41:22.393596,SES-8b8073ac,desktop,Chrome,social,,,,,0.0,gaming laptop,0,0,0,
65696dd7-9e94-42cc-8e7b-b69e14e28dfd,EVT-001073,USER-00155,search,2026-01-09T12:49:09.300129,SES-26909962,mobile,Firefox,social,,,,,0.0,wireless headphones,0,0,0,
bbf4f57c-c4f5-4874-8580-e666be62e727,EVT-001074,USER-00218,click,2025-12-23T21:38:22.513546,SES-03881e7d,desktop,Safari,email,PROD-00003,Penfolds Grange,Red Wine,Wine,390.13,,276,0,0,
eae2b14e-6352-418a-b20f-72dc3d99cf67,EVT-001075,USER-00107,search,2026-01-02T04:09:35.853269,SES-1fabb14c,desktop,Firefox,organic,,,,,0.0,home office chair,0,0,0,
025f37e2-a7ac-405d-aa2f-9748b5a6132a,EVT-001076,USER-00147,add_to_cart,2025-12-29T22:24:30.328139,SES-689d4bcb,mobile,Chrome,email,PROD-01416,REI Flash 55 Pack,Outdoor Gear,Sports,517.67,,0,1,0,
a838d931-4799-44e2-b55c-5d0198e18921,EVT-001077,USER-00048,wishlist,2025-11-11T21:20:38.430907,SES-381f7816,tablet,Safari,organic,PROD-01844,Samsung Galaxy Watch 6,Smartwatches,Electronics,790.52,,0,0,0,
e97ed688-fd09-492b-9e76-9a784b428c7d,EVT-001078,USER-00154,search,2025-10-31T22:43:27.087226,SES-8b2bba12,tablet,Chrome,organic,,,,,0.0,red wine gift,0,0,0,
0332129f-ab68-4c97-bd06-18a5bcc7c1a3,EVT-001079,USER-00144,view,2026-01-20T10:57:47.866391,SES-4c679853,tablet,Edge,direct,PROD-01196,Oral-B iO Series 9,Personal Care,Healthcare,285.71,,125,0,0,
ab12f11a-ae7f-4250-80b6-f01ce22b507d,EVT-001080,USER-00001,view,2025-12-15T23:17:54.747484,SES-6cbd6784,desktop,Safari,direct,PROD-00512,Dom Pérignon Rosé 2009,Champagne,Wine,415.51,,398,0,0,
733d5734-8a95-4098-bd93-262a36f39a73,EVT-001081,USER-00023,search,2025-12-15T14:04:38.330629,SES-bf5546b4,desktop,Chrome,social,,,,,0.0,gaming laptop,0,0,0,
c880f147-6a4d-4147-9402-2e6abe717aff,EVT-001082,USER-00155,search,2025-11-24T07:14:32.988722,SES-18e1e181,mobile,Firefox,social,,,,,0.0,wireless headphones,0,0,0,
85ccc350-a4c8-4c32-a434-d3365f5cfab7,EVT-001083,USER-00218,click,2026-01-08T21:57:22.373371,SES-762e8026,desktop,Safari,email,PROD-00003,Penfolds Grange,Red Wine,Wine,390.13,,276,0,0,
a2a5a567-dedd-41a5-9439-057ab7337dc2,EVT-001084,USER-00107,search,2025-12-21T12:20:33.908993,SES-1bb79ebc,desktop,Firefox,organic,,,,,0.0,home office chair,0,0,0,
ec40e0f8-4671-49c3-9829-1efc6da918ee,EVT-001085,USER-00147,add_to_cart,2026-01-05T23:25:39.095007,SES-7c4fcffd,mobile,Chrome,email,PROD-01416,REI Flash 55 Pack,Outdoor Gear,Sports,517.67,,0,1,0,
6852f890-5c6c-4b20-8cbf-387a7ac61cf6,EVT-001086,USER-00048,wishlist,2026-01-17T08:44:37.602469,SES-ea880fad,tablet,Safari,organic,PROD-01844,Samsung Galaxy Watch 6,Smartwatches,Electronics,790.52,,0,0,0,
a1fb39c0-122f-4519-aaf5-0a9e5dfffe36,EVT-001087,USER-00154,search,2025-11-29T14:57:06.940542,SES-a527587f,tablet,Chrome,organic,,,,,0.0,red wine gift,0,0,0,
d4d7f507-cae0-44c6-83c1-dedeab8dc660,EVT-001088,USER-00144,view,2025-12-19T02:20:42.840294,SES-0db96792,tablet,Edge,direct,PROD-01196,Oral-B iO Series 9,Personal Care,Healthcare,285.71,,125,0,0,
5e841532-09ca-4fff-bfcb-0babf2989ff9,EVT-001089,USER-00001,view,2026-01-08T12:53:49.485882,SES-3a7ec0be,desktop,Safari,direct,PROD-00512,Dom Pérignon Rosé 2009,Champagne,Wine,415.51,,398,0,0,
6c41e272-c75a-4dfe-a0e3-d1cd610130c1,EVT-001090,USER-00023,search,2025-11-16T21:22:31.919732,SES-e5256ac1,desktop,Chrome,social,,,,,0.0,gaming laptop,0,0,0,
2cdcfcf2-28da-491f-acf7-5d0f934cc378,EVT-001091,USER-00155,search,2025-12-26T20:05:20.210466,SES-23a96121,mobile,Firefox,social,,,,,0.0,wireless headphones,0,0,0,
66531e2e-c64e-4867-8939-bdee45c63d6d,EVT-001092,USER-00218,click,2025-11-16T12:00:20.185973,SES-79c86bd3,desktop,Safari,email,PROD-00003,Penfolds Grange,Red Wine,Wine,390.13,,276,0,0,
3819ed74-0ffc-48d4-9cb9-7ae15c5dba16,EVT-001093,USER-00107,search,2025-11-14T07:44:41.179056,SES-837506ed,desktop,Firefox,organic,,,,,0.0,home office chair,0,0,0,
19768dc6-8127-4368-acd3-7c21d3e0e49d,EVT-001094,USER-00147,add_to_cart,2025-12-07T09:02:04.937716,SES-d76d2dfa,mobile,Chrome,email,PROD-01416,REI Flash 55 Pack,Outdoor Gear,Sports,517.67,,0,1,0,
2c510c24-1765-4924-ab5d-e7cca0c63078,EVT-001095,USER-00048,wishlist,2025-11-29T10:34:11.312526,SES-cae9f409,tablet,Safari,organic,PROD-01844,Samsung Galaxy Watch 6,Smartwatches,Electronics,790.52,,0,0,0,
fb4c5aed-59d4-4fba-b245-3159ec6f4d3e,EVT-001096,USER-00154,search,2026-01-05T22:32:08.619220,SES-69d0e02e,tablet,Chrome,organic,,,,,0.0,red wine gift,0,0,0,
24753299-8833-49a2-a29b-7c482faae713,EVT-001097,USER-00144,view,2026-01-19T03:36:10.487195,SES-41bd0fb6,tablet,Edge,direct,PROD-01196,Oral-B iO Series 9,Personal Care,Healthcare,285.71,,125,0,0,
368b0d78-78d2-47bd-a9ac-12b156636de0,EVT-001098,USER-00001,view,2025-10-30T03:37:02.968625,SES-af6df392,desktop,Safari,direct,PROD-00512,Dom Pérignon Rosé 2009,Champagne,Wine,415.51,,398,0,0,
af2f8b7a-bddd-4e43-8001-a407bf0a0543,EVT-001099,USER-00023,search,2025-10-31T18:34:43.520588,SES-56a84cb0,desktop,Chrome,social,,,,,0.0,gaming laptop,0,0,0,
9d619590-36b8-4cef-a6df-9b127ac3ead6,EVT-001100,USER-00155,search,2026-01-03T05:04:38.821050,SES-498e2880,mobile,Firefox,social,,,,,0.0,wireless headphones,0,0,0,
5e71dc7b-fc46-4ceb-98d7-51f9c22d5064,EVT-001101,USER-00218,click,2025-11-13T12:27:48.048478,SES-b589c276,desktop,Safari,email,PROD-00003,Penfolds Grange,Red Wine,Wine,390.13,,276,0,0,
3e50a57d-e002-46f3-b4fc-479aa87821b1,EVT-001102,USER-00107,search,2025-12-06T05:17:03.018325,SES-dc12cb68,desktop,Firefox,organic,,,,,0.0,home office chair,0,0,0,
b93f701c-add1-4c01-9b08-e74a073ee64c,EVT-001103,USER-00147,add_to_cart,2025-12-14T20:52:41.596217,SES-31ee9965,mobile,Chrome,email,PROD-01416,REI Flash 55 Pack,Outdoor Gear,Sports,517.67,,0,1,0,
686b6dec-f23a-46b3-b4ea-b50d57d46c9c,EVT-001104,USER-00048,wishlist,2025-12-21T13:53:36.117724,SES-d68d26ad,tablet,Safari,organic,PROD-01844,Samsung Galaxy Watch 6,Smartwatches,Electronics,790.52,,0,0,0,
1e1484b0-ece8-493f-bb41-7c7d91b45705,EVT-001105,USER-00154,search,2025-11-01T00:42:04.368620,SES-e13e6532,tablet,Chrome,organic,,,,,0.0,red wine gift,0,0,0,
a56e7a00-a9f9-472d-812d-a4f9cd4d6fe0,EVT-001106,USER-00144,view,2025-12-31T22:55:37.906608,SES-31b97e0e,tablet,Edge,direct,PROD-01196,Oral-B iO Series 9,Personal Care,Healthcare,285.71,,125,0,0,
234dcde3-45d8-4ac7-b97e-5c45893e71b9,EVT-001107,USER-00001,view,2025-12-25T10:33:31.192609,SES-aba90e5c,desktop,Safari,direct,PROD-00512,Dom Pérignon Rosé 2009,Champagne,Wine,415.51,,398,0,0,
7ea58566-ff1a-48a1-baac-ec015628f682,EVT-001108,USER-00023,search,2025-12-12T03:11:04.832275,SES-013a97a9,desktop,Chrome,social,,,,,0.0,gaming laptop,0,0,0,
a7fa9cb9-a6bc-4403-acb2-5f50b5bd2602,EVT-001109,USER-00155,search,2026-01-06T00:56:44.916263,SES-981c3b74,mobile,Firefox,social,,,,,0.0,wireless headphones,0,0,0,
ac292a32-b86d-4dc6-bd89-79ea2c3b6063,EVT-001110,USER-00218,click,2025-11-25T11:54:43.515851,SES-38fcd184,desktop,Safari,email,PROD-00003,Penfolds Grange,Red Wine,Wine,390.13,,276,0,0,
23613bac-b4e6-4b55-84e9-b9b7c462281a,EVT-001111,USER-00107,search,2025-12-08T09:06:14.724808,SES-905a9810,desktop,Firefox,organic,,,,,0.0,home office chair,0,0,0,
38b4779d-933a-4f87-8e8d-b056374bf4b9,EVT-001112,USER-00147,add_to_cart,2026-01-13T22:39:39.284065,SES-1f91d641,mobile,Chrome,email,PROD-01416,REI Flash 55 Pack,Outdoor Gear,Sports,517.67,,0,1,0,
fa85315e-0322-48e7-ac31-a31b77ff3f64,EVT-001113,USER-00048,wishlist,2025-11-26T02:31:27.258169,SES-e0bc3d1b,tablet,Safari,organic,PROD-01844,Samsung Galaxy Watch 6,Smartwatches,Electronics,790.52,,0,0,0,
692f24fa-7ff7-4236-867c-7e06ac7fe575,EVT-001114,USER-00154,search,2025-12-15T19:43:35.113080,SES-6c9a8bed,tablet,Chrome,organic,,,,,0.0,red wine gift,0,0,0,
9913f470-dc7e-42d6-9d14-3ea1df15d4a7,EVT-001115,USER-00144,view,2025-12-14T19:16:36.436677,SES-db46ffc5,tablet,Edge,direct,PROD-01196,Oral-B iO Series 9,Personal Care,Healthcare,285.71,,125,0,0,
72c31b12-fcfd-4153-82c0-6b3bedf83cc7,EVT-001116,USER-00001,view,2026-01-02T02:18:42.350985,SES-50faf559,desktop,Safari,direct,PROD-00512,Dom Pérignon Rosé 2009,Champagne,Wine,415.51,,398,0,0,
3b5105c0-5743-490a-bcab-e6d911b2e579,EVT-001117,USER-00023,search,2026-01-16T12:55:48.811295,SES-73f41d7b,desktop,Chrome,social,,,,,0.0,gaming laptop,0,0,0,
fbf093da-724d-41c3-a630-c22ac823e5c4,EVT-001118,USER-00155,search,2025-12-13T11:29:13.079538,SES-150af9c3,mobile,Firefox,social,,,,,0.0,wireless headphones,0,0,0,
479a6d3d-d712-49cd-89ca-7150dc39769b,EVT-001119,USER-00218,click,2025-11-02T05:52:41.875575,SES-50e592ae,desktop,Safari,email,PROD-00003,Penfolds Grange,Red Wine,Wine,390.13,,276,0,0,
ca606c7f-23b6-423a-9da5-0d5b0b9dd412,EVT-001120,USER-00107,search,2025-12-30T10:26:31.524038,SES-a590ca1d,desktop,Firefox,organic,,,,,0.0,home office chair,0,0,0,
a7db692d-d9e5-437f-9648-b0e4df94596f,EVT-001121,USER-00147,add_to_cart,2025-11-24T03:14:58.636109,SES-804f37d1,mobile,Chrome,email,PROD-01416,REI Flash 55 Pack,Outdoor Gear,Sports,517.67,,0,1,0,
56c6ffc5-09e0-4588-86b5-340471886e55,EVT-001122,USER-00048,wishlist,2025-12-22T04:58:19.648623,SES-b4cedac6,tablet,Safari,organic,PROD-01844,Samsung Galaxy Watch 6,Smartwatches,Electronics,790.52,,0,0,0,
a1d90a6b-1a9a-41a4-a370-41117f20ec99,EVT-001123,USER-00154,search,2026-01-12T00:19:16.981845,SES-91224f46,tablet,Chrome,organic,,,,,0.0,red wine gift,0,0,0,
e6157e76-db43-46ac-849f-0a5bab3cd14e,EVT-001124,USER-00144,view,2025-11-29T15:17:13.843367,SES-6e5a701d,tablet,Edge,direct,PROD-01196,Oral-B iO Series 9,Personal Care,Healthcare,285.71,,125,0,0,
6ed20be5-aaf6-46bc-8dcf-372ac9a8639f,EVT-001125,USER-00001,view,2025-11-27T02:37:30.896740,SES-4a2fef2b,desktop,Safari,direct,PROD-00512,Dom Pérignon Rosé 2009,Champagne,Wine,415.51,,398,0,0,
16812ef5-0d2c-4bf3-bb3e-4c48c049cdda,EVT-001126,USER-00023,search,2025-12-28T15:50:41.816841,SES-a4fe792e,desktop,Chrome,social,,,,,0.0,gaming laptop,0,0,0,
62182cf1-9ed7-4f9a-b5eb-a1411f27d688,EVT-001127,USER-00155,search,2025-11-22T22:18:48.428912,SES-d773b541,mobile,Firefox,social,,,,,0.0,wireless headphones,0,0,0,
66939a89-39b1-4ef7-b3df-7af632f3e86b,EVT-001128,USER-00218,click,2026-01-01T14:30:37.268552,SES-abe2385c,desktop,Safari,email,PROD-00003,Penfolds Grange,Red Wine,Wine,390.13,,276,0,0,
3ceee59c-9fb4-460a-8963-afad1a1fde24,EVT-001129,USER-00107,search,2026-01-07T08:57:33.067211,SES-bc6ae373,desktop,Firefox,organic,,,,,0.0,home office chair,0,0,0,
84879007-130b-4055-af7a-7bc9ef8011b5,EVT-001130,USER-00147,add_to_cart,2025-12-13T06:33:39.117657,SES-656cabb6,mobile,Chrome,email,PROD-01416,REI Flash 55 Pack,Outdoor Gear,Sports,517.67,,0,1,0,
2152796a-9905-4920-8665-4fbd636c6fd4,EVT-001131,USER-00048,wishlist,2025-12-08T17:18:32.679270,SES-b45a34c2,tablet,Safari,organic,PROD-01844,Samsung Galaxy Watch 6,Smartwatches,Electronics,790.52,,0,0,0,
5fe56077-7d37-41e6-baef-5204267239f8,EVT-001132,USER-00154,search,2026-01-15T06:57:40.882792,SES-7986505b,tablet,Chrome,organic,,,,,0.0,red wine gift,0,0,0,
f3440013-b0c3-4cf5-ab76-4d858327bd3d,EVT-001133,USER-00144,view,2026-01-03T20:33:46.380283,SES-fe727661,tablet,Edge,direct,PROD-01196,Oral-B iO Series 9,Personal Care,Healthcare,285.71,,125,0,0,
6ee14713-e6c9-455a-b8b3-7bb9adb04c92,EVT-001134,USER-00001,view,2025-12-18T04:52:17.283359,SES-42a34e6a,desktop,Safari,direct,PROD-00512,Dom Pérignon Rosé 2009,Champagne,Wine,415.51,,398,0,0,
ca910e97-1690-41be-9e83-55e876edcf15,EVT-001135,USER-00023,search,2025-12-31T15:49:05.882555,SES-c9927e6c,desktop,Chrome,social,,,,,0.0,gaming laptop,0,0,0,
8ea05144-d728-4831-88e5-8445b4d641b8,EVT-001136,USER-00155,search,2025-12-21T21:19:24.610939,SES-41e31d48,mobile,Firefox,social,,,,,0.0,wireless headphones,0,0,0,
5df022dd-20bb-41a8-b69b-a69253501c00,EVT-001137,USER-00218,click,2025-10-24T23:31:10.081938,SES-f9bbace6,desktop,Safari,email,PROD-00003,Penfolds Grange,Red Wine,Wine,390.13,,276,0,0,
ca49a876-02a2-4ecb-8726-764456a86472,EVT-001138,USER-00107,search,2025-12-12T16:42:16.659473,SES-bd414a39,desktop,Firefox,organic,,,,,0.0,home office chair,0,0,0,
44026e2c-75a9-482c-bee6-0ae407c3e469,EVT-001139,USER-00147,add_to_cart,2025-10-24T20:17:16.035078,SES-058f97f7,mobile,Chrome,email,PROD-01416,REI Flash 55 Pack,Outdoor Gear,Sports,517.67,,0,1,0,
21188172-a25f-48b2-b99f-663d8586d6e4,EVT-001140,USER-00048,wishlist,2026-01-15T19:23:14.318675,SES-96b16360,tablet,Safari,organic,PROD-01844,Samsung Galaxy Watch 6,Smartwatches,Electronics,790.52,,0,0,0,
43380beb-ed98-4165-ba44-750c88d5eddc,EVT-001141,USER-00154,search,2025-10-31T13:33:10.462179,SES-2388d666,tablet,Chrome,organic,,,,,0.0,red wine gift,0,0,0,
25459c35-f8cb-4430-b74f-1d6acb9269a4,EVT-001142,USER-00144,view,2026-01-13T12:46:56.531564,SES-e2348f61,tablet,Edge,direct,PROD-01196,Oral-B iO Series 9,Personal Care,Healthcare,285.71,,125,0,0,
c5e6b6d1-c8ca-44e7-acbb-19bdf5a958f5,EVT-001143,USER-00001,view,2026-01-02T20:13:46.433838,SES-9f427265,desktop,Safari,direct,PROD-00512,Dom Pérignon Rosé 2009,Champagne,Wine,415.51,,398,0,0,
57ec18c8-7bbc-45c8-9063-94bb45bc6a97,EVT-001144,USER-00023,search,2025-12-27T06:53:59.090208,SES-2cda69ad,desktop,Chrome,social,,,,,0.0,gaming laptop,0,0,0,
f8b4614d-2d14-4b5f-916b-9a3ba26cc096,EVT-001145,USER-00155,search,2026-01-07T02:54:17.328643,SES-a4f45a79,mobile,Firefox,social,,,,,0.0,wireless headphones,0,0,0,
da3e9b05-fcd5-4890-89e5-ac0fdce17a27,EVT-001146,USER-00218,click,2025-11-14T11:43:35.617274,SES-5490577a,desktop,Safari,email,PROD-00003,Penfolds Grange,Red Wine,Wine,390.13,,276,0,0,
bbdf786c-8d4a-4754-9fdf-4880d41c4df4,EVT-001147,USER-00107,search,2026-01-04T07:48:41.931464,SES-244f15b5,desktop,Firefox,organic,,,,,0.0,home office chair,0,0,0,
b8e4baa8-b12c-44d5-b7e8-10f7a12d1b99,EVT-001148,USER-00147,add_to_cart,2025-11-22T15:16:59.658347,SES-667fb6da,mobile,Chrome,email,PROD-01416,REI Flash 55 Pack,Outdoor Gear,Sports,517.67,,0,1,0,
4f5be82b-79ce-4ed2-b736-8434a6312bc2,EVT-001149,USER-00048,wishlist,2026-01-18T07:04:03.681453,SES-27dc3fb1,tablet,Safari,organic,PROD-01844,Samsung Galaxy Watch 6,Smartwatches,Electronics,790.52,,0,0,0,
c796bcd0-26e0-40de-97b3-a03b1882b190,EVT-001150,USER-00154,search,2025-11-14T01:19:48.619394,SES-ad2585b9,tablet,Chrome,organic,,,,,0.0,red wine gift,0,0,0,
977b2455-4762-41f1-adaf-6bc1deb15a5f,EVT-001151,USER-00144,view,2025-12-01T19:30:39.349245,SES-d4c6c494,tablet,Edge,direct,PROD-01196,Oral-B iO Series 9,Personal Care,Healthcare,285.71,,125,0,0,
0d58d63d-37d5-49e9-bdb6-78a3d017fb8c,EVT-001152,USER-00001,view,2025-10-26T23:22:54.901369,SES-6243f69c,desktop,Safari,direct,PROD-00512,Dom Pérignon Rosé 2009,Champagne,Wine,415.51,,398,0,0,
470b8d8c-3b68-44af-a92b-cb2f12279bfe,EVT-001153,USER-00023,search,2025-12-02T21:51:27.756857,SES-4bcae87e,desktop,Chrome,social,,,,,0.0,gaming laptop,0,0,0,
9d9b1eba-0d86-4fb4-b208-fde23ce0f2e1,EVT-001154,USER-00155,search,2026-01-19T20:38:35.966586,SES-7b2707e4,mobile,Firefox,social,,,,,0.0,wireless headphones,0,0,0,
bbbac47c-7a07-4475-aec5-546b082bb557,EVT-001155,USER-00218,click,2025-11-15T08:35:27.672965,SES-7b30f460,desktop,Safari,email,PROD-00003,Penfolds Grange,Red Wine,Wine,390.13,,276,0,0,
4ffb619d-73b2-47ac-b6e4-2776b37bb855,EVT-001156,USER-00107,search,2026-01-02T02:24:01.606779,SES-4dc96a32,desktop,Firefox,organic,,,,,0.0,home office chair,0,0,0,
d8ad6d9b-ebe0-4453-893b-8c3971cddbb1,EVT-001157,USER-00147,add_to_cart,2025-11-10T12:23:55.798065,SES-b0ea8abc,mobile,Chrome,email,PROD-01416,REI Flash 55 Pack,Outdoor Gear,Sports,517.67,,0,1,0,
2ca62fbf-d07a-45be-a2a8-dc2e8f780ecc,EVT-001158,USER-00048,wishlist,2025-12-31T01:04:59.040194,SES-0b8bccd5,tablet,Safari,organic,PROD-01844,Samsung Galaxy Watch 6,Smartwatches,Electronics,790.52,,0,0,0,
9dccb55a-0e04-4108-9afb-52115eaf6f29,EVT-001159,USER-00154,search,2025-12-10T22:15:20.520875,SES-47e3f829,tablet,Chrome,organic,,,,,0.0,red wine gift,0,0,0,
aeb9634c-be9e-4297-a898-fa65158a2a27,EVT-001160,USER-00144,view,2025-11-20T15:23:56.828291,SES-4999875d,tablet,Edge,direct,PROD-01196,Oral-B iO Series 9,Personal Care,Healthcare,285.71,,125,0,0,
e01ad37c-f796-4875-b48d-2035617b2d72,EVT-001161,USER-00001,view,2025-11-27T18:59:20.107306,SES-c2d1806a,desktop,Safari,direct,PROD-00512,Dom Pérignon Rosé 2009,Champagne,Wine,415.51,,398,0,0,
7bf6540f-16b3-4a51-a790-440cbdf36c74,EVT-001162,USER-00023,search,2025-11-23T00:58:49.369505,SES-f9053058,desktop,Chrome,social,,,,,0.0,gaming laptop,0,0,0,
a5d0e6c7-fa91-4638-acae-7865732c547c,EVT-001163,USER-00155,search,2026-01-04T01:32:59.462878,SES-88fbeebd,mobile,Firefox,social,,,,,0.0,wireless headphones,0,0,0,
df18206c-604b-4478-be3d-7e3759b58c79,EVT-001164,USER-00218,click,2026-01-06T16:43:50.520944,SES-1c52d43c,desktop,Safari,email,PROD-00003,Penfolds Grange,Red Wine,Wine,390.13,,276,0,0,
ddc6d512-0f1c-4de4-8014-a1b4a15f4813,EVT-001165,USER-00107,search,2026-01-07T18:29:31.092475,SES-99e687ef,desktop,Firefox,organic,,,,,0.0,home office chair,0,0,0,
c79d5fbe-41c7-4528-a174-4c600c3db37c,EVT-001166,USER-00147,add_to_cart,2025-11-21T17:03:52.162176,SES-d901759f,mobile,Chrome,email,PROD-01416,REI Flash 55 Pack,Outdoor Gear,Sports,517.67,,0,1,0,
181ba6f1-81e7-4af9-a07d-31f6d57fa7e4,EVT-001167,USER-00048,wishlist,2025-12-17T03:33:56.604416,SES-bbe79501,tablet,Safari,organic,PROD-01844,Samsung Galaxy Watch 6,Smartwatches,Electronics,790.52,,0,0,0,
017b54f3-3aa7-4698-a4a0-f103efbb6675,EVT-001168,USER-00154,search,2025-12-28T06:13:55.120704,SES-75874638,tablet,Chrome,organic,,,,,0.0,red wine gift,0,0,0,
f117aee8-435e-48a6-8c86-bf0f126b62d3,EVT-001169,USER-00144,view,2026-01-05T22:24:17.411521,SES-81b651cd,tablet,Edge,direct,PROD-01196,Oral-B iO Series 9,Personal Care,Healthcare,285.71,,125,0,0,
f4c70b07-5dc7-4d8a-9e5f-fd12b10e0688,EVT-001170,USER-00001,view,2025-11-12T03:41:20.501455,SES-bf7d7c7d,desktop,Safari,direct,PROD-00512,Dom Pérignon Rosé 2009,Champagne,Wine,415.51,,398,0,0,
741c1222-f5b7-46b3-ad28-884520dd6cda,EVT-001171,USER-00023,search,2026-01-05T06:05:28.866237,SES-ab87624c,desktop,Chrome,social,,,,,0.0,gaming laptop,0,0,0,
7d4dd4f5-cb74-48d6-9e38-265bb59a3fd6,EVT-001172,USER-00155,search,2025-10-31T18:56:23.551741,SES-5d15dcc0,mobile,Firefox,social,,,,,0.0,wireless headphones,0,0,0,
e03989ff-25b8-440d-8227-e819b7a9aa63,EVT-001173,USER-00218,click,2025-12-26T15:31:39.627455,SES-6a35a20e,desktop,Safari,email,PROD-00003,Penfolds Grange,Red Wine,Wine,390.13,,276,0,0,
dece600f-b52a-42c6-bf3b-5de1c00dcff9,EVT-001174,USER-00107,search,2025-12-19T05:21:05.712721,SES-49f334e7,desktop,Firefox,organic,,,,,0.0,home office chair,0,0,0,
6dceb9cf-f373-476a-92bb-c1d6b5cf7179,EVT-001175,USER-00147,add_to_cart,2025-11-19T20:03:08.706721,SES-a584d4a7,mobile,Chrome,email,PROD-01416,REI Flash 55 Pack,Outdoor Gear,Sports,517.67,,0,1,0,
3ef32aa3-d687-4709-955b-68f6692ec7a8,EVT-001176,USER-00048,wishlist,2025-12-06T10:04:19.381163,SES-755e1845,tablet,Safari,organic,PROD-01844,Samsung Galaxy Watch 6,Smartwatches,Electronics,790.52,,0,0,0,
20f88992-1186-4a21-a5bf-2d9ce98a1dd5,EVT-001177,USER-00154,search,2025-11-08T10:18:39.124341,SES-deaca71e,tablet,Chrome,organic,,,,,0.0,red wine gift,0,0,0,
e8d17fe2-3351-407e-9ed0-8fbe8431cac8,EVT-001178,USER-00144,view,2025-11-26T02:45:36.083598,SES-0c14b5d1,tablet,Edge,direct,PROD-01196,Oral-B iO Series 9,Personal Care,Healthcare,285.71,,125,0,0,
ebf2cf33-7b6c-401e-8b25-592bf848bfd6,EVT-001179,USER-00001,view,2025-11-15T11:50:43.727936,SES-65389804,desktop,Safari,direct,PROD-00512,Dom Pérignon Rosé 2009,Champagne,Wine,415.51,,398,0,0,
a6834855-f398-4802-963a-7e684b6fee05,EVT-001180,USER-00023,search,2025-12-25T08:06:40.966267,SES-5bf2fca7,desktop,Chrome,social,,,,,0.0,gaming laptop,0,0,0,
c3d564f3-ac44-451d-a599-f6edc5d66c44,EVT-001181,USER-00155,search,2025-11-23T05:25:07.202803,SES-4b941496,mobile,Firefox,social,,,,,0.0,wireless headphones,0,0,0,
c7cd116b-67b7-4f81-a190-2b9a7db879c1,EVT-001182,USER-00218,click,2026-01-03T04:52:27.959240,SES-f0a3fbbf,desktop,Safari,email,PROD-00003,Penfolds Grange,Red Wine,Wine,390.13,,276,0,0,
4e2f5f61-6131-4b34-99d6-02d994d219f3,EVT-001183,USER-00107,search,2026-01-11T07:01:16.074479,SES-7c9900dd,desktop,Firefox,organic,,,,,0.0,home office chair,0,0,0,
2573223a-cc69-40d9-ac63-d025818d889e,EVT-001184,USER-00147,add_to_cart,2025-12-29T14:26:27.101304,SES-e73265a3,mobile,Chrome,email,PROD-01416,REI Flash 55 Pack,Outdoor Gear,Sports,517.67,,0,1,0,
656a0d80-e8ff-4a7c-bda6-1ae1559739db,EVT-001185,USER-00048,wishlist,2026-01-17T00:14:30.612576,SES-87869f5c,tablet,Safari,organic,PROD-01844,Samsung Galaxy Watch 6,Smartwatches,Electronics,790.52,,0,0,0,
e5dfae63-d0e9-4d16-8982-481e3a6a296e,EVT-001186,USER-00154,search,2025-11-20T17:17:49.029266,SES-35c66d27,tablet,Chrome,organic,,,,,0.0,red wine gift,0,0,0,
641b056d-322e-4c26-9fc3-82f01deba5fc,EVT-001187,USER-00144,view,2025-11-01T16:56:02.165397,SES-381ea1a9,tablet,Edge,direct,PROD-01196,Oral-B iO Series 9,Personal Care,Healthcare,285.71,,125,0,0,
a6d2f07f-0790-4652-9bcc-988e63bba88c,EVT-001188,USER-00001,view,2025-12-14T00:55:29.993180,SES-38c73e05,desktop,Safari,direct,PROD-00512,Dom Pérignon Rosé 2009,Champagne,Wine,415.51,,398,0,0,
0631882d-3a3c-42ef-a366-adfa7ae1b2a2,EVT-001189,USER-00023,search,2026-01-12T11:12:33.615723,SES-6db8de14,desktop,Chrome,social,,,,,0.0,gaming laptop,0,0,0,
a502fba1-d6d5-489f-bf6c-91f0bed5f677,EVT-001190,USER-00155,search,2025-12-24T16:37:44.268622,SES-31850bc1,mobile,Firefox,social,,,,,0.0,wireless headphones,0,0,0,
e1b61d8e-bfcf-49e9-ab4c-d83844ef1cc3,EVT-001191,USER-00218,click,2025-12-12T02:47:02.620543,SES-5dc8c592,desktop,Safari,email,PROD-00003,Penfolds Grange,Red Wine,Wine,390.13,,276,0,0,
3a18dbd1-0aa1-4a8c-a3a1-dbd1df983bfa,EVT-001192,USER-00107,search,2025-12-29T18:45:37.012414,SES-8d21e358,desktop,Firefox,organic,,,,,0.0,home office chair,0,0,0,
e43093ba-cda6-41b5-983f-61ebffd78c82,EVT-001193,USER-00147,add_to_cart,2025-12-10T02:45:54.897139,SES-6f252084,mobile,Chrome,email,PROD-01416,REI Flash 55 Pack,Outdoor Gear,Sports,517.67,,0,1,0,
cc90eacb-ba50-4230-9528-b7f5822464fd,EVT-001194,USER-00048,wishlist,2025-11-27T11:45:13.302933,SES-558174c7,tablet,Safari,organic,PROD-01844,Samsung Galaxy Watch 6,Smartwatches,Electronics,790.52,,0,0,0,
776a2559-ac51-4590-b687-5791b2013076,EVT-001195,USER-00154,search,2025-12-24T06:42:35.210425,SES-cf258682,tablet,Chrome,organic,,,,,0.0,red wine gift,0,0,0,
c0a9a446-eef8-4d90-89a7-cd7b6d6066cf,EVT-001196,USER-00144,view,2025-11-09T13:09:15.104910,SES-09e2a87b,tablet,Edge,direct,PROD-01196,Oral-B iO Series 9,Personal Care,Healthcare,285.71,,125,0,0,
c16bc832-e1e5-4e96-9f9f-3de04c32e3f5,EVT-001197,USER-00001,view,2025-10-30T19:42:25.282743,SES-b2d6f012,desktop,Safari,direct,PROD-00512,Dom Pérignon Rosé 2009,Champagne,Wine,415.51,,398,0,0,
5a01f7c8-4f32-4c45-9ab5-5af3ec0b8855,EVT-001198,USER-00023,search,2025-12-15T11:44:58.917276,SES-8bfcc1eb,desktop,Chrome,social,,,,,0.0,gaming laptop,0,0,0,
49df85c2-ae5f-4cd9-8ebb-1810740cb0dd,EVT-001199,USER-00155,search,2026-01-09T14:18:40.401671,SES-d9990f78,mobile,Firefox,social,,,,,0.0,wireless headphones,0,0,0,
55b8beda-b895-4ce4-b999-8db12b161ee5,EVT-001200,USER-00218,click,2025-11-28T02:09:07.009979,SES-84cc16e9,desktop,Safari,email,PROD-00003,Penfolds Grange,Red Wine,Wine,390.13,,276,0,0,
edd2aa69-4e59-4f1c-89ab-cd66443dd59b,EVT-001201,USER-00107,search,2025-11-15T09:00:54.474706,SES-e990eb44,desktop,Firefox,organic,,,,,0.0,home office chair,0,0,0,
03dbaa45-b558-4aae-8c80-cce1437a245d,EVT-001202,USER-00147,add_to_cart,2025-12-26T02:27:14.868840,SES-10ce4d7c,mobile,Chrome,email,PROD-01416,REI Flash 55 Pack,Outdoor Gear,Sports,517.67,,0,1,0,
9891e55a-5221-48a1-b021-958be208a8ef,EVT-001203,USER-00048,wishlist,2025-12-09T15:02:37.603318,SES-3c2fc30c,tablet,Safari,organic,PROD-01844,Samsung Galaxy Watch 6,Smartwatches,Electronics,790.52,,0,0,0,
f22e44ff-0bce-4411-9d35-0af72f1f34c0,EVT-001204,USER-00154,search,2025-11-27T09:07:49.405695,SES-a85dd32a,tablet,Chrome,organic,,,,,0.0,red wine gift,0,0,0,
ce15751d-5c0a-4d59-bfb6-fdfa10ae861e,EVT-001205,USER-00144,view,2026-01-13T14:03:13.741147,SES-e65dcd76,tablet,Edge,direct,PROD-01196,Oral-B iO Series 9,Personal Care,Healthcare,285.71,,125,0,0,
4b51a82a-abbc-4a85-b931-736c1a1789b6,EVT-001206,USER-00001,view,2025-10-31T23:58:04.982441,SES-fdd21b42,desktop,Safari,direct,PROD-00512,Dom Pérignon Rosé 2009,Champagne,Wine,415.51,,398,0,0,
a25d94d2-7c82-4b69-9d97-04b96cac41cc,EVT-001207,USER-00023,search,2026-01-16T17:15:27.877801,SES-53d7ab39,desktop,Chrome,social,,,,,0.0,gaming laptop,0,0,0,
10d8fc29-ffcf-4d34-8410-e5c229afeb78,EVT-001208,USER-00155,search,2026-01-03T23:36:49.315786,SES-adfe424d,mobile,Firefox,social,,,,,0.0,wireless headphones,0,0,0,
63bfa46e-e8a9-466c-881c-4905cecfbbba,EVT-001209,USER-00218,click,2026-01-10T13:01:48.779404,SES-89ed452a,desktop,Safari,email,PROD-00003,Penfolds Grange,Red Wine,Wine,390.13,,276,0,0,
af4be51e-7659-4ddf-aaea-d59f94c8d31e,EVT-001210,USER-00107,search,2025-11-18T02:59:10.724773,SES-08d0dde9,desktop,Firefox,organic,,,,,0.0,home office chair,0,0,0,
702a90be-c871-40bc-9f77-bb8d0df9097d,EVT-001211,USER-00147,add_to_cart,2025-12-12T23:33:59.335286,SES-1f60ff65,mobile,Chrome,email,PROD-01416,REI Flash 55 Pack,Outdoor Gear,Sports,517.67,,0,1,0,
f330ce31-f645-46f0-8995-05e6ce7bfc79,EVT-001212,USER-00048,wishlist,2025-10-30T01:42:46.410672,SES-f8ec4317,tablet,Safari,organic,PROD-01844,Samsung Galaxy Watch 6,Smartwatches,Electronics,790.52,,0,0,0,
b8ec3f5c-3ad7-48ee-99f6-3b093e36c47b,EVT-001213,USER-00154,search,2026-01-20T14:55:25.816414,SES-e47ab0a6,tablet,Chrome,organic,,,,,0.0,red wine gift,0,0,0,
0ca1f6f4-48a9-45fa-8d3d-434489e8f5b6,EVT-001214,USER-00144,view,2025-12-01T12:00:49.361707,SES-52a0f7db,tablet,Edge,direct,PROD-01196,Oral-B iO Series 9,Personal Care,Healthcare,285.71,,125,0,0,
d0f4e5ee-4a62-4078-8c82-8c853ae3c503,EVT-001215,USER-00001,view,2025-10-26T08:12:18.621047,SES-c6a4fb33,desktop,Safari,direct,PROD-00512,Dom Pérignon Rosé 2009,Champagne,Wine,415.51,,398,0,0,
f6d03426-829a-46d8-acd8-996fe1b897bf,EVT-001216,USER-00023,search,2025-12-10T23:47:17.594539,SES-6d7b1af4,desktop,Chrome,social,,,,,0.0,gaming laptop,0,0,0,
fb2a2ee4-76b9-4ec0-ac9a-d06b45304cf4,EVT-001217,USER-00155,search,2025-12-21T17:58:54.844035,SES-c5a5efe3,mobile,Firefox,social,,,,,0.0,wireless headphones,0,0,0,
ddf3db3e-b3f4-4341-a0e3-333a874d5a39,EVT-001218,USER-00218,click,2025-11-16T07:31:06.788783,SES-942ebf7a,desktop,Safari,email,PROD-00003,Penfolds Grange,Red Wine,Wine,390.13,,276,0,0,
c249af54-aaf7-4283-bc1c-e4baff3fd061,EVT-001219,USER-00107,search,2025-12-06T04:14:26.003275,SES-47d80232,desktop,Firefox,organic,,,,,0.0,home office chair,0,0,0,
16a0dc50-062a-4d02-8af1-308e22309e42,EVT-001220,USER-00147,add_to_cart,2026-01-05T15:57:05.174227,SES-60ec1697,mobile,Chrome,email,PROD-01416,REI Flash 55 Pack,Outdoor Gear,Sports,517.67,,0,1,0,
4b56187f-4817-441b-b581-557ce9609235,EVT-001221,USER-00048,wishlist,2026-01-19T03:58:56.603371,SES-9e4b8b35,tablet,Safari,organic,PROD-01844,Samsung Galaxy Watch 6,Smartwatches,Electronics,790.52,,0,0,0,
cc794b4a-8f7d-4201-b204-5250d7a44a66,EVT-001222,USER-00154,search,2025-11-13T18:05:44.117001,SES-4f50f9df,tablet,Chrome,organic,,,,,0.0,red wine gift,0,0,0,
a00e3330-48db-428b-b56a-5232c4354872,EVT-001223,USER-00144,view,2025-11-11T23:56:03.700834,SES-d244e334,tablet,Edge,direct,PROD-01196,Oral-B iO Series 9,Personal Care,Healthcare,285.71,,125,0,0,
718eec2d-2053-4956-96df-3a0012f97e36,EVT-001224,USER-00001,view,2025-12-19T23:35:20.921435,SES-3b7d3f8c,desktop,Safari,direct,PROD-00512,Dom Pérignon Rosé 2009,Champagne,Wine,415.51,,398,0,0,
41933e6d-7939-470a-9a33-b4e63f950016,EVT-001225,USER-00023,search,2025-11-11T02:37:36.913324,SES-c9d08b92,desktop,Chrome,social,,,,,0.0,gaming laptop,0,0,0,
3bfd0cb0-858e-4044-a4ac-8b09cc60a978,EVT-001226,USER-00155,search,2025-10-23T18:57:34.122872,SES-47e39e2d,mobile,Firefox,social,,,,,0.0,wireless headphones,0,0,0,
25c3a3fb-0dee-45b9-95a1-c2553f31bde7,EVT-001227,USER-00218,click,2025-11-13T14:29:06.244586,SES-8ede1474,desktop,Safari,email,PROD-00003,Penfolds Grange,Red Wine,Wine,390.13,,276,0,0,
4c23f5db-af30-4d9f-9c16-52483a0aac3a,EVT-001228,USER-00107,search,2025-10-24T13:00:27.263412,SES-806a3000,desktop,Firefox,organic,,,,,0.0,home office chair,0,0,0,
9cf18596-fb8b-4ce3-a972-6cd5144296cf,EVT-001229,USER-00147,add_to_cart,2025-12-16T18:31:55.720294,SES-023643d6,mobile,Chrome,email,PROD-01416,REI Flash 55 Pack,Outdoor Gear,Sports,517.67,,0,1,0,
5661d660-f30b-4303-ac70-d05870ca8cc6,EVT-001230,USER-00048,wishlist,2026-01-06T02:03:58.277512,SES-c9d71e48,tablet,Safari,organic,PROD-01844,Samsung Galaxy Watch 6,Smartwatches,Electronics,790.52,,0,0,0,
1ab3dc1a-936b-4af4-ab3f-4849b7154ff5,EVT-001231,USER-00154,search,2025-11-28T23:30:41.938458,SES-46af518f,tablet,Chrome,organic,,,,,0.0,red wine gift,0,0,0,
b4180fc4-db3c-404e-8443-e3055d9fa62b,EVT-001232,USER-00144,view,2025-12-11T06:47:03.573175,SES-b4209783,tablet,Edge,direct,PROD-01196,Oral-B iO Series 9,Personal Care,Healthcare,285.71,,125,0,0,
7f96f07a-011d-44de-90d0-9ab03660985b,EVT-001233,USER-00001,view,2025-12-12T19:12:03.416464,SES-a85514f9,desktop,Safari,direct,PROD-00512,Dom Pérignon Rosé 2009,Champagne,Wine,415.51,,398,0,0,
3d2a764c-9847-43cc-9cdb-2d80219caf11,EVT-001234,USER-00023,search,2025-11-28T18:45:17.046706,SES-3a40ef5c,desktop,Chrome,social,,,,,0.0,gaming laptop,0,0,0,
9dd194c8-c6fa-41c0-a89a-094db13b7b76,EVT-001235,USER-00155,search,2026-01-06T23:36:36.533744,SES-2065fec4,mobile,Firefox,social,,,,,0.0,wireless headphones,0,0,0,
6dc21a34-3eb6-4f29-bed6-5b00b48b4657,EVT-001236,USER-00218,click,2025-12-13T22:52:13.287707,SES-0b40dcd2,desktop,Safari,email,PROD-00003,Penfolds Grange,Red Wine,Wine,390.13,,276,0,0,
fb37b6b8-4a78-4dda-a264-b3b17cec64cb,EVT-001237,USER-00107,search,2025-12-18T03:00:24.725793,SES-c2f322da,desktop,Firefox,organic,,,,,0.0,home office chair,0,0,0,
22f2a2c3-eaa2-41b6-bd7a-2cc06e08ca05,EVT-001238,USER-00147,add_to_cart,2026-01-10T15:31:14.800760,SES-d6d7d995,mobile,Chrome,email,PROD-01416,REI Flash 55 Pack,Outdoor Gear,Sports,517.67,,0,1,0,
4bdc8821-a984-47ad-832b-d38aeff99fea,EVT-001239,USER-00048,wishlist,2026-01-18T19:03:32.302142,SES-3855f213,tablet,Safari,organic,PROD-01844,Samsung Galaxy Watch 6,Smartwatches,Electronics,790.52,,0,0,0,
3a2994e6-a827-4682-a1ff-1eb9f520f4c6,EVT-001240,USER-00154,search,2025-12-28T21:12:29.659776,SES-df60fabe,tablet,Chrome,organic,,,,,0.0,red wine gift,0,0,0,
4dde8421-d545-408f-abac-a3ae5a87deef,EVT-001241,USER-00144,view,2025-12-25T06:42:25.340032,SES-f1f54b85,tablet,Edge,direct,PROD-01196,Oral-B iO Series 9,Personal Care,Healthcare,285.71,,125,0,0,
7558d64e-963e-444f-b5f9-852b78f72485,EVT-001242,USER-00001,view,2026-01-19T01:04:29.308257,SES-64efd8ac,desktop,Safari,direct,PROD-00512,Dom Pérignon Rosé 2009,Champagne,Wine,415.51,,398,0,0,
9720b08a-f4a9-4571-9c34-a98805490e0e,EVT-001243,USER-00023,search,2026-01-02T23:32:10.240268,SES-2296b4b5,desktop,Chrome,social,,,,,0.0,gaming laptop,0,0,0,
50560c2c-9f7f-4e8d-b8f4-b1a194df5fb5,EVT-001244,USER-00155,search,2025-11-15T09:25:10.879246,SES-0aa90c05,mobile,Firefox,social,,,,,0.0,wireless headphones,0,0,0,
28ba4b2b-b590-4675-a7bb-1cf351261174,EVT-001245,USER-00218,click,2025-11-24T23:49:45.830696,SES-f5b4d76e,desktop,Safari,email,PROD-00003,Penfolds Grange,Red Wine,Wine,390.13,,276,0,0,
10fbcb83-b555-4b17-aca6-69bc21b3a43b,EVT-001246,USER-00107,search,2026-01-11T16:15:00.037993,SES-799f8443,desktop,Firefox,organic,,,,,0.0,home office chair,0,0,0,
f37b3b77-b25c-4210-b565-fb7ae8fb466e,EVT-001247,USER-00147,add_to_cart,2026-01-14T23:53:15.809243,SES-779f813d,mobile,Chrome,email,PROD-01416,REI Flash 55 Pack,Outdoor Gear,Sports,517.67,,0,1,0,
2429e425-8231-44e4-ae63-182deb6abefb,EVT-001248,USER-00048,wishlist,2025-11-20T11:40:12.126676,SES-493e4361,tablet,Safari,organic,PROD-01844,Samsung Galaxy Watch 6,Smartwatches,Electronics,790.52,,0,0,0,
2be0fc15-623a-43fb-b62d-c3ac41a8e5bf,EVT-001249,USER-00154,search,2025-11-23T19:24:57.760529,SES-642dc72d,tablet,Chrome,organic,,,,,0.0,red wine gift,0,0,0,
26c75971-e50b-4993-a629-0e14d318a2c4,EVT-001250,USER-00144,view,2026-01-16T21:36:45.337644,SES-12e3315a,tablet,Edge,direct,PROD-01196,Oral-B iO Series 9,Personal Care,Healthcare,285.71,,125,0,0,
398bda12-57c0-449e-9acd-444423d9c8f6,EVT-001251,USER-00001,view,2025-11-03T18:38:25.028634,SES-29f3a937,desktop,Safari,direct,PROD-00512,Dom Pérignon Rosé 2009,Champagne,Wine,415.51,,398,0,0,
4e7f7fd2-0ce9-4a5c-80df-acb128012bd4,EVT-001252,USER-00023,search,2026-01-08T01:36:58.986494,SES-6025a307,desktop,Chrome,social,,,,,0.0,gaming laptop,0,0,0,
c2e78b4a-50e0-4764-bb6a-2db9c243ecdc,EVT-001253,USER-00155,search,2026-01-19T10:26:54.042842,SES-e907f4bc,mobile,Firefox,social,,,,,0.0,wireless headphones,0,0,0,
8e65bf86-fc2e-45ef-8578-a48f6de8f93e,EVT-001254,USER-00218,click,2025-11-13T21:25:47.291702,SES-5b3de967,desktop,Safari,email,PROD-00003,Penfolds Grange,Red Wine,Wine,390.13,,276,0,0,
00301adf-e718-4b08-8857-e25ce7ea4a5f,EVT-001255,USER-00107,search,2025-12-10T02:48:38.704639,SES-3026025f,desktop,Firefox,organic,,,,,0.0,home office chair,0,0,0,
2b99a5d8-6273-41b6-b30f-f1909015113e,EVT-001256,USER-00147,add_to_cart,2025-11-03T06:16:03.111147,SES-e497a352,mobile,Chrome,email,PROD-01416,REI Flash 55 Pack,Outdoor Gear,Sports,517.67,,0,1,0,
92e26126-f0e6-497e-a3b0-2f873ad470ce,EVT-001257,USER-00048,wishlist,2026-01-18T23:07:10.730344,SES-f7eb6edf,tablet,Safari,organic,PROD-01844,Samsung Galaxy Watch 6,Smartwatches,Electronics,790.52,,0,0,0,
9ce0f46d-3fe4-4ad5-a11a-113949cdc386,EVT-001258,USER-00154,search,2026-01-01T06:02:52.905334,SES-b425b2fa,tablet,Chrome,organic,,,,,0.0,red wine gift,0,0,0,
7b9c8f39-31e6-48b1-8e5b-7cab48f524ab,EVT-001259,USER-00144,view,2025-12-07T08:14:10.015732,SES-29fdbd9d,tablet,Edge,direct,PROD-01196,Oral-B iO Series 9,Personal Care,Healthcare,285.71,,125,0,0,
39281932-c587-41e8-8d1c-b8f0a80ddabb,EVT-001260,USER-00001,view,2025-12-04T11:43:45.431525,SES-c23321e4,desktop,Safari,direct,PROD-00512,Dom Pérignon Rosé 2009,Champagne,Wine,415.51,,398,0,0,
2e8bf6aa-da97-4370-9ba4-840002928237,EVT-001261,USER-00023,search,2025-11-19T21:15:46.659165,SES-5f4c9593,desktop,Chrome,social,,,,,0.0,gaming laptop,0,0,0,
98719b01-6300-488c-adbe-82519c231552,EVT-001262,USER-00155,search,2026-01-03T07:48:12.745315,SES-07a6ab5a,mobile,Firefox,social,,,,,0.0,wireless headphones,0,0,0,
02b6956e-5160-4d4f-af6a-9c031b457297,EVT-001263,USER-00218,click,2025-12-16T00:58:25.175690,SES-0916002a,desktop,Safari,email,PROD-00003,Penfolds Grange,Red Wine,Wine,390.13,,276,0,0,
8ec2fc88-1b37-47fd-b5ef-a87e6cf33b25,EVT-001264,USER-00107,search,2025-12-26T11:33:55.174204,SES-2d093082,desktop,Firefox,organic,,,,,0.0,home office chair,0,0,0,
db150a66-ea10-49d4-83f6-7f82964a66a3,EVT-001265,USER-00147,add_to_cart,2025-12-26T06:04:30.831174,SES-131d69a4,mobile,Chrome,email,PROD-01416,REI Flash 55 Pack,Outdoor Gear,Sports,517.67,,0,1,0,
03f23692-21ca-4278-8704-41fcdbad292c,EVT-001266,USER-00048,wishlist,2025-12-19T17:15:44.315849,SES-7ad86a5f,tablet,Safari,organic,PROD-01844,Samsung Galaxy Watch 6,Smartwatches,Electronics,790.52,,0,0,0,
4eceaee5-ce20-4ff1-acea-92ac66feb885,EVT-001267,USER-00154,search,2025-12-11T12:55:59.293169,SES-903aada4,tablet,Chrome,organic,,,,,0.0,red wine gift,0,0,0,
0c67d419-15dd-4c5b-bab4-79bea1e40a3f,EVT-001268,USER-00144,view,2026-01-19T07:54:08.411245,SES-29a4c017,tablet,Edge,direct,PROD-01196,Oral-B iO Series 9,Personal Care,Healthcare,285.71,,125,0,0,
e406408a-492d-40d8-bbb6-430bccf3ef37,EVT-001269,USER-00001,view,2025-12-03T13:09:16.324018,SES-e81470cf,desktop,Safari,direct,PROD-00512,Dom Pérignon Rosé 2009,Champagne,Wine,415.51,,398,0,0,
4d559bb0-0921-400d-8e02-fd45da1f6ac0,EVT-001270,USER-00023,search,2025-12-13T08:32:08.175915,SES-b191dfb9,desktop,Chrome,social,,,,,0.0,gaming laptop,0,0,0,
96799361-5eea-497e-b044-76d468ca6dbd,EVT-001271,USER-00155,search,2025-10-27T11:03:03.516620,SES-9cb74dd3,mobile,Firefox,social,,,,,0.0,wireless headphones,0,0,0,
a254016d-6fd1-4ac4-b92e-9458efc2ad7f,EVT-001272,USER-00218,click,2025-12-17T08:45:23.995127,SES-8acb08de,desktop,Safari,email,PROD-00003,Penfolds Grange,Red Wine,Wine,390.13,,276,0,0,
6feb2a4c-b131-4d93-89ff-d8fb04967cc8,EVT-001273,USER-00107,search,2025-12-06T09:56:34.791862,SES-c5739f59,desktop,Firefox,organic,,,,,0.0,home office chair,0,0,0,
421b7013-f15e-421b-816f-330d6b237133,EVT-001274,USER-00147,add_to_cart,2025-11-30T22:17:37.730333,SES-367e169d,mobile,Chrome,email,PROD-01416,REI Flash 55 Pack,Outdoor Gear,Sports,517.67,,0,1,0,
729ad289-e64a-4fee-9533-f6e0c85785ff,EVT-001275,USER-00048,wishlist,2026-01-16T10:58:12.351158,SES-be511be4,tablet,Safari,organic,PROD-01844,Samsung Galaxy Watch 6,Smartwatches,Electronics,790.52,,0,0,0,
8b99267c-d2fd-4848-bf85-f4302dd1ee76,EVT-001276,USER-00154,search,2025-11-07T02:13:58.023193,SES-e6af23d9,tablet,Chrome,organic,,,,,0.0,red wine gift,0,0,0,
89bded47-4c4b-43bd-91b1-bfa6c7960889,EVT-001277,USER-00144,view,2025-12-12T01:38:48.080662,SES-6a9015f5,tablet,Edge,direct,PROD-01196,Oral-B iO Series 9,Personal Care,Healthcare,285.71,,125,0,0,
35b3fdab-e046-40de-a16d-17a3a5e55425,EVT-001278,USER-00001,view,2025-12-11T23:34:02.218655,SES-66b3c433,desktop,Safari,direct,PROD-00512,Dom Pérignon Rosé 2009,Champagne,Wine,415.51,,398,0,0,
43304419-b90d-442e-8121-e7f14ed7a4ae,EVT-001279,USER-00023,search,2025-10-27T20:26:04.872204,SES-4edc7e47,desktop,Chrome,social,,,,,0.0,gaming laptop,0,0,0,
035ff431-e4ea-4e8f-933e-a3de938c8357,EVT-001280,USER-00155,search,2025-11-22T22:57:30.714225,SES-abaf36b0,mobile,Firefox,social,,,,,0.0,wireless headphones,0,0,0,
dd9c07d5-bf04-4852-ab63-27fc3e0009f5,EVT-001281,USER-00218,click,2026-01-08T18:06:08.904993,SES-6363699b,desktop,Safari,email,PROD-00003,Penfolds Grange,Red Wine,Wine,390.13,,276,0,0,
bd9ba09a-0170-46fe-9cc6-f93b8fcfbea1,EVT-001282,USER-00107,search,2025-11-04T23:33:24.832877,SES-6c415cc3,desktop,Firefox,organic,,,,,0.0,home office chair,0,0,0,
4cf5d8a9-35b8-4ccb-8a6e-41fb7bf37db6,EVT-001283,USER-00147,add_to_cart,2025-12-23T01:16:15.509305,SES-12f701d5,mobile,Chrome,email,PROD-01416,REI Flash 55 Pack,Outdoor Gear,Sports,517.67,,0,1,0,
ebc6b9df-4081-47c9-86be-69e84c20af4a,EVT-001284,USER-00048,wishlist,2025-10-28T13:25:38.617434,SES-6a78423b,tablet,Safari,organic,PROD-01844,Samsung Galaxy Watch 6,Smartwatches,Electronics,790.52,,0,0,0,
e9316ce0-024e-4900-ac96-aa1613ccf2e3,EVT-001285,USER-00154,search,2025-12-26T08:53:32.743031,SES-b6ee7fc0,tablet,Chrome,organic,,,,,0.0,red wine gift,0,0,0,
68021e79-2daf-4aa9-9ce2-8ffd780d50d6,EVT-001286,USER-00144,view,2025-12-12T22:48:13.198704,SES-a04efc50,tablet,Edge,direct,PROD-01196,Oral-B iO Series 9,Personal Care,Healthcare,285.71,,125,0,0,
2ed671d6-8e75-41f9-bd24-80ffee59b87a,EVT-001287,USER-00001,view,2026-01-15T22:24:51.364268,SES-e1a849a2,desktop,Safari,direct,PROD-00512,Dom Pérignon Rosé 2009,Champagne,Wine,415.51,,398,0,0,
e09dfaaf-301d-4e0c-88ce-6446202fa2d9,EVT-001288,USER-00023,search,2025-12-27T04:05:54.658975,SES-8416dfbe,desktop,Chrome,social,,,,,0.0,gaming laptop,0,0,0,
c6d64d2c-101c-4c27-b5fa-b00427e36b3d,EVT-001289,USER-00155,search,2025-12-25T21:32:17.376858,SES-6c13600b,mobile,Firefox,social,,,,,0.0,wireless headphones,0,0,0,
475362bd-2051-4142-b73f-a2e67702757e,EVT-001290,USER-00218,click,2025-12-05T20:17:06.131951,SES-f8ffa348,desktop,Safari,email,PROD-00003,Penfolds Grange,Red Wine,Wine,390.13,,276,0,0,
a0767391-7e46-45d9-b924-2798c817ce98,EVT-001291,USER-00107,search,2025-12-25T01:14:46.765241,SES-31305e57,desktop,Firefox,organic,,,,,0.0,home office chair,0,0,0,
d701fa93-b0f1-49f3-9e9f-badcd7f35556,EVT-001292,USER-00147,add_to_cart,2026-01-15T12:28:18.635498,SES-2d46eb0f,mobile,Chrome,email,PROD-01416,REI Flash 55 Pack,Outdoor Gear,Sports,517.67,,0,1,0,
1bbf5e7f-a7a2-4fc3-bc50-07e34d7ca242,EVT-001293,USER-00048,wishlist,2026-01-19T10:20:31.475578,SES-0bf54d0f,tablet,Safari,organic,PROD-01844,Samsung Galaxy Watch 6,Smartwatches,Electronics,790.52,,0,0,0,
a4800bbb-40bf-4b51-8197-b89934fb7850,EVT-001294,USER-00154,search,2025-11-11T00:58:36.388863,SES-14b78d74,tablet,Chrome,organic,,,,,0.0,red wine gift,0,0,0,
7a4ab78c-783a-447d-b4e4-6feb4a59a060,EVT-001295,USER-00144,view,2025-12-02T08:41:49.760748,SES-a58754c3,tablet,Edge,direct,PROD-01196,Oral-B iO Series 9,Personal Care,Healthcare,285.71,,125,0,0,
7bde1645-b860-4cf8-9073-be8f1c873f77,EVT-001296,USER-00001,view,2025-12-10T03:04:13.967733,SES-6502cdd9,desktop,Safari,direct,PROD-00512,Dom Pérignon Rosé 2009,Champagne,Wine,415.51,,398,0,0,
566eb919-705f-47f8-9ee8-4a428835025f,EVT-001297,USER-00023,search,2025-12-22T09:25:04.424307,SES-6e192477,desktop,Chrome,social,,,,,0.0,gaming laptop,0,0,0,
571831b0-7625-4eb6-a4f4-f8d9537bf6d8,EVT-001298,USER-00155,search,2025-11-21T10:05:15.516608,SES-70950f0f,mobile,Firefox,social,,,,,0.0,wireless headphones,0,0,0,
1737183b-153b-4164-bdd0-b3eadad3fa5c,EVT-001299,USER-00218,click,2025-12-12T23:01:39.869316,SES-89ee7d1a,desktop,Safari,email,PROD-00003,Penfolds Grange,Red Wine,Wine,390.13,,276,0,0,
27b94e02-2132-4e5b-ae1d-0bb8c9ff8909,EVT-001300,USER-00107,search,2026-01-09T12:13:41.599314,SES-f6816ecd,desktop,Firefox,organic,,,,,0.0,home office chair,0,0,0,
f5b8feb8-62bc-4252-b652-0bf41a3097ee,EVT-001301,USER-00147,add_to_cart,2026-01-15T20:04:27.309187,SES-57e84079,mobile,Chrome,email,PROD-01416,REI Flash 55 Pack,Outdoor Gear,Sports,517.67,,0,1,0,
f097ba0e-06e9-439a-8188-2cc827b1148e,EVT-001302,USER-00048,wishlist,2025-11-04T15:40:45.341222,SES-3106bb0a,tablet,Safari,organic,PROD-01844,Samsung Galaxy Watch 6,Smartwatches,Electronics,790.52,,0,0,0,
26a3b100-275f-4346-82df-df1ec831623b,EVT-001303,USER-00154,search,2025-12-10T05:41:56.682348,SES-7f26ca35,tablet,Chrome,organic,,,,,0.0,red wine gift,0,0,0,
01084031-4559-49e0-b083-3c9a0236f43f,EVT-001304,USER-00144,view,2025-12-22T23:47:26.769539,SES-ad9517f0,tablet,Edge,direct,PROD-01196,Oral-B iO Series 9,Personal Care,Healthcare,285.71,,125,0,0,
376e0823-ae6a-4fda-bab5-373d6273caa9,EVT-001305,USER-00001,view,2025-11-19T23:21:59.016862,SES-bf867f3d,desktop,Safari,direct,PROD-00512,Dom Pérignon Rosé 2009,Champagne,Wine,415.51,,398,0,0,
c33b2053-f576-45bb-b90c-0a5b80ad3466,EVT-001306,USER-00023,search,2025-10-23T06:46:14.057146,SES-ad78bf8d,desktop,Chrome,social,,,,,0.0,gaming laptop,0,0,0,
6d914767-f82e-415f-9b37-19070c1a7f39,EVT-001307,USER-00155,search,2025-12-16T12:51:35.325739,SES-cf58ede3,mobile,Firefox,social,,,,,0.0,wireless headphones,0,0,0,
1679432f-3897-4c95-814f-425b24f134c8,EVT-001308,USER-00218,click,2025-12-25T18:18:05.239122,SES-14706eab,desktop,Safari,email,PROD-00003,Penfolds Grange,Red Wine,Wine,390.13,,276,0,0,
f8ae77a1-6629-4354-a2f7-5f54ff8ebde4,EVT-001309,USER-00107,search,2025-11-23T22:10:14.820196,SES-465c5db9,desktop,Firefox,organic,,,,,0.0,home office chair,0,0,0,
63c42c77-d009-4f2c-ab0f-b79779c79ef3,EVT-001310,USER-00147,add_to_cart,2025-11-02T10:39:06.987889,SES-52f58b36,mobile,Chrome,email,PROD-01416,REI Flash 55 Pack,Outdoor Gear,Sports,517.67,,0,1,0,
369250e6-e958-47b6-94cb-8416ae436628,EVT-001311,USER-00048,wishlist,2026-01-18T15:13:12.530182,SES-e8b82504,tablet,Safari,organic,PROD-01844,Samsung Galaxy Watch 6,Smartwatches,Electronics,790.52,,0,0,0,
d72ef3a2-6889-4163-8099-8148cb91f336,EVT-001312,USER-00154,search,2025-12-16T22:03:10.176420,SES-760b20a2,tablet,Chrome,organic,,,,,0.0,red wine gift,0,0,0,
5dd5479c-e80f-45a1-9529-f5714ec25878,EVT-001313,USER-00144,view,2025-12-09T08:26:35.910689,SES-22cca64b,tablet,Edge,direct,PROD-01196,Oral-B iO Series 9,Personal Care,Healthcare,285.71,,125,0,0,
3610d353-35a4-4a2c-8b93-4cb49ac0200c,EVT-001314,USER-00001,view,2025-12-27T09:45:26.544149,SES-906ec847,desktop,Safari,direct,PROD-00512,Dom Pérignon Rosé 2009,Champagne,Wine,415.51,,398,0,0,
3edef8fe-9361-4f14-8a5d-bb226c774e2f,EVT-001315,USER-00023,search,2025-12-27T14:27:27.077119,SES-452b8a5e,desktop,Chrome,social,,,,,0.0,gaming laptop,0,0,0,
1deac373-f710-445d-b97f-e5598729544f,EVT-001316,USER-00155,search,2025-11-14T01:32:34.164730,SES-e0abd069,mobile,Firefox,social,,,,,0.0,wireless headphones,0,0,0,
d508e1ff-c871-4d2d-be34-e0819ef0439c,EVT-001317,USER-00218,click,2025-12-15T19:25:51.046389,SES-ecb6bb2f,desktop,Safari,email,PROD-00003,Penfolds Grange,Red Wine,Wine,390.13,,276,0,0,
b229e832-f434-4916-a203-f4fa7ea2bba6,EVT-001318,USER-00107,search,2025-12-29T23:11:21.119806,SES-46d44b52,desktop,Firefox,organic,,,,,0.0,home office chair,0,0,0,
8c430f8c-2587-4c6c-a448-2e9d65d80117,EVT-001319,USER-00147,add_to_cart,2025-11-07T19:30:43.183742,SES-47c3926d,mobile,Chrome,email,PROD-01416,REI Flash 55 Pack,Outdoor Gear,Sports,517.67,,0,1,0,
cef48e0f-7043-440a-b363-543cf4ee3b06,EVT-001320,USER-00048,wishlist,2025-11-07T23:36:36.408849,SES-2b66a92b,tablet,Safari,organic,PROD-01844,Samsung Galaxy Watch 6,Smartwatches,Electronics,790.52,,0,0,0,
e71bbac7-f4a5-433a-8ce1-c6bcf3b7dab4,EVT-001321,USER-00154,search,2025-12-20T02:51:17.938690,SES-4027a8ea,tablet,Chrome,organic,,,,,0.0,red wine gift,0,0,0,
ebe36bfb-c297-4680-9c29-093d7adf3721,EVT-001322,USER-00144,view,2025-12-06T05:16:54.994650,SES-06d1e57a,tablet,Edge,direct,PROD-01196,Oral-B iO Series 9,Personal Care,Healthcare,285.71,,125,0,0,
05d50f60-17cc-4c93-8153-cf30bafcc283,EVT-001323,USER-00001,view,2025-11-02T10:15:21.743651,SES-2a61e704,desktop,Safari,direct,PROD-00512,Dom Pérignon Rosé 2009,Champagne,Wine,415.51,,398,0,0,
35fafc8a-0231-4976-91ca-42bb628cf676,EVT-001324,USER-00023,search,2025-10-30T16:36:15.125298,SES-b1e57f84,desktop,Chrome,social,,,,,0.0,gaming laptop,0,0,0,
7b40ff35-abe3-4a01-b9e6-04dc53c8caa6,EVT-001325,USER-00155,search,2026-01-15T19:48:49.155951,SES-01e7f94a,mobile,Firefox,social,,,,,0.0,wireless headphones,0,0,0,
8509622b-1a7a-43bf-a3d4-14f67a319f7f,EVT-001326,USER-00218,click,2025-12-13T07:58:55.469146,SES-ba9d7bfd,desktop,Safari,email,PROD-00003,Penfolds Grange,Red Wine,Wine,390.13,,276,0,0,
addd4865-daec-41e4-b3a8-5c9af8c03fc6,EVT-001327,USER-00107,search,2026-01-16T02:02:25.427274,SES-78758ef2,desktop,Firefox,organic,,,,,0.0,home office chair,0,0,0,
370c63dc-16b7-491c-ab8d-afd62d0d5388,EVT-001328,USER-00147,add_to_cart,2025-11-26T13:01:49.069455,SES-f09261cb,mobile,Chrome,email,PROD-01416,REI Flash 55 Pack,Outdoor Gear,Sports,517.67,,0,1,0,
091052b2-cf53-4dd2-b5cc-e55822c32b61,EVT-001329,USER-00048,wishlist,2025-11-28T08:29:45.878732,SES-98850df4,tablet,Safari,organic,PROD-01844,Samsung Galaxy Watch 6,Smartwatches,Electronics,790.52,,0,0,0,
2604664c-60e7-4a99-b4cc-3b1c3fccea65,EVT-001330,USER-00154,search,2025-12-24T08:23:32.470421,SES-707ffbb5,tablet,Chrome,organic,,,,,0.0,red wine gift,0,0,0,
7abc71d6-b322-4320-bee3-437d6ef4b9f7,EVT-001331,USER-00144,view,2025-11-04T03:18:58.898120,SES-793cf059,tablet,Edge,direct,PROD-01196,Oral-B iO Series 9,Personal Care,Healthcare,285.71,,125,0,0,
65eafd5f-96b9-4a9b-a819-6ba28c0fafd9,EVT-001332,USER-00001,view,2025-11-22T13:39:13.541546,SES-b1470d82,desktop,Safari,direct,PROD-00512,Dom Pérignon Rosé 2009,Champagne,Wine,415.51,,398,0,0,
96177ca5-3b71-4e5d-9c96-adc7940bc160,EVT-001333,USER-00023,search,2025-10-31T07:12:02.020024,SES-80a2df56,desktop,Chrome,social,,,,,0.0,gaming laptop,0,0,0,
17992852-7f91-4593-ba91-6719ec5f067a,EVT-001334,USER-00155,search,2025-11-23T15:16:29.458553,SES-0a3b801c,mobile,Firefox,social,,,,,0.0,wireless headphones,0,0,0,
c09dd81c-7ac5-4e11-ac7f-ad9a209b82e2,EVT-001335,USER-00218,click,2025-12-25T07:49:25.709790,SES-21aebad4,desktop,Safari,email,PROD-00003,Penfolds Grange,Red Wine,Wine,390.13,,276,0,0,
162300b6-3c40-4127-a058-0f901339a3cf,EVT-001336,USER-00107,search,2026-01-09T18:54:54.800924,SES-39406fe2,desktop,Firefox,organic,,,,,0.0,home office chair,0,0,0,
0e50e351-ded9-4e4e-bf24-ae9493dd5f89,EVT-001337,USER-00147,add_to_cart,2025-12-06T15:26:54.860559,SES-e34868c9,mobile,Chrome,email,PROD-01416,REI Flash 55 Pack,Outdoor Gear,Sports,517.67,,0,1,0,
5b207a9b-073d-4ef1-8048-7f3a9a148614,EVT-001338,USER-00048,wishlist,2025-11-08T06:47:57.175035,SES-03d9f269,tablet,Safari,organic,PROD-01844,Samsung Galaxy Watch 6,Smartwatches,Electronics,790.52,,0,0,0,
d1776b08-3cba-490a-b52d-f1465e2da240,EVT-001339,USER-00154,search,2025-11-27T19:13:11.221047,SES-8417067d,tablet,Chrome,organic,,,,,0.0,red wine gift,0,0,0,
56d6fef0-3ae7-40c2-acbb-cc753093b400,EVT-001340,USER-00144,view,2025-11-12T01:40:43.231916,SES-ef562376,tablet,Edge,direct,PROD-01196,Oral-B iO Series 9,Personal Care,Healthcare,285.71,,125,0,0,
18b6eff1-1859-46a8-91b5-8ff2d8b5cbda,EVT-001341,USER-00001,view,2026-01-19T09:06:34.715150,SES-b77844d3,desktop,Safari,direct,PROD-00512,Dom Pérignon Rosé 2009,Champagne,Wine,415.51,,398,0,0,
b9270ba4-9efa-4b51-9d81-b7947965d7c7,EVT-001342,USER-00023,search,2025-12-18T15:25:53.965730,SES-ff7c6948,desktop,Chrome,social,,,,,0.0,gaming laptop,0,0,0,
525b3d4f-9dd2-4b29-a123-c2d35d4f7b03,EVT-001343,USER-00155,search,2025-11-22T05:55:53.046471,SES-4f56c270,mobile,Firefox,social,,,,,0.0,wireless headphones,0,0,0,
7534b155-b8ba-4628-8e7b-2718f111f5df,EVT-001344,USER-00218,click,2025-12-29T08:03:25.447890,SES-06faaf50,desktop,Safari,email,PROD-00003,Penfolds Grange,Red Wine,Wine,390.13,,276,0,0,
23160760-326b-4c61-b803-696ac3206c8a,EVT-001345,USER-00107,search,2025-12-08T19:41:20.920766,SES-b20a5406,desktop,Firefox,organic,,,,,0.0,home office chair,0,0,0,
70deae80-8c26-4e37-999d-21265a059714,EVT-001346,USER-00147,add_to_cart,2025-10-24T12:12:05.322658,SES-0fca8d09,mobile,Chrome,email,PROD-01416,REI Flash 55 Pack,Outdoor Gear,Sports,517.67,,0,1,0,
caa48c4c-0616-4b80-8902-3b00465ba9b7,EVT-001347,USER-00048,wishlist,2025-12-16T05:26:24.702219,SES-12a516d1,tablet,Safari,organic,PROD-01844,Samsung Galaxy Watch 6,Smartwatches,Electronics,790.52,,0,0,0,
e55da9dc-bf4b-494a-a6eb-1d5f808aec7e,EVT-001348,USER-00154,search,2026-01-19T01:16:39.715003,SES-3b650768,tablet,Chrome,organic,,,,,0.0,red wine gift,0,0,0,
aca472d7-c47d-47f7-9524-6505e51f1ad2,EVT-001349,USER-00144,view,2025-10-27T23:53:29.856929,SES-cbbc17dc,tablet,Edge,direct,PROD-01196,Oral-B iO Series 9,Personal Care,Healthcare,285.71,,125,0,0,
2e737785-b94f-44ff-b1c0-d085dc5ce9c9,EVT-001350,USER-00001,view,2025-11-25T06:07:59.929795,SES-515392c7,desktop,Safari,direct,PROD-00512,Dom Pérignon Rosé 2009,Champagne,Wine,415.51,,398,0,0,
83e57abd-11fb-4be3-8580-635ba9b86955,EVT-001351,USER-00023,search,2025-11-06T20:07:26.957225,SES-087160d6,desktop,Chrome,social,,,,,0.0,gaming laptop,0,0,0,
6f3bd242-c112-45bb-93c0-15a2088788d7,EVT-001352,USER-00155,search,2026-01-17T09:30:40.704594,SES-b7ae33ca,mobile,Firefox,social,,,,,0.0,wireless headphones,0,0,0,
1f85edb5-11d1-43bf-990e-df3805becc00,EVT-001353,USER-00218,click,2025-12-09T07:02:13.638504,SES-2f6a2819,desktop,Safari,email,PROD-00003,Penfolds Grange,Red Wine,Wine,390.13,,276,0,0,
8277ffa6-2999-4078-bde1-f8c6e6727526,EVT-001354,USER-00107,search,2025-10-23T02:12:13.138581,SES-667d076a,desktop,Firefox,organic,,,,,0.0,home office chair,0,0,0,
20f99a4b-3e41-47b9-aabe-02fe55a52eb8,EVT-001355,USER-00147,add_to_cart,2025-11-26T07:12:12.372207,SES-8ae23e32,mobile,Chrome,email,PROD-01416,REI Flash 55 Pack,Outdoor Gear,Sports,517.67,,0,1,0,
6a4439b0-41d3-4b46-a7cb-e591bc73035e,EVT-001356,USER-00048,wishlist,2025-10-25T03:52:03.071305,SES-f5a66667,tablet,Safari,organic,PROD-01844,Samsung Galaxy Watch 6,Smartwatches,Electronics,790.52,,0,0,0,
ff9cc85f-c742-404a-be19-591e29311bb0,EVT-001357,USER-00154,search,2026-01-12T03:14:56.876740,SES-f60531bc,tablet,Chrome,organic,,,,,0.0,red wine gift,0,0,0,
b442d425-1afc-4f54-baa3-eaf51b144f6d,EVT-001358,USER-00144,view,2025-12-12T09:00:12.924896,SES-e4892641,tablet,Edge,direct,PROD-01196,Oral-B iO Series 9,Personal Care,Healthcare,285.71,,125,0,0,
ce757f9a-c594-4006-84fc-e1bae5a46d25,EVT-001359,USER-00001,view,2026-01-08T00:21:01.661319,SES-26e26d87,desktop,Safari,direct,PROD-00512,Dom Pérignon Rosé 2009,Champagne,Wine,415.51,,398,0,0,
f7004522-a4d8-442c-ad69-1484e32a1207,EVT-001360,USER-00023,search,2026-01-16T16:28:23.189360,SES-e1bae980,desktop,Chrome,social,,,,,0.0,gaming laptop,0,0,0,
5b9ef3b0-6ddc-40a9-84dd-f4b50767f01c,EVT-001361,USER-00155,search,2025-11-08T15:15:25.775175,SES-046da69b,mobile,Firefox,social,,,,,0.0,wireless headphones,0,0,0,
285bb324-4f36-4004-aeb8-ee14ce3be2de,EVT-001362,USER-00218,click,2025-12-17T13:13:12.758779,SES-109dace9,desktop,Safari,email,PROD-00003,Penfolds Grange,Red Wine,Wine,390.13,,276,0,0,
0a942cbd-4acb-4571-9732-d9d93e952320,EVT-001363,USER-00107,search,2025-11-08T00:47:42.418631,SES-448350d0,desktop,Firefox,organic,,,,,0.0,home office chair,0,0,0,
d88cb3f2-57a6-4e4f-9ff9-aea8263db24a,EVT-001364,USER-00147,add_to_cart,2025-11-11T07:49:24.114039,SES-9af4851c,mobile,Chrome,email,PROD-01416,REI Flash 55 Pack,Outdoor Gear,Sports,517.67,,0,1,0,
a941c1ef-71a8-406b-807e-589190ad1cce,EVT-001365,USER-00048,wishlist,2025-11-22T17:52:17.154870,SES-b167e8b1,tablet,Safari,organic,PROD-01844,Samsung Galaxy Watch 6,Smartwatches,Electronics,790.52,,0,0,0,
65569d8d-5fc4-45dc-ba77-38002ed5d04e,EVT-001366,USER-00154,search,2026-01-09T03:51:56.010539,SES-ed982954,tablet,Chrome,organic,,,,,0.0,red wine gift,0,0,0,
b77a98f2-b469-4117-83ef-d592983cba58,EVT-001367,USER-00144,view,2026-01-12T19:23:00.361519,SES-4bb2c36c,tablet,Edge,direct,PROD-01196,Oral-B iO Series 9,Personal Care,Healthcare,285.71,,125,0,0,
e80c9265-5419-4f10-b834-7afa4098a088,EVT-001368,USER-00001,view,2025-12-15T15:31:38.541827,SES-4a005319,desktop,Safari,direct,PROD-00512,Dom Pérignon Rosé 2009,Champagne,Wine,415.51,,398,0,0,
ac70b0d7-4bba-42f6-90f5-99f644cf3f63,EVT-001369,USER-00023,search,2025-12-13T07:56:36.451008,SES-8318ec32,desktop,Chrome,social,,,,,0.0,gaming laptop,0,0,0,
0433f055-f440-401b-9959-73b0e451aabb,EVT-001370,USER-00155,search,2026-01-10T21:38:21.295458,SES-ac78b66a,mobile,Firefox,social,,,,,0.0,wireless headphones,0,0,0,
20a29c11-e59e-403a-8401-ddc2ac314747,EVT-001371,USER-00218,click,2025-12-25T05:53:23.193480,SES-64ff0d55,desktop,Safari,email,PROD-00003,Penfolds Grange,Red Wine,Wine,390.13,,276,0,0,
3051dfac-0cde-47b9-9ee0-249790766b88,EVT-001372,USER-00107,search,2026-01-09T20:13:38.040192,SES-fda44bf5,desktop,Firefox,organic,,,,,0.0,home office chair,0,0,0,
2feb2d64-e753-43c2-8aad-0ab239b6d84d,EVT-001373,USER-00147,add_to_cart,2025-11-07T15:31:06.880593,SES-67d30d71,mobile,Chrome,email,PROD-01416,REI Flash 55 Pack,Outdoor Gear,Sports,517.67,,0,1,0,
b3a71db3-e445-4642-8782-3720ad08567a,EVT-001374,USER-00048,wishlist,2025-11-05T01:39:04.688212,SES-331eed77,tablet,Safari,organic,PROD-01844,Samsung Galaxy Watch 6,Smartwatches,Electronics,790.52,,0,0,0,
cbea70e5-56f6-4329-930e-78267196da78,EVT-001375,USER-00154,search,2026-01-04T09:09:57.613625,SES-8a1954a1,tablet,Chrome,organic,,,,,0.0,red wine gift,0,0,0,
5941a19f-d6cd-4eba-b1b1-b67fd04baac3,EVT-001376,USER-00144,view,2025-10-25T09:40:25.803380,SES-2b229515,tablet,Edge,direct,PROD-01196,Oral-B iO Series 9,Personal Care,Healthcare,285.71,,125,0,0,
6d232c1a-f825-4c73-a19d-a0d0801234ef,EVT-001377,USER-00001,view,2025-10-26T03:53:17.811063,SES-05b5b978,desktop,Safari,direct,PROD-00512,Dom Pérignon Rosé 2009,Champagne,Wine,415.51,,398,0,0,
e46f66f4-2043-45af-b2f7-cc399395135d,EVT-001378,USER-00023,search,2025-12-10T01:19:47.651896,SES-d9c10c6b,desktop,Chrome,social,,,,,0.0,gaming laptop,0,0,0,
dfd0758a-9d74-46b8-a331-08bc202f15f2,EVT-001379,USER-00155,search,2026-01-16T21:29:00.930775,SES-31e3838b,mobile,Firefox,social,,,,,0.0,wireless headphones,0,0,0,
5b539c51-927a-489a-933d-164f589d2e83,EVT-001380,USER-00218,click,2026-01-15T08:03:23.392049,SES-a206af88,desktop,Safari,email,PROD-00003,Penfolds Grange,Red Wine,Wine,390.13,,276,0,0,
63184c89-3aed-4292-937c-c678dc379eab,EVT-001381,USER-00107,search,2026-01-03T07:41:53.794059,SES-72a910f1,desktop,Firefox,organic,,,,,0.0,home office chair,0,0,0,
81ea97a8-cb31-4ed8-a5d0-504f0c2cddec,EVT-001382,USER-00147,add_to_cart,2025-11-19T17:19:58.747794,SES-720df80b,mobile,Chrome,email,PROD-01416,REI Flash 55 Pack,Outdoor Gear,Sports,517.67,,0,1,0,
2d55b32b-d2ee-4e4d-92e2-c70c67be5e3e,EVT-001383,USER-00048,wishlist,2025-11-17T21:37:36.016790,SES-1e22b518,tablet,Safari,organic,PROD-01844,Samsung Galaxy Watch 6,Smartwatches,Electronics,790.52,,0,0,0,
8443b5e3-e6e0-4904-9900-29fc0ac29da4,EVT-001384,USER-00154,search,2025-11-23T02:05:33.069332,SES-a681dddf,tablet,Chrome,organic,,,,,0.0,red wine gift,0,0,0,
f5a96de1-9473-41c2-934b-3cf23ef83e8e,EVT-001385,USER-00144,view,2025-11-07T21:50:09.724010,SES-3f028127,tablet,Edge,direct,PROD-01196,Oral-B iO Series 9,Personal Care,Healthcare,285.71,,125,0,0,
a1139ef9-0817-426a-968c-8ad5ad5a0b7c,EVT-001386,USER-00001,view,2025-12-08T08:04:18.281787,SES-294c15ca,desktop,Safari,direct,PROD-00512,Dom Pérignon Rosé 2009,Champagne,Wine,415.51,,398,0,0,
5c26f493-e401-4cdc-8f39-f0688c4b2dfe,EVT-001387,USER-00023,search,2026-01-11T16:38:02.162497,SES-865b06cc,desktop,Chrome,social,,,,,0.0,gaming laptop,0,0,0,
a835ed38-a447-4521-9ad1-665691dfa22e,EVT-001388,USER-00155,search,2025-12-06T11:03:43.560475,SES-546c7077,mobile,Firefox,social,,,,,0.0,wireless headphones,0,0,0,
cdb3aac5-2d28-429b-a2d6-5d624372cf7c,EVT-001389,USER-00218,click,2025-12-15T23:42:11.204744,SES-a423862a,desktop,Safari,email,PROD-00003,Penfolds Grange,Red Wine,Wine,390.13,,276,0,0,
4a8cc5f3-6acf-4f0e-8ccf-b0388cba5d43,EVT-001390,USER-00107,search,2026-01-20T10:23:39.658199,SES-35dcd2fd,desktop,Firefox,organic,,,,,0.0,home office chair,0,0,0,
9d74e8e9-1fd9-4cea-b830-3e723dff75bf,EVT-001391,USER-00147,add_to_cart,2026-01-13T11:20:02.312909,SES-54a8862f,mobile,Chrome,email,PROD-01416,REI Flash 55 Pack,Outdoor Gear,Sports,517.67,,0,1,0,
085c313e-fa16-4678-9ac9-b3c73b429d6a,EVT-001392,USER-00048,wishlist,2026-01-15T01:49:23.808331,SES-f1832c05,tablet,Safari,organic,PROD-01844,Samsung Galaxy Watch 6,Smartwatches,Electronics,790.52,,0,0,0,
76d539c6-5c8d-47e4-b48b-f16787b2bd56,EVT-001393,USER-00154,search,2026-01-14T05:55:32.913558,SES-ad9cedc7,tablet,Chrome,organic,,,,,0.0,red wine gift,0,0,0,
9fa28b38-dece-4e75-b953-8d6d8d70d3c7,EVT-001394,USER-00144,view,2025-12-10T23:46:24.854311,SES-7834a3a1,tablet,Edge,direct,PROD-01196,Oral-B iO Series 9,Personal Care,Healthcare,285.71,,125,0,0,
3741d7fd-9216-425f-bbe3-aaeca68201e6,EVT-001395,USER-00001,view,2025-11-26T16:02:34.286428,SES-ff40c6a4,desktop,Safari,direct,PROD-00512,Dom Pérignon Rosé 2009,Champagne,Wine,415.51,,398,0,0,
de1344b5-9036-46ac-be66-41fc77bd49a7,EVT-001396,USER-00023,search,2025-12-01T23:40:36.076224,SES-0fa4c2e4,desktop,Chrome,social,,,,,0.0,gaming laptop,0,0,0,
e5a40cd2-35c9-45cb-9a79-820ffabdf0a1,EVT-001397,USER-00155,search,2025-11-02T03:31:12.538030,SES-11736287,mobile,Firefox,social,,,,,0.0,wireless headphones,0,0,0,
e8693b0b-3c6b-4ade-b638-48cd5a541b19,EVT-001398,USER-00218,click,2025-12-11T13:46:24.304801,SES-ad0073b1,desktop,Safari,email,PROD-00003,Penfolds Grange,Red Wine,Wine,390.13,,276,0,0,
d635d238-a077-4e6f-822e-e2de1954c613,EVT-001399,USER-00107,search,2025-11-22T02:57:31.496956,SES-8dcaaa93,desktop,Firefox,organic,,,,,0.0,home office chair,0,0,0,
bd2b018b-b849-4ecf-b5ab-4bdd86fd554a,EVT-001400,USER-00147,add_to_cart,2025-11-24T14:02:01.738675,SES-e7c419c9,mobile,Chrome,email,PROD-01416,REI Flash 55 Pack,Outdoor Gear,Sports,517.67,,0,1,0,
08e23338-3c9b-4fc2-9ec8-a3e2d5839382,EVT-001401,USER-00048,wishlist,2025-11-13T05:21:02.743766,SES-f6789ac0,tablet,Safari,organic,PROD-01844,Samsung Galaxy Watch 6,Smartwatches,Electronics,790.52,,0,0,0,
df251b80-d45d-4365-bb9b-3cf5787f8964,EVT-001402,USER-00154,search,2026-01-04T06:07:13.861616,SES-10003f88,tablet,Chrome,organic,,,,,0.0,red wine gift,0,0,0,
ce92b0ee-e6b0-4f8c-a5b5-e0bb033a5fa7,EVT-001403,USER-00144,view,2025-11-08T14:57:02.282746,SES-31e7b659,tablet,Edge,direct,PROD-01196,Oral-B iO Series 9,Personal Care,Healthcare,285.71,,125,0,0,
b77c6995-2bf7-4023-aafd-50066d05f9da,EVT-001404,USER-00001,view,2025-11-28T01:23:26.777516,SES-db3d6de7,desktop,Safari,direct,PROD-00512,Dom Pérignon Rosé 2009,Champagne,Wine,415.51,,398,0,0,
158c8043-142f-4750-b99a-017e8fc5461c,EVT-001405,USER-00023,search,2025-11-23T22:06:36.256042,SES-11d82075,desktop,Chrome,social,,,,,0.0,gaming laptop,0,0,0,
97f2b810-2b94-4d64-ab4b-8b79a026272a,EVT-001406,USER-00155,search,2026-01-13T04:00:52.260248,SES-a2079f55,mobile,Firefox,social,,,,,0.0,wireless headphones,0,0,0,
a596d89c-c0ed-416e-a751-3d6d83f907d8,EVT-001407,USER-00218,click,2026-01-13T13:45:54.264068,SES-2867fe48,desktop,Safari,email,PROD-00003,Penfolds Grange,Red Wine,Wine,390.13,,276,0,0,
1ee1d21e-c094-45e3-b1f3-f3f33b6602de,EVT-001408,USER-00107,search,2026-01-03T15:41:44.652560,SES-fe2461dd,desktop,Firefox,organic,,,,,0.0,home office chair,0,0,0,
dc910d66-9873-4c9f-bd8e-6c40eea3338a,EVT-001409,USER-00147,add_to_cart,2026-01-12T13:01:07.858446,SES-9d5e3432,mobile,Chrome,email,PROD-01416,REI Flash 55 Pack,Outdoor Gear,Sports,517.67,,0,1,0,
f0f38969-ce44-4693-9ab5-c50f0b982308,EVT-001410,USER-00048,wishlist,2025-12-25T08:37:57.693469,SES-aa75169e,tablet,Safari,organic,PROD-01844,Samsung Galaxy Watch 6,Smartwatches,Electronics,790.52,,0,0,0,
6c3b8495-721c-4b81-9fb8-7ea1f290feba,EVT-001411,USER-00154,search,2026-01-06T04:30:36.693645,SES-87b335f9,tablet,Chrome,organic,,,,,0.0,red wine gift,0,0,0,
efc41170-e7cd-491f-8cf5-c7ac89007d7f,EVT-001412,USER-00144,view,2025-10-31T13:30:05.158011,SES-2a45adf7,tablet,Edge,direct,PROD-01196,Oral-B iO Series 9,Personal Care,Healthcare,285.71,,125,0,0,
b9b6a0e4-686b-458a-8a98-9fa38ba63ad0,EVT-001413,USER-00001,view,2025-12-08T10:59:54.408502,SES-5236d786,desktop,Safari,direct,PROD-00512,Dom Pérignon Rosé 2009,Champagne,Wine,415.51,,398,0,0,
5bb0a4e6-541f-4dae-bd5b-080795917f27,EVT-001414,USER-00023,search,2025-12-21T09:19:22.976640,SES-1888d42e,desktop,Chrome,social,,,,,0.0,gaming laptop,0,0,0,
df9df48f-0974-4425-96b6-480bce438ee8,EVT-001415,USER-00155,search,2025-11-20T12:31:49.623251,SES-1af7edfa,mobile,Firefox,social,,,,,0.0,wireless headphones,0,0,0,
2856061c-811b-476f-b326-026d2801510c,EVT-001416,USER-00218,click,2025-12-09T03:11:05.308681,SES-9b3c64e2,desktop,Safari,email,PROD-00003,Penfolds Grange,Red Wine,Wine,390.13,,276,0,0,
20c03a69-89e2-4c25-bd53-a61fbf4f31e6,EVT-001417,USER-00107,search,2025-12-13T10:19:23.899062,SES-e590f8e2,desktop,Firefox,organic,,,,,0.0,home office chair,0,0,0,
065d0354-273d-40d4-bd3b-184f998c2cdc,EVT-001418,USER-00147,add_to_cart,2025-12-09T13:05:43.104320,SES-34995b26,mobile,Chrome,email,PROD-01416,REI Flash 55 Pack,Outdoor Gear,Sports,517.67,,0,1,0,
b06482eb-0a9c-4afb-a2bd-78fc0f612186,EVT-001419,USER-00048,wishlist,2025-11-27T03:34:30.902154,SES-9e144797,tablet,Safari,organic,PROD-01844,Samsung Galaxy Watch 6,Smartwatches,Electronics,790.52,,0,0,0,
b6e40af8-b454-4bbf-a936-07be90ba6229,EVT-001420,USER-00154,search,2025-12-10T20:19:08.594607,SES-d2e32f39,tablet,Chrome,organic,,,,,0.0,red wine gift,0,0,0,
6c1d0ef6-a805-4fb6-bf12-d1f7c3c6bd4e,EVT-001421,USER-00144,view,2025-11-09T18:08:56.913328,SES-66f882af,tablet,Edge,direct,PROD-01196,Oral-B iO Series 9,Personal Care,Healthcare,285.71,,125,0,0,
79e21eae-fc12-44f3-ae82-15aad35f40a0,EVT-001422,USER-00001,view,2025-11-20T12:01:09.482035,SES-c41030a9,desktop,Safari,direct,PROD-00512,Dom Pérignon Rosé 2009,Champagne,Wine,415.51,,398,0,0,
016cab0d-1d9f-4f8a-89a5-fdde9c392ec5,EVT-001423,USER-00023,search,2025-12-01T23:36:34.937323,SES-5f97e177,desktop,Chrome,social,,,,,0.0,gaming laptop,0,0,0,
a2091bed-b97b-45bf-ab51-ce731ceb4cf2,EVT-001424,USER-00155,search,2025-11-09T11:54:19.826432,SES-696155aa,mobile,Firefox,social,,,,,0.0,wireless headphones,0,0,0,
e6c2dccd-af76-49bf-8f67-66486ead6163,EVT-001425,USER-00218,click,2026-01-15T15:42:35.851282,SES-70df6143,desktop,Safari,email,PROD-00003,Penfolds Grange,Red Wine,Wine,390.13,,276,0,0,
d0747165-e5c0-4f89-8e8f-8c7c58911f4d,EVT-001426,USER-00107,search,2025-11-30T00:59:07.097894,SES-a99e2a27,desktop,Firefox,organic,,,,,0.0,home office chair,0,0,0,
0c457685-fe78-460a-9ecc-fa4e0e3fd316,EVT-001427,USER-00147,add_to_cart,2025-11-30T20:02:08.498622,SES-daf54fe4,mobile,Chrome,email,PROD-01416,REI Flash 55 Pack,Outdoor Gear,Sports,517.67,,0,1,0,
9eb833dc-dfb6-4b0c-838e-1e379f786165,EVT-001428,USER-00048,wishlist,2025-10-30T02:05:45.000658,SES-d6014df4,tablet,Safari,organic,PROD-01844,Samsung Galaxy Watch 6,Smartwatches,Electronics,790.52,,0,0,0,
503b7fd6-05da-4704-bab9-ef809575798d,EVT-001429,USER-00154,search,2025-10-24T19:37:03.352105,SES-f1f64edd,tablet,Chrome,organic,,,,,0.0,red wine gift,0,0,0,
dff51d12-3474-488c-a3a8-9a976a95493f,EVT-001430,USER-00144,view,2025-11-01T01:27:49.671246,SES-cfedcbbe,tablet,Edge,direct,PROD-01196,Oral-B iO Series 9,Personal Care,Healthcare,285.71,,125,0,0,
195c9884-83b5-4a1f-b2e8-8776e4e66d1a,EVT-001431,USER-00001,view,2025-12-12T04:26:32.269538,SES-cec108d8,desktop,Safari,direct,PROD-00512,Dom Pérignon Rosé 2009,Champagne,Wine,415.51,,398,0,0,
df2b8eb5-44b6-495a-a6f8-c8da34489da3,EVT-001432,USER-00023,search,2025-12-16T13:00:30.323586,SES-7c1fc34e,desktop,Chrome,social,,,,,0.0,gaming laptop,0,0,0,
36312776-4554-45e9-8604-86192b115fc7,EVT-001433,USER-00155,search,2025-11-19T04:52:28.600000,SES-ab3c3dfb,mobile,Firefox,social,,,,,0.0,wireless headphones,0,0,0,
a5f470f4-251b-4e1d-b8be-76305284dd59,EVT-001434,USER-00218,click,2026-01-19T23:28:35.500007,SES-8fb0524f,desktop,Safari,email,PROD-00003,Penfolds Grange,Red Wine,Wine,390.13,,276,0,0,
7095ed2b-3aef-4f3f-a298-e0d3aba737ac,EVT-001435,USER-00107,search,2025-12-31T00:56:09.242631,SES-056dfc5f,desktop,Firefox,organic,,,,,0.0,home office chair,0,0,0,
4e510044-4dde-4b11-9b6f-06b46c7b8511,EVT-001436,USER-00147,add_to_cart,2025-12-31T01:09:22.115879,SES-a2cf65f5,mobile,Chrome,email,PROD-01416,REI Flash 55 Pack,Outdoor Gear,Sports,517.67,,0,1,0,
dfb9d39e-dd2c-4d2d-ba10-f4882becf409,EVT-001437,USER-00048,wishlist,2025-12-24T13:45:48.259175,SES-0944188e,tablet,Safari,organic,PROD-01844,Samsung Galaxy Watch 6,Smartwatches,Electronics,790.52,,0,0,0,
6f03e9a7-fd63-447f-87fb-fd43f1a94a23,EVT-001438,USER-00154,search,2025-12-09T03:38:38.809521,SES-808bc954,tablet,Chrome,organic,,,,,0.0,red wine gift,0,0,0,
a159eeea-1cf7-4c2a-ac20-edfaa29110f6,EVT-001439,USER-00144,view,2025-10-26T10:03:43.646011,SES-41ad3ea7,tablet,Edge,direct,PROD-01196,Oral-B iO Series 9,Personal Care,Healthcare,285.71,,125,0,0,
a1249923-dde0-499a-9af0-e70d495a372e,EVT-001440,USER-00001,view,2026-01-15T21:10:49.154503,SES-f4cf6fdd,desktop,Safari,direct,PROD-00512,Dom Pérignon Rosé 2009,Champagne,Wine,415.51,,398,0,0,
77fba3ed-e78c-4fd1-b0fe-ba61150bd4a2,EVT-001441,USER-00023,search,2025-11-19T07:30:52.803048,SES-8f360e95,desktop,Chrome,social,,,,,0.0,gaming laptop,0,0,0,
6f1b1f00-e080-4224-a224-bd789704fdb6,EVT-001442,USER-00155,search,2025-12-14T13:04:14.623838,SES-06449e21,mobile,Firefox,social,,,,,0.0,wireless headphones,0,0,0,
747dfdb1-2063-4988-902b-b467925594b4,EVT-001443,USER-00218,click,2026-01-11T16:43:57.857169,SES-5bc11b87,desktop,Safari,email,PROD-00003,Penfolds Grange,Red Wine,Wine,390.13,,276,0,0,
40627b7c-d3eb-4eba-9184-ae338e14f216,EVT-001444,USER-00107,search,2025-12-10T12:33:20.957962,SES-49882687,desktop,Firefox,organic,,,,,0.0,home office chair,0,0,0,
f6480c8a-2d75-4a26-bca1-1c88addf8031,EVT-001445,USER-00147,add_to_cart,2025-12-19T08:32:59.561633,SES-e3d3c9b6,mobile,Chrome,email,PROD-01416,REI Flash 55 Pack,Outdoor Gear,Sports,517.67,,0,1,0,
4c809182-4949-44f7-991a-d9ea618b3f5b,EVT-001446,USER-00048,wishlist,2025-12-28T04:55:51.843335,SES-fe457120,tablet,Safari,organic,PROD-01844,Samsung Galaxy Watch 6,Smartwatches,Electronics,790.52,,0,0,0,
96cc6aaa-41e2-4ce0-a634-34e21ec7b23a,EVT-001447,USER-00154,search,2025-12-09T18:12:24.617427,SES-ca1c4af1,tablet,Chrome,organic,,,,,0.0,red wine gift,0,0,0,
84d4cbcb-eff8-465a-ae8b-b26678b8fb63,EVT-001448,USER-00144,view,2025-10-26T22:06:14.900766,SES-e8af9aec,tablet,Edge,direct,PROD-01196,Oral-B iO Series 9,Personal Care,Healthcare,285.71,,125,0,0,
a36c5a33-5007-4563-882f-92432931db09,EVT-001449,USER-00001,view,2025-11-18T22:29:56.491048,SES-7a03d1a5,desktop,Safari,direct,PROD-00512,Dom Pérignon Rosé 2009,Champagne,Wine,415.51,,398,0,0,
7371c995-e215-4b94-9afd-19c803ab1e9a,EVT-001450,USER-00023,search,2025-11-08T14:43:55.548052,SES-a745aff1,desktop,Chrome,social,,,,,0.0,gaming laptop,0,0,0,
f839b174-b4b6-4a48-b883-49d0fe19833e,EVT-001451,USER-00155,search,2026-01-17T10:46:47.982810,SES-dfa14b70,mobile,Firefox,social,,,,,0.0,wireless headphones,0,0,0,
a15ea1e1-f1b8-4149-9d1a-44c083ee5446,EVT-001452,USER-00218,click,2025-10-27T09:23:45.544650,SES-b1dd1de9,desktop,Safari,email,PROD-00003,Penfolds Grange,Red Wine,Wine,390.13,,276,0,0,
dc92cbb7-142b-4acf-bf22-38324c6f15f5,EVT-001453,USER-00107,search,2026-01-04T22:59:14.731156,SES-aa1b1abd,desktop,Firefox,organic,,,,,0.0,home office chair,0,0,0,
eda4e09f-a347-4471-848b-1cf744c4c134,EVT-001454,USER-00147,add_to_cart,2026-01-09T07:20:20.666950,SES-a6938a69,mobile,Chrome,email,PROD-01416,REI Flash 55 Pack,Outdoor Gear,Sports,517.67,,0,1,0,
3f7d63a5-369e-43cb-9610-593fe5b7b791,EVT-001455,USER-00048,wishlist,2025-12-28T03:22:56.716182,SES-7cd9d394,tablet,Safari,organic,PROD-01844,Samsung Galaxy Watch 6,Smartwatches,Electronics,790.52,,0,0,0,
61d1ad65-bcf4-487b-b2b0-1d889239832b,EVT-001456,USER-00154,search,2025-12-08T19:56:31.994147,SES-d5ada3d4,tablet,Chrome,organic,,,,,0.0,red wine gift,0,0,0,
67896c8b-2f70-4698-82e3-9785bc05b862,EVT-001457,USER-00144,view,2025-11-07T17:14:32.954436,SES-4bf1ebaa,tablet,Edge,direct,PROD-01196,Oral-B iO Series 9,Personal Care,Healthcare,285.71,,125,0,0,
7a6d4ff2-bc7e-4cae-9a7e-819de88eb854,EVT-001458,USER-00001,view,2025-11-25T01:06:55.839617,SES-2c123714,desktop,Safari,direct,PROD-00512,Dom Pérignon Rosé 2009,Champagne,Wine,415.51,,398,0,0,
945a6891-7f2b-44e8-90c2-fc24b34376e2,EVT-001459,USER-00023,search,2025-12-24T14:22:16.896067,SES-ab9ba3c6,desktop,Chrome,social,,,,,0.0,gaming laptop,0,0,0,
cc910417-d48a-469e-b530-8962a6d508a6,EVT-001460,USER-00155,search,2026-01-12T15:09:57.499842,SES-8dbb4543,mobile,Firefox,social,,,,,0.0,wireless headphones,0,0,0,
ba958672-cd32-425d-86c3-86b3a6302807,EVT-001461,USER-00218,click,2025-10-31T13:13:17.111884,SES-97a4af3c,desktop,Safari,email,PROD-00003,Penfolds Grange,Red Wine,Wine,390.13,,276,0,0,
28b5bb8d-ec9a-4871-b9fe-b71a7ecb81ca,EVT-001462,USER-00107,search,2026-01-16T04:03:31.405988,SES-61d71dc3,desktop,Firefox,organic,,,,,0.0,home office chair,0,0,0,
13b7f10d-05d5-4156-9ce2-79407c67765c,EVT-001463,USER-00147,add_to_cart,2026-01-10T23:37:29.854731,SES-69829c79,mobile,Chrome,email,PROD-01416,REI Flash 55 Pack,Outdoor Gear,Sports,517.67,,0,1,0,
fec6e536-c2c1-4d28-b2dd-44008f4e0f8b,EVT-001464,USER-00048,wishlist,2025-12-25T18:56:33.662522,SES-a1df6217,tablet,Safari,organic,PROD-01844,Samsung Galaxy Watch 6,Smartwatches,Electronics,790.52,,0,0,0,
64ca5c17-ef5d-4f3e-a941-2d86b6ecf5bb,EVT-001465,USER-00154,search,2025-10-29T05:44:13.032152,SES-0972c71c,tablet,Chrome,organic,,,,,0.0,red wine gift,0,0,0,
d3afd268-df9d-4703-985c-cce658826d1f,EVT-001466,USER-00144,view,2025-11-09T23:55:46.623280,SES-30922470,tablet,Edge,direct,PROD-01196,Oral-B iO Series 9,Personal Care,Healthcare,285.71,,125,0,0,
73fbc6f5-e001-47da-8c54-c5873f0c8597,EVT-001467,USER-00001,view,2025-11-10T06:41:15.456487,SES-30c704a0,desktop,Safari,direct,PROD-00512,Dom Pérignon Rosé 2009,Champagne,Wine,415.51,,398,0,0,
d5ee9e31-f214-433e-8858-5dabc04360bf,EVT-001468,USER-00023,search,2025-12-19T07:26:43.798489,SES-a03bc93e,desktop,Chrome,social,,,,,0.0,gaming laptop,0,0,0,
1141337c-0e0a-4aa3-8860-bd92a9e759e0,EVT-001469,USER-00155,search,2025-10-24T01:48:57.909233,SES-8312073c,mobile,Firefox,social,,,,,0.0,wireless headphones,0,0,0,
41e139db-058e-40f5-9c26-d32149fa980f,EVT-001470,USER-00218,click,2026-01-13T15:50:32.368650,SES-e9b707a9,desktop,Safari,email,PROD-00003,Penfolds Grange,Red Wine,Wine,390.13,,276,0,0,
eade5976-cad9-4922-8726-5a5ab463eed8,EVT-001471,USER-00107,search,2025-11-10T05:09:37.028616,SES-3e009451,desktop,Firefox,organic,,,,,0.0,home office chair,0,0,0,
fb0059ec-bc9f-4b4e-b6bc-80c4a88dddb0,EVT-001472,USER-00147,add_to_cart,2025-12-23T17:13:01.909543,SES-eb0ba352,mobile,Chrome,email,PROD-01416,REI Flash 55 Pack,Outdoor Gear,Sports,517.67,,0,1,0,
327d9bf1-9cf0-4b95-a7e0-9be9968e85e1,EVT-001473,USER-00048,wishlist,2026-01-13T20:39:00.947827,SES-1a6fcaeb,tablet,Safari,organic,PROD-01844,Samsung Galaxy Watch 6,Smartwatches,Electronics,790.52,,0,0,0,
b49d6b90-a240-45de-9410-ca4048fc5717,EVT-001474,USER-00154,search,2025-10-23T02:22:17.789160,SES-aaef145c,tablet,Chrome,organic,,,,,0.0,red wine gift,0,0,0,
9a3157fb-0941-4191-906c-6e60f4e05f8b,EVT-001475,USER-00144,view,2025-11-13T07:22:21.306051,SES-9ed93924,tablet,Edge,direct,PROD-01196,Oral-B iO Series 9,Personal Care,Healthcare,285.71,,125,0,0,
b67b41e3-3cfb-4711-9689-c6a300f30f37,EVT-001476,USER-00001,view,2026-01-03T21:35:36.126342,SES-3be6ea4d,desktop,Safari,direct,PROD-00512,Dom Pérignon Rosé 2009,Champagne,Wine,415.51,,398,0,0,
c01a4a5c-8abc-46a7-84e1-33208bef6062,EVT-001477,USER-00023,search,2026-01-05T11:45:09.203727,SES-345057da,desktop,Chrome,social,,,,,0.0,gaming laptop,0,0,0,
738e298d-bc3e-449d-9a3a-e880c5caa1d2,EVT-001478,USER-00155,search,2026-01-19T06:26:38.679610,SES-444b51ae,mobile,Firefox,social,,,,,0.0,wireless headphones,0,0,0,
58f9e060-25d4-44a4-85a0-76abcce02c0e,EVT-001479,USER-00218,click,2026-01-19T12:14:25.803863,SES-dbf1203e,desktop,Safari,email,PROD-00003,Penfolds Grange,Red Wine,Wine,390.13,,276,0,0,
3b8ebd94-00e5-4c88-9d81-105ae88567b5,EVT-001480,USER-00107,search,2026-01-05T01:31:54.515054,SES-84a354a8,desktop,Firefox,organic,,,,,0.0,home office chair,0,0,0,
f4373a57-eaa6-4a82-bde7-f4981e5f2b15,EVT-001481,USER-00147,add_to_cart,2025-11-25T03:11:19.653508,SES-058130bb,mobile,Chrome,email,PROD-01416,REI Flash 55 Pack,Outdoor Gear,Sports,517.67,,0,1,0,
4348167b-5df2-4943-98eb-453bd69a1318,EVT-001482,USER-00048,wishlist,2026-01-06T01:45:23.128732,SES-084dfae9,tablet,Safari,organic,PROD-01844,Samsung Galaxy Watch 6,Smartwatches,Electronics,790.52,,0,0,0,
02da9306-14ec-4856-bc01-480978fe5f1c,EVT-001483,USER-00154,search,2025-10-26T16:48:37.769467,SES-53e7acce,tablet,Chrome,organic,,,,,0.0,red wine gift,0,0,0,
1be1bb9c-0463-4eab-9426-d64cefcc87fc,EVT-001484,USER-00144,view,2025-11-04T10:08:30.405243,SES-bb49d2e8,tablet,Edge,direct,PROD-01196,Oral-B iO Series 9,Personal Care,Healthcare,285.71,,125,0,0,
25229346-91df-43b9-89fa-7c0f1b564ccf,EVT-001485,USER-00001,view,2025-11-13T19:52:11.514870,SES-b8707cc4,desktop,Safari,direct,PROD-00512,Dom Pérignon Rosé 2009,Champagne,Wine,415.51,,398,0,0,
492f2f98-e042-4e88-a028-7892a5c98299,EVT-001486,USER-00023,search,2025-12-21T20:10:00.096177,SES-51854fcc,desktop,Chrome,social,,,,,0.0,gaming laptop,0,0,0,
278a277b-3317-45fe-bfb1-63d057c09cc5,EVT-001487,USER-00155,search,2026-01-10T01:08:11.686283,SES-25c505ba,mobile,Firefox,social,,,,,0.0,wireless headphones,0,0,0,
bb59afdb-14d5-440f-aef7-b34cf66f52d2,EVT-001488,USER-00218,click,2025-11-29T17:28:17.508047,SES-cd8bd42d,desktop,Safari,email,PROD-00003,Penfolds Grange,Red Wine,Wine,390.13,,276,0,0,
3ec0d027-4eb8-40f9-a94b-4c6c9a9186da,EVT-001489,USER-00107,search,2025-12-13T00:30:05.964572,SES-cad7469c,desktop,Firefox,organic,,,,,0.0,home office chair,0,0,0,
9ad962f9-3f6d-4973-9294-d7b75aca7eb7,EVT-001490,USER-00147,add_to_cart,2026-01-08T09:49:17.514969,SES-708f6ae6,mobile,Chrome,email,PROD-01416,REI Flash 55 Pack,Outdoor Gear,Sports,517.67,,0,1,0,
bb4cffc6-7bff-4503-b2e8-6702ce82c70d,EVT-001491,USER-00048,wishlist,2025-12-18T00:42:25.638829,SES-28e49088,tablet,Safari,organic,PROD-01844,Samsung Galaxy Watch 6,Smartwatches,Electronics,790.52,,0,0,0,
42097630-3bdd-4c47-8877-96e5a70830ef,EVT-001492,USER-00154,search,2025-11-10T02:40:06.960092,SES-6006bbb1,tablet,Chrome,organic,,,,,0.0,red wine gift,0,0,0,
209b745a-344f-41e5-b81a-b3eed9afbddd,EVT-001493,USER-00144,view,2026-01-09T18:05:12.815003,SES-b9fb1d8c,tablet,Edge,direct,PROD-01196,Oral-B iO Series 9,Personal Care,Healthcare,285.71,,125,0,0,
9a2e172c-f6d7-4ba8-aa39-625cd0c91d4c,EVT-001494,USER-00001,view,2025-12-27T23:15:51.627563,SES-e4a9b289,desktop,Safari,direct,PROD-00512,Dom Pérignon Rosé 2009,Champagne,Wine,415.51,,398,0,0,
daf92aab-5797-45a9-bc2b-cf911e6e6172,EVT-001495,USER-00023,search,2025-11-16T04:59:02.746995,SES-8299019e,desktop,Chrome,social,,,,,0.0,gaming laptop,0,0,0,
77f72b22-018e-4bca-876f-43a45a3090c1,EVT-001496,USER-00155,search,2025-12-23T19:08:36.055284,SES-bedb96e6,mobile,Firefox,social,,,,,0.0,wireless headphones,0,0,0,
bcfb837f-7be8-4090-9b7d-a482ec021274,EVT-001497,USER-00218,click,2025-11-29T02:27:09.184384,SES-4fee0b85,desktop,Safari,email,PROD-00003,Penfolds Grange,Red Wine,Wine,390.13,,276,0,0,
947ea8bc-f7fb-4598-b787-59307845dbac,EVT-001498,USER-00107,search,2025-11-28T21:35:52.502560,SES-792998e8,desktop,Firefox,organic,,,,,0.0,home office chair,0,0,0,
1e4aee0b-f975-47a1-91b8-db1c5ffd03f3,EVT-001499,USER-00147,add_to_cart,2025-11-16T16:48:11.050676,SES-68a42b71,mobile,Chrome,email,PROD-01416,REI Flash 55 Pack,Outdoor Gear,Sports,517.67,,0,1,0,
9cb1fa52-b521-4d15-b0dd-2a6fd107735d,EVT-001500,USER-00048,wishlist,2026-01-11T18:27:34.453112,SES-57d7e803,tablet,Safari,organic,PROD-01844,Samsung Galaxy Watch 6,Smartwatches,Electronics,790.52,,0,0,0,
c0667575-d44c-4af4-9e52-92bb9a3f3183,EVT-001501,USER-00154,search,2026-01-04T04:15:39.812042,SES-56fc801f,tablet,Chrome,organic,,,,,0.0,red wine gift,0,0,0,
50971d61-475f-4d42-ba5d-2c7c42fbcca6,EVT-001502,USER-00144,view,2025-12-05T14:41:00.437450,SES-fb802795,tablet,Edge,direct,PROD-01196,Oral-B iO Series 9,Personal Care,Healthcare,285.71,,125,0,0,
0104c669-a83e-41de-a8a8-e7730dacd4d1,EVT-001503,USER-00001,view,2025-12-15T16:24:56.977756,SES-4b564193,desktop,Safari,direct,PROD-00512,Dom Pérignon Rosé 2009,Champagne,Wine,415.51,,398,0,0,
ea75a824-140a-44f5-aa89-a51af71f0528,EVT-001504,USER-00023,search,2025-12-18T01:27:21.467747,SES-2d019757,desktop,Chrome,social,,,,,0.0,gaming laptop,0,0,0,
d32f2d79-7484-4eaa-964a-e0d8734a187a,EVT-001505,USER-00155,search,2025-11-27T06:20:51.851848,SES-11c2e8b9,mobile,Firefox,social,,,,,0.0,wireless headphones,0,0,0,
2f3f424f-463a-410f-8189-4acb24e9783f,EVT-001506,USER-00218,click,2025-12-24T07:29:58.735349,SES-4c943ea0,desktop,Safari,email,PROD-00003,Penfolds Grange,Red Wine,Wine,390.13,,276,0,0,
2f906663-ed08-42c2-9741-1a6c7e7fa3a4,EVT-001507,USER-00107,search,2025-12-02T02:15:09.914726,SES-e5c680a4,desktop,Firefox,organic,,,,,0.0,home office chair,0,0,0,
0bf92348-a6e7-4ea5-9aa7-58fe3c9c444d,EVT-001508,USER-00147,add_to_cart,2025-12-21T08:08:09.524461,SES-4c4e8708,mobile,Chrome,email,PROD-01416,REI Flash 55 Pack,Outdoor Gear,Sports,517.67,,0,1,0,
ac1c1953-3ed2-45cf-8619-643f4bd2bc68,EVT-001509,USER-00048,wishlist,2025-11-11T17:45:39.423369,SES-54131c3e,tablet,Safari,organic,PROD-01844,Samsung Galaxy Watch 6,Smartwatches,Electronics,790.52,,0,0,0,
68b9ef05-ba4b-40c7-875d-4afdf0fbc819,EVT-001510,USER-00154,search,2025-12-19T01:20:43.700421,SES-b274d96e,tablet,Chrome,organic,,,,,0.0,red wine gift,0,0,0,
ec8de1e2-b0a2-4273-bf49-562dc7507ad4,EVT-001511,USER-00144,view,2025-11-02T01:08:13.851346,SES-d5e9a8de,tablet,Edge,direct,PROD-01196,Oral-B iO Series 9,Personal Care,Healthcare,285.71,,125,0,0,
dc1096b9-385c-4382-8023-f8b5339c7ae8,EVT-001512,USER-00001,view,2026-01-11T20:55:29.486302,SES-e4c7b207,desktop,Safari,direct,PROD-00512,Dom Pérignon Rosé 2009,Champagne,Wine,415.51,,398,0,0,
2974fa32-6289-4d8d-949e-4092e1c26ba7,EVT-001513,USER-00023,search,2025-12-05T15:22:31.198868,SES-40e39fbe,desktop,Chrome,social,,,,,0.0,gaming laptop,0,0,0,
f32b79d4-d62f-4614-9f51-9f1385cff33a,EVT-001514,USER-00155,search,2025-11-08T04:11:25.174401,SES-485d50c8,mobile,Firefox,social,,,,,0.0,wireless headphones,0,0,0,
37871f9f-590e-4c4f-b4d9-4dae57d4dc67,EVT-001515,USER-00218,click,2025-11-21T03:16:24.720117,SES-38a8c4fe,desktop,Safari,email,PROD-00003,Penfolds Grange,Red Wine,Wine,390.13,,276,0,0,
9dbf944a-fea5-4a03-9db9-7dfee145bda8,EVT-001516,USER-00107,search,2026-01-15T14:06:09.296622,SES-0e31f19c,desktop,Firefox,organic,,,,,0.0,home office chair,0,0,0,
9f4aa696-8414-474f-9146-326b0bccea16,EVT-001517,USER-00147,add_to_cart,2025-11-14T18:10:26.495170,SES-1dcc1fed,mobile,Chrome,email,PROD-01416,REI Flash 55 Pack,Outdoor Gear,Sports,517.67,,0,1,0,
c36595ab-3ec8-4514-a2a9-571579627a79,EVT-001518,USER-00048,wishlist,2025-12-22T22:53:30.951425,SES-2ad00323,tablet,Safari,organic,PROD-01844,Samsung Galaxy Watch 6,Smartwatches,Electronics,790.52,,0,0,0,
67026db2-5ce9-48fd-a44d-144f71c6aabb,EVT-001519,USER-00154,search,2026-01-14T10:16:24.828364,SES-695686fc,tablet,Chrome,organic,,,,,0.0,red wine gift,0,0,0,
00a2a20e-107f-4123-9759-ff04963be801,EVT-001520,USER-00144,view,2025-11-27T12:15:27.482573,SES-698854f5,tablet,Edge,direct,PROD-01196,Oral-B iO Series 9,Personal Care,Healthcare,285.71,,125,0,0,
4d5330f6-0849-4f7f-9945-e935574b7f81,EVT-001521,USER-00001,view,2025-12-09T22:27:27.424474,SES-e03a072d,desktop,Safari,direct,PROD-00512,Dom Pérignon Rosé 2009,Champagne,Wine,415.51,,398,0,0,
ea31db10-2918-4a50-ac19-08c3b74d2419,EVT-001522,USER-00023,search,2025-11-17T07:05:53.724609,SES-26715176,desktop,Chrome,social,,,,,0.0,gaming laptop,0,0,0,
b9c3d093-1852-4ce8-aab1-c23bf74f6c4f,EVT-001523,USER-00155,search,2025-12-12T23:34:11.402760,SES-96c39a5f,mobile,Firefox,social,,,,,0.0,wireless headphones,0,0,0,
565997f1-4321-4266-a6f3-226722d2b3c5,EVT-001524,USER-00218,click,2025-11-01T10:28:43.198408,SES-013eec52,desktop,Safari,email,PROD-00003,Penfolds Grange,Red Wine,Wine,390.13,,276,0,0,
d7fe9128-aeaa-4340-98c0-1c6e0c94cce4,EVT-001525,USER-00107,search,2025-11-02T10:02:28.884873,SES-67abe71f,desktop,Firefox,organic,,,,,0.0,home office chair,0,0,0,
31031dc1-c0c2-4008-939f-d4d04ba260ac,EVT-001526,USER-00147,add_to_cart,2026-01-04T17:33:04.290137,SES-7fa424bb,mobile,Chrome,email,PROD-01416,REI Flash 55 Pack,Outdoor Gear,Sports,517.67,,0,1,0,
88e777df-f60a-4b43-bd1b-30a07c0e67be,EVT-001527,USER-00048,wishlist,2026-01-10T05:37:59.520553,SES-a67ee049,tablet,Safari,organic,PROD-01844,Samsung Galaxy Watch 6,Smartwatches,Electronics,790.52,,0,0,0,
399c8d83-b7a8-4f0d-96f4-103241e68794,EVT-001528,USER-00154,search,2026-01-16T04:35:14.762277,SES-cf83f0e8,tablet,Chrome,organic,,,,,0.0,red wine gift,0,0,0,
62c59f37-5a25-457f-a154-3bbce02f6ac4,EVT-001529,USER-00144,view,2025-12-11T14:23:44.897943,SES-90b774c6,tablet,Edge,direct,PROD-01196,Oral-B iO Series 9,Personal Care,Healthcare,285.71,,125,0,0,
7cf25b2e-42d5-4312-9c53-09881faed278,EVT-001530,USER-00001,view,2025-12-06T11:44:42.062971,SES-3de493d5,desktop,Safari,direct,PROD-00512,Dom Pérignon Rosé 2009,Champagne,Wine,415.51,,398,0,0,
7a65f851-da31-480f-a7a5-05f200dea216,EVT-001531,USER-00023,search,2025-11-03T02:42:15.473105,SES-95bd02ca,desktop,Chrome,social,,,,,0.0,gaming laptop,0,0,0,
daf4080b-9583-4fa1-ad36-23d9efb52299,EVT-001532,USER-00155,search,2026-01-20T06:32:31.610644,SES-6ba56169,mobile,Firefox,social,,,,,0.0,wireless headphones,0,0,0,
21f62067-3663-4f5d-853c-ab3a67d91782,EVT-001533,USER-00218,click,2025-12-03T21:04:58.539831,SES-310838d8,desktop,Safari,email,PROD-00003,Penfolds Grange,Red Wine,Wine,390.13,,276,0,0,
2d72b7ce-e092-48dd-ac07-7e2e0fcefa0f,EVT-001534,USER-00107,search,2025-11-01T12:19:07.124846,SES-83235d3d,desktop,Firefox,organic,,,,,0.0,home office chair,0,0,0,
892efbed-505a-40c3-9cbd-ee86d85e667d,EVT-001535,USER-00147,add_to_cart,2025-11-12T06:00:33.135247,SES-b07d83bc,mobile,Chrome,email,PROD-01416,REI Flash 55 Pack,Outdoor Gear,Sports,517.67,,0,1,0,
154ce16f-8dc5-4850-9e62-5db225675a22,EVT-001536,USER-00048,wishlist,2026-01-05T15:37:13.650531,SES-90e80895,tablet,Safari,organic,PROD-01844,Samsung Galaxy Watch 6,Smartwatches,Electronics,790.52,,0,0,0,
47054f13-b017-48fc-8d35-de004815d00c,EVT-001537,USER-00154,search,2025-11-08T06:36:32.480510,SES-e62d6c54,tablet,Chrome,organic,,,,,0.0,red wine gift,0,0,0,
e2eafb2f-8a30-4e46-bda4-9e3c02ad4bba,EVT-001538,USER-00144,view,2025-12-30T07:13:31.012126,SES-19e2cbe1,tablet,Edge,direct,PROD-01196,Oral-B iO Series 9,Personal Care,Healthcare,285.71,,125,0,0,
a4a9512b-3778-433f-8bdc-f9cc820a7dec,EVT-001539,USER-00001,view,2026-01-03T05:58:46.267441,SES-8719a64a,desktop,Safari,direct,PROD-00512,Dom Pérignon Rosé 2009,Champagne,Wine,415.51,,398,0,0,
308238d1-8fe5-4f77-8a12-7d64d9561044,EVT-001540,USER-00023,search,2025-11-13T10:19:11.350210,SES-80a777d0,desktop,Chrome,social,,,,,0.0,gaming laptop,0,0,0,
26b6d2e8-3382-45ce-85d8-7f27ea6a0892,EVT-001541,USER-00155,search,2025-12-17T01:13:43.749586,SES-394767f8,mobile,Firefox,social,,,,,0.0,wireless headphones,0,0,0,
73fe5dec-1fa2-492d-be94-98bf020463f2,EVT-001542,USER-00218,click,2025-12-01T02:27:01.174019,SES-97ca583f,desktop,Safari,email,PROD-00003,Penfolds Grange,Red Wine,Wine,390.13,,276,0,0,
0112bc1f-8b59-4ee9-ab01-0200a961a3d6,EVT-001543,USER-00107,search,2025-11-04T12:29:40.713527,SES-585f1e70,desktop,Firefox,organic,,,,,0.0,home office chair,0,0,0,
8d1c61d4-860c-4061-b2e2-2b2a75afae86,EVT-001544,USER-00147,add_to_cart,2025-12-15T09:39:32.480143,SES-44c60394,mobile,Chrome,email,PROD-01416,REI Flash 55 Pack,Outdoor Gear,Sports,517.67,,0,1,0,
435344fb-1c63-407d-a011-a901c2087e4c,EVT-001545,USER-00048,wishlist,2025-10-26T08:48:28.627399,SES-13eb8eb8,tablet,Safari,organic,PROD-01844,Samsung Galaxy Watch 6,Smartwatches,Electronics,790.52,,0,0,0,
60c936ba-3a54-4f4c-b74a-9ee72443da78,EVT-001546,USER-00154,search,2026-01-14T16:44:43.838757,SES-77b163bf,tablet,Chrome,organic,,,,,0.0,red wine gift,0,0,0,
43d8424b-28f0-4efc-8b74-6ef147e7d4bb,EVT-001547,USER-00144,view,2025-12-30T16:24:09.449077,SES-4b2d9a3e,tablet,Edge,direct,PROD-01196,Oral-B iO Series 9,Personal Care,Healthcare,285.71,,125,0,0,
b6c07766-50e1-442e-8102-1c309f90bdbf,EVT-001548,USER-00001,view,2025-11-08T16:18:35.242055,SES-2f1b0ab6,desktop,Safari,direct,PROD-00512,Dom Pérignon Rosé 2009,Champagne,Wine,415.51,,398,0,0,
f1fc239b-2425-4d93-b796-648f71118c72,EVT-001549,USER-00023,search,2025-11-10T14:40:03.237154,SES-b4b806a5,desktop,Chrome,social,,,,,0.0,gaming laptop,0,0,0,
53281c73-967e-47d4-8017-1d0cfb492457,EVT-001550,USER-00155,search,2025-11-20T06:50:45.114252,SES-aafc8da7,mobile,Firefox,social,,,,,0.0,wireless headphones,0,0,0,
cc061197-24be-435a-8595-88d48c86cc3a,EVT-001551,USER-00218,click,2025-12-12T20:44:48.305356,SES-579fd92c,desktop,Safari,email,PROD-00003,Penfolds Grange,Red Wine,Wine,390.13,,276,0,0,
3560dcc0-171a-4f38-aca2-16f89547f2b0,EVT-001552,USER-00107,search,2026-01-16T01:05:20.294896,SES-84a50c45,desktop,Firefox,organic,,,,,0.0,home office chair,0,0,0,
83de8c06-ed09-434b-9b2a-5b66e4a9cbcf,EVT-001553,USER-00147,add_to_cart,2025-11-22T09:26:47.099226,SES-d12ddddd,mobile,Chrome,email,PROD-01416,REI Flash 55 Pack,Outdoor Gear,Sports,517.67,,0,1,0,
617f1006-53fd-416c-93e4-6d7cce42447b,EVT-001554,USER-00048,wishlist,2026-01-16T05:01:51.364222,SES-3ee2b47e,tablet,Safari,organic,PROD-01844,Samsung Galaxy Watch 6,Smartwatches,Electronics,790.52,,0,0,0,
1df2a747-95d1-4fe0-9ff5-f986aab6ff54,EVT-001555,USER-00154,search,2026-01-13T15:18:35.090110,SES-55b08474,tablet,Chrome,organic,,,,,0.0,red wine gift,0,0,0,
6e4cdf1e-dfc6-45f4-a7f4-19d40ca1c918,EVT-001556,USER-00144,view,2025-11-23T04:23:20.483020,SES-1ab39902,tablet,Edge,direct,PROD-01196,Oral-B iO Series 9,Personal Care,Healthcare,285.71,,125,0,0,
e2acef1e-6eb0-41ad-8b60-137db2ef5318,EVT-001557,USER-00001,view,2025-11-09T17:32:17.941202,SES-ce8ca4cd,desktop,Safari,direct,PROD-00512,Dom Pérignon Rosé 2009,Champagne,Wine,415.51,,398,0,0,
3df23186-2174-40d7-b19f-cd4595c7d20b,EVT-001558,USER-00023,search,2025-12-19T15:28:04.082739,SES-5b91fb11,desktop,Chrome,social,,,,,0.0,gaming laptop,0,0,0,
14ae756e-ffc2-40da-a9f0-8ffbe77c26a2,EVT-001559,USER-00155,search,2025-11-26T21:22:10.057622,SES-37b2fdf5,mobile,Firefox,social,,,,,0.0,wireless headphones,0,0,0,
151d7f96-b652-4097-a584-92430b63565f,EVT-001560,USER-00218,click,2025-11-05T10:49:35.295242,SES-8f984568,desktop,Safari,email,PROD-00003,Penfolds Grange,Red Wine,Wine,390.13,,276,0,0,
c5af172d-0960-4658-ab2c-60ef10f63aa2,EVT-001561,USER-00107,search,2025-11-17T22:26:09.337252,SES-bce23709,desktop,Firefox,organic,,,,,0.0,home office chair,0,0,0,
98d62ed0-6d42-4d3c-8c08-6ad165b179c0,EVT-001562,USER-00147,add_to_cart,2025-10-28T09:37:06.581952,SES-87bb1447,mobile,Chrome,email,PROD-01416,REI Flash 55 Pack,Outdoor Gear,Sports,517.67,,0,1,0,
ce2490e9-6716-4374-b609-b54ed4cef453,EVT-001563,USER-00048,wishlist,2025-11-08T05:29:46.547010,SES-2b6454ba,tablet,Safari,organic,PROD-01844,Samsung Galaxy Watch 6,Smartwatches,Electronics,790.52,,0,0,0,
0cf806e1-5119-4cbd-8e0b-bba1bc62ba00,EVT-001564,USER-00154,search,2025-11-09T03:54:29.776267,SES-39fcb7b3,tablet,Chrome,organic,,,,,0.0,red wine gift,0,0,0,
f0831537-ed65-4116-b992-6b45033e58f6,EVT-001565,USER-00144,view,2025-12-20T21:26:31.997028,SES-26eabe7b,tablet,Edge,direct,PROD-01196,Oral-B iO Series 9,Personal Care,Healthcare,285.71,,125,0,0,
7febc201-eba6-44da-ae86-a99c7a17f79f,EVT-001566,USER-00001,view,2025-12-01T04:05:54.503061,SES-e0acb845,desktop,Safari,direct,PROD-00512,Dom Pérignon Rosé 2009,Champagne,Wine,415.51,,398,0,0,
be417747-e462-471d-884e-b3e76eca4a98,EVT-001567,USER-00023,search,2026-01-09T02:13:27.944037,SES-0e627cef,desktop,Chrome,social,,,,,0.0,gaming laptop,0,0,0,
42ca5513-ef47-4de4-8c79-342cf6d3b812,EVT-001568,USER-00155,search,2025-10-28T22:00:10.293867,SES-fee14076,mobile,Firefox,social,,,,,0.0,wireless headphones,0,0,0,
3d0f13a6-1599-4252-ac9e-da6dbabb6475,EVT-001569,USER-00218,click,2025-11-13T19:00:44.119467,SES-45fc35dc,desktop,Safari,email,PROD-00003,Penfolds Grange,Red Wine,Wine,390.13,,276,0,0,
63a66b15-b028-4663-af3d-a82e81f429df,EVT-001570,USER-00107,search,2025-12-09T05:49:05.139931,SES-ac801b69,desktop,Firefox,organic,,,,,0.0,home office chair,0,0,0,
3d4e23ad-c04d-4845-b5f4-850ac24558b3,EVT-001571,USER-00147,add_to_cart,2025-12-11T18:56:18.951789,SES-8203b486,mobile,Chrome,email,PROD-01416,REI Flash 55 Pack,Outdoor Gear,Sports,517.67,,0,1,0,
dcdc49cd-7641-44f4-a427-e5082c0bb490,EVT-001572,USER-00048,wishlist,2025-11-04T13:48:03.187773,SES-91e9522c,tablet,Safari,organic,PROD-01844,Samsung Galaxy Watch 6,Smartwatches,Electronics,790.52,,0,0,0,
da252603-8f4d-4fdb-9a5f-d1bde985c295,EVT-001573,USER-00154,search,2026-01-17T10:45:25.759273,SES-567e7174,tablet,Chrome,organic,,,,,0.0,red wine gift,0,0,0,
873df411-c9e3-4cd1-9678-1f36f340f2f4,EVT-001574,USER-00144,view,2025-10-27T18:38:10.278892,SES-53a0414e,tablet,Edge,direct,PROD-01196,Oral-B iO Series 9,Personal Care,Healthcare,285.71,,125,0,0,
f120385c-8bcf-473f-8708-124a31fdb0d4,EVT-001575,USER-00001,view,2025-12-23T07:13:24.754706,SES-5b62cbb0,desktop,Safari,direct,PROD-00512,Dom Pérignon Rosé 2009,Champagne,Wine,415.51,,398,0,0,
375854e8-c1ae-4426-a615-c3877b475042,EVT-001576,USER-00023,search,2025-11-28T13:34:19.332500,SES-783011b1,desktop,Chrome,social,,,,,0.0,gaming laptop,0,0,0,
d0826d1c-d093-45b6-a6a6-3ca34fc17b14,EVT-001577,USER-00155,search,2025-12-09T18:10:01.805281,SES-c0d9012a,mobile,Firefox,social,,,,,0.0,wireless headphones,0,0,0,
3af752f9-9b5c-449b-ac24-23ae05face8d,EVT-001578,USER-00218,click,2025-12-17T08:16:55.487273,SES-01b33eba,desktop,Safari,email,PROD-00003,Penfolds Grange,Red Wine,Wine,390.13,,276,0,0,
38dab1eb-a816-4b94-8c2f-d3c801e1657b,EVT-001579,USER-00107,search,2025-11-06T23:09:09.921228,SES-c14823f8,desktop,Firefox,organic,,,,,0.0,home office chair,0,0,0,
29aedddb-1b88-4c76-9613-c206bad3ce75,EVT-001580,USER-00147,add_to_cart,2026-01-14T14:59:06.182446,SES-4da63cb7,mobile,Chrome,email,PROD-01416,REI Flash 55 Pack,Outdoor Gear,Sports,517.67,,0,1,0,
66015e3b-337c-4b9c-b0f6-d2d273984838,EVT-001581,USER-00048,wishlist,2025-11-25T00:08:22.812384,SES-18ba9af6,tablet,Safari,organic,PROD-01844,Samsung Galaxy Watch 6,Smartwatches,Electronics,790.52,,0,0,0,
b14499c4-5495-4d16-b10a-4ba231ec33e8,EVT-001582,USER-00154,search,2025-11-04T14:03:59.842826,SES-aa5f685a,tablet,Chrome,organic,,,,,0.0,red wine gift,0,0,0,
ec1f5e21-aee3-426e-a97c-aaca4d0ad6da,EVT-001583,USER-00144,view,2025-11-01T00:19:40.241905,SES-ec199524,tablet,Edge,direct,PROD-01196,Oral-B iO Series 9,Personal Care,Healthcare,285.71,,125,0,0,
15073210-b29a-465a-b10b-0cd6f4400818,EVT-001584,USER-00001,view,2025-11-12T16:50:44.436572,SES-80833db0,desktop,Safari,direct,PROD-00512,Dom Pérignon Rosé 2009,Champagne,Wine,415.51,,398,0,0,
013eb58e-569d-412a-94e0-5b2e95d4f124,EVT-001585,USER-00023,search,2025-11-25T23:33:24.315683,SES-5adb1201,desktop,Chrome,social,,,,,0.0,gaming laptop,0,0,0,
8e5c22fd-9a4b-498c-88c2-7704c4711781,EVT-001586,USER-00155,search,2025-12-12T07:35:34.841168,SES-1c675cff,mobile,Firefox,social,,,,,0.0,wireless headphones,0,0,0,
d7e7e9ef-0e28-4877-9c7a-a6600100d176,EVT-001587,USER-00218,click,2026-01-03T21:44:27.366272,SES-e64e581a,desktop,Safari,email,PROD-00003,Penfolds Grange,Red Wine,Wine,390.13,,276,0,0,
f5e17385-b017-41e0-87e2-f657428fd7c2,EVT-001588,USER-00107,search,2025-12-30T20:31:04.688498,SES-f7ba589b,desktop,Firefox,organic,,,,,0.0,home office chair,0,0,0,
90d7e021-b7a1-496d-ad27-30dad18368c0,EVT-001589,USER-00147,add_to_cart,2025-11-02T10:33:45.912930,SES-9fc59325,mobile,Chrome,email,PROD-01416,REI Flash 55 Pack,Outdoor Gear,Sports,517.67,,0,1,0,
e49db6a6-bad3-4e73-bc88-ec6659cffab7,EVT-001590,USER-00048,wishlist,2025-11-11T21:05:41.541973,SES-7e840bcd,tablet,Safari,organic,PROD-01844,Samsung Galaxy Watch 6,Smartwatches,Electronics,790.52,,0,0,0,
49fdb75b-19c4-4a5e-b924-62a98728d186,EVT-001591,USER-00154,search,2025-12-18T05:14:05.546581,SES-0cc5523b,tablet,Chrome,organic,,,,,0.0,red wine gift,0,0,0,
666c1480-c487-490e-8daf-0eb7bb043a4d,EVT-001592,USER-00144,view,2025-12-12T09:35:43.984183,SES-b3d073cd,tablet,Edge,direct,PROD-01196,Oral-B iO Series 9,Personal Care,Healthcare,285.71,,125,0,0,
b82ea0b8-3db4-4c7c-8146-b31efb1c6113,EVT-001593,USER-00001,view,2025-10-29T07:48:42.122208,SES-60bcd187,desktop,Safari,direct,PROD-00512,Dom Pérignon Rosé 2009,Champagne,Wine,415.51,,398,0,0,
8a1720e1-6299-4665-b0f0-03456a1a4ecf,EVT-001594,USER-00023,search,2025-12-20T01:40:44.801685,SES-3c9ac0e7,desktop,Chrome,social,,,,,0.0,gaming laptop,0,0,0,
b08f1828-6a2f-48a4-8923-a2fa7e8fc2ba,EVT-001595,USER-00155,search,2026-01-12T15:29:18.894355,SES-dec939ad,mobile,Firefox,social,,,,,0.0,wireless headphones,0,0,0,
0d8a14df-363a-485a-a58a-c297f078c25d,EVT-001596,USER-00218,click,2026-01-15T00:30:41.243250,SES-21b87644,desktop,Safari,email,PROD-00003,Penfolds Grange,Red Wine,Wine,390.13,,276,0,0,
ebe7c920-214a-44b6-bd20-3a1ef0901ffb,EVT-001597,USER-00107,search,2025-12-19T16:52:57.230517,SES-54c96a2a,desktop,Firefox,organic,,,,,0.0,home office chair,0,0,0,
de40f99a-c460-4851-8b51-b410b73f5f98,EVT-001598,USER-00147,add_to_cart,2025-11-17T02:16:03.672700,SES-4022c2ae,mobile,Chrome,email,PROD-01416,REI Flash 55 Pack,Outdoor Gear,Sports,517.67,,0,1,0,
ec801b6b-553c-4ea9-b4dc-9e99d79f12f1,EVT-001599,USER-00048,wishlist,2025-12-17T02:48:06.734877,SES-0711a896,tablet,Safari,organic,PROD-01844,Samsung Galaxy Watch 6,Smartwatches,Electronics,790.52,,0,0,0,
23e5433a-aa93-4495-a599-d52cef756bf8,EVT-001600,USER-00154,search,2025-12-02T03:25:32.314883,SES-77e9999d,tablet,Chrome,organic,,,,,0.0,red wine gift,0,0,0,
c213aa5c-5081-42be-a8c4-25a038b9d7af,EVT-001601,USER-00144,view,2025-12-28T23:57:56.711371,SES-faee9ebb,tablet,Edge,direct,PROD-01196,Oral-B iO Series 9,Personal Care,Healthcare,285.71,,125,0,0,
4818867d-68e6-4f25-a9f3-bd73a4d3d7be,EVT-001602,USER-00001,view,2025-12-23T03:09:32.998729,SES-e9f0e1ce,desktop,Safari,direct,PROD-00512,Dom Pérignon Rosé 2009,Champagne,Wine,415.51,,398,0,0,
87b92b50-b8ab-434c-9cd3-25d8d19e6e3a,EVT-001603,USER-00023,search,2025-12-16T19:22:12.709126,SES-ba59f5e3,desktop,Chrome,social,,,,,0.0,gaming laptop,0,0,0,
8d52acb0-526d-473e-90e4-4abb63a4be64,EVT-001604,USER-00155,search,2025-11-22T17:39:06.267659,SES-b21b2866,mobile,Firefox,social,,,,,0.0,wireless headphones,0,0,0,
0e967315-73cb-44e9-8002-26c1fd75494e,EVT-001605,USER-00218,click,2026-01-19T14:10:01.881927,SES-9509d8dd,desktop,Safari,email,PROD-00003,Penfolds Grange,Red Wine,Wine,390.13,,276,0,0,
a5b9ba8e-63f6-477e-83ee-c627e6178aec,EVT-001606,USER-00107,search,2025-12-02T14:54:06.769496,SES-e92dfb2a,desktop,Firefox,organic,,,,,0.0,home office chair,0,0,0,
18cf5c87-bc2f-47f3-ada7-a5eb823cd273,EVT-001607,USER-00147,add_to_cart,2026-01-13T10:05:49.638131,SES-caac9650,mobile,Chrome,email,PROD-01416,REI Flash 55 Pack,Outdoor Gear,Sports,517.67,,0,1,0,
6845a1dd-7985-4d83-9074-6dbc42b0cd82,EVT-001608,USER-00048,wishlist,2025-11-05T10:54:49.452084,SES-fefc1a5c,tablet,Safari,organic,PROD-01844,Samsung Galaxy Watch 6,Smartwatches,Electronics,790.52,,0,0,0,
2dd5e59f-3c52-4111-a866-ba0e6000c439,EVT-001609,USER-00154,search,2025-12-09T22:52:40.565892,SES-81301931,tablet,Chrome,organic,,,,,0.0,red wine gift,0,0,0,
742952d2-702a-4be8-be3a-89a1c9cbba3b,EVT-001610,USER-00144,view,2025-11-24T02:01:39.904263,SES-595878f3,tablet,Edge,direct,PROD-01196,Oral-B iO Series 9,Personal Care,Healthcare,285.71,,125,0,0,
d9c5dc47-cfb5-4d6f-8a27-a46eb4ea9120,EVT-001611,USER-00001,view,2025-11-04T16:03:20.951234,SES-d9f047b3,desktop,Safari,direct,PROD-00512,Dom Pérignon Rosé 2009,Champagne,Wine,415.51,,398,0,0,
b13d35a9-4e5c-479f-8c52-35f544e6770e,EVT-001612,USER-00023,search,2025-12-19T00:15:25.833436,SES-70d5bc07,desktop,Chrome,social,,,,,0.0,gaming laptop,0,0,0,
ad88bb99-2c4b-4f01-91f0-4f94cfdd5962,EVT-001613,USER-00155,search,2025-11-07T08:44:19.169739,SES-825151f1,mobile,Firefox,social,,,,,0.0,wireless headphones,0,0,0,
1afae91b-9c06-479a-ac91-7d56c86db9fc,EVT-001614,USER-00218,click,2026-01-17T17:39:18.169425,SES-216cb7ab,desktop,Safari,email,PROD-00003,Penfolds Grange,Red Wine,Wine,390.13,,276,0,0,
f80fe3ad-de53-49ce-b6ef-dd40968ba63f,EVT-001615,USER-00107,search,2026-01-20T14:16:45.377044,SES-90401df9,desktop,Firefox,organic,,,,,0.0,home office chair,0,0,0,
7d13466f-ef78-4541-a289-80bc52e18297,EVT-001616,USER-00147,add_to_cart,2026-01-10T01:07:14.923080,SES-03b72b38,mobile,Chrome,email,PROD-01416,REI Flash 55 Pack,Outdoor Gear,Sports,517.67,,0,1,0,
f33336df-48a7-4f25-b6f9-93efc848d67a,EVT-001617,USER-00048,wishlist,2025-11-24T19:11:04.272660,SES-3671443b,tablet,Safari,organic,PROD-01844,Samsung Galaxy Watch 6,Smartwatches,Electronics,790.52,,0,0,0,
7de786a8-6962-4341-98ea-f6e500dc3fa6,EVT-001618,USER-00154,search,2025-10-24T13:21:36.088831,SES-41b1c5c0,tablet,Chrome,organic,,,,,0.0,red wine gift,0,0,0,
34125b47-0005-451f-aecd-49ab5cf27f64,EVT-001619,USER-00144,view,2026-01-03T03:54:31.924238,SES-c8a31952,tablet,Edge,direct,PROD-01196,Oral-B iO Series 9,Personal Care,Healthcare,285.71,,125,0,0,
09fca376-bf41-4501-8f92-4ce6c0a9a5f4,EVT-001620,USER-00001,view,2025-11-04T15:08:26.828212,SES-34684b54,desktop,Safari,direct,PROD-00512,Dom Pérignon Rosé 2009,Champagne,Wine,415.51,,398,0,0,
9828785f-50dd-454a-9919-aef89a473874,EVT-001621,USER-00023,search,2025-12-03T01:35:20.772881,SES-ee70440e,desktop,Chrome,social,,,,,0.0,gaming laptop,0,0,0,
569d64fc-4cfe-4193-b986-5a3885e2bc18,EVT-001622,USER-00155,search,2025-12-25T15:13:01.982529,SES-d0828aaf,mobile,Firefox,social,,,,,0.0,wireless headphones,0,0,0,
e7791820-14c3-42ec-9cd1-d7980789fd56,EVT-001623,USER-00218,click,2025-12-10T09:46:21.536821,SES-e6a82494,desktop,Safari,email,PROD-00003,Penfolds Grange,Red Wine,Wine,390.13,,276,0,0,
f3a0599d-80d1-4b35-9dc0-0caf2fb47e26,EVT-001624,USER-00107,search,2025-11-12T02:25:29.110579,SES-2b216622,desktop,Firefox,organic,,,,,0.0,home office chair,0,0,0,
1a0759c7-4881-489e-8355-8fe9dee44b35,EVT-001625,USER-00147,add_to_cart,2025-11-27T20:57:16.860523,SES-d8a9f601,mobile,Chrome,email,PROD-01416,REI Flash 55 Pack,Outdoor Gear,Sports,517.67,,0,1,0,
22ecd488-69e0-4b8f-82dd-ffeca49ae3f7,EVT-001626,USER-00048,wishlist,2026-01-06T06:49:41.466364,SES-3d5d6352,tablet,Safari,organic,PROD-01844,Samsung Galaxy Watch 6,Smartwatches,Electronics,790.52,,0,0,0,
904ada4a-3f74-4df1-9897-564c8d49f8ff,EVT-001627,USER-00154,search,2025-11-23T10:29:21.116844,SES-9ebf2b38,tablet,Chrome,organic,,,,,0.0,red wine gift,0,0,0,
b3cd2104-02b6-4ed3-a26d-70ae17b003a0,EVT-001628,USER-00144,view,2026-01-15T10:35:56.382481,SES-ea81222c,tablet,Edge,direct,PROD-01196,Oral-B iO Series 9,Personal Care,Healthcare,285.71,,125,0,0,
c55b5009-997a-4b15-814d-118d9d2df191,EVT-001629,USER-00001,view,2025-11-29T13:47:58.733343,SES-0cdf85dc,desktop,Safari,direct,PROD-00512,Dom Pérignon Rosé 2009,Champagne,Wine,415.51,,398,0,0,
1b9989a5-79da-4709-86a7-3d3d3c69b56f,EVT-001630,USER-00023,search,2025-11-29T06:25:23.468441,SES-554a85d3,desktop,Chrome,social,,,,,0.0,gaming laptop,0,0,0,
63c8edc8-c9a0-47df-bdd6-0d9230a4d3a2,EVT-001631,USER-00155,search,2025-12-27T16:23:10.687458,SES-80f06873,mobile,Firefox,social,,,,,0.0,wireless headphones,0,0,0,
2ada77cc-4a58-4518-b427-589558319a12,EVT-001632,USER-00218,click,2025-12-01T14:56:40.099965,SES-d7ddae63,desktop,Safari,email,PROD-00003,Penfolds Grange,Red Wine,Wine,390.13,,276,0,0,
36c33cb1-d17c-4649-a80c-cfb2e609e3c9,EVT-001633,USER-00107,search,2025-11-26T15:10:20.640919,SES-e980b5b0,desktop,Firefox,organic,,,,,0.0,home office chair,0,0,0,
15fc8b2f-06d2-433f-a27d-49cc035b3f08,EVT-001634,USER-00147,add_to_cart,2025-11-24T09:25:33.596216,SES-8409e979,mobile,Chrome,email,PROD-01416,REI Flash 55 Pack,Outdoor Gear,Sports,517.67,,0,1,0,
f30b0f21-b8f3-448a-86d2-dcb0b92aca39,EVT-001635,USER-00048,wishlist,2025-11-21T00:19:10.416790,SES-494f07f8,tablet,Safari,organic,PROD-01844,Samsung Galaxy Watch 6,Smartwatches,Electronics,790.52,,0,0,0,
66e6b0c2-1299-4e68-9b80-1cafc2b28cf6,EVT-001636,USER-00154,search,2025-11-27T13:43:23.679324,SES-7f6b5a9d,tablet,Chrome,organic,,,,,0.0,red wine gift,0,0,0,
ee5dfbd5-82ef-469b-8089-a05c6ee706ef,EVT-001637,USER-00144,view,2025-12-26T18:28:49.755790,SES-2fb83a42,tablet,Edge,direct,PROD-01196,Oral-B iO Series 9,Personal Care,Healthcare,285.71,,125,0,0,
3b7c2224-e925-47f9-ac5c-2a11ae5b055c,EVT-001638,USER-00001,view,2025-11-10T04:54:44.664830,SES-a377839f,desktop,Safari,direct,PROD-00512,Dom Pérignon Rosé 2009,Champagne,Wine,415.51,,398,0,0,
c84a8437-10b5-4387-b7d9-6d2994ae816f,EVT-001639,USER-00023,search,2025-11-11T04:46:04.597801,SES-65ba6284,desktop,Chrome,social,,,,,0.0,gaming laptop,0,0,0,
8242bcaf-37a3-4d97-8fcd-942ac08c8434,EVT-001640,USER-00155,search,2025-11-08T20:37:13.427518,SES-72003687,mobile,Firefox,social,,,,,0.0,wireless headphones,0,0,0,
bd41af3c-460e-474b-8566-126c52043fcf,EVT-001641,USER-00218,click,2025-11-09T04:28:33.667875,SES-307040c7,desktop,Safari,email,PROD-00003,Penfolds Grange,Red Wine,Wine,390.13,,276,0,0,
91d755d7-1579-4e56-ba1c-c8348ecd399b,EVT-001642,USER-00107,search,2026-01-09T07:07:30.312871,SES-432050a1,desktop,Firefox,organic,,,,,0.0,home office chair,0,0,0,
fb402739-937b-4135-8097-bc2d1f06faca,EVT-001643,USER-00147,add_to_cart,2025-12-21T00:16:47.805252,SES-8611575f,mobile,Chrome,email,PROD-01416,REI Flash 55 Pack,Outdoor Gear,Sports,517.67,,0,1,0,
05935e2c-f474-4038-a774-754cf1679e04,EVT-001644,USER-00048,wishlist,2025-12-17T08:54:30.730154,SES-a749f29f,tablet,Safari,organic,PROD-01844,Samsung Galaxy Watch 6,Smartwatches,Electronics,790.52,,0,0,0,
d025aa8b-21c0-470a-928c-74f0f2788de9,EVT-001645,USER-00154,search,2026-01-11T16:54:04.264044,SES-a2828780,tablet,Chrome,organic,,,,,0.0,red wine gift,0,0,0,
0d9656ea-75a6-4f01-9ecf-13de390af47e,EVT-001646,USER-00144,view,2025-12-11T00:15:35.094030,SES-60f59131,tablet,Edge,direct,PROD-01196,Oral-B iO Series 9,Personal Care,Healthcare,285.71,,125,0,0,
28b28ddb-1e72-4abc-8147-29ce90ad9de1,EVT-001647,USER-00001,view,2025-12-30T10:19:30.884879,SES-edc7d27d,desktop,Safari,direct,PROD-00512,Dom Pérignon Rosé 2009,Champagne,Wine,415.51,,398,0,0,
c0e93734-425f-4129-b7b8-722acdd957bc,EVT-001648,USER-00023,search,2025-11-28T09:51:55.106901,SES-b64c5ffd,desktop,Chrome,social,,,,,0.0,gaming laptop,0,0,0,
55c483da-8cd3-4f81-9abe-e20cc337a460,EVT-001649,USER-00155,search,2025-12-19T15:10:33.375128,SES-15d5e437,mobile,Firefox,social,,,,,0.0,wireless headphones,0,0,0,
1b120ac3-517e-4697-94c2-4e3b3987dd99,EVT-001650,USER-00218,click,2025-11-10T21:19:31.396903,SES-01c44ba5,desktop,Safari,email,PROD-00003,Penfolds Grange,Red Wine,Wine,390.13,,276,0,0,
b3102830-5c8e-46d6-97cb-775a1afd56b5,EVT-001651,USER-00107,search,2025-11-04T09:24:42.665520,SES-ce753acf,desktop,Firefox,organic,,,,,0.0,home office chair,0,0,0,
e5b3d3d0-4787-46b4-8ea3-0d19c3572986,EVT-001652,USER-00147,add_to_cart,2025-11-01T10:49:12.813378,SES-8b46479f,mobile,Chrome,email,PROD-01416,REI Flash 55 Pack,Outdoor Gear,Sports,517.67,,0,1,0,
9a3da779-a0ae-42b5-a3e4-aaf9e457c424,EVT-001653,USER-00048,wishlist,2025-12-20T08:58:07.341492,SES-50728baa,tablet,Safari,organic,PROD-01844,Samsung Galaxy Watch 6,Smartwatches,Electronics,790.52,,0,0,0,
f2fc2b70-d3bc-4778-bfaa-664df33a6184,EVT-001654,USER-00154,search,2025-11-18T16:49:39.453872,SES-1388d3a3,tablet,Chrome,organic,,,,,0.0,red wine gift,0,0,0,
fb0715b4-bcfc-4d9c-8630-53685a2da876,EVT-001655,USER-00144,view,2026-01-05T15:10:25.272107,SES-193be137,tablet,Edge,direct,PROD-01196,Oral-B iO Series 9,Personal Care,Healthcare,285.71,,125,0,0,
57faead9-6f25-4fbc-87c7-f3cd389f9b50,EVT-001656,USER-00001,view,2025-12-31T09:13:24.894899,SES-2c1b69de,desktop,Safari,direct,PROD-00512,Dom Pérignon Rosé 2009,Champagne,Wine,415.51,,398,0,0,
85e68f4b-b6fe-414d-88a0-76a204903222,EVT-001657,USER-00023,search,2025-12-17T19:06:12.197151,SES-bde2dec1,desktop,Chrome,social,,,,,0.0,gaming laptop,0,0,0,
a957467f-b6b5-4a9a-9d55-b53e114e6a8b,EVT-001658,USER-00155,search,2025-10-27T06:02:56.270273,SES-29546baf,mobile,Firefox,social,,,,,0.0,wireless headphones,0,0,0,
7a666885-347a-4e8c-8b2d-82f8bf3f10a7,EVT-001659,USER-00218,click,2025-11-11T05:14:26.205958,SES-5941a688,desktop,Safari,email,PROD-00003,Penfolds Grange,Red Wine,Wine,390.13,,276,0,0,
c5a5d84d-22e6-4175-964a-384d33df1613,EVT-001660,USER-00107,search,2025-12-11T07:47:34.340198,SES-310c487b,desktop,Firefox,organic,,,,,0.0,home office chair,0,0,0,
bd016b28-85dd-44bc-ae90-dcacf7515774,EVT-001661,USER-00147,add_to_cart,2025-11-05T18:38:58.640630,SES-e93a4168,mobile,Chrome,email,PROD-01416,REI Flash 55 Pack,Outdoor Gear,Sports,517.67,,0,1,0,
085ec9a3-8668-41ad-8d67-780d2bce7ad0,EVT-001662,USER-00048,wishlist,2025-11-26T06:12:11.935829,SES-97ca240c,tablet,Safari,organic,PROD-01844,Samsung Galaxy Watch 6,Smartwatches,Electronics,790.52,,0,0,0,
46056dec-5cea-4b5a-b938-b9fec786a267,EVT-001663,USER-00154,search,2025-12-08T05:56:15.673718,SES-0189e7b3,tablet,Chrome,organic,,,,,0.0,red wine gift,0,0,0,
6ac48f71-6849-4999-ab06-32f285972990,EVT-001664,USER-00144,view,2025-11-07T21:37:00.254482,SES-244faa3c,tablet,Edge,direct,PROD-01196,Oral-B iO Series 9,Personal Care,Healthcare,285.71,,125,0,0,
4b89c449-b171-43a2-baa8-d8508c4d0b9d,EVT-001665,USER-00001,view,2025-12-01T12:58:24.137766,SES-ce88bdaa,desktop,Safari,direct,PROD-00512,Dom Pérignon Rosé 2009,Champagne,Wine,415.51,,398,0,0,
8efb51b5-4d02-4fad-a019-3cb2f4780525,EVT-001666,USER-00023,search,2025-12-24T03:06:36.678740,SES-b88c8cec,desktop,Chrome,social,,,,,0.0,gaming laptop,0,0,0,
5136f82a-460a-4912-bede-c5cf020211e0,EVT-001667,USER-00155,search,2025-11-26T09:49:56.939500,SES-e8ee3371,mobile,Firefox,social,,,,,0.0,wireless headphones,0,0,0,
94d95f56-31f8-4509-8133-9b94ce47ac84,EVT-001668,USER-00218,click,2025-12-21T16:50:30.746349,SES-17c6667a,desktop,Safari,email,PROD-00003,Penfolds Grange,Red Wine,Wine,390.13,,276,0,0,
ac8897dd-2e4f-488d-92b1-da6d255e68b7,EVT-001669,USER-00107,search,2025-11-16T06:30:25.179024,SES-1ba419a0,desktop,Firefox,organic,,,,,0.0,home office chair,0,0,0,
5e2ec15c-624b-4c43-9aa4-e2849ded1fa4,EVT-001670,USER-00147,add_to_cart,2025-12-28T19:26:04.936554,SES-4fafadbd,mobile,Chrome,email,PROD-01416,REI Flash 55 Pack,Outdoor Gear,Sports,517.67,,0,1,0,
f02565b2-0a05-47a0-8f27-16881cbbf233,EVT-001671,USER-00048,wishlist,2025-12-12T09:00:07.501788,SES-1d4f5900,tablet,Safari,organic,PROD-01844,Samsung Galaxy Watch 6,Smartwatches,Electronics,790.52,,0,0,0,
520aaf36-a5d1-4ccf-8f75-9e32ce7d646d,EVT-001672,USER-00154,search,2025-11-05T16:47:02.789449,SES-7928424e,tablet,Chrome,organic,,,,,0.0,red wine gift,0,0,0,
366e677c-42c1-485d-95ce-46a2bcd9c641,EVT-001673,USER-00144,view,2025-11-27T20:11:20.537033,SES-cd85368a,tablet,Edge,direct,PROD-01196,Oral-B iO Series 9,Personal Care,Healthcare,285.71,,125,0,0,
e4ec605c-456e-4fe6-b7ba-b74e8fd63639,EVT-001674,USER-00001,view,2026-01-01T00:57:03.900618,SES-17c6cefe,desktop,Safari,direct,PROD-00512,Dom Pérignon Rosé 2009,Champagne,Wine,415.51,,398,0,0,
34e65635-4255-4c68-8d80-d347e8bf5758,EVT-001675,USER-00023,search,2025-11-09T11:24:17.611912,SES-c9734bb3,desktop,Chrome,social,,,,,0.0,gaming laptop,0,0,0,
549af7cf-8c8a-40df-b482-327efab38308,EVT-001676,USER-00155,search,2025-11-28T16:31:17.952424,SES-a0350c14,mobile,Firefox,social,,,,,0.0,wireless headphones,0,0,0,
db473a3d-6c15-4ea8-b388-f8a234c60c84,EVT-001677,USER-00218,click,2025-12-03T20:16:05.241089,SES-c140babf,desktop,Safari,email,PROD-00003,Penfolds Grange,Red Wine,Wine,390.13,,276,0,0,
2a37669d-754d-4194-a27f-107d4457bb10,EVT-001678,USER-00107,search,2026-01-08T19:04:51.050697,SES-be809a02,desktop,Firefox,organic,,,,,0.0,home office chair,0,0,0,
22615069-005d-4740-8269-0416f0ebdf7d,EVT-001679,USER-00147,add_to_cart,2025-11-03T10:08:05.333722,SES-50bdee47,mobile,Chrome,email,PROD-01416,REI Flash 55 Pack,Outdoor Gear,Sports,517.67,,0,1,0,
6622f625-78e6-4041-9152-e05d6177fed9,EVT-001680,USER-00048,wishlist,2026-01-14T11:38:28.193331,SES-6febc6dc,tablet,Safari,organic,PROD-01844,Samsung Galaxy Watch 6,Smartwatches,Electronics,790.52,,0,0,0,
205769f2-1ec3-462b-9415-94b2a2fb6462,EVT-001681,USER-00154,search,2025-11-20T03:09:33.754972,SES-65c5a679,tablet,Chrome,organic,,,,,0.0,red wine gift,0,0,0,
4ee6483e-c1b4-4df1-97cc-40be2989dea3,EVT-001682,USER-00144,view,2026-01-14T15:27:34.210844,SES-281e3b04,tablet,Edge,direct,PROD-01196,Oral-B iO Series 9,Personal Care,Healthcare,285.71,,125,0,0,
25f3ce1d-8a73-442f-a36d-55852ee84af5,EVT-001683,USER-00001,view,2025-12-16T18:45:27.402398,SES-65e6d64a,desktop,Safari,direct,PROD-00512,Dom Pérignon Rosé 2009,Champagne,Wine,415.51,,398,0,0,
c93031f5-ba48-4004-b7ae-431482f02e50,EVT-001684,USER-00023,search,2025-12-27T20:25:18.831272,SES-d1a8cf02,desktop,Chrome,social,,,,,0.0,gaming laptop,0,0,0,
cf0f6827-763e-4aa5-88a1-075967394ff9,EVT-001685,USER-00155,search,2026-01-09T12:06:56.253670,SES-be1163b4,mobile,Firefox,social,,,,,0.0,wireless headphones,0,0,0,
94ae94ce-b185-40ea-88a3-28b291fea96f,EVT-001686,USER-00218,click,2025-12-22T12:42:17.839947,SES-694b3817,desktop,Safari,email,PROD-00003,Penfolds Grange,Red Wine,Wine,390.13,,276,0,0,
1a857457-e3a7-4d8f-94c7-e138ae87d672,EVT-001687,USER-00107,search,2026-01-01T11:58:27.505164,SES-7c71cb51,desktop,Firefox,organic,,,,,0.0,home office chair,0,0,0,
a0bfb0e5-1c65-4803-b6db-d3e88655e555,EVT-001688,USER-00147,add_to_cart,2025-10-30T09:21:21.454533,SES-f7f08497,mobile,Chrome,email,PROD-01416,REI Flash 55 Pack,Outdoor Gear,Sports,517.67,,0,1,0,
e870f094-dd54-472f-9d89-770bd0d3e70a,EVT-001689,USER-00048,wishlist,2025-10-23T10:51:36.678032,SES-38253bf1,tablet,Safari,organic,PROD-01844,Samsung Galaxy Watch 6,Smartwatches,Electronics,790.52,,0,0,0,
92224b21-ecfa-4cb2-b45d-9793ccd56e17,EVT-001690,USER-00154,search,2026-01-08T06:35:39.316591,SES-5e319e65,tablet,Chrome,organic,,,,,0.0,red wine gift,0,0,0,
aa8a1e30-e379-438c-96fa-dbdaeab65822,EVT-001691,USER-00144,view,2025-10-27T10:04:54.041065,SES-3685d782,tablet,Edge,direct,PROD-01196,Oral-B iO Series 9,Personal Care,Healthcare,285.71,,125,0,0,
38e34f72-ac5b-4fd3-8103-d8846b5ef5d5,EVT-001692,USER-00001,view,2026-01-07T09:45:13.795450,SES-7edffc26,desktop,Safari,direct,PROD-00512,Dom Pérignon Rosé 2009,Champagne,Wine,415.51,,398,0,0,
0b8a3177-9663-49fe-9660-a8611e478f05,EVT-001693,USER-00023,search,2025-11-19T20:51:02.220246,SES-64c45e62,desktop,Chrome,social,,,,,0.0,gaming laptop,0,0,0,
55d12a73-f978-43f0-b3f6-da4c8b891aa6,EVT-001694,USER-00155,search,2026-01-11T20:01:55.013870,SES-6b03f5f9,mobile,Firefox,social,,,,,0.0,wireless headphones,0,0,0,
3f75fbef-97d6-4002-b3b7-44466d19bd0f,EVT-001695,USER-00218,click,2025-11-09T22:37:51.978652,SES-dbc45bd8,desktop,Safari,email,PROD-00003,Penfolds Grange,Red Wine,Wine,390.13,,276,0,0,
af42a815-bd27-4808-a784-fa0ec4a578a9,EVT-001696,USER-00107,search,2025-11-05T05:26:17.433691,SES-a537603c,desktop,Firefox,organic,,,,,0.0,home office chair,0,0,0,
06ae1027-3f46-4da7-bec4-1e61e448c6bc,EVT-001697,USER-00147,add_to_cart,2025-11-10T20:14:29.189833,SES-4786b978,mobile,Chrome,email,PROD-01416,REI Flash 55 Pack,Outdoor Gear,Sports,517.67,,0,1,0,
c5c1d0f1-10e4-4cb9-b589-fdfb5d72f591,EVT-001698,USER-00048,wishlist,2026-01-06T08:00:05.121303,SES-fbcc056e,tablet,Safari,organic,PROD-01844,Samsung Galaxy Watch 6,Smartwatches,Electronics,790.52,,0,0,0,
1ea3307b-7a2a-46e0-8cb8-4d316c43bf7c,EVT-001699,USER-00154,search,2025-11-24T08:05:10.927987,SES-cf1d2aad,tablet,Chrome,organic,,,,,0.0,red wine gift,0,0,0,
d32be5d5-54b4-4712-b3d9-e24ec3275132,EVT-001700,USER-00144,view,2026-01-12T12:06:22.825547,SES-fd4dfdef,tablet,Edge,direct,PROD-01196,Oral-B iO Series 9,Personal Care,Healthcare,285.71,,125,0,0,
ad8865fa-529a-4e70-92cf-73d468a32381,EVT-001701,USER-00001,view,2025-12-14T04:23:04.699929,SES-5c88a1ee,desktop,Safari,direct,PROD-00512,Dom Pérignon Rosé 2009,Champagne,Wine,415.51,,398,0,0,
f7f21533-a20e-47c2-a134-dbf6a4b40128,EVT-001702,USER-00023,search,2026-01-05T05:09:56.064468,SES-b87d5774,desktop,Chrome,social,,,,,0.0,gaming laptop,0,0,0,
ee44fef9-b4c9-48c8-97cd-e4824790550f,EVT-001703,USER-00155,search,2025-12-04T10:19:28.095718,SES-84c30b77,mobile,Firefox,social,,,,,0.0,wireless headphones,0,0,0,
595ac855-bab6-4f3d-b9f4-0df4eb6d3f27,EVT-001704,USER-00218,click,2025-12-24T23:55:07.614001,SES-1218f53a,desktop,Safari,email,PROD-00003,Penfolds Grange,Red Wine,Wine,390.13,,276,0,0,
ea4afc4e-7f92-44b7-a81b-692c5418b49a,EVT-001705,USER-00107,search,2025-11-17T17:58:35.396915,SES-4c3fb14c,desktop,Firefox,organic,,,,,0.0,home office chair,0,0,0,
189b46bd-5700-453b-8f48-7261580b862f,EVT-001706,USER-00147,add_to_cart,2025-10-31T19:22:29.026209,SES-ca95e86c,mobile,Chrome,email,PROD-01416,REI Flash 55 Pack,Outdoor Gear,Sports,517.67,,0,1,0,
e0cf9a5f-dd0c-4514-824b-bb07aad77398,EVT-001707,USER-00048,wishlist,2025-12-12T05:48:46.635573,SES-6b5daf22,tablet,Safari,organic,PROD-01844,Samsung Galaxy Watch 6,Smartwatches,Electronics,790.52,,0,0,0,
cf8e2f32-fbf6-4fcb-b280-5de832f606f0,EVT-001708,USER-00154,search,2026-01-11T17:54:02.443712,SES-f551523c,tablet,Chrome,organic,,,,,0.0,red wine gift,0,0,0,
bcc99461-b0c6-4aa9-ab5d-815d1f32c8d4,EVT-001709,USER-00144,view,2025-11-05T08:29:32.369653,SES-e2cb0093,tablet,Edge,direct,PROD-01196,Oral-B iO Series 9,Personal Care,Healthcare,285.71,,125,0,0,
c61564f6-4a8f-43f9-9df7-3ec3a794716c,EVT-001710,USER-00001,view,2025-11-29T00:56:14.322185,SES-67a4bc13,desktop,Safari,direct,PROD-00512,Dom Pérignon Rosé 2009,Champagne,Wine,415.51,,398,0,0,
758244e8-ca30-435b-a608-40a48c8734c9,EVT-001711,USER-00023,search,2025-12-09T13:54:54.082461,SES-78b2fcd3,desktop,Chrome,social,,,,,0.0,gaming laptop,0,0,0,
d7f6d6fb-6014-4dbb-9322-76457bf862c2,EVT-001712,USER-00155,search,2025-12-17T07:38:23.428699,SES-e1530daa,mobile,Firefox,social,,,,,0.0,wireless headphones,0,0,0,
18fa3f53-c2a5-4d38-b760-ed83a3f97d5c,EVT-001713,USER-00218,click,2025-11-05T22:01:17.557645,SES-68ac0de7,desktop,Safari,email,PROD-00003,Penfolds Grange,Red Wine,Wine,390.13,,276,0,0,
826a7c69-111c-4dac-9d28-1ca71b524f1d,EVT-001714,USER-00107,search,2025-12-11T09:08:58.711363,SES-d69ba00e,desktop,Firefox,organic,,,,,0.0,home office chair,0,0,0,
8acb2ae0-617f-4317-87f8-5ab2817a1768,EVT-001715,USER-00147,add_to_cart,2025-12-03T22:24:07.253495,SES-6597c4d2,mobile,Chrome,email,PROD-01416,REI Flash 55 Pack,Outdoor Gear,Sports,517.67,,0,1,0,
450ce9c6-81c1-4086-b7f9-1871d6913ae8,EVT-001716,USER-00048,wishlist,2026-01-19T04:04:13.283595,SES-80e52a35,tablet,Safari,organic,PROD-01844,Samsung Galaxy Watch 6,Smartwatches,Electronics,790.52,,0,0,0,
c191ee97-e0a2-41a4-a2de-56184d9fb488,EVT-001717,USER-00154,search,2025-12-23T18:27:26.825723,SES-d3da5463,tablet,Chrome,organic,,,,,0.0,red wine gift,0,0,0,
34dcf393-b125-4104-bbd8-9bb8a7c3b8d0,EVT-001718,USER-00144,view,2026-01-12T00:01:23.933939,SES-54cf50de,tablet,Edge,direct,PROD-01196,Oral-B iO Series 9,Personal Care,Healthcare,285.71,,125,0,0,
a2c3dc84-969e-4726-8c38-4c33a649b8bb,EVT-001719,USER-00001,view,2026-01-18T12:33:54.877778,SES-4ad850d0,desktop,Safari,direct,PROD-00512,Dom Pérignon Rosé 2009,Champagne,Wine,415.51,,398,0,0,
caa30772-6aec-4ce8-b1b5-ce84bc1ade42,EVT-001720,USER-00023,search,2025-12-21T10:05:35.043618,SES-6913a46c,desktop,Chrome,social,,,,,0.0,gaming laptop,0,0,0,
503f3c91-8962-434a-9f99-454bede2e3ff,EVT-001721,USER-00155,search,2025-11-04T20:53:30.553691,SES-6112c7cc,mobile,Firefox,social,,,,,0.0,wireless headphones,0,0,0,
448631d7-5c82-48c9-abb3-58e61220d1b9,EVT-001722,USER-00218,click,2025-12-01T17:07:41.637221,SES-7b68d24a,desktop,Safari,email,PROD-00003,Penfolds Grange,Red Wine,Wine,390.13,,276,0,0,
15a3bdf8-e644-4b3a-a840-3ba093df0f6a,EVT-001723,USER-00107,search,2025-12-29T16:23:26.237942,SES-ab97a192,desktop,Firefox,organic,,,,,0.0,home office chair,0,0,0,
8f736a92-3d3f-4524-ad87-b0b71695bce2,EVT-001724,USER-00147,add_to_cart,2025-11-03T21:01:44.806746,SES-97dff5e0,mobile,Chrome,email,PROD-01416,REI Flash 55 Pack,Outdoor Gear,Sports,517.67,,0,1,0,
bcc5eae5-2861-455c-b5e3-8a2798ca23a8,EVT-001725,USER-00048,wishlist,2025-11-25T22:59:09.536884,SES-13cc33f9,tablet,Safari,organic,PROD-01844,Samsung Galaxy Watch 6,Smartwatches,Electronics,790.52,,0,0,0,
26797f4b-604b-4322-b8ac-9e9e65668154,EVT-001726,USER-00154,search,2025-11-25T19:34:28.208441,SES-94b81cfd,tablet,Chrome,organic,,,,,0.0,red wine gift,0,0,0,
2ad7b129-f152-467c-a00b-00cb6a3bfb2b,EVT-001727,USER-00144,view,2025-11-07T00:19:30.077055,SES-2df70e2d,tablet,Edge,direct,PROD-01196,Oral-B iO Series 9,Personal Care,Healthcare,285.71,,125,0,0,
b00ccb58-7669-4fa7-b2ae-a437ef7af41e,EVT-001728,USER-00001,view,2025-10-24T11:14:12.233385,SES-862778f9,desktop,Safari,direct,PROD-00512,Dom Pérignon Rosé 2009,Champagne,Wine,415.51,,398,0,0,
2ddec2c3-a713-4b09-a5ea-8e246dfa8936,EVT-001729,USER-00023,search,2025-12-23T14:28:41.764871,SES-aad65ffe,desktop,Chrome,social,,,,,0.0,gaming laptop,0,0,0,
9479afa7-b362-49a3-89e1-cd2484da6828,EVT-001730,USER-00155,search,2026-01-04T06:54:41.452492,SES-05c7c72a,mobile,Firefox,social,,,,,0.0,wireless headphones,0,0,0,
beb4bfc1-e493-4a15-9148-0c3abc248891,EVT-001731,USER-00218,click,2026-01-14T10:58:15.399905,SES-b18468be,desktop,Safari,email,PROD-00003,Penfolds Grange,Red Wine,Wine,390.13,,276,0,0,
d68d33e0-6ffb-4064-8ee6-8cb3d6ffc6d8,EVT-001732,USER-00107,search,2025-12-14T07:30:03.004844,SES-e726c13b,desktop,Firefox,organic,,,,,0.0,home office chair,0,0,0,
45639577-4c81-4469-a7c2-e72d513a28f5,EVT-001733,USER-00147,add_to_cart,2025-11-08T00:53:47.582349,SES-fc421fcf,mobile,Chrome,email,PROD-01416,REI Flash 55 Pack,Outdoor Gear,Sports,517.67,,0,1,0,
8fdd7c9b-d76f-42b3-b423-b08c28955c11,EVT-001734,USER-00048,wishlist,2026-01-11T03:09:00.024061,SES-de4daf23,tablet,Safari,organic,PROD-01844,Samsung Galaxy Watch 6,Smartwatches,Electronics,790.52,,0,0,0,
7d77dfa3-cf65-430d-a5c8-ccda4d2f87a0,EVT-001735,USER-00154,search,2026-01-17T23:58:36.193188,SES-c5737c9f,tablet,Chrome,organic,,,,,0.0,red wine gift,0,0,0,
a1ee2067-deef-4525-9740-8a5b10ee303a,EVT-001736,USER-00144,view,2026-01-15T20:48:02.310937,SES-999fdf5d,tablet,Edge,direct,PROD-01196,Oral-B iO Series 9,Personal Care,Healthcare,285.71,,125,0,0,
e33abb39-a225-4689-8fff-59a157bdbe6c,EVT-001737,USER-00001,view,2025-12-12T16:23:13.655206,SES-78aeab03,desktop,Safari,direct,PROD-00512,Dom Pérignon Rosé 2009,Champagne,Wine,415.51,,398,0,0,
ff31cb06-d44f-4ccc-a377-f9a3dea1f9be,EVT-001738,USER-00023,search,2026-01-10T09:02:24.635206,SES-88d9e913,desktop,Chrome,social,,,,,0.0,gaming laptop,0,0,0,
0e8a6d41-1441-4b00-8723-14ff04fe263e,EVT-001739,USER-00155,search,2026-01-19T13:49:00.763262,SES-feb84088,mobile,Firefox,social,,,,,0.0,wireless headphones,0,0,0,
8416b65f-7852-4895-9d7a-a94fd5676802,EVT-001740,USER-00218,click,2026-01-10T10:57:20.725078,SES-9679749f,desktop,Safari,email,PROD-00003,Penfolds Grange,Red Wine,Wine,390.13,,276,0,0,
2ece3922-7f4c-4dbf-bc8f-677e4a3c348e,EVT-001741,USER-00107,search,2025-10-28T20:56:17.575999,SES-2d992c53,desktop,Firefox,organic,,,,,0.0,home office chair,0,0,0,
d1f5dd7b-ae5b-4d6d-b94f-ab8997ebbd53,EVT-001742,USER-00147,add_to_cart,2025-11-03T19:36:48.882307,SES-adc870a1,mobile,Chrome,email,PROD-01416,REI Flash 55 Pack,Outdoor Gear,Sports,517.67,,0,1,0,
d3770033-48b0-4076-8317-7eb66793d95d,EVT-001743,USER-00048,wishlist,2025-11-18T16:21:41.912083,SES-065faf9c,tablet,Safari,organic,PROD-01844,Samsung Galaxy Watch 6,Smartwatches,Electronics,790.52,,0,0,0,
ea8cb036-d5aa-42f3-98c1-80b98b755906,EVT-001744,USER-00154,search,2025-11-27T02:20:45.086296,SES-7020f575,tablet,Chrome,organic,,,,,0.0,red wine gift,0,0,0,
2d5be0ba-a2d2-4b9f-8749-983c2fe0a2cf,EVT-001745,USER-00144,view,2025-11-05T03:01:32.125755,SES-fa14fd99,tablet,Edge,direct,PROD-01196,Oral-B iO Series 9,Personal Care,Healthcare,285.71,,125,0,0,
4710f43d-81d7-4362-9de4-5b587167d59b,EVT-001746,USER-00001,view,2026-01-20T00:47:34.534213,SES-58f523c3,desktop,Safari,direct,PROD-00512,Dom Pérignon Rosé 2009,Champagne,Wine,415.51,,398,0,0,
d77b8a18-3b34-4796-954b-df66351ca485,EVT-001747,USER-00023,search,2026-01-01T20:37:32.580604,SES-ee2a1516,desktop,Chrome,social,,,,,0.0,gaming laptop,0,0,0,
bbe4dee5-3f4b-4f3e-94ba-82bb87f0af8c,EVT-001748,USER-00155,search,2025-12-21T20:58:05.465040,SES-76299fd9,mobile,Firefox,social,,,,,0.0,wireless headphones,0,0,0,
576b040f-393c-41dc-99b7-0b01980202b1,EVT-001749,USER-00218,click,2026-01-17T05:08:17.059339,SES-c233e974,desktop,Safari,email,PROD-00003,Penfolds Grange,Red Wine,Wine,390.13,,276,0,0,
ab7e5195-6aca-464d-ba8a-a23534676b14,EVT-001750,USER-00107,search,2025-11-20T12:50:41.187739,SES-5f715aed,desktop,Firefox,organic,,,,,0.0,home office chair,0,0,0,
1cc43652-166f-45c3-9c9c-bf184cbe6ef1,EVT-001751,USER-00147,add_to_cart,2025-12-25T16:46:39.018836,SES-0f0622d3,mobile,Chrome,email,PROD-01416,REI Flash 55 Pack,Outdoor Gear,Sports,517.67,,0,1,0,
8e2e4426-bf7c-4699-adf9-0107636c80d8,EVT-001752,USER-00048,wishlist,2026-01-16T01:27:40.558508,SES-189dbfe5,tablet,Safari,organic,PROD-01844,Samsung Galaxy Watch 6,Smartwatches,Electronics,790.52,,0,0,0,
2b983f74-2fd3-4bad-9515-735488f306c8,EVT-001753,USER-00154,search,2025-10-30T03:34:22.274754,SES-ebe465d5,tablet,Chrome,organic,,,,,0.0,red wine gift,0,0,0,
096a065b-46b3-4e86-8e14-e54d7a8eaeb4,EVT-001754,USER-00144,view,2025-12-15T22:12:39.453264,SES-26b61074,tablet,Edge,direct,PROD-01196,Oral-B iO Series 9,Personal Care,Healthcare,285.71,,125,0,0,
6cc79465-6394-4051-9b9c-7b391b72c234,EVT-001755,USER-00001,view,2026-01-02T14:39:43.194799,SES-2d209173,desktop,Safari,direct,PROD-00512,Dom Pérignon Rosé 2009,Champagne,Wine,415.51,,398,0,0,
f2e22163-f6ad-4ace-9e4f-47739569186b,EVT-001756,USER-00023,search,2025-10-24T02:35:59.238140,SES-c3f0cc72,desktop,Chrome,social,,,,,0.0,gaming laptop,0,0,0,
2a9fe485-c5e5-4f8f-99d0-b39229e9d2a9,EVT-001757,USER-00155,search,2026-01-10T20:47:55.901104,SES-56f5d14c,mobile,Firefox,social,,,,,0.0,wireless headphones,0,0,0,
f740e895-54df-4273-8798-67cc2a80936d,EVT-001758,USER-00218,click,2025-11-29T06:27:04.828777,SES-a0984d43,desktop,Safari,email,PROD-00003,Penfolds Grange,Red Wine,Wine,390.13,,276,0,0,
dfdecc95-7837-409b-8959-05a3b9f409a3,EVT-001759,USER-00107,search,2025-11-06T21:18:20.792266,SES-c937a976,desktop,Firefox,organic,,,,,0.0,home office chair,0,0,0,
180a3706-80a8-40f4-80af-47b2093858db,EVT-001760,USER-00147,add_to_cart,2026-01-07T06:50:30.974595,SES-9688744b,mobile,Chrome,email,PROD-01416,REI Flash 55 Pack,Outdoor Gear,Sports,517.67,,0,1,0,
c9c39817-5d5d-4794-bd88-f3defd154678,EVT-001761,USER-00048,wishlist,2025-11-08T22:54:20.991053,SES-5056a314,tablet,Safari,organic,PROD-01844,Samsung Galaxy Watch 6,Smartwatches,Electronics,790.52,,0,0,0,
dd2fbaff-2e4d-498d-aa5c-bcb08fc42737,EVT-001762,USER-00154,search,2025-11-16T21:28:00.655072,SES-1705f6b2,tablet,Chrome,organic,,,,,0.0,red wine gift,0,0,0,
099b1090-52db-43ee-8037-28c78f708d00,EVT-001763,USER-00144,view,2025-12-08T12:16:05.177964,SES-c49c313f,tablet,Edge,direct,PROD-01196,Oral-B iO Series 9,Personal Care,Healthcare,285.71,,125,0,0,
f2cd8bb9-a103-4eb5-8228-36d6c1837614,EVT-001764,USER-00001,view,2026-01-13T02:32:02.234810,SES-b4649f87,desktop,Safari,direct,PROD-00512,Dom Pérignon Rosé 2009,Champagne,Wine,415.51,,398,0,0,
82efd81a-4b9b-491f-8991-c450a6cbb2ff,EVT-001765,USER-00023,search,2025-12-05T17:41:28.973920,SES-5920423b,desktop,Chrome,social,,,,,0.0,gaming laptop,0,0,0,
fd3c0218-11f6-48ab-87e3-8b1e6c35ebfa,EVT-001766,USER-00155,search,2026-01-12T04:41:59.294693,SES-7a0e41e9,mobile,Firefox,social,,,,,0.0,wireless headphones,0,0,0,
cf69d2bf-dcf7-44fb-ac51-7b9bbf2e97ab,EVT-001767,USER-00218,click,2025-10-27T08:28:47.080503,SES-763e0fc4,desktop,Safari,email,PROD-00003,Penfolds Grange,Red Wine,Wine,390.13,,276,0,0,
2502d00c-78ca-45d3-b8f0-c9f7f84ff9df,EVT-001768,USER-00107,search,2025-11-13T03:57:08.346844,SES-59ad7878,desktop,Firefox,organic,,,,,0.0,home office chair,0,0,0,
f841c3cb-f770-4dbb-a6ca-9b0334572524,EVT-001769,USER-00147,add_to_cart,2025-11-19T06:28:11.464136,SES-6258f34e,mobile,Chrome,email,PROD-01416,REI Flash 55 Pack,Outdoor Gear,Sports,517.67,,0,1,0,
e7913cf8-66b7-4c5a-a7ae-3cf23df40a51,EVT-001770,USER-00048,wishlist,2025-12-02T01:49:36.985960,SES-24d11d38,tablet,Safari,organic,PROD-01844,Samsung Galaxy Watch 6,Smartwatches,Electronics,790.52,,0,0,0,
7359b998-02f4-4974-9579-eddddcdae6ea,EVT-001771,USER-00154,search,2025-11-30T15:18:25.650824,SES-83bd6e8b,tablet,Chrome,organic,,,,,0.0,red wine gift,0,0,0,
fba770d8-dc19-4732-b85c-29f1386d2cc0,EVT-001772,USER-00144,view,2025-10-26T07:31:12.820653,SES-91a0e423,tablet,Edge,direct,PROD-01196,Oral-B iO Series 9,Personal Care,Healthcare,285.71,,125,0,0,
20df6bbf-a246-462f-a1b1-eb0d4ba8deb0,EVT-001773,USER-00001,view,2025-12-29T04:07:50.518223,SES-a591693d,desktop,Safari,direct,PROD-00512,Dom Pérignon Rosé 2009,Champagne,Wine,415.51,,398,0,0,
6c17bf70-7d56-4a61-bce1-67ad44a2d055,EVT-001774,USER-00023,search,2025-12-30T01:13:42.134932,SES-8f4dae2a,desktop,Chrome,social,,,,,0.0,gaming laptop,0,0,0,
2488bd7d-83dd-47a5-9226-0de29337b1d8,EVT-001775,USER-00155,search,2025-12-02T21:36:17.584480,SES-2f34a984,mobile,Firefox,social,,,,,0.0,wireless headphones,0,0,0,
b53cfaea-c8d6-4fb7-b837-7f717e899821,EVT-001776,USER-00218,click,2025-10-29T21:27:47.790498,SES-761cca99,desktop,Safari,email,PROD-00003,Penfolds Grange,Red Wine,Wine,390.13,,276,0,0,
13881ddc-4077-483b-95c8-6787d9bd7810,EVT-001777,USER-00107,search,2025-12-11T06:53:16.507282,SES-7f38235a,desktop,Firefox,organic,,,,,0.0,home office chair,0,0,0,
b039a3b2-10dd-4680-90d9-e6f3ea97417f,EVT-001778,USER-00147,add_to_cart,2025-11-03T10:20:22.282353,SES-7caf4baa,mobile,Chrome,email,PROD-01416,REI Flash 55 Pack,Outdoor Gear,Sports,517.67,,0,1,0,
9f4eb5ee-7791-4e8e-b00e-2a1a6f895de1,EVT-001779,USER-00048,wishlist,2026-01-18T17:09:10.601150,SES-0d6fa6d6,tablet,Safari,organic,PROD-01844,Samsung Galaxy Watch 6,Smartwatches,Electronics,790.52,,0,0,0,
4a8c207b-04aa-49f2-8610-b1fdcf90165d,EVT-001780,USER-00154,search,2025-12-17T20:20:32.239020,SES-e4cdc6d4,tablet,Chrome,organic,,,,,0.0,red wine gift,0,0,0,
e64c0f3c-0828-435e-b31f-4189c1a6ff70,EVT-001781,USER-00144,view,2025-12-27T18:57:39.481872,SES-16d6bafe,tablet,Edge,direct,PROD-01196,Oral-B iO Series 9,Personal Care,Healthcare,285.71,,125,0,0,
b8ab9645-b4cd-4aa2-a68f-862554496d47,EVT-001782,USER-00001,view,2025-10-24T09:38:02.746748,SES-b6cb99c5,desktop,Safari,direct,PROD-00512,Dom Pérignon Rosé 2009,Champagne,Wine,415.51,,398,0,0,
f4e568f2-589b-407f-ac77-de01ddedcc34,EVT-001783,USER-00023,search,2025-11-25T22:23:07.591927,SES-7e8081ab,desktop,Chrome,social,,,,,0.0,gaming laptop,0,0,0,
37c2f18e-d923-4fb5-9a4f-ed0b1b6e777d,EVT-001784,USER-00155,search,2026-01-12T01:55:51.762222,SES-9c22a738,mobile,Firefox,social,,,,,0.0,wireless headphones,0,0,0,
e0ab3e61-c3d9-4c44-875f-5c4f5b13a26a,EVT-001785,USER-00218,click,2025-11-25T20:58:20.673303,SES-dd566e9d,desktop,Safari,email,PROD-00003,Penfolds Grange,Red Wine,Wine,390.13,,276,0,0,
4ee99f14-41fd-4943-94e8-2741cc817c1a,EVT-001786,USER-00107,search,2025-10-25T21:51:34.035580,SES-86ba8d72,desktop,Firefox,organic,,,,,0.0,home office chair,0,0,0,
c822fbe5-2004-434d-bf9c-a6b4071db2db,EVT-001787,USER-00147,add_to_cart,2025-12-22T03:26:53.864168,SES-337cc846,mobile,Chrome,email,PROD-01416,REI Flash 55 Pack,Outdoor Gear,Sports,517.67,,0,1,0,
5eca154f-51eb-49b4-9f0a-8f94803fd7b0,EVT-001788,USER-00048,wishlist,2025-12-24T09:20:41.969303,SES-9a39f437,tablet,Safari,organic,PROD-01844,Samsung Galaxy Watch 6,Smartwatches,Electronics,790.52,,0,0,0,
806c0fc8-352a-41c9-a2b5-e7b678bddcb8,EVT-001789,USER-00154,search,2025-11-21T21:06:26.078068,SES-ae98b121,tablet,Chrome,organic,,,,,0.0,red wine gift,0,0,0,
5ebf4435-d085-411e-8ae9-1b50996215bf,EVT-001790,USER-00144,view,2026-01-02T22:55:52.535871,SES-babd145d,tablet,Edge,direct,PROD-01196,Oral-B iO Series 9,Personal Care,Healthcare,285.71,,125,0,0,
34edf616-d438-4b1f-a836-a904ae949d1b,EVT-001791,USER-00001,view,2026-01-07T11:58:09.915589,SES-4473c2ca,desktop,Safari,direct,PROD-00512,Dom Pérignon Rosé 2009,Champagne,Wine,415.51,,398,0,0,
7059ecb0-bcb8-4e8b-b952-d6f09b001481,EVT-001792,USER-00023,search,2026-01-01T05:50:08.874563,SES-5195cfdb,desktop,Chrome,social,,,,,0.0,gaming laptop,0,0,0,
390c0c3f-6f9d-4231-8e8c-553e2197beba,EVT-001793,USER-00155,search,2025-11-28T07:40:37.607032,SES-373c914f,mobile,Firefox,social,,,,,0.0,wireless headphones,0,0,0,
93b06eb6-52cd-4db8-ac35-64ab10c91568,EVT-001794,USER-00218,click,2025-11-22T11:08:01.674722,SES-42a82487,desktop,Safari,email,PROD-00003,Penfolds Grange,Red Wine,Wine,390.13,,276,0,0,
ecff321c-f9f1-456d-9e0d-b2c53397b344,EVT-001795,USER-00107,search,2026-01-15T12:48:48.043697,SES-d1e31285,desktop,Firefox,organic,,,,,0.0,home office chair,0,0,0,
6b81b5fc-6502-433c-a629-2a9f358587a9,EVT-001796,USER-00147,add_to_cart,2025-12-26T09:25:43.623691,SES-e7c81fa4,mobile,Chrome,email,PROD-01416,REI Flash 55 Pack,Outdoor Gear,Sports,517.67,,0,1,0,
15cf1b86-9225-43cc-a504-aeeb055a211f,EVT-001797,USER-00048,wishlist,2025-12-11T09:16:56.481956,SES-f45138c8,tablet,Safari,organic,PROD-01844,Samsung Galaxy Watch 6,Smartwatches,Electronics,790.52,,0,0,0,
5ed3eb36-1395-4871-905f-b6496bde7edb,EVT-001798,USER-00154,search,2025-12-05T16:00:34.341978,SES-20c1cb8a,tablet,Chrome,organic,,,,,0.0,red wine gift,0,0,0,
6667ae02-5f08-4bf5-9bf1-a17a4dc43470,EVT-001799,USER-00144,view,2025-11-15T16:08:54.592509,SES-ab63112e,tablet,Edge,direct,PROD-01196,Oral-B iO Series 9,Personal Care,Healthcare,285.71,,125,0,0,
c20ddbee-ed6d-43bc-90c4-9a5daa80791b,EVT-001800,USER-00001,view,2026-01-12T20:59:15.758280,SES-7412c935,desktop,Safari,direct,PROD-00512,Dom Pérignon Rosé 2009,Champagne,Wine,415.51,,398,0,0,
bf8efa23-c858-4377-8e1c-7d7834d801b7,EVT-001801,USER-00023,search,2026-01-13T08:41:32.068840,SES-d8c3c75e,desktop,Chrome,social,,,,,0.0,gaming laptop,0,0,0,
78d3f7ef-f142-4122-8db3-dfc865395440,EVT-001802,USER-00155,search,2025-10-30T07:17:37.269856,SES-5cdecbe2,mobile,Firefox,social,,,,,0.0,wireless headphones,0,0,0,
e01d459f-f111-4d5e-b0b7-5168a22f7537,EVT-001803,USER-00218,click,2025-12-21T15:10:35.891199,SES-968442b1,desktop,Safari,email,PROD-00003,Penfolds Grange,Red Wine,Wine,390.13,,276,0,0,
860ba297-5580-40fa-ab31-5768383554e9,EVT-001804,USER-00107,search,2025-11-20T08:20:30.865668,SES-399d31ab,desktop,Firefox,organic,,,,,0.0,home office chair,0,0,0,
1788b037-8d61-4faa-a96e-f0c3766ad566,EVT-001805,USER-00147,add_to_cart,2025-12-07T11:07:30.008807,SES-87b5690d,mobile,Chrome,email,PROD-01416,REI Flash 55 Pack,Outdoor Gear,Sports,517.67,,0,1,0,
3d2c049f-b6b7-44ff-9434-7533bf364b4a,EVT-001806,USER-00048,wishlist,2025-11-01T21:21:01.511862,SES-27351795,tablet,Safari,organic,PROD-01844,Samsung Galaxy Watch 6,Smartwatches,Electronics,790.52,,0,0,0,
496d425e-17fb-47ee-b36b-7476e3e307cd,EVT-001807,USER-00154,search,2026-01-03T15:22:00.520994,SES-d864eb76,tablet,Chrome,organic,,,,,0.0,red wine gift,0,0,0,
a299cc03-ae56-4eea-986c-059bdb938c43,EVT-001808,USER-00144,view,2026-01-03T05:35:07.462034,SES-ab320ad1,tablet,Edge,direct,PROD-01196,Oral-B iO Series 9,Personal Care,Healthcare,285.71,,125,0,0,
2e1ce03e-70a7-4a46-8acb-815f152dfad5,EVT-001809,USER-00001,view,2025-11-01T07:21:46.756090,SES-220137d9,desktop,Safari,direct,PROD-00512,Dom Pérignon Rosé 2009,Champagne,Wine,415.51,,398,0,0,
3671c96d-8e7b-4d15-9d3d-6fd64bcd5f0f,EVT-001810,USER-00023,search,2025-10-29T08:52:17.140201,SES-86af492b,desktop,Chrome,social,,,,,0.0,gaming laptop,0,0,0,
d373af5d-d5c9-4a50-9544-1f76caa439a8,EVT-001811,USER-00155,search,2025-11-25T06:39:16.349955,SES-32ce9e6e,mobile,Firefox,social,,,,,0.0,wireless headphones,0,0,0,
1e107abf-d4c7-47cf-a943-32785e033f2f,EVT-001812,USER-00218,click,2025-11-05T12:47:20.649803,SES-659c9047,desktop,Safari,email,PROD-00003,Penfolds Grange,Red Wine,Wine,390.13,,276,0,0,
4199915b-1655-4971-86cf-85eb7dc873e0,EVT-001813,USER-00107,search,2026-01-02T19:16:59.072731,SES-8ff665f3,desktop,Firefox,organic,,,,,0.0,home office chair,0,0,0,
b5961504-7a13-441b-80bf-f3a2004f69af,EVT-001814,USER-00147,add_to_cart,2025-12-31T18:30:34.046624,SES-a6eb9bd2,mobile,Chrome,email,PROD-01416,REI Flash 55 Pack,Outdoor Gear,Sports,517.67,,0,1,0,
6ad9d96d-a1f1-4c76-895e-6101b238e02b,EVT-001815,USER-00048,wishlist,2026-01-08T09:42:25.544143,SES-e1670761,tablet,Safari,organic,PROD-01844,Samsung Galaxy Watch 6,Smartwatches,Electronics,790.52,,0,0,0,
5232fe27-812f-4ecd-b3ef-87953594420d,EVT-001816,USER-00154,search,2025-10-23T12:58:10.416615,SES-f2216e79,tablet,Chrome,organic,,,,,0.0,red wine gift,0,0,0,
8dfda941-1667-44c8-a07e-08719b066196,EVT-001817,USER-00144,view,2025-10-23T21:10:54.607064,SES-d5d77ea9,tablet,Edge,direct,PROD-01196,Oral-B iO Series 9,Personal Care,Healthcare,285.71,,125,0,0,
92e56d0d-4d46-4ba8-b706-6b08e68601ba,EVT-001818,USER-00001,view,2026-01-03T07:13:34.041698,SES-7ef5b3ab,desktop,Safari,direct,PROD-00512,Dom Pérignon Rosé 2009,Champagne,Wine,415.51,,398,0,0,
f9bf2e29-bbfe-4cad-b3cb-cd7ea29477a4,EVT-001819,USER-00023,search,2026-01-08T23:40:50.014811,SES-e57a6b1f,desktop,Chrome,social,,,,,0.0,gaming laptop,0,0,0,
71a7ed51-fa92-41d4-83d7-2dda31b198f5,EVT-001820,USER-00155,search,2025-12-17T05:51:03.159122,SES-ea5c1288,mobile,Firefox,social,,,,,0.0,wireless headphones,0,0,0,
0014ed0c-e287-4e6d-b673-ebd3c62e127a,EVT-001821,USER-00218,click,2025-11-05T17:37:20.715376,SES-bd3cf653,desktop,Safari,email,PROD-00003,Penfolds Grange,Red Wine,Wine,390.13,,276,0,0,
46ec5cbd-f7d7-4bb3-b80a-b177439f192a,EVT-001822,USER-00107,search,2025-12-18T00:34:07.719361,SES-0e340d7d,desktop,Firefox,organic,,,,,0.0,home office chair,0,0,0,
fc746e43-ec5c-4116-af36-f85edfa36e6c,EVT-001823,USER-00147,add_to_cart,2026-01-09T02:15:01.772583,SES-7f59e8b8,mobile,Chrome,email,PROD-01416,REI Flash 55 Pack,Outdoor Gear,Sports,517.67,,0,1,0,
b1bc60fd-f5d9-4e3e-b0e9-65703a6b2165,EVT-001824,USER-00048,wishlist,2025-12-03T03:23:02.066247,SES-f127299d,tablet,Safari,organic,PROD-01844,Samsung Galaxy Watch 6,Smartwatches,Electronics,790.52,,0,0,0,
a6ac3086-c0fe-4683-a935-9c265468d553,EVT-001825,USER-00154,search,2026-01-09T06:40:58.563963,SES-7cb25c2a,tablet,Chrome,organic,,,,,0.0,red wine gift,0,0,0,
9913cbc2-3cc2-4d4b-ba73-40540fb24696,EVT-001826,USER-00144,view,2026-01-01T10:10:48.576745,SES-2da7ffdd,tablet,Edge,direct,PROD-01196,Oral-B iO Series 9,Personal Care,Healthcare,285.71,,125,0,0,
d0533f11-cc8a-45a1-943c-fc508438ac04,EVT-001827,USER-00001,view,2025-11-01T04:44:04.368961,SES-84b29bc0,desktop,Safari,direct,PROD-00512,Dom Pérignon Rosé 2009,Champagne,Wine,415.51,,398,0,0,
79f41a6c-040f-4369-993e-22cdc1f125f7,EVT-001828,USER-00023,search,2025-11-02T15:36:33.000341,SES-b2fe8565,desktop,Chrome,social,,,,,0.0,gaming laptop,0,0,0,
acb3c0bf-b27f-4608-a837-7b13aa55be7a,EVT-001829,USER-00155,search,2025-12-25T01:05:40.974561,SES-ce0d29c7,mobile,Firefox,social,,,,,0.0,wireless headphones,0,0,0,
54424089-e76c-42ac-b841-d0696a1a5824,EVT-001830,USER-00218,click,2025-11-09T15:06:06.706689,SES-6cb05203,desktop,Safari,email,PROD-00003,Penfolds Grange,Red Wine,Wine,390.13,,276,0,0,
2c513c62-9430-4af1-b74a-e97b6abaa8dc,EVT-001831,USER-00107,search,2025-12-28T19:38:03.295729,SES-7d11ffe8,desktop,Firefox,organic,,,,,0.0,home office chair,0,0,0,
425982e8-9e17-4900-8439-649fd39d77aa,EVT-001832,USER-00147,add_to_cart,2025-10-29T23:25:54.942072,SES-5d9e3e44,mobile,Chrome,email,PROD-01416,REI Flash 55 Pack,Outdoor Gear,Sports,517.67,,0,1,0,
96576f70-a440-4e9c-bbbf-ee3775b37576,EVT-001833,USER-00048,wishlist,2025-10-30T22:12:58.388021,SES-613548d5,tablet,Safari,organic,PROD-01844,Samsung Galaxy Watch 6,Smartwatches,Electronics,790.52,,0,0,0,
0553e30f-2e09-4c89-a847-9e92b17debe3,EVT-001834,USER-00154,search,2026-01-16T07:08:32.578705,SES-31642918,tablet,Chrome,organic,,,,,0.0,red wine gift,0,0,0,
0b3f93b4-0e93-4e67-90a9-e6512dab1f8c,EVT-001835,USER-00144,view,2025-10-23T00:25:57.666938,SES-4078e192,tablet,Edge,direct,PROD-01196,Oral-B iO Series 9,Personal Care,Healthcare,285.71,,125,0,0,
cb62429d-2c27-4692-a906-474829dada20,EVT-001836,USER-00001,view,2026-01-01T21:58:34.066376,SES-301352fe,desktop,Safari,direct,PROD-00512,Dom Pérignon Rosé 2009,Champagne,Wine,415.51,,398,0,0,
65e28862-fcca-416c-b3f8-dee2b9f3a8a1,EVT-001837,USER-00023,search,2025-11-12T15:34:46.008439,SES-91926f1b,desktop,Chrome,social,,,,,0.0,gaming laptop,0,0,0,
041ab080-99f5-4b4f-b55a-6a118205db45,EVT-001838,USER-00155,search,2025-10-27T04:07:58.358193,SES-3922e6d3,mobile,Firefox,social,,,,,0.0,wireless headphones,0,0,0,
053b27c9-9505-4cd9-aa65-51398e98cd95,EVT-001839,USER-00218,click,2025-10-29T19:39:56.374291,SES-be9b1fc0,desktop,Safari,email,PROD-00003,Penfolds Grange,Red Wine,Wine,390.13,,276,0,0,
08a3fda0-3515-4a82-a238-3f4448a17d30,EVT-001840,USER-00107,search,2025-11-20T12:12:37.902584,SES-571fcfd8,desktop,Firefox,organic,,,,,0.0,home office chair,0,0,0,
8c67d9ec-1432-4e76-9bfd-d2249d29e631,EVT-001841,USER-00147,add_to_cart,2025-12-09T07:29:46.149327,SES-1f53ee37,mobile,Chrome,email,PROD-01416,REI Flash 55 Pack,Outdoor Gear,Sports,517.67,,0,1,0,
6419e194-51cb-476d-8d47-62796a0c6193,EVT-001842,USER-00048,wishlist,2025-12-04T12:23:27.996207,SES-3a70d367,tablet,Safari,organic,PROD-01844,Samsung Galaxy Watch 6,Smartwatches,Electronics,790.52,,0,0,0,
76f8442b-33e3-4b32-879b-0f5db6d8965d,EVT-001843,USER-00154,search,2025-11-09T10:18:11.886606,SES-0bda5678,tablet,Chrome,organic,,,,,0.0,red wine gift,0,0,0,
5ea1a597-b523-4e1c-8d72-0d3511982be7,EVT-001844,USER-00144,view,2026-01-19T14:03:49.405025,SES-88615de5,tablet,Edge,direct,PROD-01196,Oral-B iO Series 9,Personal Care,Healthcare,285.71,,125,0,0,
775e465a-afe8-4e3d-aaff-b8cba8c3ab5d,EVT-001845,USER-00001,view,2025-12-16T03:55:29.049225,SES-598e7a54,desktop,Safari,direct,PROD-00512,Dom Pérignon Rosé 2009,Champagne,Wine,415.51,,398,0,0,
f1858984-1d6d-46df-8566-522c0fc6d0f4,EVT-001846,USER-00023,search,2025-11-08T10:02:09.507750,SES-cda9d10e,desktop,Chrome,social,,,,,0.0,gaming laptop,0,0,0,
200c861d-8161-4068-9562-05a1aec25565,EVT-001847,USER-00155,search,2025-11-17T14:21:10.732075,SES-f988e97e,mobile,Firefox,social,,,,,0.0,wireless headphones,0,0,0,
c7e600aa-e8d0-4826-a2bc-2f82cd490edc,EVT-001848,USER-00218,click,2025-12-22T12:38:23.982131,SES-048282a9,desktop,Safari,email,PROD-00003,Penfolds Grange,Red Wine,Wine,390.13,,276,0,0,
12abd8e0-c523-4351-a61c-85a6e2aa417b,EVT-001849,USER-00107,search,2026-01-08T12:33:12.969192,SES-a2d9d7d6,desktop,Firefox,organic,,,,,0.0,home office chair,0,0,0,
0ba99477-4458-457b-8e2b-0c959ec87080,EVT-001850,USER-00147,add_to_cart,2025-10-28T04:28:16.087929,SES-ec145a39,mobile,Chrome,email,PROD-01416,REI Flash 55 Pack,Outdoor Gear,Sports,517.67,,0,1,0,
c389f303-ad26-49f7-bd1b-5db48d554ffa,EVT-001851,USER-00048,wishlist,2025-11-08T07:34:47.940550,SES-46d2bc51,tablet,Safari,organic,PROD-01844,Samsung Galaxy Watch 6,Smartwatches,Electronics,790.52,,0,0,0,
f2edb405-ede8-4aa1-b476-b4290fb5c72e,EVT-001852,USER-00154,search,2025-10-23T05:46:21.933257,SES-b4d2655b,tablet,Chrome,organic,,,,,0.0,red wine gift,0,0,0,
3aeacccb-be88-4b6d-af42-40b01a40dba7,EVT-001853,USER-00144,view,2025-11-07T11:58:25.697437,SES-b4293875,tablet,Edge,direct,PROD-01196,Oral-B iO Series 9,Personal Care,Healthcare,285.71,,125,0,0,
f7e518b3-4e5b-473d-832a-d0b9d39585cb,EVT-001854,USER-00001,view,2025-11-09T11:12:43.606508,SES-fb41c58f,desktop,Safari,direct,PROD-00512,Dom Pérignon Rosé 2009,Champagne,Wine,415.51,,398,0,0,
d1915cd8-4053-4393-8e73-6bc798b1ba2b,EVT-001855,USER-00023,search,2025-11-04T14:56:39.191869,SES-5990ad80,desktop,Chrome,social,,,,,0.0,gaming laptop,0,0,0,
f3e55c4d-60ba-47d8-be7f-bb2e73e2850c,EVT-001856,USER-00155,search,2025-12-10T10:51:08.833467,SES-55c1f200,mobile,Firefox,social,,,,,0.0,wireless headphones,0,0,0,
fb24db1b-7091-4e86-9682-f3d95afe1c95,EVT-001857,USER-00218,click,2026-01-18T05:13:08.618867,SES-f42f9618,desktop,Safari,email,PROD-00003,Penfolds Grange,Red Wine,Wine,390.13,,276,0,0,
b5892035-2f80-46f7-80b9-ba60586b02fd,EVT-001858,USER-00107,search,2025-12-24T16:03:52.548950,SES-c236f8dd,desktop,Firefox,organic,,,,,0.0,home office chair,0,0,0,
e17f44d5-61dc-4e10-85de-34a5c9dcb47f,EVT-001859,USER-00147,add_to_cart,2025-12-24T22:19:51.304813,SES-39224671,mobile,Chrome,email,PROD-01416,REI Flash 55 Pack,Outdoor Gear,Sports,517.67,,0,1,0,
be5e25b1-fb6f-4211-b400-0abd66a91cdb,EVT-001860,USER-00048,wishlist,2025-10-29T11:49:12.412173,SES-530de7ff,tablet,Safari,organic,PROD-01844,Samsung Galaxy Watch 6,Smartwatches,Electronics,790.52,,0,0,0,
60855b41-79df-473f-9ead-e50302f4e1c0,EVT-001861,USER-00154,search,2025-11-08T12:09:34.668710,SES-999be499,tablet,Chrome,organic,,,,,0.0,red wine gift,0,0,0,
ca572512-43e3-4204-b032-b1751bc040d8,EVT-001862,USER-00144,view,2025-11-20T14:22:17.749680,SES-ff24627f,tablet,Edge,direct,PROD-01196,Oral-B iO Series 9,Personal Care,Healthcare,285.71,,125,0,0,
867d6973-1b50-4c89-8ab7-b878b2ba8c0e,EVT-001863,USER-00001,view,2026-01-19T22:48:48.690002,SES-62dcc5fa,desktop,Safari,direct,PROD-00512,Dom Pérignon Rosé 2009,Champagne,Wine,415.51,,398,0,0,
3df49d3f-b2cc-4236-ad7f-ee535e1b3b78,EVT-001864,USER-00023,search,2025-11-06T06:58:14.729891,SES-b96b1450,desktop,Chrome,social,,,,,0.0,gaming laptop,0,0,0,
fb3bdbf1-6663-4145-8f9b-1b20e9d3d83e,EVT-001865,USER-00155,search,2025-12-18T20:22:37.886318,SES-990bef4c,mobile,Firefox,social,,,,,0.0,wireless headphones,0,0,0,
a75a7a8e-7aa4-40e4-94d3-f4128590a971,EVT-001866,USER-00218,click,2025-12-14T23:31:17.587356,SES-53c74305,desktop,Safari,email,PROD-00003,Penfolds Grange,Red Wine,Wine,390.13,,276,0,0,
454d787e-b03b-4f8d-8c7a-c58044a4dabf,EVT-001867,USER-00107,search,2025-12-15T19:29:32.629557,SES-9417ca04,desktop,Firefox,organic,,,,,0.0,home office chair,0,0,0,
7e7aa666-fb6d-4687-870d-057fce5e5495,EVT-001868,USER-00147,add_to_cart,2025-12-07T06:30:34.031039,SES-510cb2d2,mobile,Chrome,email,PROD-01416,REI Flash 55 Pack,Outdoor Gear,Sports,517.67,,0,1,0,
0da5d56a-35db-4cb0-80f8-1ac61062fb92,EVT-001869,USER-00048,wishlist,2025-11-17T08:36:22.843517,SES-ba76467f,tablet,Safari,organic,PROD-01844,Samsung Galaxy Watch 6,Smartwatches,Electronics,790.52,,0,0,0,
c3283583-4dbb-4062-9eb6-997fa500ff7c,EVT-001870,USER-00154,search,2025-11-30T01:25:34.237918,SES-c0f2f054,tablet,Chrome,organic,,,,,0.0,red wine gift,0,0,0,
6415c5a4-023b-4f68-8c63-ad7f0aaa0ae2,EVT-001871,USER-00144,view,2026-01-04T20:59:16.604488,SES-fc96b26c,tablet,Edge,direct,PROD-01196,Oral-B iO Series 9,Personal Care,Healthcare,285.71,,125,0,0,
3256ba41-fd52-49dd-8724-c8d4d1848f22,EVT-001872,USER-00001,view,2025-12-27T20:41:34.967690,SES-79658125,desktop,Safari,direct,PROD-00512,Dom Pérignon Rosé 2009,Champagne,Wine,415.51,,398,0,0,
c6653d81-7b90-4fb8-a7e8-db6c197ffb9d,EVT-001873,USER-00023,search,2025-12-09T10:07:32.370871,SES-1f5b78f8,desktop,Chrome,social,,,,,0.0,gaming laptop,0,0,0,
2fe9fe4d-e3c1-4568-b400-f9938354f7ab,EVT-001874,USER-00155,search,2025-12-20T14:35:41.692748,SES-7a74365a,mobile,Firefox,social,,,,,0.0,wireless headphones,0,0,0,
3d605bc4-7200-4409-947e-1ee383093abd,EVT-001875,USER-00218,click,2026-01-17T19:18:58.195122,SES-e490480e,desktop,Safari,email,PROD-00003,Penfolds Grange,Red Wine,Wine,390.13,,276,0,0,
df3e8048-f2bd-4671-826c-93d7108b94c7,EVT-001876,USER-00107,search,2025-11-14T07:44:20.706961,SES-d3c8cfd6,desktop,Firefox,organic,,,,,0.0,home office chair,0,0,0,
6af2ad1b-b3c9-47b7-bf2a-c85cc5cfa8c2,EVT-001877,USER-00147,add_to_cart,2025-12-29T13:25:03.201066,SES-24ad9943,mobile,Chrome,email,PROD-01416,REI Flash 55 Pack,Outdoor Gear,Sports,517.67,,0,1,0,
9fa1312c-ee1b-49bc-b774-c348bca566fd,EVT-001878,USER-00048,wishlist,2025-10-28T11:47:13.352096,SES-5b7e2808,tablet,Safari,organic,PROD-01844,Samsung Galaxy Watch 6,Smartwatches,Electronics,790.52,,0,0,0,
44d4d261-15a7-475d-88e9-5d86ec7d21c0,EVT-001879,USER-00154,search,2025-10-28T07:44:49.427061,SES-d2ba2143,tablet,Chrome,organic,,,,,0.0,red wine gift,0,0,0,
36e3e7ec-dcb2-491c-85a1-117de3ae4168,EVT-001880,USER-00144,view,2025-11-22T15:39:29.013026,SES-0a0c8d55,tablet,Edge,direct,PROD-01196,Oral-B iO Series 9,Personal Care,Healthcare,285.71,,125,0,0,
fd328388-2294-464d-8aa0-250f8f89862d,EVT-001881,USER-00001,view,2025-12-27T15:13:49.663785,SES-e87887a6,desktop,Safari,direct,PROD-00512,Dom Pérignon Rosé 2009,Champagne,Wine,415.51,,398,0,0,
ac1abf82-6b98-4605-bfcc-7cb87be06ff6,EVT-001882,USER-00023,search,2025-12-17T11:00:06.740970,SES-4a769089,desktop,Chrome,social,,,,,0.0,gaming laptop,0,0,0,
9bf1fd53-f02c-44e9-8778-ba66b915bb87,EVT-001883,USER-00155,search,2026-01-04T06:22:31.501887,SES-6d8e2815,mobile,Firefox,social,,,,,0.0,wireless headphones,0,0,0,
f98b8bce-477e-4a78-b6a7-83fb32b61e4b,EVT-001884,USER-00218,click,2025-10-29T20:49:52.732679,SES-46b8b510,desktop,Safari,email,PROD-00003,Penfolds Grange,Red Wine,Wine,390.13,,276,0,0,
cacf234c-0c12-47ad-9699-59c8b505ace8,EVT-001885,USER-00107,search,2025-12-30T11:18:46.289994,SES-655ddbae,desktop,Firefox,organic,,,,,0.0,home office chair,0,0,0,
16e036ae-7a0b-466c-aeee-69fea2937513,EVT-001886,USER-00147,add_to_cart,2025-12-26T02:55:58.114866,SES-90123401,mobile,Chrome,email,PROD-01416,REI Flash 55 Pack,Outdoor Gear,Sports,517.67,,0,1,0,
0fb527b4-8a59-45cf-9896-a5023e660210,EVT-001887,USER-00048,wishlist,2025-10-23T18:03:12.787101,SES-02bd3607,tablet,Safari,organic,PROD-01844,Samsung Galaxy Watch 6,Smartwatches,Electronics,790.52,,0,0,0,
16661dce-ea44-4630-a248-5ecb9779a42d,EVT-001888,USER-00154,search,2025-12-28T15:45:22.396078,SES-3d68f821,tablet,Chrome,organic,,,,,0.0,red wine gift,0,0,0,
fb94021f-caf3-46b1-b8d8-9dc0dc5fb6d0,EVT-001889,USER-00144,view,2025-10-30T14:42:58.583724,SES-6dcc0ef8,tablet,Edge,direct,PROD-01196,Oral-B iO Series 9,Personal Care,Healthcare,285.71,,125,0,0,
cdd9b9d6-5f1e-400d-926f-be64ad779d4e,EVT-001890,USER-00001,view,2025-12-14T14:30:54.934955,SES-c191fb57,desktop,Safari,direct,PROD-00512,Dom Pérignon Rosé 2009,Champagne,Wine,415.51,,398,0,0,
70f4cb94-1971-4e76-802e-6bea0a171ec9,EVT-001891,USER-00023,search,2026-01-13T03:24:57.395342,SES-4ff6a001,desktop,Chrome,social,,,,,0.0,gaming laptop,0,0,0,
3bfdb612-09d2-4611-bf2f-8c0f8804afb3,EVT-001892,USER-00155,search,2025-11-24T04:55:55.821917,SES-5e19b8ba,mobile,Firefox,social,,,,,0.0,wireless headphones,0,0,0,
18b2a722-8d72-494c-b935-aeaaac68298c,EVT-001893,USER-00218,click,2025-12-22T23:16:13.419283,SES-9edb50ba,desktop,Safari,email,PROD-00003,Penfolds Grange,Red Wine,Wine,390.13,,276,0,0,
bbd9d647-300e-4b0d-95a9-4be5971041cb,EVT-001894,USER-00107,search,2025-12-22T17:02:17.602512,SES-ac19b6f6,desktop,Firefox,organic,,,,,0.0,home office chair,0,0,0,
f003b5fe-d7bb-4e0d-b3aa-20b05eb9673b,EVT-001895,USER-00147,add_to_cart,2025-10-28T14:26:02.647861,SES-d151237b,mobile,Chrome,email,PROD-01416,REI Flash 55 Pack,Outdoor Gear,Sports,517.67,,0,1,0,
48621093-f6e4-402e-83cb-b0a75a1f3fa2,EVT-001896,USER-00048,wishlist,2025-11-15T07:00:01.478327,SES-b68f814b,tablet,Safari,organic,PROD-01844,Samsung Galaxy Watch 6,Smartwatches,Electronics,790.52,,0,0,0,
141255dc-4386-43f0-a17d-83453f3d4fab,EVT-001897,USER-00154,search,2026-01-06T05:56:31.971586,SES-8d0081aa,tablet,Chrome,organic,,,,,0.0,red wine gift,0,0,0,
6c8a0273-6fea-44d5-83c6-c78b671d29e3,EVT-001898,USER-00144,view,2025-12-02T05:50:08.329982,SES-13a8ad9e,tablet,Edge,direct,PROD-01196,Oral-B iO Series 9,Personal Care,Healthcare,285.71,,125,0,0,
5740f2dd-281c-498b-a6f6-788434a0c710,EVT-001899,USER-00001,view,2025-12-28T11:16:19.022627,SES-9bda4ee2,desktop,Safari,direct,PROD-00512,Dom Pérignon Rosé 2009,Champagne,Wine,415.51,,398,0,0,
89f11c71-5434-4404-a00a-77c037cd51cf,EVT-001900,USER-00023,search,2025-12-04T21:54:18.927554,SES-1dbba097,desktop,Chrome,social,,,,,0.0,gaming laptop,0,0,0,
811892d5-f779-44d9-a8f1-ca20d0728040,EVT-001901,USER-00155,search,2025-12-06T15:28:36.781620,SES-0d6099f1,mobile,Firefox,social,,,,,0.0,wireless headphones,0,0,0,
b0acbd71-e502-48d6-87d4-45a9c3ffa843,EVT-001902,USER-00218,click,2025-12-30T09:06:24.438492,SES-7a36e707,desktop,Safari,email,PROD-00003,Penfolds Grange,Red Wine,Wine,390.13,,276,0,0,
1830c41e-2b8c-4796-8d47-71f1676fc9ed,EVT-001903,USER-00107,search,2025-11-19T21:14:28.065957,SES-022376d2,desktop,Firefox,organic,,,,,0.0,home office chair,0,0,0,
641081cd-20b5-423d-9c14-e44d0dc12ba3,EVT-001904,USER-00147,add_to_cart,2026-01-20T14:11:10.594808,SES-08cc1ffd,mobile,Chrome,email,PROD-01416,REI Flash 55 Pack,Outdoor Gear,Sports,517.67,,0,1,0,
e02160b4-3c73-49d0-ab83-ac19cadbdfb2,EVT-001905,USER-00048,wishlist,2025-11-08T19:09:05.557186,SES-399d3335,tablet,Safari,organic,PROD-01844,Samsung Galaxy Watch 6,Smartwatches,Electronics,790.52,,0,0,0,
55130b87-83ea-4781-ba80-3bf969201e3a,EVT-001906,USER-00154,search,2025-12-14T12:33:02.687449,SES-7007308b,tablet,Chrome,organic,,,,,0.0,red wine gift,0,0,0,
506273f2-5a0f-4b62-bbac-859dfa5465f7,EVT-001907,USER-00144,view,2025-10-26T12:22:00.185360,SES-0e1c3164,tablet,Edge,direct,PROD-01196,Oral-B iO Series 9,Personal Care,Healthcare,285.71,,125,0,0,
c40036b8-86ba-421e-b101-11678976cddd,EVT-001908,USER-00001,view,2025-11-23T10:23:20.246959,SES-45da9dce,desktop,Safari,direct,PROD-00512,Dom Pérignon Rosé 2009,Champagne,Wine,415.51,,398,0,0,
b8bb666c-2ecd-406b-8968-7fccdbf648ce,EVT-001909,USER-00023,search,2025-12-03T12:24:59.891016,SES-fb24607b,desktop,Chrome,social,,,,,0.0,gaming laptop,0,0,0,
3136b3bb-7833-42c7-822a-784a828ad8d7,EVT-001910,USER-00155,search,2025-12-03T05:16:43.341598,SES-c43c0b4c,mobile,Firefox,social,,,,,0.0,wireless headphones,0,0,0,
1447f5d6-272c-4f9b-9900-ba24ace62796,EVT-001911,USER-00218,click,2026-01-13T18:46:45.255066,SES-9e280692,desktop,Safari,email,PROD-00003,Penfolds Grange,Red Wine,Wine,390.13,,276,0,0,
9cc2e172-4731-4331-b9b9-27662f6ebbf4,EVT-001912,USER-00107,search,2026-01-06T20:32:09.967914,SES-049dbc67,desktop,Firefox,organic,,,,,0.0,home office chair,0,0,0,
d94644e7-c9a2-4247-aeee-cdf1e830881c,EVT-001913,USER-00147,add_to_cart,2026-01-18T04:15:07.679711,SES-d0eed9ff,mobile,Chrome,email,PROD-01416,REI Flash 55 Pack,Outdoor Gear,Sports,517.67,,0,1,0,
75e89204-aa72-45d7-b1d2-be216a13e172,EVT-001914,USER-00048,wishlist,2025-12-03T09:33:48.119885,SES-1fa79ecd,tablet,Safari,organic,PROD-01844,Samsung Galaxy Watch 6,Smartwatches,Electronics,790.52,,0,0,0,
f6ee84df-c7e6-4050-b111-e69da3646645,EVT-001915,USER-00154,search,2026-01-11T14:10:09.502722,SES-a8fec771,tablet,Chrome,organic,,,,,0.0,red wine gift,0,0,0,
154b8c4b-08a4-4427-9ee1-e4e8b9d3490a,EVT-001916,USER-00144,view,2025-12-02T08:50:12.749519,SES-01c59574,tablet,Edge,direct,PROD-01196,Oral-B iO Series 9,Personal Care,Healthcare,285.71,,125,0,0,
7069dc3f-5c0c-4cdc-871e-43eb2c7c70fb,EVT-001917,USER-00001,view,2025-11-04T11:02:05.555791,SES-117ee2a3,desktop,Safari,direct,PROD-00512,Dom Pérignon Rosé 2009,Champagne,Wine,415.51,,398,0,0,
eef7d0ef-5576-46cb-a1d3-25d05f950d2f,EVT-001918,USER-00023,search,2025-12-29T05:19:42.000863,SES-5c7928c0,desktop,Chrome,social,,,,,0.0,gaming laptop,0,0,0,
58165b4d-f339-44eb-a2c6-63e92c7d9f03,EVT-001919,USER-00155,search,2025-11-29T10:27:56.542763,SES-0c17aaf0,mobile,Firefox,social,,,,,0.0,wireless headphones,0,0,0,
9742cb56-ebee-42f9-bc11-ad31cf10c50a,EVT-001920,USER-00218,click,2025-10-24T21:00:44.083281,SES-3665bfa9,desktop,Safari,email,PROD-00003,Penfolds Grange,Red Wine,Wine,390.13,,276,0,0,
c0dc8a4e-d883-4714-8ee0-1cd4092d1648,EVT-001921,USER-00107,search,2025-11-04T05:18:32.436963,SES-bde61f8e,desktop,Firefox,organic,,,,,0.0,home office chair,0,0,0,
8824140e-63bd-45f1-8234-dac0b96b1567,EVT-001922,USER-00147,add_to_cart,2025-11-20T04:15:30.924833,SES-a8933f5d,mobile,Chrome,email,PROD-01416,REI Flash 55 Pack,Outdoor Gear,Sports,517.67,,0,1,0,
6e33a770-5a02-4e15-9db5-ac9ea618ec3c,EVT-001923,USER-00048,wishlist,2026-01-19T18:01:19.353077,SES-b2591654,tablet,Safari,organic,PROD-01844,Samsung Galaxy Watch 6,Smartwatches,Electronics,790.52,,0,0,0,
79c17650-124e-47a6-812f-b16aeba92ea4,EVT-001924,USER-00154,search,2025-12-18T13:40:22.059525,SES-507c18db,tablet,Chrome,organic,,,,,0.0,red wine gift,0,0,0,
184d4685-723b-4b02-931a-0c74f6f5c9c5,EVT-001925,USER-00144,view,2025-11-27T14:52:45.331059,SES-5242c6ae,tablet,Edge,direct,PROD-01196,Oral-B iO Series 9,Personal Care,Healthcare,285.71,,125,0,0,
90268c18-1432-441a-9278-3555349ba84b,EVT-001926,USER-00001,view,2025-10-23T22:16:05.482047,SES-5a79319a,desktop,Safari,direct,PROD-00512,Dom Pérignon Rosé 2009,Champagne,Wine,415.51,,398,0,0,
3bf2e9bb-71b0-4d56-9548-187faa7bfad4,EVT-001927,USER-00023,search,2026-01-01T21:30:21.829721,SES-5b85fdf6,desktop,Chrome,social,,,,,0.0,gaming laptop,0,0,0,
8859724b-a3bb-41c0-af8d-e3c8662dbcf8,EVT-001928,USER-00155,search,2025-12-21T05:33:48.628840,SES-81fdae00,mobile,Firefox,social,,,,,0.0,wireless headphones,0,0,0,
9ca039e2-3e8f-4d20-83c2-05b50a60156e,EVT-001929,USER-00218,click,2025-11-07T05:20:25.880661,SES-37c73614,desktop,Safari,email,PROD-00003,Penfolds Grange,Red Wine,Wine,390.13,,276,0,0,
6af333d9-07b7-4a4b-b93b-9a91797ca629,EVT-001930,USER-00107,search,2025-12-15T00:52:48.384205,SES-0774256f,desktop,Firefox,organic,,,,,0.0,home office chair,0,0,0,
92e7c75e-a277-4573-a4a0-db1e9a0151b3,EVT-001931,USER-00147,add_to_cart,2025-11-08T05:22:50.197197,SES-01a53ff3,mobile,Chrome,email,PROD-01416,REI Flash 55 Pack,Outdoor Gear,Sports,517.67,,0,1,0,
51afa591-9b88-4dff-83b0-78a4f2faa17a,EVT-001932,USER-00048,wishlist,2025-10-31T05:00:13.082657,SES-d88c6f7f,tablet,Safari,organic,PROD-01844,Samsung Galaxy Watch 6,Smartwatches,Electronics,790.52,,0,0,0,
35c35c23-659b-4499-8003-70057be3fa42,EVT-001933,USER-00154,search,2025-11-26T21:19:32.825437,SES-1dccd316,tablet,Chrome,organic,,,,,0.0,red wine gift,0,0,0,
5affdf74-078b-42c0-9b88-eb54e4a5592e,EVT-001934,USER-00144,view,2025-11-05T03:55:10.058423,SES-61de810d,tablet,Edge,direct,PROD-01196,Oral-B iO Series 9,Personal Care,Healthcare,285.71,,125,0,0,
20247922-de1f-402c-80f5-51c3ebc71916,EVT-001935,USER-00001,view,2025-11-22T00:44:12.136209,SES-b91d91c5,desktop,Safari,direct,PROD-00512,Dom Pérignon Rosé 2009,Champagne,Wine,415.51,,398,0,0,
73d8ea9f-cf47-4974-8021-e16e4523a170,EVT-001936,USER-00023,search,2025-10-24T14:57:57.903153,SES-31dbe965,desktop,Chrome,social,,,,,0.0,gaming laptop,0,0,0,
3a5c5ec0-b162-446a-95d6-8dec7aabe08d,EVT-001937,USER-00155,search,2025-11-26T23:21:24.236509,SES-d2dfe568,mobile,Firefox,social,,,,,0.0,wireless headphones,0,0,0,
9b390923-0334-4a2a-b2ca-f90ccff321a6,EVT-001938,USER-00218,click,2025-11-18T23:44:37.091191,SES-4096d7cc,desktop,Safari,email,PROD-00003,Penfolds Grange,Red Wine,Wine,390.13,,276,0,0,
39ea0182-8c74-4124-8fc7-588eb96d6cfd,EVT-001939,USER-00107,search,2026-01-16T15:21:31.238530,SES-9e0bde13,desktop,Firefox,organic,,,,,0.0,home office chair,0,0,0,
a2fc226e-8184-4d4e-bf6e-80fb5eee410b,EVT-001940,USER-00147,add_to_cart,2025-12-11T02:41:08.463595,SES-b96bdab2,mobile,Chrome,email,PROD-01416,REI Flash 55 Pack,Outdoor Gear,Sports,517.67,,0,1,0,
715ce9ca-3778-4784-8d61-6add0ac52371,EVT-001941,USER-00048,wishlist,2025-11-12T04:03:09.725402,SES-37cf0684,tablet,Safari,organic,PROD-01844,Samsung Galaxy Watch 6,Smartwatches,Electronics,790.52,,0,0,0,
2ea9d581-3f23-4ccf-8ab8-9fd66f842a9f,EVT-001942,USER-00154,search,2025-12-05T11:03:03.382205,SES-f17e00a7,tablet,Chrome,organic,,,,,0.0,red wine gift,0,0,0,
b49e559c-8098-4bdf-be97-73de639f7d08,EVT-001943,USER-00144,view,2025-12-26T19:23:27.293259,SES-f0025097,tablet,Edge,direct,PROD-01196,Oral-B iO Series 9,Personal Care,Healthcare,285.71,,125,0,0,
e4f246bd-4263-4cd8-857a-d6e00933e0a2,EVT-001944,USER-00001,view,2025-11-30T15:06:19.142615,SES-9cb5905a,desktop,Safari,direct,PROD-00512,Dom Pérignon Rosé 2009,Champagne,Wine,415.51,,398,0,0,
462cc76a-d3e5-401f-ac60-5b77ed801785,EVT-001945,USER-00023,search,2026-01-15T22:22:14.008263,SES-df550daa,desktop,Chrome,social,,,,,0.0,gaming laptop,0,0,0,
a6f8dc72-d351-44bf-8431-7934dd2572ff,EVT-001946,USER-00155,search,2025-11-06T01:20:54.371901,SES-698cb178,mobile,Firefox,social,,,,,0.0,wireless headphones,0,0,0,
f5cfdf58-e87d-42bc-a69d-0b9fa95be839,EVT-001947,USER-00218,click,2026-01-17T21:23:29.931479,SES-450ee596,desktop,Safari,email,PROD-00003,Penfolds Grange,Red Wine,Wine,390.13,,276,0,0,
e83810ba-8f6d-4a7c-b26b-7b109c9a3297,EVT-001948,USER-00107,search,2025-10-28T01:13:06.000234,SES-1a71f7be,desktop,Firefox,organic,,,,,0.0,home office chair,0,0,0,
445a6e5e-b4dc-4949-b506-6855c41c63c0,EVT-001949,USER-00147,add_to_cart,2026-01-17T04:50:41.903500,SES-d9eda654,mobile,Chrome,email,PROD-01416,REI Flash 55 Pack,Outdoor Gear,Sports,517.67,,0,1,0,
753e073b-1492-4fd2-a3cf-49469b52b607,EVT-001950,USER-00048,wishlist,2025-10-28T16:39:10.672632,SES-d28fab46,tablet,Safari,organic,PROD-01844,Samsung Galaxy Watch 6,Smartwatches,Electronics,790.52,,0,0,0,
39b9a27a-3e04-4560-947e-9e15dc0e05f5,EVT-001951,USER-00154,search,2025-11-20T18:25:33.723121,SES-1ff65479,tablet,Chrome,organic,,,,,0.0,red wine gift,0,0,0,
36e46458-373b-4d71-938c-34737d31062a,EVT-001952,USER-00144,view,2025-12-04T13:48:30.150708,SES-492e2914,tablet,Edge,direct,PROD-01196,Oral-B iO Series 9,Personal Care,Healthcare,285.71,,125,0,0,
02ff2ceb-f10c-47ad-9aaa-0ebc8ab911a5,EVT-001953,USER-00001,view,2025-11-17T17:04:15.750426,SES-36f87751,desktop,Safari,direct,PROD-00512,Dom Pérignon Rosé 2009,Champagne,Wine,415.51,,398,0,0,
6d00259c-b6c4-494b-86c1-887958935b61,EVT-001954,USER-00023,search,2025-11-12T20:03:54.216336,SES-6f4b1ef4,desktop,Chrome,social,,,,,0.0,gaming laptop,0,0,0,
177febf9-1808-4933-8b14-18356ced39e9,EVT-001955,USER-00155,search,2026-01-15T13:44:45.195197,SES-27cae5ac,mobile,Firefox,social,,,,,0.0,wireless headphones,0,0,0,
7cbe5f3e-ea22-4a5c-9218-b97b97596ac1,EVT-001956,USER-00218,click,2026-01-02T23:57:34.031525,SES-3caa32a1,desktop,Safari,email,PROD-00003,Penfolds Grange,Red Wine,Wine,390.13,,276,0,0,
84673dd1-ecb3-4af4-af77-6b2ac68eb20b,EVT-001957,USER-00107,search,2025-11-29T03:26:30.936959,SES-4d45df00,desktop,Firefox,organic,,,,,0.0,home office chair,0,0,0,
e64152e6-c428-44f7-9164-79d70d668465,EVT-001958,USER-00147,add_to_cart,2025-10-23T20:08:45.008195,SES-339c82cb,mobile,Chrome,email,PROD-01416,REI Flash 55 Pack,Outdoor Gear,Sports,517.67,,0,1,0,
bd3a19f5-6427-4611-92eb-9245397c70e8,EVT-001959,USER-00048,wishlist,2025-11-19T09:25:56.697396,SES-d5aa2e7f,tablet,Safari,organic,PROD-01844,Samsung Galaxy Watch 6,Smartwatches,Electronics,790.52,,0,0,0,
c6a383ff-b25c-4005-a4b1-411ced857061,EVT-001960,USER-00154,search,2025-11-05T22:43:01.236632,SES-504d9e73,tablet,Chrome,organic,,,,,0.0,red wine gift,0,0,0,
0b98141b-2419-4b52-a49f-1d7101170282,EVT-001961,USER-00144,view,2025-12-18T09:55:38.458236,SES-d9b0b18c,tablet,Edge,direct,PROD-01196,Oral-B iO Series 9,Personal Care,Healthcare,285.71,,125,0,0,
ff3adcf8-e868-441c-982e-805ba92cd630,EVT-001962,USER-00001,view,2025-12-23T05:42:00.649945,SES-83706364,desktop,Safari,direct,PROD-00512,Dom Pérignon Rosé 2009,Champagne,Wine,415.51,,398,0,0,
ae938ffb-15a0-4c47-93f4-63ccd24b9081,EVT-001963,USER-00023,search,2025-11-30T06:46:13.029537,SES-52a8986c,desktop,Chrome,social,,,,,0.0,gaming laptop,0,0,0,
999571c3-d395-4818-9266-f9fd996ff668,EVT-001964,USER-00155,search,2025-11-02T15:19:34.290190,SES-7da8c7ef,mobile,Firefox,social,,,,,0.0,wireless headphones,0,0,0,
d20a289f-d72f-4704-bf2c-de434c4cfab1,EVT-001965,USER-00218,click,2025-11-03T07:42:01.732273,SES-0e27e8f6,desktop,Safari,email,PROD-00003,Penfolds Grange,Red Wine,Wine,390.13,,276,0,0,
54112a37-7fb2-454c-b87d-ceeac8e33719,EVT-001966,USER-00107,search,2025-11-17T01:02:01.026264,SES-f86b689d,desktop,Firefox,organic,,,,,0.0,home office chair,0,0,0,
b1a910a9-09b0-4e8c-b315-d8b77bf98c03,EVT-001967,USER-00147,add_to_cart,2025-12-26T21:36:37.490068,SES-7ba54fd1,mobile,Chrome,email,PROD-01416,REI Flash 55 Pack,Outdoor Gear,Sports,517.67,,0,1,0,
78aebffe-fe92-4f15-8666-1fafcee665dc,EVT-001968,USER-00048,wishlist,2026-01-03T07:31:27.436811,SES-fb95df6d,tablet,Safari,organic,PROD-01844,Samsung Galaxy Watch 6,Smartwatches,Electronics,790.52,,0,0,0,
aced6bf3-b4ad-4109-affc-b455a684a99b,EVT-001969,USER-00154,search,2026-01-08T10:35:11.444328,SES-324bb97c,tablet,Chrome,organic,,,,,0.0,red wine gift,0,0,0,
1ab45b21-d158-4c16-ab3c-8af5fae0d218,EVT-001970,USER-00144,view,2025-11-24T22:24:06.191271,SES-ae62afc0,tablet,Edge,direct,PROD-01196,Oral-B iO Series 9,Personal Care,Healthcare,285.71,,125,0,0,
50144111-b082-47fd-b2a2-bb0d39ecaf4d,EVT-001971,USER-00001,view,2026-01-18T00:15:58.165961,SES-f15b6f77,desktop,Safari,direct,PROD-00512,Dom Pérignon Rosé 2009,Champagne,Wine,415.51,,398,0,0,
382d8a44-0dae-4671-bd39-ce474bb03f00,EVT-001972,USER-00023,search,2025-10-28T08:29:08.938455,SES-c329e630,desktop,Chrome,social,,,,,0.0,gaming laptop,0,0,0,
371a0a3e-8f95-4e86-9996-6721dbbf4ae4,EVT-001973,USER-00155,search,2025-12-01T21:49:29.148533,SES-1ee06111,mobile,Firefox,social,,,,,0.0,wireless headphones,0,0,0,
c8cf32dc-2869-4e09-810b-be19056d5439,EVT-001974,USER-00218,click,2025-11-29T04:51:25.499873,SES-47ec4e42,desktop,Safari,email,PROD-00003,Penfolds Grange,Red Wine,Wine,390.13,,276,0,0,
bd3f81d1-7f5f-4704-814e-6df09f4f38f2,EVT-001975,USER-00107,search,2025-11-10T12:33:38.769595,SES-cd38f531,desktop,Firefox,organic,,,,,0.0,home office chair,0,0,0,
d5ce803e-64b9-4a50-86f6-6339ebc2ebad,EVT-001976,USER-00147,add_to_cart,2025-11-21T00:43:44.997928,SES-8c95c8ab,mobile,Chrome,email,PROD-01416,REI Flash 55 Pack,Outdoor Gear,Sports,517.67,,0,1,0,
731d3503-4a10-4cf9-b40f-a8b90f90cc3c,EVT-001977,USER-00048,wishlist,2025-11-12T16:21:45.606418,SES-5a078b8f,tablet,Safari,organic,PROD-01844,Samsung Galaxy Watch 6,Smartwatches,Electronics,790.52,,0,0,0,
531c004c-e568-405e-b8e0-400cf67f8535,EVT-001978,USER-00154,search,2026-01-09T03:22:59.516072,SES-9988fd12,tablet,Chrome,organic,,,,,0.0,red wine gift,0,0,0,
3da841a7-b92a-427d-adcf-c1c4950713ba,EVT-001979,USER-00144,view,2025-11-19T19:12:57.035162,SES-a8c2ec21,tablet,Edge,direct,PROD-01196,Oral-B iO Series 9,Personal Care,Healthcare,285.71,,125,0,0,
eeb35e8b-9b3f-4562-ab2d-c5bc064f6437,EVT-001980,USER-00001,view,2026-01-13T02:07:46.998482,SES-f7a091fc,desktop,Safari,direct,PROD-00512,Dom Pérignon Rosé 2009,Champagne,Wine,415.51,,398,0,0,
0fa14229-f6b3-490e-b368-9c674be80d43,EVT-001981,USER-00023,search,2026-01-18T04:47:45.737288,SES-cf6a8ba8,desktop,Chrome,social,,,,,0.0,gaming laptop,0,0,0,
b1546d39-189d-4032-ad15-439d9bf330d8,EVT-001982,USER-00155,search,2026-01-01T11:38:13.532664,SES-bdf4eef7,mobile,Firefox,social,,,,,0.0,wireless headphones,0,0,0,
fbb5fdd8-b009-4db5-bccf-f9b2777bdb5a,EVT-001983,USER-00218,click,2025-12-11T14:55:35.936131,SES-5b2a41de,desktop,Safari,email,PROD-00003,Penfolds Grange,Red Wine,Wine,390.13,,276,0,0,
de028743-6aa9-423a-8d67-d4795028b1fb,EVT-001984,USER-00107,search,2025-12-13T14:55:50.146330,SES-157ee24f,desktop,Firefox,organic,,,,,0.0,home office chair,0,0,0,
1bfa4502-29d0-4714-af01-777ff879014b,EVT-001985,USER-00147,add_to_cart,2025-11-21T11:13:37.160451,SES-75c440e0,mobile,Chrome,email,PROD-01416,REI Flash 55 Pack,Outdoor Gear,Sports,517.67,,0,1,0,
4c5ae824-68b1-4aa9-8d2e-0a6a40d6e53a,EVT-001986,USER-00048,wishlist,2025-11-09T03:59:30.553352,SES-c441672c,tablet,Safari,organic,PROD-01844,Samsung Galaxy Watch 6,Smartwatches,Electronics,790.52,,0,0,0,
d870beb5-eb34-4d0f-b8ef-d3fbeac15c3e,EVT-001987,USER-00154,search,2025-11-03T02:44:34.023310,SES-0eba8f96,tablet,Chrome,organic,,,,,0.0,red wine gift,0,0,0,
bb51b52e-e267-451c-9480-434b0629f292,EVT-001988,USER-00144,view,2025-11-20T15:17:40.480257,SES-b236bc0b,tablet,Edge,direct,PROD-01196,Oral-B iO Series 9,Personal Care,Healthcare,285.71,,125,0,0,
bd82ba5a-84ee-46d2-8026-496f6b26d870,EVT-001989,USER-00001,view,2025-12-18T14:43:42.145490,SES-36751bca,desktop,Safari,direct,PROD-00512,Dom Pérignon Rosé 2009,Champagne,Wine,415.51,,398,0,0,
557a3556-d65d-40c8-82e0-18bcab62d407,EVT-001990,USER-00023,search,2026-01-18T01:47:20.068655,SES-dec66ff6,desktop,Chrome,social,,,,,0.0,gaming laptop,0,0,0,
5defe70b-a3c7-4ff3-a090-7f4668928f3a,EVT-001991,USER-00155,search,2025-11-12T06:37:03.028213,SES-aa298dcf,mobile,Firefox,social,,,,,0.0,wireless headphones,0,0,0,
599f0bf6-05ac-40ec-a40a-fd493533a015,EVT-001992,USER-00218,click,2025-12-15T00:39:32.270045,SES-bd9b829b,desktop,Safari,email,PROD-00003,Penfolds Grange,Red Wine,Wine,390.13,,276,0,0,
735138bf-cefe-4670-ad68-d2e8708000b0,EVT-001993,USER-00107,search,2025-11-13T00:05:40.003846,SES-d92e8d97,desktop,Firefox,organic,,,,,0.0,home office chair,0,0,0,
53701596-605c-4728-bc52-1372747dda7d,EVT-001994,USER-00147,add_to_cart,2026-01-04T10:35:41.714379,SES-fc25561b,mobile,Chrome,email,PROD-01416,REI Flash 55 Pack,Outdoor Gear,Sports,517.67,,0,1,0,
c54a90d4-b185-4b1c-a63f-4d9597dfbd4f,EVT-001995,USER-00048,wishlist,2025-12-05T15:29:08.666653,SES-c0236717,tablet,Safari,organic,PROD-01844,Samsung Galaxy Watch 6,Smartwatches,Electronics,790.52,,0,0,0,
d0a8789e-4e7f-4025-bc94-ad100905055a,EVT-001996,USER-00154,search,2025-12-03T22:48:04.765496,SES-5d7a4ce6,tablet,Chrome,organic,,,,,0.0,red wine gift,0,0,0,
af2bd4fa-30f0-4a21-9656-683e9155a8f0,EVT-001997,USER-00144,view,2025-10-24T10:02:02.334010,SES-06485d44,tablet,Edge,direct,PROD-01196,Oral-B iO Series 9,Personal Care,Healthcare,285.71,,125,0,0,
9a6cc5f9-ce7d-4217-aa9e-666b9260e5eb,EVT-001998,USER-00001,view,2025-12-07T15:48:37.585724,SES-d2e7440b,desktop,Safari,direct,PROD-00512,Dom Pérignon Rosé 2009,Champagne,Wine,415.51,,398,0,0,
25abe47c-6bb4-4d3b-898b-da09f1e3944f,EVT-001999,USER-00023,search,2025-10-31T06:35:39.759684,SES-6332bc79,desktop,Chrome,social,,,,,0.0,gaming laptop,0,0,0,
416f566d-d3a8-446c-bffe-7cd74d5fa2c9,EVT-002000,USER-00155,search,2025-12-29T04:33:04.503199,SES-0f9bafbc,mobile,Firefox,social,,,,,0.0,wireless headphones,0,0,0,
02eaee0d-5234-483b-9d8d-f3174b88117b,EVT-002001,USER-00218,click,2025-12-17T19:07:37.009797,SES-af6985fe,desktop,Safari,email,PROD-00003,Penfolds Grange,Red Wine,Wine,390.13,,276,0,0,
f12a7649-34ca-491e-a7e0-8e60a8762405,EVT-002002,USER-00107,search,2025-10-29T23:45:37.429919,SES-2ca9fd35,desktop,Firefox,organic,,,,,0.0,home office chair,0,0,0,
d66dc467-647a-4957-a12c-1fa2baf6b717,EVT-002003,USER-00147,add_to_cart,2025-12-05T20:34:02.152426,SES-a3851217,mobile,Chrome,email,PROD-01416,REI Flash 55 Pack,Outdoor Gear,Sports,517.67,,0,1,0,
f4233aa1-cbe2-4583-830c-120d1cae7c1e,EVT-002004,USER-00048,wishlist,2025-12-15T21:45:04.862371,SES-ca88c5fc,tablet,Safari,organic,PROD-01844,Samsung Galaxy Watch 6,Smartwatches,Electronics,790.52,,0,0,0,
d4857f05-86f6-429b-868b-fe23897e5675,EVT-002005,USER-00154,search,2026-01-10T20:30:09.614947,SES-1f5db1a9,tablet,Chrome,organic,,,,,0.0,red wine gift,0,0,0,
d8f96b37-f7af-4e3c-9930-9115a70fe1c8,EVT-002006,USER-00144,view,2026-01-16T22:00:17.870311,SES-9c44c5a0,tablet,Edge,direct,PROD-01196,Oral-B iO Series 9,Personal Care,Healthcare,285.71,,125,0,0,
1afc1c5f-9058-4f56-b6d1-352d05dd38bf,EVT-002007,USER-00001,view,2025-11-15T14:42:41.917143,SES-fe189ce4,desktop,Safari,direct,PROD-00512,Dom Pérignon Rosé 2009,Champagne,Wine,415.51,,398,0,0,
7bd1301c-2a29-49b3-b74e-a60adba292a9,EVT-002008,USER-00023,search,2025-12-02T03:01:23.775979,SES-a64b4cc6,desktop,Chrome,social,,,,,0.0,gaming laptop,0,0,0,
7a79da11-6c3c-44e9-9b66-4e262ff19884,EVT-002009,USER-00155,search,2025-12-31T15:23:29.703254,SES-bf789ccd,mobile,Firefox,social,,,,,0.0,wireless headphones,0,0,0,
5e2450ab-5213-4595-84b9-7c0cb5f64ddd,EVT-002010,USER-00218,click,2026-01-01T21:18:14.559944,SES-037b452b,desktop,Safari,email,PROD-00003,Penfolds Grange,Red Wine,Wine,390.13,,276,0,0,
0e3eeb3d-f915-40b6-9bca-e69102da9747,EVT-002011,USER-00107,search,2025-11-16T12:45:00.802386,SES-156bee4a,desktop,Firefox,organic,,,,,0.0,home office chair,0,0,0,
deca2cec-bb35-4685-b025-66f260cba714,EVT-002012,USER-00147,add_to_cart,2025-11-04T13:11:45.199827,SES-239ed847,mobile,Chrome,email,PROD-01416,REI Flash 55 Pack,Outdoor Gear,Sports,517.67,,0,1,0,
67b457fc-c24c-4c8b-b9aa-4867472689e6,EVT-002013,USER-00048,wishlist,2026-01-06T23:19:30.159638,SES-4bf6e704,tablet,Safari,organic,PROD-01844,Samsung Galaxy Watch 6,Smartwatches,Electronics,790.52,,0,0,0,
c020eab0-9a03-4a2e-bce1-32e3f41b214c,EVT-002014,USER-00154,search,2025-10-27T23:37:18.262886,SES-2ac2d157,tablet,Chrome,organic,,,,,0.0,red wine gift,0,0,0,
6ad519ea-994a-46b6-ad32-008390ac6d41,EVT-002015,USER-00144,view,2025-11-13T20:45:38.755018,SES-74323a1d,tablet,Edge,direct,PROD-01196,Oral-B iO Series 9,Personal Care,Healthcare,285.71,,125,0,0,
181b9d77-3ec0-4191-999a-499a715a14ea,EVT-002016,USER-00001,view,2025-12-18T15:33:59.925956,SES-ae24fd63,desktop,Safari,direct,PROD-00512,Dom Pérignon Rosé 2009,Champagne,Wine,415.51,,398,0,0,
7b0f70c9-6505-4523-a7b6-f1e5ad5f1c9b,EVT-002017,USER-00023,search,2025-11-21T02:55:08.001710,SES-2f18ede7,desktop,Chrome,social,,,,,0.0,gaming laptop,0,0,0,
8001064f-68fd-4763-b750-20a71bec087a,EVT-002018,USER-00155,search,2026-01-04T21:46:59.803494,SES-27b156d5,mobile,Firefox,social,,,,,0.0,wireless headphones,0,0,0,
7cd6ce29-2772-472a-b420-8c17e4afb0ef,EVT-002019,USER-00218,click,2025-12-05T02:27:02.070168,SES-ca76480b,desktop,Safari,email,PROD-00003,Penfolds Grange,Red Wine,Wine,390.13,,276,0,0,
6eea64f8-1604-4387-a06a-654e0798b6c5,EVT-002020,USER-00107,search,2025-11-04T19:45:19.647668,SES-341b42b2,desktop,Firefox,organic,,,,,0.0,home office chair,0,0,0,
008aedb0-3aea-41ef-a1d6-70dfa57b03e6,EVT-002021,USER-00147,add_to_cart,2025-11-16T05:17:31.842100,SES-c43dac39,mobile,Chrome,email,PROD-01416,REI Flash 55 Pack,Outdoor Gear,Sports,517.67,,0,1,0,
d2190eff-862e-494e-8990-3667c0e11492,EVT-002022,USER-00048,wishlist,2025-11-20T11:24:46.368665,SES-a658363a,tablet,Safari,organic,PROD-01844,Samsung Galaxy Watch 6,Smartwatches,Electronics,790.52,,0,0,0,
e18939c2-f9a1-44fa-9490-70c77977bf4d,EVT-002023,USER-00154,search,2026-01-19T08:21:01.810255,SES-69320af4,tablet,Chrome,organic,,,,,0.0,red wine gift,0,0,0,
a93da8f5-74f2-49c0-847c-1d92bfdf6bb4,EVT-002024,USER-00144,view,2025-12-16T02:26:28.487357,SES-fd3a571d,tablet,Edge,direct,PROD-01196,Oral-B iO Series 9,Personal Care,Healthcare,285.71,,125,0,0,
f6f0f83b-9692-4447-861f-17e51fcb2c53,EVT-002025,USER-00001,view,2025-12-09T22:33:56.863344,SES-054fdb15,desktop,Safari,direct,PROD-00512,Dom Pérignon Rosé 2009,Champagne,Wine,415.51,,398,0,0,
17107749-3ed1-4035-9f55-369ac916a0a4,EVT-002026,USER-00023,search,2026-01-04T20:16:13.973194,SES-8347eb54,desktop,Chrome,social,,,,,0.0,gaming laptop,0,0,0,
0061c22f-49f1-433c-9abe-b58d46c17735,EVT-002027,USER-00155,search,2025-12-19T19:09:13.107116,SES-d3d0f30c,mobile,Firefox,social,,,,,0.0,wireless headphones,0,0,0,
0d8bd47f-3400-474c-89b7-20398b1af6c0,EVT-002028,USER-00218,click,2026-01-16T20:49:24.009742,SES-13f58ebc,desktop,Safari,email,PROD-00003,Penfolds Grange,Red Wine,Wine,390.13,,276,0,0,
49393240-158a-4caf-a5bb-c32f7799a844,EVT-002029,USER-00107,search,2025-12-15T10:55:26.970980,SES-bb044d13,desktop,Firefox,organic,,,,,0.0,home office chair,0,0,0,
c66be53c-e6d0-4d98-9b3b-9a8d5af9376e,EVT-002030,USER-00147,add_to_cart,2025-11-02T12:07:07.163241,SES-3fb427e0,mobile,Chrome,email,PROD-01416,REI Flash 55 Pack,Outdoor Gear,Sports,517.67,,0,1,0,
fff23094-e2e6-4dce-8c69-d202bcfe3311,EVT-002031,USER-00048,wishlist,2025-12-27T16:19:22.282174,SES-cf80c79f,tablet,Safari,organic,PROD-01844,Samsung Galaxy Watch 6,Smartwatches,Electronics,790.52,,0,0,0,
81f4c00b-c48c-45cd-a8f9-c9fc0c5e9d5a,EVT-002032,USER-00154,search,2025-12-27T20:48:17.194733,SES-e7d81555,tablet,Chrome,organic,,,,,0.0,red wine gift,0,0,0,
61edb0bb-6cc3-4882-90a4-8268fc177278,EVT-002033,USER-00144,view,2025-11-09T05:12:46.403786,SES-0b94120a,tablet,Edge,direct,PROD-01196,Oral-B iO Series 9,Personal Care,Healthcare,285.71,,125,0,0,
c09dd479-9969-4f2e-bbd2-2927b02719e8,EVT-002034,USER-00001,view,2026-01-02T13:38:54.925451,SES-333c6785,desktop,Safari,direct,PROD-00512,Dom Pérignon Rosé 2009,Champagne,Wine,415.51,,398,0,0,
1ba86f41-32d1-403f-a0a2-fbb29a12a520,EVT-002035,USER-00023,search,2025-11-17T02:14:28.864530,SES-0d149c1b,desktop,Chrome,social,,,,,0.0,gaming laptop,0,0,0,
fa24fb24-0440-4bbe-8ae3-4d2b2ddc37ce,EVT-002036,USER-00155,search,2026-01-01T20:04:04.552809,SES-64213d7d,mobile,Firefox,social,,,,,0.0,wireless headphones,0,0,0,
5c3fa5e3-0780-49ee-88d3-cc798495da8f,EVT-002037,USER-00218,click,2025-11-29T17:47:49.548729,SES-915d3618,desktop,Safari,email,PROD-00003,Penfolds Grange,Red Wine,Wine,390.13,,276,0,0,
a71ccb7d-4c5d-44a4-bd45-2db40bb704b4,EVT-002038,USER-00107,search,2026-01-04T08:16:57.893472,SES-3c52eb0b,desktop,Firefox,organic,,,,,0.0,home office chair,0,0,0,
faadd51b-052d-4000-bb8a-8b2cb5711889,EVT-002039,USER-00147,add_to_cart,2025-10-23T15:42:36.380728,SES-4a2ce308,mobile,Chrome,email,PROD-01416,REI Flash 55 Pack,Outdoor Gear,Sports,517.67,,0,1,0,
97598d56-3ad3-4063-ae31-0cee6261b48f,EVT-002040,USER-00048,wishlist,2025-11-15T03:52:10.749961,SES-e807502e,tablet,Safari,organic,PROD-01844,Samsung Galaxy Watch 6,Smartwatches,Electronics,790.52,,0,0,0,
a7c6d858-dbb6-45ee-8c3a-a8f262701b35,EVT-002041,USER-00154,search,2025-11-04T15:18:16.454670,SES-87f58c14,tablet,Chrome,organic,,,,,0.0,red wine gift,0,0,0,
29bb9c04-1cb2-4597-8ffb-dae95aae5fbb,EVT-002042,USER-00144,view,2025-10-24T22:44:55.008292,SES-3c25c953,tablet,Edge,direct,PROD-01196,Oral-B iO Series 9,Personal Care,Healthcare,285.71,,125,0,0,
f2ae9ed1-d38e-431d-81e0-0556cda6dfcb,EVT-002043,USER-00001,view,2025-12-20T07:40:02.496897,SES-bd565f2d,desktop,Safari,direct,PROD-00512,Dom Pérignon Rosé 2009,Champagne,Wine,415.51,,398,0,0,
2de597cb-ee0f-44eb-b6cd-63eab6d9526e,EVT-002044,USER-00023,search,2025-12-30T06:51:46.341997,SES-1b2a2617,desktop,Chrome,social,,,,,0.0,gaming laptop,0,0,0,
a9a93aac-a1ec-4e90-81e4-9fa64f32c215,EVT-002045,USER-00155,search,2025-10-29T18:08:55.410698,SES-aba185d2,mobile,Firefox,social,,,,,0.0,wireless headphones,0,0,0,
eb5dbdb6-2822-4664-b152-11abfe3792bf,EVT-002046,USER-00218,click,2025-12-03T12:24:18.403009,SES-b1cf21c7,desktop,Safari,email,PROD-00003,Penfolds Grange,Red Wine,Wine,390.13,,276,0,0,
6f22e933-ed26-4702-9aac-a2e58c27a215,EVT-002047,USER-00107,search,2026-01-12T13:19:05.308244,SES-3636d5c0,desktop,Firefox,organic,,,,,0.0,home office chair,0,0,0,
630086ba-2d87-4fae-aa9e-3c7a7fd08e95,EVT-002048,USER-00147,add_to_cart,2025-11-04T22:59:01.242838,SES-075d2f69,mobile,Chrome,email,PROD-01416,REI Flash 55 Pack,Outdoor Gear,Sports,517.67,,0,1,0,
b7793fd6-8d68-4e23-86f4-66efdba4e9f1,EVT-002049,USER-00048,wishlist,2025-12-18T00:03:28.632156,SES-3a95df69,tablet,Safari,organic,PROD-01844,Samsung Galaxy Watch 6,Smartwatches,Electronics,790.52,,0,0,0,
f7fc54f2-7d60-4414-82a6-0dde7549984e,EVT-002050,USER-00154,search,2025-12-11T15:30:24.681807,SES-221fe68b,tablet,Chrome,organic,,,,,0.0,red wine gift,0,0,0,
f52e6419-ec10-4122-a91c-c191d421ed02,EVT-002051,USER-00144,view,2025-12-15T02:50:28.227516,SES-af436ac0,tablet,Edge,direct,PROD-01196,Oral-B iO Series 9,Personal Care,Healthcare,285.71,,125,0,0,
e4640162-4d00-4deb-8a1d-7cdd3247d9c3,EVT-002052,USER-00001,view,2025-12-29T22:24:46.145921,SES-e1c22cda,desktop,Safari,direct,PROD-00512,Dom Pérignon Rosé 2009,Champagne,Wine,415.51,,398,0,0,
c4451edb-657d-427b-a737-85c7a5b18fed,EVT-002053,USER-00023,search,2025-11-01T08:51:53.125449,SES-b20587d1,desktop,Chrome,social,,,,,0.0,gaming laptop,0,0,0,
5c82db38-9e81-40d6-a039-5d48650ad1d0,EVT-002054,USER-00155,search,2025-11-16T07:00:29.788029,SES-11e51939,mobile,Firefox,social,,,,,0.0,wireless headphones,0,0,0,
5df003ee-0e41-4ca2-97fc-b04c6e3641ef,EVT-002055,USER-00218,click,2025-11-16T12:11:11.921806,SES-d1d5cd1e,desktop,Safari,email,PROD-00003,Penfolds Grange,Red Wine,Wine,390.13,,276,0,0,
7ea224d6-5938-4417-8501-e09aa5f377db,EVT-002056,USER-00107,search,2025-12-25T05:44:12.384769,SES-84506bd5,desktop,Firefox,organic,,,,,0.0,home office chair,0,0,0,
b9677e4e-084e-416c-840b-d5203193130c,EVT-002057,USER-00147,add_to_cart,2025-12-02T11:20:10.173667,SES-617f2361,mobile,Chrome,email,PROD-01416,REI Flash 55 Pack,Outdoor Gear,Sports,517.67,,0,1,0,
750e47fb-a3ad-4268-98f0-e3914d530d04,EVT-002058,USER-00048,wishlist,2025-11-06T08:00:07.898896,SES-7e4e7560,tablet,Safari,organic,PROD-01844,Samsung Galaxy Watch 6,Smartwatches,Electronics,790.52,,0,0,0,
f1ac6b9a-d215-4db0-a692-b59368e6a8e3,EVT-002059,USER-00154,search,2025-11-03T05:46:22.470059,SES-4cce6683,tablet,Chrome,organic,,,,,0.0,red wine gift,0,0,0,
db2fa371-eb22-43d6-80c9-7dec811aeb07,EVT-002060,USER-00144,view,2026-01-16T17:19:25.836042,SES-88f5b6f5,tablet,Edge,direct,PROD-01196,Oral-B iO Series 9,Personal Care,Healthcare,285.71,,125,0,0,
a84eeab1-966b-4e49-881a-7318ea3847c8,EVT-002061,USER-00001,view,2025-11-02T19:47:31.593159,SES-a80a631b,desktop,Safari,direct,PROD-00512,Dom Pérignon Rosé 2009,Champagne,Wine,415.51,,398,0,0,
273b8e96-9d3f-4d7a-bba3-6ece10536283,EVT-002062,USER-00023,search,2026-01-08T18:26:57.339708,SES-48d68214,desktop,Chrome,social,,,,,0.0,gaming laptop,0,0,0,
e6bac6dd-f111-4de4-9bd0-7745324c479c,EVT-002063,USER-00155,search,2025-12-11T09:41:53.151739,SES-833842e9,mobile,Firefox,social,,,,,0.0,wireless headphones,0,0,0,
a0df763b-90c7-452f-8fdc-50d25e5dc8ec,EVT-002064,USER-00218,click,2025-11-24T20:47:28.829437,SES-8b133a89,desktop,Safari,email,PROD-00003,Penfolds Grange,Red Wine,Wine,390.13,,276,0,0,
e0ec8115-0439-496a-b5e0-c5951822a0f9,EVT-002065,USER-00107,search,2025-11-20T01:06:58.655010,SES-61be9bf0,desktop,Firefox,organic,,,,,0.0,home office chair,0,0,0,
1e6578d4-903d-489a-a7d2-d28ac4e9a77f,EVT-002066,USER-00147,add_to_cart,2025-12-26T12:25:06.695601,SES-8c1cf1d5,mobile,Chrome,email,PROD-01416,REI Flash 55 Pack,Outdoor Gear,Sports,517.67,,0,1,0,
14850af3-6863-4355-8501-f44900f6e3f1,EVT-002067,USER-00048,wishlist,2025-12-11T04:24:37.477466,SES-9022da8a,tablet,Safari,organic,PROD-01844,Samsung Galaxy Watch 6,Smartwatches,Electronics,790.52,,0,0,0,
5152d94d-e5fa-46d4-a34c-c4a253ea483c,EVT-002068,USER-00154,search,2025-12-18T06:32:20.274472,SES-56df26bb,tablet,Chrome,organic,,,,,0.0,red wine gift,0,0,0,
f0fb2296-069d-4bb2-8edb-d87735bc1ba3,EVT-002069,USER-00144,view,2025-12-19T20:12:17.997284,SES-045c45bb,tablet,Edge,direct,PROD-01196,Oral-B iO Series 9,Personal Care,Healthcare,285.71,,125,0,0,
303009b0-5f22-4302-92e0-be80826795f6,EVT-002070,USER-00001,view,2025-11-27T06:29:50.140464,SES-71957b95,desktop,Safari,direct,PROD-00512,Dom Pérignon Rosé 2009,Champagne,Wine,415.51,,398,0,0,
1f101a0c-7462-470d-9910-7ad774287ff3,EVT-002071,USER-00023,search,2025-11-21T01:36:51.979302,SES-54fd6edf,desktop,Chrome,social,,,,,0.0,gaming laptop,0,0,0,
6fe275be-2aec-4feb-a044-8815e077cb64,EVT-002072,USER-00155,search,2026-01-05T22:03:15.154206,SES-35ea5cd5,mobile,Firefox,social,,,,,0.0,wireless headphones,0,0,0,
41e06fb8-6ee0-4b54-94e1-2d3dd137f860,EVT-002073,USER-00218,click,2025-10-25T18:43:45.304331,SES-4b8f958a,desktop,Safari,email,PROD-00003,Penfolds Grange,Red Wine,Wine,390.13,,276,0,0,
432d40a7-a1ce-47b0-87d3-bc79fec0f288,EVT-002074,USER-00107,search,2025-11-17T03:13:08.753269,SES-ec61b8ed,desktop,Firefox,organic,,,,,0.0,home office chair,0,0,0,
9ec358bf-50c4-4657-bc34-ddc6efdd87c3,EVT-002075,USER-00147,add_to_cart,2025-12-12T13:52:05.928660,SES-21ec6257,mobile,Chrome,email,PROD-01416,REI Flash 55 Pack,Outdoor Gear,Sports,517.67,,0,1,0,
d108e2a0-83ba-42ec-9653-319c12c60c92,EVT-002076,USER-00048,wishlist,2025-12-12T20:09:35.391299,SES-d542f035,tablet,Safari,organic,PROD-01844,Samsung Galaxy Watch 6,Smartwatches,Electronics,790.52,,0,0,0,
5012cb1f-b279-4fab-aa78-25fc549851e0,EVT-002077,USER-00154,search,2026-01-10T03:58:35.751887,SES-9f2046c3,tablet,Chrome,organic,,,,,0.0,red wine gift,0,0,0,
c0a7205b-c6de-416e-8b5b-c5bb5f399476,EVT-002078,USER-00144,view,2025-10-27T16:47:30.012372,SES-9c7eee0d,tablet,Edge,direct,PROD-01196,Oral-B iO Series 9,Personal Care,Healthcare,285.71,,125,0,0,
055fcbfc-c054-4b65-ac5a-af8c38660182,EVT-002079,USER-00001,view,2025-12-26T05:26:22.313174,SES-f54dd63a,desktop,Safari,direct,PROD-00512,Dom Pérignon Rosé 2009,Champagne,Wine,415.51,,398,0,0,
7a12a48f-5ec2-46f9-a8d1-38a1a39e04f7,EVT-002080,USER-00023,search,2025-11-03T12:58:04.900891,SES-bcbc078d,desktop,Chrome,social,,,,,0.0,gaming laptop,0,0,0,
0d47fb24-23ad-43e2-996a-c4774a2b01e2,EVT-002081,USER-00155,search,2025-10-28T10:06:43.568913,SES-cd7e864a,mobile,Firefox,social,,,,,0.0,wireless headphones,0,0,0,
a48381f4-6a81-4612-9021-df5115ffb066,EVT-002082,USER-00218,click,2025-10-28T18:47:17.825836,SES-f2bdb2e1,desktop,Safari,email,PROD-00003,Penfolds Grange,Red Wine,Wine,390.13,,276,0,0,
9e618036-d399-4968-bda6-3962da6e1e42,EVT-002083,USER-00107,search,2025-11-05T07:31:36.744658,SES-b1490e83,desktop,Firefox,organic,,,,,0.0,home office chair,0,0,0,
b6e08f64-a77b-4092-8353-c9bdfa632b04,EVT-002084,USER-00147,add_to_cart,2025-12-08T17:20:30.817499,SES-14648c65,mobile,Chrome,email,PROD-01416,REI Flash 55 Pack,Outdoor Gear,Sports,517.67,,0,1,0,
f9404023-7072-4ab7-b0dd-942eb411fe95,EVT-002085,USER-00048,wishlist,2026-01-15T06:48:03.803397,SES-3d0c38df,tablet,Safari,organic,PROD-01844,Samsung Galaxy Watch 6,Smartwatches,Electronics,790.52,,0,0,0,
1356ae8b-2103-4a07-9895-f6ce44f4346d,EVT-002086,USER-00154,search,2025-11-12T19:45:54.733366,SES-925ebf56,tablet,Chrome,organic,,,,,0.0,red wine gift,0,0,0,
f104a9dc-3072-4bca-8231-683713ac0718,EVT-002087,USER-00144,view,2025-12-29T14:12:01.785119,SES-819655d8,tablet,Edge,direct,PROD-01196,Oral-B iO Series 9,Personal Care,Healthcare,285.71,,125,0,0,
d5688c41-79c6-46f8-8a51-6eef5d148d5b,EVT-002088,USER-00001,view,2026-01-18T04:20:44.920832,SES-63909093,desktop,Safari,direct,PROD-00512,Dom Pérignon Rosé 2009,Champagne,Wine,415.51,,398,0,0,
9c862e9f-939f-49d6-bbd0-d5b07de5d184,EVT-002089,USER-00023,search,2025-11-22T02:33:25.991311,SES-5be15dc1,desktop,Chrome,social,,,,,0.0,gaming laptop,0,0,0,
8a317ed5-a910-4d61-98ab-f35bb065c2d9,EVT-002090,USER-00155,search,2025-11-28T19:26:31.548143,SES-f0a6d77e,mobile,Firefox,social,,,,,0.0,wireless headphones,0,0,0,
23d6a7de-901c-4d2b-937a-6202564edf03,EVT-002091,USER-00218,click,2025-12-29T05:58:23.988066,SES-9a9a603c,desktop,Safari,email,PROD-00003,Penfolds Grange,Red Wine,Wine,390.13,,276,0,0,
3c992742-fb47-4654-8214-cd4359ceae20,EVT-002092,USER-00107,search,2025-12-05T23:50:24.535130,SES-9780d5da,desktop,Firefox,organic,,,,,0.0,home office chair,0,0,0,
c630c25b-14f6-4b53-ae82-85857ea91f23,EVT-002093,USER-00147,add_to_cart,2025-12-10T17:34:35.098505,SES-f7a80786,mobile,Chrome,email,PROD-01416,REI Flash 55 Pack,Outdoor Gear,Sports,517.67,,0,1,0,
2779520a-4519-4fdd-9fe5-7eedf9fb5df5,EVT-002094,USER-00048,wishlist,2025-12-08T21:26:35.575244,SES-734137bd,tablet,Safari,organic,PROD-01844,Samsung Galaxy Watch 6,Smartwatches,Electronics,790.52,,0,0,0,
d047f6de-c142-4735-ac87-4a6304af1f29,EVT-002095,USER-00154,search,2025-12-19T10:27:51.274223,SES-b33f3bfb,tablet,Chrome,organic,,,,,0.0,red wine gift,0,0,0,
b398fc43-5848-46cb-9128-d740431af642,EVT-002096,USER-00144,view,2025-11-27T07:28:28.548413,SES-ecdd7b80,tablet,Edge,direct,PROD-01196,Oral-B iO Series 9,Personal Care,Healthcare,285.71,,125,0,0,
cb879aa8-44e5-47e3-a3d9-ca42cc100f29,EVT-002097,USER-00001,view,2025-11-05T14:54:04.653045,SES-ffb9c68c,desktop,Safari,direct,PROD-00512,Dom Pérignon Rosé 2009,Champagne,Wine,415.51,,398,0,0,
e98577a5-9d5c-4ab4-a514-b7df3520f56a,EVT-002098,USER-00023,search,2026-01-04T17:28:59.118003,SES-c780485b,desktop,Chrome,social,,,,,0.0,gaming laptop,0,0,0,
6acdaed9-89fd-4521-ae79-dcc054d1ef1f,EVT-002099,USER-00155,search,2026-01-03T23:09:44.643702,SES-b3329fe6,mobile,Firefox,social,,,,,0.0,wireless headphones,0,0,0,
780585ef-07f5-4406-8a6e-b2b8e11a75b7,EVT-002100,USER-00218,click,2025-12-02T00:53:30.582759,SES-e492e440,desktop,Safari,email,PROD-00003,Penfolds Grange,Red Wine,Wine,390.13,,276,0,0,
c7d19608-2d37-420d-97ab-2d42d5c897dd,EVT-002101,USER-00107,search,2025-11-02T01:04:26.372778,SES-e03a04d3,desktop,Firefox,organic,,,,,0.0,home office chair,0,0,0,
ffb03b7c-52fe-47a1-9dd1-ecc15cf47130,EVT-002102,USER-00147,add_to_cart,2026-01-12T16:48:44.940715,SES-5416db71,mobile,Chrome,email,PROD-01416,REI Flash 55 Pack,Outdoor Gear,Sports,517.67,,0,1,0,
5a1b000b-215f-49f8-9897-6f4244fc0d40,EVT-002103,USER-00048,wishlist,2025-11-15T03:21:57.479304,SES-831e897d,tablet,Safari,organic,PROD-01844,Samsung Galaxy Watch 6,Smartwatches,Electronics,790.52,,0,0,0,
77af813e-890e-47db-838d-738301340dc2,EVT-002104,USER-00154,search,2025-11-13T04:56:56.558025,SES-1de81650,tablet,Chrome,organic,,,,,0.0,red wine gift,0,0,0,
9ce2da71-fbae-4260-b1d7-34889a39952d,EVT-002105,USER-00144,view,2025-12-19T16:48:51.716192,SES-6908767f,tablet,Edge,direct,PROD-01196,Oral-B iO Series 9,Personal Care,Healthcare,285.71,,125,0,0,
b23bc975-895e-427a-9b30-543ecd72e899,EVT-002106,USER-00001,view,2025-12-11T20:44:04.279943,SES-176a919c,desktop,Safari,direct,PROD-00512,Dom Pérignon Rosé 2009,Champagne,Wine,415.51,,398,0,0,
fe8603ee-2175-48b3-bff9-dd6b712bd352,EVT-002107,USER-00023,search,2025-10-27T09:29:57.597332,SES-0cd32816,desktop,Chrome,social,,,,,0.0,gaming laptop,0,0,0,
f627cdf9-c6cb-4f5e-9ad2-f176317a0af7,EVT-002108,USER-00155,search,2026-01-06T12:47:06.375269,SES-b8379991,mobile,Firefox,social,,,,,0.0,wireless headphones,0,0,0,
32a53294-7a63-4b63-8814-7215f5908143,EVT-002109,USER-00218,click,2025-11-11T23:15:31.503815,SES-e703c19e,desktop,Safari,email,PROD-00003,Penfolds Grange,Red Wine,Wine,390.13,,276,0,0,
4825b416-9f26-4c54-ac1d-dda9e55fa34d,EVT-002110,USER-00107,search,2025-10-26T11:42:31.214339,SES-5dfcb8dc,desktop,Firefox,organic,,,,,0.0,home office chair,0,0,0,
caeb54e0-8a05-4f83-b636-7fd6a1d8aa15,EVT-002111,USER-00147,add_to_cart,2025-11-11T09:10:40.029139,SES-ba6d2f49,mobile,Chrome,email,PROD-01416,REI Flash 55 Pack,Outdoor Gear,Sports,517.67,,0,1,0,
5c13be92-0257-41da-b6ea-da94a471e013,EVT-002112,USER-00048,wishlist,2025-11-12T14:41:37.095751,SES-a2e516e2,tablet,Safari,organic,PROD-01844,Samsung Galaxy Watch 6,Smartwatches,Electronics,790.52,,0,0,0,
aec3eae8-ed99-42da-95f3-6bd5ffb8edf0,EVT-002113,USER-00154,search,2025-11-05T09:49:05.681090,SES-13a7c012,tablet,Chrome,organic,,,,,0.0,red wine gift,0,0,0,
4907fc5e-ec45-4c7e-995c-2e342a514258,EVT-002114,USER-00144,view,2026-01-09T00:22:45.886476,SES-9616623e,tablet,Edge,direct,PROD-01196,Oral-B iO Series 9,Personal Care,Healthcare,285.71,,125,0,0,
7068b3ed-dd8c-4f0c-ba4d-a51d40ff34f8,EVT-002115,USER-00001,view,2025-12-06T17:23:49.208728,SES-a4e227fc,desktop,Safari,direct,PROD-00512,Dom Pérignon Rosé 2009,Champagne,Wine,415.51,,398,0,0,
24ce78df-c4f7-4cb2-bdcf-06362083b85c,EVT-002116,USER-00023,search,2025-11-20T17:42:30.177342,SES-02bc7968,desktop,Chrome,social,,,,,0.0,gaming laptop,0,0,0,
575f135c-46b7-4b72-b28d-ff1a496adeda,EVT-002117,USER-00155,search,2025-12-29T17:00:57.886028,SES-c89798bc,mobile,Firefox,social,,,,,0.0,wireless headphones,0,0,0,
1d1ebd70-b7dc-4dde-82f5-77753f8474da,EVT-002118,USER-00218,click,2025-12-21T23:54:14.109630,SES-1545286c,desktop,Safari,email,PROD-00003,Penfolds Grange,Red Wine,Wine,390.13,,276,0,0,
e68dfd6c-eab9-4498-b798-2051e401d694,EVT-002119,USER-00107,search,2025-10-24T09:43:41.566831,SES-28165a26,desktop,Firefox,organic,,,,,0.0,home office chair,0,0,0,
f9980c7b-0797-44d1-ae61-57dcb2e85c68,EVT-002120,USER-00147,add_to_cart,2025-12-30T13:41:42.188882,SES-aa076b8f,mobile,Chrome,email,PROD-01416,REI Flash 55 Pack,Outdoor Gear,Sports,517.67,,0,1,0,
12abb45e-0fea-4f35-86b2-e2dc2f4addc0,EVT-002121,USER-00048,wishlist,2025-12-05T23:20:48.204272,SES-bc2e1f46,tablet,Safari,organic,PROD-01844,Samsung Galaxy Watch 6,Smartwatches,Electronics,790.52,,0,0,0,
f253f1f3-867a-4f1a-ac79-6b0e52a531e1,EVT-002122,USER-00154,search,2025-12-21T22:33:45.765643,SES-44bb97e1,tablet,Chrome,organic,,,,,0.0,red wine gift,0,0,0,
55858e23-cdbb-4f7c-949b-f18682b4d180,EVT-002123,USER-00144,view,2025-12-24T09:55:31.017610,SES-26c647a0,tablet,Edge,direct,PROD-01196,Oral-B iO Series 9,Personal Care,Healthcare,285.71,,125,0,0,
fb087705-1b74-4003-bfcb-d2cf9998d632,EVT-002124,USER-00001,view,2025-12-11T04:12:10.688565,SES-3908c597,desktop,Safari,direct,PROD-00512,Dom Pérignon Rosé 2009,Champagne,Wine,415.51,,398,0,0,
cc39123a-6f7d-4b5b-965f-7cb6264fefc0,EVT-002125,USER-00023,search,2025-10-26T06:49:00.040800,SES-06117c36,desktop,Chrome,social,,,,,0.0,gaming laptop,0,0,0,
38f8fc5d-7052-4b61-9890-201e88f09b1c,EVT-002126,USER-00155,search,2025-12-14T17:49:12.512790,SES-b5eb28fb,mobile,Firefox,social,,,,,0.0,wireless headphones,0,0,0,
6768712b-c8ad-43ad-a37a-2d859380b3bf,EVT-002127,USER-00218,click,2025-11-10T11:13:22.474267,SES-b9dea21c,desktop,Safari,email,PROD-00003,Penfolds Grange,Red Wine,Wine,390.13,,276,0,0,
e54d84c9-fa7c-446e-8d0a-246f97bccd9b,EVT-002128,USER-00107,search,2025-12-14T02:51:08.906279,SES-77042389,desktop,Firefox,organic,,,,,0.0,home office chair,0,0,0,
13bc7083-0e09-4fe5-ab1c-cffdc33dd98b,EVT-002129,USER-00147,add_to_cart,2025-10-23T07:35:05.857982,SES-6aa4c932,mobile,Chrome,email,PROD-01416,REI Flash 55 Pack,Outdoor Gear,Sports,517.67,,0,1,0,
9db8e02f-7b91-46cf-a30f-4fd824818c7a,EVT-002130,USER-00048,wishlist,2025-12-24T20:04:34.066174,SES-79cd13a4,tablet,Safari,organic,PROD-01844,Samsung Galaxy Watch 6,Smartwatches,Electronics,790.52,,0,0,0,
b2e43e4c-71a7-42f1-baf3-45e5e8806da9,EVT-002131,USER-00154,search,2025-12-14T00:21:20.086874,SES-092eb4b0,tablet,Chrome,organic,,,,,0.0,red wine gift,0,0,0,
fc5eddb4-eae4-4e33-998e-6bed94ac8335,EVT-002132,USER-00144,view,2025-11-24T19:16:16.358981,SES-aaca679b,tablet,Edge,direct,PROD-01196,Oral-B iO Series 9,Personal Care,Healthcare,285.71,,125,0,0,
ecdf9594-a1a8-402d-86fa-1177b138a441,EVT-002133,USER-00001,view,2026-01-11T13:03:59.073446,SES-9acb4c1b,desktop,Safari,direct,PROD-00512,Dom Pérignon Rosé 2009,Champagne,Wine,415.51,,398,0,0,
8e38780a-e9d6-4ec9-8973-66ac9b6e8ff6,EVT-002134,USER-00023,search,2025-11-06T10:45:46.296304,SES-27bc5bb8,desktop,Chrome,social,,,,,0.0,gaming laptop,0,0,0,
24e4e2cf-3cbc-48b4-8802-e28ab2c1c9c5,EVT-002135,USER-00155,search,2025-11-10T19:44:13.301729,SES-5cfdb812,mobile,Firefox,social,,,,,0.0,wireless headphones,0,0,0,
fea03f3d-0eb3-4c14-bf81-7012d269c135,EVT-002136,USER-00218,click,2025-12-09T22:23:33.348017,SES-3e121470,desktop,Safari,email,PROD-00003,Penfolds Grange,Red Wine,Wine,390.13,,276,0,0,
c00790f6-45f3-409b-945a-1a7e30191120,EVT-002137,USER-00107,search,2026-01-13T00:58:09.354082,SES-109c5067,desktop,Firefox,organic,,,,,0.0,home office chair,0,0,0,
f981c360-913e-4b26-9eec-3ca40a4a7947,EVT-002138,USER-00147,add_to_cart,2025-12-28T15:43:27.274817,SES-7b92a2df,mobile,Chrome,email,PROD-01416,REI Flash 55 Pack,Outdoor Gear,Sports,517.67,,0,1,0,
01c9339b-1d39-46ef-8dde-aa683c21b061,EVT-002139,USER-00048,wishlist,2025-11-16T23:59:48.745214,SES-3941eb71,tablet,Safari,organic,PROD-01844,Samsung Galaxy Watch 6,Smartwatches,Electronics,790.52,,0,0,0,
a58f7980-9dd2-4e8c-a700-b9e2250d1bb5,EVT-002140,USER-00154,search,2025-12-11T17:39:47.906363,SES-b71f507d,tablet,Chrome,organic,,,,,0.0,red wine gift,0,0,0,
8d294b86-6cd8-4d9b-acf1-e151fee53235,EVT-002141,USER-00144,view,2025-12-07T15:38:08.954697,SES-946bec36,tablet,Edge,direct,PROD-01196,Oral-B iO Series 9,Personal Care,Healthcare,285.71,,125,0,0,
64be447d-f502-4000-a805-6c8604d1054a,EVT-002142,USER-00001,view,2025-11-06T01:26:26.189870,SES-9d601022,desktop,Safari,direct,PROD-00512,Dom Pérignon Rosé 2009,Champagne,Wine,415.51,,398,0,0,
d7ebb0fd-3fde-4721-a818-69462836da50,EVT-002143,USER-00023,search,2025-11-09T19:33:41.089296,SES-ef392542,desktop,Chrome,social,,,,,0.0,gaming laptop,0,0,0,
431fce7f-a27e-46ca-ad55-108819413d02,EVT-002144,USER-00155,search,2025-12-16T08:35:30.554231,SES-3033453c,mobile,Firefox,social,,,,,0.0,wireless headphones,0,0,0,
6e46e8b4-54df-46bb-8882-cbad388a5382,EVT-002145,USER-00218,click,2025-11-21T18:37:30.121457,SES-bb05acf3,desktop,Safari,email,PROD-00003,Penfolds Grange,Red Wine,Wine,390.13,,276,0,0,
b81455c6-060c-4069-b78a-bf32f9c7620b,EVT-002146,USER-00107,search,2025-11-21T02:34:52.657674,SES-703ad4d4,desktop,Firefox,organic,,,,,0.0,home office chair,0,0,0,
486db8e0-7f39-48ca-8362-9b502c09dd03,EVT-002147,USER-00147,add_to_cart,2025-11-15T02:28:27.212988,SES-65dd94c8,mobile,Chrome,email,PROD-01416,REI Flash 55 Pack,Outdoor Gear,Sports,517.67,,0,1,0,
a0f27058-9c87-444e-9357-61cefb4aee18,EVT-002148,USER-00048,wishlist,2025-11-02T09:32:16.728458,SES-c7f30146,tablet,Safari,organic,PROD-01844,Samsung Galaxy Watch 6,Smartwatches,Electronics,790.52,,0,0,0,
a2730ae4-160e-4e99-b695-9e1b8c14ce27,EVT-002149,USER-00154,search,2025-11-17T08:33:37.334701,SES-4d390810,tablet,Chrome,organic,,,,,0.0,red wine gift,0,0,0,
4c8da47c-6347-424b-ac4d-0d34735321ad,EVT-002150,USER-00144,view,2025-10-25T06:22:53.710185,SES-e83a6267,tablet,Edge,direct,PROD-01196,Oral-B iO Series 9,Personal Care,Healthcare,285.71,,125,0,0,
069220df-a725-4c46-9bea-6616fcd520ec,EVT-002151,USER-00001,view,2025-12-15T23:24:37.459101,SES-d13009b1,desktop,Safari,direct,PROD-00512,Dom Pérignon Rosé 2009,Champagne,Wine,415.51,,398,0,0,
a7a3790b-99c8-4125-8c09-3c1b5d0a31bb,EVT-002152,USER-00023,search,2025-12-20T07:10:42.411498,SES-e76d472b,desktop,Chrome,social,,,,,0.0,gaming laptop,0,0,0,
a8a628a1-c92e-4904-add2-1ca6c8553c79,EVT-002153,USER-00155,search,2025-12-07T17:38:05.519545,SES-efa0ba32,mobile,Firefox,social,,,,,0.0,wireless headphones,0,0,0,
38f6c6e7-5bbd-4b79-8d92-a11dbec181f6,EVT-002154,USER-00218,click,2025-11-28T04:25:40.820592,SES-d3742227,desktop,Safari,email,PROD-00003,Penfolds Grange,Red Wine,Wine,390.13,,276,0,0,
1681be88-799b-4e50-9b0b-93624546e6f0,EVT-002155,USER-00107,search,2025-11-08T07:22:22.922316,SES-d66b7789,desktop,Firefox,organic,,,,,0.0,home office chair,0,0,0,
a967fabb-e9cb-49f7-bc8e-f07ebb794644,EVT-002156,USER-00147,add_to_cart,2025-10-26T10:07:17.845899,SES-602437f3,mobile,Chrome,email,PROD-01416,REI Flash 55 Pack,Outdoor Gear,Sports,517.67,,0,1,0,
f0eb9481-d248-4573-905e-d19513b1c753,EVT-002157,USER-00048,wishlist,2026-01-03T02:08:57.106130,SES-c6a73353,tablet,Safari,organic,PROD-01844,Samsung Galaxy Watch 6,Smartwatches,Electronics,790.52,,0,0,0,
d0509887-bd24-4ea9-bc90-c1a5f3694076,EVT-002158,USER-00154,search,2025-12-28T12:36:46.059645,SES-7527aab0,tablet,Chrome,organic,,,,,0.0,red wine gift,0,0,0,
f584192a-e7bb-4f28-ab4a-5b60893460e1,EVT-002159,USER-00144,view,2026-01-09T08:28:55.074380,SES-a48cdf9e,tablet,Edge,direct,PROD-01196,Oral-B iO Series 9,Personal Care,Healthcare,285.71,,125,0,0,
e301304a-084c-4e3f-8021-91409ea74a4f,EVT-002160,USER-00001,view,2025-11-09T16:26:38.130579,SES-4c29d85c,desktop,Safari,direct,PROD-00512,Dom Pérignon Rosé 2009,Champagne,Wine,415.51,,398,0,0,
ba2f93f8-5560-4e42-b711-0b68c6d6b873,EVT-002161,USER-00023,search,2025-12-12T23:46:58.441160,SES-c9c822eb,desktop,Chrome,social,,,,,0.0,gaming laptop,0,0,0,
485e925a-8334-4b3d-b810-4b605ebba53f,EVT-002162,USER-00155,search,2025-12-28T22:14:44.140162,SES-70e075df,mobile,Firefox,social,,,,,0.0,wireless headphones,0,0,0,
9cd22e8b-7347-457b-a80b-cf7a3ed43c1d,EVT-002163,USER-00218,click,2026-01-05T15:15:50.333992,SES-4fd1f8ea,desktop,Safari,email,PROD-00003,Penfolds Grange,Red Wine,Wine,390.13,,276,0,0,
37bb64b8-4686-4189-83d9-4f8173705db2,EVT-002164,USER-00107,search,2025-12-22T08:25:17.445169,SES-261f93cc,desktop,Firefox,organic,,,,,0.0,home office chair,0,0,0,
df90d8f5-48d1-493e-866c-36d187e92ec7,EVT-002165,USER-00147,add_to_cart,2026-01-10T11:18:16.147017,SES-6065889a,mobile,Chrome,email,PROD-01416,REI Flash 55 Pack,Outdoor Gear,Sports,517.67,,0,1,0,
7b41f24d-ee2a-44db-9b52-aefaee481bb4,EVT-002166,USER-00048,wishlist,2026-01-04T06:42:50.635790,SES-caba16fc,tablet,Safari,organic,PROD-01844,Samsung Galaxy Watch 6,Smartwatches,Electronics,790.52,,0,0,0,
c8f1e760-da28-4421-bbc7-ebf453015840,EVT-002167,USER-00154,search,2025-11-24T03:45:45.388211,SES-7c3454df,tablet,Chrome,organic,,,,,0.0,red wine gift,0,0,0,
fd64beae-1243-4702-975b-a6b22918b9f2,EVT-002168,USER-00144,view,2025-10-27T13:34:11.104135,SES-c17df485,tablet,Edge,direct,PROD-01196,Oral-B iO Series 9,Personal Care,Healthcare,285.71,,125,0,0,
48181bb9-683b-43a8-99af-09f99694438a,EVT-002169,USER-00001,view,2025-12-18T00:32:59.718137,SES-a4160b5d,desktop,Safari,direct,PROD-00512,Dom Pérignon Rosé 2009,Champagne,Wine,415.51,,398,0,0,
03ae9ddd-85aa-43f3-92e7-a81c20c9f784,EVT-002170,USER-00023,search,2025-12-12T16:31:28.110250,SES-1443a76c,desktop,Chrome,social,,,,,0.0,gaming laptop,0,0,0,
60c639d0-7c15-4902-98c8-abaed6228df8,EVT-002171,USER-00155,search,2026-01-10T06:23:51.214486,SES-f6c8fff8,mobile,Firefox,social,,,,,0.0,wireless headphones,0,0,0,
5bde9cb9-b866-4548-b670-6f536d92f233,EVT-002172,USER-00218,click,2025-11-14T09:10:27.120576,SES-7c093eb6,desktop,Safari,email,PROD-00003,Penfolds Grange,Red Wine,Wine,390.13,,276,0,0,
f639b5e6-a92a-4bfb-9e3f-7e2d2e212ea4,EVT-002173,USER-00107,search,2025-12-07T16:06:37.805415,SES-12546259,desktop,Firefox,organic,,,,,0.0,home office chair,0,0,0,
65d38955-5439-4bc7-b76c-c5ed87872466,EVT-002174,USER-00147,add_to_cart,2025-11-19T13:31:23.572593,SES-55c6d775,mobile,Chrome,email,PROD-01416,REI Flash 55 Pack,Outdoor Gear,Sports,517.67,,0,1,0,
7cdc88e1-3374-4a06-a06e-e96050be52b0,EVT-002175,USER-00048,wishlist,2025-11-11T03:36:38.563205,SES-0c51365e,tablet,Safari,organic,PROD-01844,Samsung Galaxy Watch 6,Smartwatches,Electronics,790.52,,0,0,0,
924f5f92-7996-4565-b3d7-f1675e65c304,EVT-002176,USER-00154,search,2025-11-07T22:55:16.286975,SES-452536c9,tablet,Chrome,organic,,,,,0.0,red wine gift,0,0,0,
59b1fe09-b794-426d-9af3-9bc10e88690f,EVT-002177,USER-00144,view,2025-11-21T17:25:44.339752,SES-5e6bba9f,tablet,Edge,direct,PROD-01196,Oral-B iO Series 9,Personal Care,Healthcare,285.71,,125,0,0,
9cd861f4-2717-4daa-8417-fdd87cd650d8,EVT-002178,USER-00001,view,2025-12-06T15:15:21.941072,SES-64dbefc3,desktop,Safari,direct,PROD-00512,Dom Pérignon Rosé 2009,Champagne,Wine,415.51,,398,0,0,
644a6e3f-ec01-4f09-b461-ad4d0c53b797,EVT-002179,USER-00023,search,2025-12-26T11:12:38.794803,SES-d3fe1b3a,desktop,Chrome,social,,,,,0.0,gaming laptop,0,0,0,
f9350226-25b5-4bc7-b676-854b1263fa6e,EVT-002180,USER-00155,search,2025-12-26T11:16:10.082808,SES-324b0ddd,mobile,Firefox,social,,,,,0.0,wireless headphones,0,0,0,
f0d3b599-904e-4bad-99ab-22a4735d9abc,EVT-002181,USER-00218,click,2025-12-02T21:09:57.580486,SES-2f49eccc,desktop,Safari,email,PROD-00003,Penfolds Grange,Red Wine,Wine,390.13,,276,0,0,
5606a3df-ef83-4677-9cc2-0460717dd797,EVT-002182,USER-00107,search,2025-11-26T20:09:55.146488,SES-5950d378,desktop,Firefox,organic,,,,,0.0,home office chair,0,0,0,
69259516-24ad-4ca6-a338-0f8042dad4e1,EVT-002183,USER-00147,add_to_cart,2025-12-29T12:28:13.800357,SES-8a93f834,mobile,Chrome,email,PROD-01416,REI Flash 55 Pack,Outdoor Gear,Sports,517.67,,0,1,0,
ef742d8b-94fe-4120-8a81-ac5543e6db96,EVT-002184,USER-00048,wishlist,2026-01-13T13:06:17.162346,SES-7dc3b97a,tablet,Safari,organic,PROD-01844,Samsung Galaxy Watch 6,Smartwatches,Electronics,790.52,,0,0,0,
9702b7d7-919c-4906-b782-5eceb2dcf8dc,EVT-002185,USER-00154,search,2025-12-04T21:18:54.262118,SES-e6edff99,tablet,Chrome,organic,,,,,0.0,red wine gift,0,0,0,
1e49a504-0f0a-4bf0-87b9-b4d8acc2a497,EVT-002186,USER-00144,view,2025-12-15T09:05:42.152928,SES-f036bba0,tablet,Edge,direct,PROD-01196,Oral-B iO Series 9,Personal Care,Healthcare,285.71,,125,0,0,
8c0800f1-009a-490c-bc61-ab7ecb9cd378,EVT-002187,USER-00001,view,2026-01-02T05:20:33.693753,SES-e640c0c1,desktop,Safari,direct,PROD-00512,Dom Pérignon Rosé 2009,Champagne,Wine,415.51,,398,0,0,
3871abbc-1984-4fee-8bdb-ab74e45f022c,EVT-002188,USER-00023,search,2025-12-21T16:54:30.060538,SES-2eaa8830,desktop,Chrome,social,,,,,0.0,gaming laptop,0,0,0,
37e20872-b1f6-44aa-b7ea-46044e332d18,EVT-002189,USER-00155,search,2026-01-15T01:50:17.560731,SES-c7cc6906,mobile,Firefox,social,,,,,0.0,wireless headphones,0,0,0,
6f05ab64-8ec8-4aa0-af0b-a483efc301bf,EVT-002190,USER-00218,click,2025-10-29T15:54:42.997998,SES-cc8038cd,desktop,Safari,email,PROD-00003,Penfolds Grange,Red Wine,Wine,390.13,,276,0,0,
ce8cb62b-2bad-4b0e-a507-3cad5c38e495,EVT-002191,USER-00107,search,2025-11-01T07:49:15.122272,SES-6fa6f483,desktop,Firefox,organic,,,,,0.0,home office chair,0,0,0,
cffbff21-ca67-4aa7-8b30-efbb65c9fba0,EVT-002192,USER-00147,add_to_cart,2025-10-22T16:43:14.259467,SES-6ab8cf65,mobile,Chrome,email,PROD-01416,REI Flash 55 Pack,Outdoor Gear,Sports,517.67,,0,1,0,
00fb3894-2988-40e7-bb90-fa8f590992a9,EVT-002193,USER-00048,wishlist,2025-10-25T11:31:39.707875,SES-712af7f0,tablet,Safari,organic,PROD-01844,Samsung Galaxy Watch 6,Smartwatches,Electronics,790.52,,0,0,0,
80e56de6-1a19-4d2a-9464-82ed034664d4,EVT-002194,USER-00154,search,2025-10-27T04:11:47.038581,SES-d1cb5b35,tablet,Chrome,organic,,,,,0.0,red wine gift,0,0,0,
fcb745bf-5e19-4cdb-bea3-c6fa6fca7b25,EVT-002195,USER-00144,view,2025-10-23T16:21:12.804052,SES-59c524c1,tablet,Edge,direct,PROD-01196,Oral-B iO Series 9,Personal Care,Healthcare,285.71,,125,0,0,
267fcf4c-d5b5-4d78-9991-c29a9e57832f,EVT-002196,USER-00001,view,2025-11-16T08:28:31.756679,SES-2bb60d3a,desktop,Safari,direct,PROD-00512,Dom Pérignon Rosé 2009,Champagne,Wine,415.51,,398,0,0,
96aa4476-3fbe-44d6-ad27-253f874fd63b,EVT-002197,USER-00023,search,2025-10-22T16:09:22.711810,SES-0ec7b563,desktop,Chrome,social,,,,,0.0,gaming laptop,0,0,0,
3d1435c1-4fd0-455f-aca8-afb48bc740c5,EVT-002198,USER-00155,search,2025-12-01T17:28:00.331455,SES-b04da50e,mobile,Firefox,social,,,,,0.0,wireless headphones,0,0,0,
1b5ca273-8915-4952-8dcd-cbf4d4dd46c7,EVT-002199,USER-00218,click,2025-12-27T06:13:55.227992,SES-0dd10e98,desktop,Safari,email,PROD-00003,Penfolds Grange,Red Wine,Wine,390.13,,276,0,0,
ba64992c-3058-4498-8728-98fe4917322c,EVT-002200,USER-00107,search,2026-01-17T04:20:45.493891,SES-7bd53536,desktop,Firefox,organic,,,,,0.0,home office chair,0,0,0,
bcde4bd6-0da5-4d50-a4b1-9b4c4bb535c5,EVT-002201,USER-00147,add_to_cart,2025-10-31T10:09:30.241848,SES-707c9b95,mobile,Chrome,email,PROD-01416,REI Flash 55 Pack,Outdoor Gear,Sports,517.67,,0,1,0,
28d51983-7663-4278-8e1d-70f86cd0545b,EVT-002202,USER-00048,wishlist,2025-11-24T19:07:23.970675,SES-1184559f,tablet,Safari,organic,PROD-01844,Samsung Galaxy Watch 6,Smartwatches,Electronics,790.52,,0,0,0,
f66e92c0-a98e-4ee7-84f1-1a512f8a46d6,EVT-002203,USER-00154,search,2025-12-19T19:00:12.972597,SES-0f3983c0,tablet,Chrome,organic,,,,,0.0,red wine gift,0,0,0,
4b297e15-ef43-4aee-a2e1-89ab85a0d40c,EVT-002204,USER-00144,view,2026-01-18T01:21:59.981023,SES-de284416,tablet,Edge,direct,PROD-01196,Oral-B iO Series 9,Personal Care,Healthcare,285.71,,125,0,0,
b5e28f90-94b7-4ee2-bfaa-6097f5330c3c,EVT-002205,USER-00001,view,2025-12-28T10:31:27.275179,SES-1a0319f9,desktop,Safari,direct,PROD-00512,Dom Pérignon Rosé 2009,Champagne,Wine,415.51,,398,0,0,
496e3a20-b7e3-47b6-a1fb-f3be77d00d20,EVT-002206,USER-00023,search,2025-11-25T05:25:44.835603,SES-911dadc1,desktop,Chrome,social,,,,,0.0,gaming laptop,0,0,0,
b01e75d1-a5a8-4e0b-a19f-dbf8ce333bc3,EVT-002207,USER-00155,search,2025-11-16T20:53:23.221442,SES-ace98674,mobile,Firefox,social,,,,,0.0,wireless headphones,0,0,0,
4752a22a-e700-402d-aa86-504173620e00,EVT-002208,USER-00218,click,2025-12-20T11:58:04.563994,SES-3b43ce4a,desktop,Safari,email,PROD-00003,Penfolds Grange,Red Wine,Wine,390.13,,276,0,0,
f8390ab0-2a04-4c55-8174-4044ccfde0ce,EVT-002209,USER-00107,search,2025-11-18T10:40:15.153521,SES-1be61b99,desktop,Firefox,organic,,,,,0.0,home office chair,0,0,0,
80c3e4cd-0e4c-4e60-9d09-71a3b429ef09,EVT-002210,USER-00147,add_to_cart,2025-10-25T19:43:12.652797,SES-603a4884,mobile,Chrome,email,PROD-01416,REI Flash 55 Pack,Outdoor Gear,Sports,517.67,,0,1,0,
b0f01500-2ac5-423a-9be3-c04d4f322522,EVT-002211,USER-00048,wishlist,2025-11-02T11:30:03.996433,SES-73786d50,tablet,Safari,organic,PROD-01844,Samsung Galaxy Watch 6,Smartwatches,Electronics,790.52,,0,0,0,
5039897d-4b89-4100-b4e1-8053423307aa,EVT-002212,USER-00154,search,2025-11-04T10:30:21.934485,SES-6be35e2f,tablet,Chrome,organic,,,,,0.0,red wine gift,0,0,0,
e10a463b-f719-4ff2-8548-5815991cb502,EVT-002213,USER-00144,view,2025-12-02T19:05:58.399839,SES-4f3a9bb6,tablet,Edge,direct,PROD-01196,Oral-B iO Series 9,Personal Care,Healthcare,285.71,,125,0,0,
e013c4fe-2d6e-4bc3-bab8-d3d648edaa74,EVT-002214,USER-00001,view,2026-01-14T13:47:11.105253,SES-0937d1cf,desktop,Safari,direct,PROD-00512,Dom Pérignon Rosé 2009,Champagne,Wine,415.51,,398,0,0,
4d23aef0-4f87-4ad6-9bfc-7f42cd70f608,EVT-002215,USER-00023,search,2026-01-19T04:01:38.103903,SES-a79f26cd,desktop,Chrome,social,,,,,0.0,gaming laptop,0,0,0,
cc332948-9e72-4a7c-92f2-bad3d5c78894,EVT-002216,USER-00155,search,2026-01-12T23:35:54.713008,SES-9a885022,mobile,Firefox,social,,,,,0.0,wireless headphones,0,0,0,
7220f53b-87f0-4059-9880-117d9323921b,EVT-002217,USER-00218,click,2025-11-02T12:02:16.362093,SES-145bbd4f,desktop,Safari,email,PROD-00003,Penfolds Grange,Red Wine,Wine,390.13,,276,0,0,
48dcb0b9-d96a-44e4-8800-908d4fa6c4bb,EVT-002218,USER-00107,search,2025-12-18T23:25:44.288519,SES-a291cbef,desktop,Firefox,organic,,,,,0.0,home office chair,0,0,0,
38b920ab-7889-4e3f-a77d-8b2a6e4af3a4,EVT-002219,USER-00147,add_to_cart,2026-01-16T09:22:25.747361,SES-14b22595,mobile,Chrome,email,PROD-01416,REI Flash 55 Pack,Outdoor Gear,Sports,517.67,,0,1,0,
adef74ca-4e6a-42a6-b1ac-6f5dc10d2247,EVT-002220,USER-00048,wishlist,2026-01-02T00:30:10.399112,SES-daa815c1,tablet,Safari,organic,PROD-01844,Samsung Galaxy Watch 6,Smartwatches,Electronics,790.52,,0,0,0,
348af56a-794f-4032-97f2-60fe321901b0,EVT-002221,USER-00154,search,2026-01-09T21:33:48.451800,SES-d0bcb2c2,tablet,Chrome,organic,,,,,0.0,red wine gift,0,0,0,
0346e10d-4f92-43ca-b1e0-73c9753b96a7,EVT-002222,USER-00144,view,2026-01-14T13:20:56.736337,SES-56639e1e,tablet,Edge,direct,PROD-01196,Oral-B iO Series 9,Personal Care,Healthcare,285.71,,125,0,0,
35a3c050-32ed-4d0d-bd6b-a3f69c117eb8,EVT-002223,USER-00001,view,2025-11-07T09:13:53.106361,SES-4ee97650,desktop,Safari,direct,PROD-00512,Dom Pérignon Rosé 2009,Champagne,Wine,415.51,,398,0,0,
2b26d659-acaf-472e-b45e-fad7bd9bf231,EVT-002224,USER-00023,search,2025-11-01T19:19:23.701147,SES-8defabb9,desktop,Chrome,social,,,,,0.0,gaming laptop,0,0,0,
d180df87-165f-4c23-8c2b-d98e5ea9dbd1,EVT-002225,USER-00155,search,2025-12-26T21:43:24.016951,SES-032e13c0,mobile,Firefox,social,,,,,0.0,wireless headphones,0,0,0,
b2869b5f-a7e8-4b56-9aa6-0765c3122991,EVT-002226,USER-00218,click,2025-12-02T15:27:50.834259,SES-c5b6a686,desktop,Safari,email,PROD-00003,Penfolds Grange,Red Wine,Wine,390.13,,276,0,0,
a4696cdb-940a-4ced-bba1-4fa515c7fc11,EVT-002227,USER-00107,search,2026-01-10T10:50:46.484695,SES-1ba125c2,desktop,Firefox,organic,,,,,0.0,home office chair,0,0,0,
9e5f0a36-ecbb-4315-a00c-eadccdcf68af,EVT-002228,USER-00147,add_to_cart,2025-12-24T05:09:35.855187,SES-60c7b5bd,mobile,Chrome,email,PROD-01416,REI Flash 55 Pack,Outdoor Gear,Sports,517.67,,0,1,0,
b33c3fac-e975-443d-be90-ad8964271c6e,EVT-002229,USER-00048,wishlist,2025-11-16T06:06:23.291550,SES-536bda1d,tablet,Safari,organic,PROD-01844,Samsung Galaxy Watch 6,Smartwatches,Electronics,790.52,,0,0,0,
8f8d4687-6fd9-4f5c-ae1b-43e8a5683cff,EVT-002230,USER-00154,search,2025-10-24T16:51:47.377113,SES-49a6a795,tablet,Chrome,organic,,,,,0.0,red wine gift,0,0,0,
a07249dd-4485-49d6-b7a8-2ffbe3d7dd52,EVT-002231,USER-00144,view,2025-12-12T08:42:50.551593,SES-9b4425c2,tablet,Edge,direct,PROD-01196,Oral-B iO Series 9,Personal Care,Healthcare,285.71,,125,0,0,
192ae7d8-fa08-4135-a889-3577defc057b,EVT-002232,USER-00001,view,2025-10-28T08:49:44.169243,SES-6b93dcdf,desktop,Safari,direct,PROD-00512,Dom Pérignon Rosé 2009,Champagne,Wine,415.51,,398,0,0,
df062bde-93a0-47c0-8c20-c7315393db8a,EVT-002233,USER-00023,search,2025-12-23T22:25:37.614419,SES-c0a833d5,desktop,Chrome,social,,,,,0.0,gaming laptop,0,0,0,
13be510f-f913-4121-a607-e461228d6de7,EVT-002234,USER-00155,search,2025-11-11T01:33:47.068255,SES-488079c7,mobile,Firefox,social,,,,,0.0,wireless headphones,0,0,0,
9a2fa180-4e17-4c6e-820f-513b4a63d73b,EVT-002235,USER-00218,click,2025-11-27T10:49:11.760343,SES-f0576b8f,desktop,Safari,email,PROD-00003,Penfolds Grange,Red Wine,Wine,390.13,,276,0,0,
6963ad28-e535-4a52-9be2-c66cc2498006,EVT-002236,USER-00107,search,2025-11-25T15:22:25.976095,SES-724a3220,desktop,Firefox,organic,,,,,0.0,home office chair,0,0,0,
d9c90b7b-e8fe-40ec-8a23-9a65e177c3fd,EVT-002237,USER-00147,add_to_cart,2025-10-26T00:24:14.239972,SES-d0cd0510,mobile,Chrome,email,PROD-01416,REI Flash 55 Pack,Outdoor Gear,Sports,517.67,,0,1,0,
f928b178-5614-4439-a505-bc49cc23dfce,EVT-002238,USER-00048,wishlist,2025-11-30T14:18:31.984934,SES-39ca1f0d,tablet,Safari,organic,PROD-01844,Samsung Galaxy Watch 6,Smartwatches,Electronics,790.52,,0,0,0,
452e2fe9-e63d-4901-9ad8-75b4b044f031,EVT-002239,USER-00154,search,2025-12-03T14:03:04.510344,SES-b5630c6b,tablet,Chrome,organic,,,,,0.0,red wine gift,0,0,0,
07d05925-d725-4de2-ab44-5c009c3ed1d0,EVT-002240,USER-00144,view,2025-11-07T10:11:07.011707,SES-9117d292,tablet,Edge,direct,PROD-01196,Oral-B iO Series 9,Personal Care,Healthcare,285.71,,125,0,0,
a6bd7de4-23f1-40e3-a5fe-0876d784cccc,EVT-002241,USER-00001,view,2025-10-23T20:47:49.238999,SES-9a68520a,desktop,Safari,direct,PROD-00512,Dom Pérignon Rosé 2009,Champagne,Wine,415.51,,398,0,0,
891e9f23-0d10-4bc6-bea7-f482326866db,EVT-002242,USER-00023,search,2026-01-11T10:32:14.488334,SES-0ada4e72,desktop,Chrome,social,,,,,0.0,gaming laptop,0,0,0,
8aa0d62a-82aa-43ba-8c8e-d923b6b948e5,EVT-002243,USER-00155,search,2025-12-20T18:24:48.573257,SES-276e1add,mobile,Firefox,social,,,,,0.0,wireless headphones,0,0,0,
dbfd336f-560a-4b09-be14-12dc7e35f946,EVT-002244,USER-00218,click,2026-01-17T00:30:07.989324,SES-d75cc28f,desktop,Safari,email,PROD-00003,Penfolds Grange,Red Wine,Wine,390.13,,276,0,0,
61677ea8-1bf9-477d-9036-bcb77ea655bf,EVT-002245,USER-00107,search,2026-01-09T13:06:27.425350,SES-3f28a275,desktop,Firefox,organic,,,,,0.0,home office chair,0,0,0,
83cdc96e-507b-4476-a24a-73c683694e22,EVT-002246,USER-00147,add_to_cart,2025-12-25T13:31:24.967059,SES-2b9edfbf,mobile,Chrome,email,PROD-01416,REI Flash 55 Pack,Outdoor Gear,Sports,517.67,,0,1,0,
717978b9-c57a-4b31-88d2-1ef55501357f,EVT-002247,USER-00048,wishlist,2025-12-26T08:53:48.629183,SES-bb641cb0,tablet,Safari,organic,PROD-01844,Samsung Galaxy Watch 6,Smartwatches,Electronics,790.52,,0,0,0,
304a7b2f-bd82-427c-a527-d7837a523f25,EVT-002248,USER-00154,search,2025-11-09T21:57:53.559315,SES-543f42a9,tablet,Chrome,organic,,,,,0.0,red wine gift,0,0,0,
be9c1e96-22e6-4293-b06f-4a1c937d941b,EVT-002249,USER-00144,view,2025-11-15T17:28:12.791411,SES-328ae74b,tablet,Edge,direct,PROD-01196,Oral-B iO Series 9,Personal Care,Healthcare,285.71,,125,0,0,
dbe83f06-a22e-458c-b233-574f7e54b32a,EVT-002250,USER-00001,view,2025-12-22T02:01:11.142612,SES-4ea3874e,desktop,Safari,direct,PROD-00512,Dom Pérignon Rosé 2009,Champagne,Wine,415.51,,398,0,0,
c48ef417-c11f-4012-aeb7-013b9e254a3e,EVT-002251,USER-00023,search,2026-01-17T08:37:31.394880,SES-9f892bd6,desktop,Chrome,social,,,,,0.0,gaming laptop,0,0,0,
fc5454b7-bb3e-4b98-a3d7-4c0aa00e03c4,EVT-002252,USER-00155,search,2025-11-08T14:21:59.879131,SES-77d2cbd6,mobile,Firefox,social,,,,,0.0,wireless headphones,0,0,0,
8a247fd5-30aa-4c54-83e2-583779c7918a,EVT-002253,USER-00218,click,2025-12-23T17:50:03.357867,SES-a546a1b6,desktop,Safari,email,PROD-00003,Penfolds Grange,Red Wine,Wine,390.13,,276,0,0,
77b093a1-f809-444c-8553-a3c44d2ae02b,EVT-002254,USER-00107,search,2026-01-03T14:30:01.138909,SES-d8d84dfb,desktop,Firefox,organic,,,,,0.0,home office chair,0,0,0,
a9b6d864-5f58-4e6b-8eea-5799ad576e25,EVT-002255,USER-00147,add_to_cart,2026-01-20T07:08:41.049082,SES-1d20d03a,mobile,Chrome,email,PROD-01416,REI Flash 55 Pack,Outdoor Gear,Sports,517.67,,0,1,0,
f4fbb983-24da-470c-b903-c5cbde4b9ae0,EVT-002256,USER-00048,wishlist,2025-10-26T15:26:30.262633,SES-81fc65b7,tablet,Safari,organic,PROD-01844,Samsung Galaxy Watch 6,Smartwatches,Electronics,790.52,,0,0,0,
121061b6-89cb-4ed0-b8b5-68fc258092a7,EVT-002257,USER-00154,search,2025-12-12T08:40:25.269426,SES-ceb42c09,tablet,Chrome,organic,,,,,0.0,red wine gift,0,0,0,
e50116bc-8c01-4861-ac4a-05b3c14cb0fc,EVT-002258,USER-00144,view,2026-01-07T19:15:07.126676,SES-6135171b,tablet,Edge,direct,PROD-01196,Oral-B iO Series 9,Personal Care,Healthcare,285.71,,125,0,0,
1d869e98-8112-426d-b237-ccd2c13e19bc,EVT-002259,USER-00001,view,2025-12-11T23:27:20.625770,SES-4ff9c195,desktop,Safari,direct,PROD-00512,Dom Pérignon Rosé 2009,Champagne,Wine,415.51,,398,0,0,
1a87c9f6-2172-49af-babc-dcd89495b174,EVT-002260,USER-00023,search,2025-12-24T22:30:04.364721,SES-e763c45e,desktop,Chrome,social,,,,,0.0,gaming laptop,0,0,0,
904b006d-4cdd-4f10-ba9d-e2cb23ea617b,EVT-002261,USER-00155,search,2026-01-01T22:46:39.296597,SES-54a97ad1,mobile,Firefox,social,,,,,0.0,wireless headphones,0,0,0,
4a1aad67-374a-40a9-9e72-df1d59d1e636,EVT-002262,USER-00218,click,2025-12-26T01:45:56.060798,SES-063a0007,desktop,Safari,email,PROD-00003,Penfolds Grange,Red Wine,Wine,390.13,,276,0,0,
d6a808bf-ddeb-4870-adc5-0f3b3fbf9701,EVT-002263,USER-00107,search,2025-12-28T11:59:30.906389,SES-c605c424,desktop,Firefox,organic,,,,,0.0,home office chair,0,0,0,
be1d0a8f-22dd-4dc8-950d-cd5a66427515,EVT-002264,USER-00147,add_to_cart,2025-11-17T11:00:46.037320,SES-aab45525,mobile,Chrome,email,PROD-01416,REI Flash 55 Pack,Outdoor Gear,Sports,517.67,,0,1,0,
5865a160-96af-41d7-a5a4-a1d827224b8d,EVT-002265,USER-00048,wishlist,2025-10-30T15:06:51.813636,SES-ce2c5ed2,tablet,Safari,organic,PROD-01844,Samsung Galaxy Watch 6,Smartwatches,Electronics,790.52,,0,0,0,
679925e1-2c59-4c35-832a-32cee16026f2,EVT-002266,USER-00154,search,2025-11-24T17:29:51.666347,SES-805ca245,tablet,Chrome,organic,,,,,0.0,red wine gift,0,0,0,
ad2bc188-9ee3-4cb5-b25f-f0a2a7d28b85,EVT-002267,USER-00144,view,2026-01-04T12:52:42.631432,SES-dfab9ca1,tablet,Edge,direct,PROD-01196,Oral-B iO Series 9,Personal Care,Healthcare,285.71,,125,0,0,
eb535aa7-247c-4020-86ad-2803214790cd,EVT-002268,USER-00001,view,2025-12-10T16:27:06.614590,SES-ce080140,desktop,Safari,direct,PROD-00512,Dom Pérignon Rosé 2009,Champagne,Wine,415.51,,398,0,0,
9f885853-4b8e-4c1d-90d4-c0ee9c44bfab,EVT-002269,USER-00023,search,2025-11-25T06:23:36.782927,SES-bb134725,desktop,Chrome,social,,,,,0.0,gaming laptop,0,0,0,
f28ec02a-6609-4d9b-9557-bdc821647cc9,EVT-002270,USER-00155,search,2026-01-11T20:04:08.266858,SES-46b1ed4c,mobile,Firefox,social,,,,,0.0,wireless headphones,0,0,0,
5cca2020-9425-4b2a-b4cc-e5ebf2d3d9b2,EVT-002271,USER-00218,click,2025-12-27T00:43:29.335746,SES-425e3e39,desktop,Safari,email,PROD-00003,Penfolds Grange,Red Wine,Wine,390.13,,276,0,0,
b64498cc-62aa-464b-af65-283f07855ac2,EVT-002272,USER-00107,search,2025-12-10T08:11:33.309512,SES-c7b5e519,desktop,Firefox,organic,,,,,0.0,home office chair,0,0,0,
89292d11-9051-4d5e-bd49-61cc174c7f92,EVT-002273,USER-00147,add_to_cart,2025-11-20T12:52:19.588239,SES-a5e8e0ff,mobile,Chrome,email,PROD-01416,REI Flash 55 Pack,Outdoor Gear,Sports,517.67,,0,1,0,
a74ffcfe-8087-4286-a572-735166a405a3,EVT-002274,USER-00048,wishlist,2025-12-19T05:03:16.100122,SES-1a1b2ff8,tablet,Safari,organic,PROD-01844,Samsung Galaxy Watch 6,Smartwatches,Electronics,790.52,,0,0,0,
074ee6d6-472d-4dc8-8d32-57c8019bdcc9,EVT-002275,USER-00154,search,2025-11-28T07:15:33.796723,SES-b353b3a6,tablet,Chrome,organic,,,,,0.0,red wine gift,0,0,0,
ab84055f-9183-44a7-a565-79df9b81286e,EVT-002276,USER-00144,view,2025-12-13T21:23:35.889999,SES-db20d23f,tablet,Edge,direct,PROD-01196,Oral-B iO Series 9,Personal Care,Healthcare,285.71,,125,0,0,
f832a43e-c63a-4315-a0a9-b3831088e4f2,EVT-002277,USER-00001,view,2025-11-25T03:53:35.705408,SES-579efbde,desktop,Safari,direct,PROD-00512,Dom Pérignon Rosé 2009,Champagne,Wine,415.51,,398,0,0,
e3310fa6-b1ff-4d48-9f53-374ea8f49d9a,EVT-002278,USER-00023,search,2026-01-19T04:31:24.467479,SES-398c1b52,desktop,Chrome,social,,,,,0.0,gaming laptop,0,0,0,
8560af58-59df-4a66-89ab-5fa1cb204685,EVT-002279,USER-00155,search,2025-12-30T17:31:57.134028,SES-e307bf1c,mobile,Firefox,social,,,,,0.0,wireless headphones,0,0,0,
0576f2da-572d-482f-a0bd-501bdea6e392,EVT-002280,USER-00218,click,2025-11-04T23:01:24.655026,SES-a8069bcc,desktop,Safari,email,PROD-00003,Penfolds Grange,Red Wine,Wine,390.13,,276,0,0,
db3a9d73-1810-4bcb-ae72-58737b18b1fc,EVT-002281,USER-00107,search,2025-12-22T05:04:37.160194,SES-12248cee,desktop,Firefox,organic,,,,,0.0,home office chair,0,0,0,
768c3c94-a2a2-432a-b4a8-cdaa4a833303,EVT-002282,USER-00147,add_to_cart,2026-01-10T17:18:09.535337,SES-c9b92345,mobile,Chrome,email,PROD-01416,REI Flash 55 Pack,Outdoor Gear,Sports,517.67,,0,1,0,
66440fdb-3245-4315-990e-d84ee8b275ad,EVT-002283,USER-00048,wishlist,2025-12-22T11:40:15.380198,SES-28929360,tablet,Safari,organic,PROD-01844,Samsung Galaxy Watch 6,Smartwatches,Electronics,790.52,,0,0,0,
f10cfa05-2601-4d0f-a999-f6a255c0a43c,EVT-002284,USER-00154,search,2025-11-28T09:02:22.250732,SES-b64fdd54,tablet,Chrome,organic,,,,,0.0,red wine gift,0,0,0,
3a063681-bf01-4743-892e-bd742d58408b,EVT-002285,USER-00144,view,2026-01-17T04:43:49.767695,SES-0dbec387,tablet,Edge,direct,PROD-01196,Oral-B iO Series 9,Personal Care,Healthcare,285.71,,125,0,0,
8580678a-1ae9-4963-b318-fc935171708f,EVT-002286,USER-00001,view,2025-10-30T10:51:29.671273,SES-0498b3e3,desktop,Safari,direct,PROD-00512,Dom Pérignon Rosé 2009,Champagne,Wine,415.51,,398,0,0,
4cecff4f-dbfb-497d-bb8f-47488532d33c,EVT-002287,USER-00023,search,2025-11-14T11:02:54.584354,SES-316f0e9e,desktop,Chrome,social,,,,,0.0,gaming laptop,0,0,0,
a5d49d32-2ed0-464d-b12a-78e8aacd2286,EVT-002288,USER-00155,search,2025-11-04T01:26:29.241678,SES-fd7c2b11,mobile,Firefox,social,,,,,0.0,wireless headphones,0,0,0,
60b3028f-09b1-4ef9-8177-180961da7b5e,EVT-002289,USER-00218,click,2026-01-13T21:31:44.531482,SES-75060f5f,desktop,Safari,email,PROD-00003,Penfolds Grange,Red Wine,Wine,390.13,,276,0,0,
7be8f889-b8b7-4a23-9cc9-5f8037cdc8a5,EVT-002290,USER-00107,search,2025-12-19T18:20:18.157871,SES-d707fba2,desktop,Firefox,organic,,,,,0.0,home office chair,0,0,0,
85ef67d8-8233-4cce-99d2-7e50b969d8af,EVT-002291,USER-00147,add_to_cart,2025-12-02T05:47:46.758014,SES-336daf7f,mobile,Chrome,email,PROD-01416,REI Flash 55 Pack,Outdoor Gear,Sports,517.67,,0,1,0,
13149d94-db87-4cc3-8736-dac1f49d1328,EVT-002292,USER-00048,wishlist,2025-12-10T04:49:59.907845,SES-842f755c,tablet,Safari,organic,PROD-01844,Samsung Galaxy Watch 6,Smartwatches,Electronics,790.52,,0,0,0,
4f541ca3-ab7d-4e49-b993-aff79476333d,EVT-002293,USER-00154,search,2025-12-22T21:39:54.711727,SES-f9123a5e,tablet,Chrome,organic,,,,,0.0,red wine gift,0,0,0,
2dd67c63-60a7-436a-8073-6621f346aff3,EVT-002294,USER-00144,view,2026-01-10T17:58:34.292633,SES-84a35b01,tablet,Edge,direct,PROD-01196,Oral-B iO Series 9,Personal Care,Healthcare,285.71,,125,0,0,
d71c40f1-e243-4513-a70c-e6a2c6e402f1,EVT-002295,USER-00001,view,2025-11-22T13:59:45.447383,SES-49041fae,desktop,Safari,direct,PROD-00512,Dom Pérignon Rosé 2009,Champagne,Wine,415.51,,398,0,0,
419c581e-28f8-4afa-88b1-7f4fea14cd29,EVT-002296,USER-00023,search,2026-01-13T07:39:39.559127,SES-d9f3f158,desktop,Chrome,social,,,,,0.0,gaming laptop,0,0,0,
cd66581a-01e1-4eff-965c-95906a9394a5,EVT-002297,USER-00155,search,2026-01-19T02:47:53.774945,SES-3fd85773,mobile,Firefox,social,,,,,0.0,wireless headphones,0,0,0,
008fa5e4-1f6f-4b84-8895-3041d54c6b2d,EVT-002298,USER-00218,click,2025-11-04T17:26:41.632586,SES-ebaf0bb2,desktop,Safari,email,PROD-00003,Penfolds Grange,Red Wine,Wine,390.13,,276,0,0,
1bd901ea-6a3c-469d-85dc-d59fbb37511b,EVT-002299,USER-00107,search,2025-11-22T10:05:58.459646,SES-d5ba2210,desktop,Firefox,organic,,,,,0.0,home office chair,0,0,0,
4a60e404-7315-4f7c-b528-070a4bd01123,EVT-002300,USER-00147,add_to_cart,2025-12-18T14:45:44.346961,SES-ff56b75d,mobile,Chrome,email,PROD-01416,REI Flash 55 Pack,Outdoor Gear,Sports,517.67,,0,1,0,
5e0f1c82-9d3f-4070-8d61-97c720f66723,EVT-002301,USER-00048,wishlist,2025-12-28T16:53:26.312703,SES-a0da72e2,tablet,Safari,organic,PROD-01844,Samsung Galaxy Watch 6,Smartwatches,Electronics,790.52,,0,0,0,
f62f4340-c166-4cdf-8351-0b3344e7d4f9,EVT-002302,USER-00154,search,2026-01-07T06:30:25.943362,SES-4a29648b,tablet,Chrome,organic,,,,,0.0,red wine gift,0,0,0,
ce160d62-b9a3-4185-9962-ea553c1f5955,EVT-002303,USER-00144,view,2025-12-13T07:18:42.587910,SES-53558be9,tablet,Edge,direct,PROD-01196,Oral-B iO Series 9,Personal Care,Healthcare,285.71,,125,0,0,
2a193bc7-616b-474e-b563-0b97e910ef4a,EVT-002304,USER-00001,view,2026-01-18T14:57:24.860937,SES-bd137860,desktop,Safari,direct,PROD-00512,Dom Pérignon Rosé 2009,Champagne,Wine,415.51,,398,0,0,
d4bc5cd0-0451-4651-8463-13bf68063ad6,EVT-002305,USER-00023,search,2026-01-01T23:27:21.169612,SES-f1cfda83,desktop,Chrome,social,,,,,0.0,gaming laptop,0,0,0,
cb4bb9b5-2029-403d-a74d-61d07cde3283,EVT-002306,USER-00155,search,2026-01-04T21:27:23.480946,SES-a3229170,mobile,Firefox,social,,,,,0.0,wireless headphones,0,0,0,
6c749485-3461-4e39-aaa8-a49df6f15c15,EVT-002307,USER-00218,click,2025-11-27T08:15:07.966642,SES-e42ac083,desktop,Safari,email,PROD-00003,Penfolds Grange,Red Wine,Wine,390.13,,276,0,0,
fef21b97-b186-4eae-a782-adc39e827d1c,EVT-002308,USER-00107,search,2026-01-04T18:46:24.654443,SES-24517de7,desktop,Firefox,organic,,,,,0.0,home office chair,0,0,0,
ec100302-ac55-493d-99e3-378a9933cec7,EVT-002309,USER-00147,add_to_cart,2026-01-09T22:29:51.167031,SES-35c1971d,mobile,Chrome,email,PROD-01416,REI Flash 55 Pack,Outdoor Gear,Sports,517.67,,0,1,0,
86aee17c-89d7-4d95-8568-66472a730866,EVT-002310,USER-00048,wishlist,2026-01-19T19:37:27.585271,SES-57f51cdb,tablet,Safari,organic,PROD-01844,Samsung Galaxy Watch 6,Smartwatches,Electronics,790.52,,0,0,0,
0cd5b352-df93-4bb2-88cb-cc74c9234d9c,EVT-002311,USER-00154,search,2025-12-10T15:10:07.624735,SES-d560616e,tablet,Chrome,organic,,,,,0.0,red wine gift,0,0,0,
fd1cb2d3-dca5-4861-873c-32adcfcea9a9,EVT-002312,USER-00144,view,2025-12-08T10:24:16.349631,SES-4c3077d0,tablet,Edge,direct,PROD-01196,Oral-B iO Series 9,Personal Care,Healthcare,285.71,,125,0,0,
7c6ed1d3-fd1f-42da-adf1-064a86042c93,EVT-002313,USER-00001,view,2025-12-13T11:08:21.662836,SES-9b4013be,desktop,Safari,direct,PROD-00512,Dom Pérignon Rosé 2009,Champagne,Wine,415.51,,398,0,0,
adc346d1-2cd4-48d6-ba2a-ad8c06c01a56,EVT-002314,USER-00023,search,2025-11-14T14:19:29.661460,SES-c1a7919b,desktop,Chrome,social,,,,,0.0,gaming laptop,0,0,0,
9793c2e9-798c-42ae-ade6-870a55b8ade9,EVT-002315,USER-00155,search,2025-12-11T05:06:17.035037,SES-faf2fefc,mobile,Firefox,social,,,,,0.0,wireless headphones,0,0,0,
2c821ae5-173c-467b-bd79-714209e15a2b,EVT-002316,USER-00218,click,2026-01-15T11:28:54.953565,SES-3699e217,desktop,Safari,email,PROD-00003,Penfolds Grange,Red Wine,Wine,390.13,,276,0,0,
cbb50e21-207f-4c73-a780-aeb609bcdfea,EVT-002317,USER-00107,search,2025-12-28T05:54:43.788672,SES-9e99e546,desktop,Firefox,organic,,,,,0.0,home office chair,0,0,0,
a559ced7-37df-4312-b08c-2a467e73319f,EVT-002318,USER-00147,add_to_cart,2025-12-23T05:35:56.123716,SES-67be8510,mobile,Chrome,email,PROD-01416,REI Flash 55 Pack,Outdoor Gear,Sports,517.67,,0,1,0,
edb7b6c4-fad9-4a47-aac4-6800cfb3b283,EVT-002319,USER-00048,wishlist,2026-01-01T13:37:12.722196,SES-5e2beaac,tablet,Safari,organic,PROD-01844,Samsung Galaxy Watch 6,Smartwatches,Electronics,790.52,,0,0,0,
4716c898-066c-45a1-acf7-898495bfedca,EVT-002320,USER-00154,search,2025-12-05T16:45:52.618234,SES-6b95861a,tablet,Chrome,organic,,,,,0.0,red wine gift,0,0,0,
a00e27d9-6588-4b94-888e-cc326bf33000,EVT-002321,USER-00144,view,2025-11-20T23:11:18.235125,SES-44a9ac39,tablet,Edge,direct,PROD-01196,Oral-B iO Series 9,Personal Care,Healthcare,285.71,,125,0,0,
5e917c52-877f-438e-97e5-29ffc3a6ce51,EVT-002322,USER-00001,view,2026-01-05T22:54:30.268179,SES-f030675c,desktop,Safari,direct,PROD-00512,Dom Pérignon Rosé 2009,Champagne,Wine,415.51,,398,0,0,
69f9966a-bce8-4623-836c-d3c318db5ce8,EVT-002323,USER-00023,search,2025-11-25T06:30:41.850884,SES-efbae8cf,desktop,Chrome,social,,,,,0.0,gaming laptop,0,0,0,
2457eb27-9a58-44f4-996f-9506bb219309,EVT-002324,USER-00155,search,2026-01-14T23:54:01.645677,SES-9e6116e6,mobile,Firefox,social,,,,,0.0,wireless headphones,0,0,0,
f7990846-ad6d-4864-b312-6dd0bdcb267b,EVT-002325,USER-00218,click,2025-12-08T18:04:38.102703,SES-c0a9e23d,desktop,Safari,email,PROD-00003,Penfolds Grange,Red Wine,Wine,390.13,,276,0,0,
28d6dd37-6365-45f2-9498-51bc724ed2aa,EVT-002326,USER-00107,search,2026-01-04T09:57:19.357401,SES-c58a045a,desktop,Firefox,organic,,,,,0.0,home office chair,0,0,0,
ecb053b6-241a-4b8f-91ea-84a538c674d4,EVT-002327,USER-00147,add_to_cart,2025-11-11T09:19:48.380163,SES-fd25ccdf,mobile,Chrome,email,PROD-01416,REI Flash 55 Pack,Outdoor Gear,Sports,517.67,,0,1,0,
21cb2f41-ddf0-4af5-b8d7-ac014f691086,EVT-002328,USER-00048,wishlist,2025-11-23T06:35:09.767595,SES-d104a6fa,tablet,Safari,organic,PROD-01844,Samsung Galaxy Watch 6,Smartwatches,Electronics,790.52,,0,0,0,
12c9d61e-8a3a-4f67-8db1-f7c5a1e74f5c,EVT-002329,USER-00154,search,2025-11-28T09:24:44.929893,SES-e2a58d87,tablet,Chrome,organic,,,,,0.0,red wine gift,0,0,0,
f91a8673-0411-47f1-9473-4022bd11bd4d,EVT-002330,USER-00144,view,2025-12-29T07:31:02.451679,SES-e1666bab,tablet,Edge,direct,PROD-01196,Oral-B iO Series 9,Personal Care,Healthcare,285.71,,125,0,0,
1a139741-e7f0-4bfb-ad8a-a58f165c08df,EVT-002331,USER-00001,view,2025-11-01T06:01:02.460310,SES-1d3bf447,desktop,Safari,direct,PROD-00512,Dom Pérignon Rosé 2009,Champagne,Wine,415.51,,398,0,0,
3b1fe572-adca-4b16-a7f4-590e4ca3f15c,EVT-002332,USER-00023,search,2025-12-19T07:32:58.644353,SES-03174cd4,desktop,Chrome,social,,,,,0.0,gaming laptop,0,0,0,
bed3eb35-0c72-4068-80b7-3829ac813209,EVT-002333,USER-00155,search,2025-12-02T12:01:43.197930,SES-4a7469a1,mobile,Firefox,social,,,,,0.0,wireless headphones,0,0,0,
fdb7ff7a-079a-44e9-b1be-f74cc9752857,EVT-002334,USER-00218,click,2026-01-05T18:19:48.999768,SES-fda0ae58,desktop,Safari,email,PROD-00003,Penfolds Grange,Red Wine,Wine,390.13,,276,0,0,
d15eae3f-177a-41ff-aeaa-069ae7343b92,EVT-002335,USER-00107,search,2026-01-11T05:50:31.321171,SES-e923a4a7,desktop,Firefox,organic,,,,,0.0,home office chair,0,0,0,
e95eec74-7bec-4fba-9b20-d3b06a030589,EVT-002336,USER-00147,add_to_cart,2025-11-08T14:55:51.886342,SES-a8b9ed51,mobile,Chrome,email,PROD-01416,REI Flash 55 Pack,Outdoor Gear,Sports,517.67,,0,1,0,
84592008-f44f-4b4d-8d9f-b9f5663f1b9d,EVT-002337,USER-00048,wishlist,2025-10-22T17:25:24.430346,SES-8e7f3512,tablet,Safari,organic,PROD-01844,Samsung Galaxy Watch 6,Smartwatches,Electronics,790.52,,0,0,0,
c6edd868-3360-4135-afe7-5f674b478696,EVT-002338,USER-00154,search,2026-01-02T02:17:55.905464,SES-3290fec6,tablet,Chrome,organic,,,,,0.0,red wine gift,0,0,0,
5b33c528-dbdb-4607-b7ec-1ff804322770,EVT-002339,USER-00144,view,2025-12-07T01:52:47.209730,SES-3dfd3e88,tablet,Edge,direct,PROD-01196,Oral-B iO Series 9,Personal Care,Healthcare,285.71,,125,0,0,
a4b8d6e2-a044-4f4a-a94d-c343047d789b,EVT-002340,USER-00001,view,2025-11-01T08:59:08.544691,SES-65bca770,desktop,Safari,direct,PROD-00512,Dom Pérignon Rosé 2009,Champagne,Wine,415.51,,398,0,0,
7151c6b8-a6d3-4b38-9aaf-9e0e3320e846,EVT-002341,USER-00023,search,2025-11-04T15:56:37.755100,SES-1f4fa6ba,desktop,Chrome,social,,,,,0.0,gaming laptop,0,0,0,
1aee84ac-a514-4636-8d36-55a595b9b7ef,EVT-002342,USER-00155,search,2025-10-29T04:06:08.094951,SES-6a9556fb,mobile,Firefox,social,,,,,0.0,wireless headphones,0,0,0,
698b3bc3-ada2-4bf5-91dd-471b95be79c6,EVT-002343,USER-00218,click,2026-01-16T04:22:29.038684,SES-1f5bf770,desktop,Safari,email,PROD-00003,Penfolds Grange,Red Wine,Wine,390.13,,276,0,0,
449c924e-523f-4e50-b594-e808fc258210,EVT-002344,USER-00107,search,2025-11-13T10:29:45.127524,SES-6885f8b6,desktop,Firefox,organic,,,,,0.0,home office chair,0,0,0,
dbfcd769-9e8c-49c3-a1e6-514c11842109,EVT-002345,USER-00147,add_to_cart,2025-11-28T05:21:17.112353,SES-b85f078d,mobile,Chrome,email,PROD-01416,REI Flash 55 Pack,Outdoor Gear,Sports,517.67,,0,1,0,
16721efc-222c-4433-8a9b-f2b69df840fa,EVT-002346,USER-00048,wishlist,2026-01-04T22:38:12.689968,SES-8df5f710,tablet,Safari,organic,PROD-01844,Samsung Galaxy Watch 6,Smartwatches,Electronics,790.52,,0,0,0,
95b73dc3-f1fd-4a6c-8ef6-01e39d126841,EVT-002347,USER-00154,search,2025-12-10T10:47:03.479354,SES-85bac97e,tablet,Chrome,organic,,,,,0.0,red wine gift,0,0,0,
c9fc2f8b-a3d7-4142-97d5-dc08471d7ecb,EVT-002348,USER-00144,view,2025-10-31T08:45:51.264973,SES-45b8674b,tablet,Edge,direct,PROD-01196,Oral-B iO Series 9,Personal Care,Healthcare,285.71,,125,0,0,
ddaa17ce-3e0c-4c0e-968f-67b25db109ec,EVT-002349,USER-00001,view,2026-01-03T23:26:37.069376,SES-d42b76ac,desktop,Safari,direct,PROD-00512,Dom Pérignon Rosé 2009,Champagne,Wine,415.51,,398,0,0,
1b54d73d-d8ce-41e7-a685-a134e1c94e66,EVT-002350,USER-00023,search,2025-10-24T18:54:28.649244,SES-29235ec7,desktop,Chrome,social,,,,,0.0,gaming laptop,0,0,0,
5c10643b-2a65-4b71-ab81-287cd0176210,EVT-002351,USER-00155,search,2025-10-25T11:18:22.725442,SES-1b64fe32,mobile,Firefox,social,,,,,0.0,wireless headphones,0,0,0,
8ac53ce6-890c-4d3a-95a2-5989201f79f9,EVT-002352,USER-00218,click,2025-11-02T13:39:32.359175,SES-b159e33e,desktop,Safari,email,PROD-00003,Penfolds Grange,Red Wine,Wine,390.13,,276,0,0,
5f217ced-9a40-4a99-b090-94aed64e2e77,EVT-002353,USER-00107,search,2025-11-08T09:16:41.973004,SES-2682f433,desktop,Firefox,organic,,,,,0.0,home office chair,0,0,0,
b76b81b2-7811-42b7-bbb9-1d9872c4bc26,EVT-002354,USER-00147,add_to_cart,2025-12-31T12:26:32.606214,SES-8667f641,mobile,Chrome,email,PROD-01416,REI Flash 55 Pack,Outdoor Gear,Sports,517.67,,0,1,0,
d8522ac2-a585-496d-8a7a-075a299be6f8,EVT-002355,USER-00048,wishlist,2025-10-29T02:13:18.907600,SES-db62815b,tablet,Safari,organic,PROD-01844,Samsung Galaxy Watch 6,Smartwatches,Electronics,790.52,,0,0,0,
93119e40-93a3-4f3b-bd64-0efe16fbb593,EVT-002356,USER-00154,search,2025-11-14T11:33:11.017780,SES-e59416d0,tablet,Chrome,organic,,,,,0.0,red wine gift,0,0,0,
50468135-713f-459c-8f4c-c7e1e3153a28,EVT-002357,USER-00144,view,2026-01-16T06:19:23.420668,SES-7c268ee7,tablet,Edge,direct,PROD-01196,Oral-B iO Series 9,Personal Care,Healthcare,285.71,,125,0,0,
e49c9457-d021-4858-87b6-6c64c236589f,EVT-002358,USER-00001,view,2025-11-29T15:28:39.693866,SES-4fa9ee11,desktop,Safari,direct,PROD-00512,Dom Pérignon Rosé 2009,Champagne,Wine,415.51,,398,0,0,
f194eb75-7026-44b8-8be1-56cad8ce5944,EVT-002359,USER-00023,search,2025-11-23T20:22:00.114999,SES-a6df97c0,desktop,Chrome,social,,,,,0.0,gaming laptop,0,0,0,
5a9bd2c1-1755-4d6e-8c17-b3bbd5790bd9,EVT-002360,USER-00155,search,2025-11-27T22:37:03.293358,SES-91c92081,mobile,Firefox,social,,,,,0.0,wireless headphones,0,0,0,
62338f96-193d-4af1-8b16-74bffbbde8c1,EVT-002361,USER-00218,click,2025-12-24T11:25:25.770202,SES-4f630580,desktop,Safari,email,PROD-00003,Penfolds Grange,Red Wine,Wine,390.13,,276,0,0,
8e66e17a-4b83-40c4-ab98-aaf5cc1e97f9,EVT-002362,USER-00107,search,2025-11-18T16:36:04.555513,SES-fe0a11d7,desktop,Firefox,organic,,,,,0.0,home office chair,0,0,0,
1702678b-02da-45b7-aeba-ac53e8b6f2df,EVT-002363,USER-00147,add_to_cart,2025-11-26T13:40:12.105074,SES-9584bb0e,mobile,Chrome,email,PROD-01416,REI Flash 55 Pack,Outdoor Gear,Sports,517.67,,0,1,0,
55b03f05-6fd8-47cc-b804-d60838d992ee,EVT-002364,USER-00048,wishlist,2025-11-10T10:23:03.796090,SES-f96a0082,tablet,Safari,organic,PROD-01844,Samsung Galaxy Watch 6,Smartwatches,Electronics,790.52,,0,0,0,
7c8213cf-cf6c-4a4b-8d64-5073c9e8fca1,EVT-002365,USER-00154,search,2025-11-30T05:44:50.693888,SES-c24452a9,tablet,Chrome,organic,,,,,0.0,red wine gift,0,0,0,
0c39f9f4-3b3a-483b-996d-0b4081e253a6,EVT-002366,USER-00144,view,2025-12-14T17:52:04.633052,SES-422a79e8,tablet,Edge,direct,PROD-01196,Oral-B iO Series 9,Personal Care,Healthcare,285.71,,125,0,0,
9f8eceb9-722b-43e8-b81d-19b79e31dc77,EVT-002367,USER-00001,view,2025-12-04T17:33:54.433797,SES-52f8b954,desktop,Safari,direct,PROD-00512,Dom Pérignon Rosé 2009,Champagne,Wine,415.51,,398,0,0,
d6308264-09fc-4bab-ade8-31384e2cd872,EVT-002368,USER-00023,search,2025-12-17T00:06:38.504886,SES-4c77c2a9,desktop,Chrome,social,,,,,0.0,gaming laptop,0,0,0,
60985060-1b48-4f9a-93c6-9f3491f585d5,EVT-002369,USER-00155,search,2025-10-26T10:35:08.091517,SES-da9b98c2,mobile,Firefox,social,,,,,0.0,wireless headphones,0,0,0,
45a667bc-8d07-4e0b-9991-a207b46fd794,EVT-002370,USER-00218,click,2025-12-05T21:24:58.059433,SES-c7f5441c,desktop,Safari,email,PROD-00003,Penfolds Grange,Red Wine,Wine,390.13,,276,0,0,
cf8fc5a2-53a1-4194-b3c5-ded841e6405b,EVT-002371,USER-00107,search,2025-10-25T12:12:53.266305,SES-affe18c0,desktop,Firefox,organic,,,,,0.0,home office chair,0,0,0,
25e9a2fb-c50d-4cfc-abc8-d30e4a40c983,EVT-002372,USER-00147,add_to_cart,2025-11-20T10:32:26.245210,SES-00342f4b,mobile,Chrome,email,PROD-01416,REI Flash 55 Pack,Outdoor Gear,Sports,517.67,,0,1,0,
73d52f5f-af9c-4916-9213-f92123fc2e53,EVT-002373,USER-00048,wishlist,2025-10-25T11:10:58.529999,SES-9e233cc3,tablet,Safari,organic,PROD-01844,Samsung Galaxy Watch 6,Smartwatches,Electronics,790.52,,0,0,0,
dc687116-f19a-4068-af71-87a8a4fa7e1f,EVT-002374,USER-00154,search,2025-12-24T17:29:59.565921,SES-4518057a,tablet,Chrome,organic,,,,,0.0,red wine gift,0,0,0,
60f7c68d-7a57-4c2d-8db3-d56e7eb7bc5c,EVT-002375,USER-00144,view,2026-01-08T04:16:24.808571,SES-8310c894,tablet,Edge,direct,PROD-01196,Oral-B iO Series 9,Personal Care,Healthcare,285.71,,125,0,0,
51d0d9da-c237-46ab-a285-eab3c8f92b54,EVT-002376,USER-00001,view,2025-11-26T05:02:49.997219,SES-c6a51fe9,desktop,Safari,direct,PROD-00512,Dom Pérignon Rosé 2009,Champagne,Wine,415.51,,398,0,0,
b3d2081c-3997-474c-8c1b-dfbc2d3d5425,EVT-002377,USER-00023,search,2025-12-10T04:24:47.548617,SES-716d2c92,desktop,Chrome,social,,,,,0.0,gaming laptop,0,0,0,
0944120c-080d-4964-8727-86a43a62bdbd,EVT-002378,USER-00155,search,2025-10-31T11:49:50.015739,SES-f762713b,mobile,Firefox,social,,,,,0.0,wireless headphones,0,0,0,
44481326-f4a1-407c-b766-c8e5cdc50297,EVT-002379,USER-00218,click,2025-12-23T15:29:33.719436,SES-5d0d3018,desktop,Safari,email,PROD-00003,Penfolds Grange,Red Wine,Wine,390.13,,276,0,0,
734b7f18-53da-47e6-b7ea-d0cef8e81394,EVT-002380,USER-00107,search,2025-12-17T11:50:10.888827,SES-f26c7f3d,desktop,Firefox,organic,,,,,0.0,home office chair,0,0,0,
7af96c86-3986-4cdc-b3fb-3efc217ff618,EVT-002381,USER-00147,add_to_cart,2025-11-23T06:24:52.068551,SES-6536af5b,mobile,Chrome,email,PROD-01416,REI Flash 55 Pack,Outdoor Gear,Sports,517.67,,0,1,0,
3674425f-5e07-4abb-ad79-df4cbee3969b,EVT-002382,USER-00048,wishlist,2026-01-18T02:16:42.633780,SES-b81c99ff,tablet,Safari,organic,PROD-01844,Samsung Galaxy Watch 6,Smartwatches,Electronics,790.52,,0,0,0,
b21dd5e6-7807-4c7b-9bfd-b16f62d682a0,EVT-002383,USER-00154,search,2025-12-05T19:12:07.612437,SES-56d77d53,tablet,Chrome,organic,,,,,0.0,red wine gift,0,0,0,
ff82f7fc-4a3b-494a-8b1e-afc8f9329ede,EVT-002384,USER-00144,view,2025-10-25T03:09:52.530820,SES-92d0022f,tablet,Edge,direct,PROD-01196,Oral-B iO Series 9,Personal Care,Healthcare,285.71,,125,0,0,
5f967ebd-eeea-47f2-9772-3c25dfa3b3ea,EVT-002385,USER-00001,view,2025-10-26T03:39:59.168827,SES-cd134bec,desktop,Safari,direct,PROD-00512,Dom Pérignon Rosé 2009,Champagne,Wine,415.51,,398,0,0,
178c87ca-e115-4f12-ba29-4d319790d005,EVT-002386,USER-00023,search,2025-12-05T13:01:27.758042,SES-e596b5fe,desktop,Chrome,social,,,,,0.0,gaming laptop,0,0,0,
a572cb98-4c40-4544-b157-fe38ecc7ea8f,EVT-002387,USER-00155,search,2026-01-12T04:49:36.229037,SES-71ee42ad,mobile,Firefox,social,,,,,0.0,wireless headphones,0,0,0,
cb53e0e3-a7c5-4804-8660-cc1c48382206,EVT-002388,USER-00218,click,2025-12-04T09:51:32.010481,SES-e24ad0a3,desktop,Safari,email,PROD-00003,Penfolds Grange,Red Wine,Wine,390.13,,276,0,0,
08fb4c32-bdff-4f82-972e-ddbf78c6d9c5,EVT-002389,USER-00107,search,2025-12-10T14:36:11.998363,SES-7ce19728,desktop,Firefox,organic,,,,,0.0,home office chair,0,0,0,
9f81b920-d34d-4751-a1af-aca5ded45d85,EVT-002390,USER-00147,add_to_cart,2025-10-30T03:20:22.374364,SES-2c41f495,mobile,Chrome,email,PROD-01416,REI Flash 55 Pack,Outdoor Gear,Sports,517.67,,0,1,0,
65341ae9-1fdd-4f2e-9cba-9a4bb6d42725,EVT-002391,USER-00048,wishlist,2025-12-26T20:34:39.665875,SES-9ffa5316,tablet,Safari,organic,PROD-01844,Samsung Galaxy Watch 6,Smartwatches,Electronics,790.52,,0,0,0,
11f3276b-4364-4b82-8439-0f9d9a38cfb4,EVT-002392,USER-00154,search,2025-12-26T01:51:00.616270,SES-c5f15208,tablet,Chrome,organic,,,,,0.0,red wine gift,0,0,0,
1c371e13-5790-4d3c-81cc-790e8c0bb113,EVT-002393,USER-00144,view,2026-01-13T16:19:38.476500,SES-e8ffb591,tablet,Edge,direct,PROD-01196,Oral-B iO Series 9,Personal Care,Healthcare,285.71,,125,0,0,
1ea0227f-de2f-4520-b9f3-1726b82d8831,EVT-002394,USER-00001,view,2025-12-02T14:15:28.871670,SES-b02eaae7,desktop,Safari,direct,PROD-00512,Dom Pérignon Rosé 2009,Champagne,Wine,415.51,,398,0,0,
fc8de180-c4eb-4c01-a836-2d73d4952ee9,EVT-002395,USER-00023,search,2025-12-29T02:05:19.075212,SES-92d69641,desktop,Chrome,social,,,,,0.0,gaming laptop,0,0,0,
ecbcbe3d-befb-4804-b96f-272ff957877b,EVT-002396,USER-00155,search,2025-11-13T09:30:49.302037,SES-d69755cf,mobile,Firefox,social,,,,,0.0,wireless headphones,0,0,0,
27523ab1-f1ec-4687-8bf1-82cc9be689e4,EVT-002397,USER-00218,click,2026-01-19T05:34:34.918673,SES-0858b148,desktop,Safari,email,PROD-00003,Penfolds Grange,Red Wine,Wine,390.13,,276,0,0,
23a4164c-49ac-4fa0-b05b-5ba1c3b6e6b4,EVT-002398,USER-00107,search,2025-10-25T18:18:53.556965,SES-2cab257f,desktop,Firefox,organic,,,,,0.0,home office chair,0,0,0,
7721de4c-06fa-4caa-908d-34470ae30626,EVT-002399,USER-00147,add_to_cart,2025-11-19T13:19:59.383102,SES-b22ba402,mobile,Chrome,email,PROD-01416,REI Flash 55 Pack,Outdoor Gear,Sports,517.67,,0,1,0,
b8bf76fe-86a5-4f8a-abfc-2e2c4d9d55aa,EVT-002400,USER-00048,wishlist,2025-12-31T14:48:34.487729,SES-d8727ba5,tablet,Safari,organic,PROD-01844,Samsung Galaxy Watch 6,Smartwatches,Electronics,790.52,,0,0,0,
4a2deeeb-09e8-4ec1-912d-8f6b33b04738,EVT-002401,USER-00154,search,2026-01-07T14:09:46.695885,SES-62946e97,tablet,Chrome,organic,,,,,0.0,red wine gift,0,0,0,
ecd052d8-dc66-4307-afa0-fb6c03583819,EVT-002402,USER-00144,view,2025-11-11T03:53:43.433492,SES-4371f621,tablet,Edge,direct,PROD-01196,Oral-B iO Series 9,Personal Care,Healthcare,285.71,,125,0,0,
46c03336-8564-4f62-b182-aea9f68be2e2,EVT-002403,USER-00001,view,2025-11-28T15:02:49.753535,SES-202d3be6,desktop,Safari,direct,PROD-00512,Dom Pérignon Rosé 2009,Champagne,Wine,415.51,,398,0,0,
d9d26cd6-b925-477d-af37-4dab3ba0ac4a,EVT-002404,USER-00023,search,2025-10-23T14:22:14.761149,SES-cb2cc687,desktop,Chrome,social,,,,,0.0,gaming laptop,0,0,0,
c4c36d94-135b-4974-9af9-59ccec9ba83f,EVT-002405,USER-00155,search,2025-11-03T05:26:44.189172,SES-16423d5a,mobile,Firefox,social,,,,,0.0,wireless headphones,0,0,0,
68884121-6a9a-4412-83d5-27efcfbff4b9,EVT-002406,USER-00218,click,2026-01-08T07:36:13.960338,SES-57a90d3b,desktop,Safari,email,PROD-00003,Penfolds Grange,Red Wine,Wine,390.13,,276,0,0,
0fd6e751-6b40-4b5e-b726-8fd9d58c1f07,EVT-002407,USER-00107,search,2025-12-31T22:44:21.229162,SES-730f0e1c,desktop,Firefox,organic,,,,,0.0,home office chair,0,0,0,
22214aaa-cff3-49e7-8f24-8e736dc395d7,EVT-002408,USER-00147,add_to_cart,2026-01-14T20:53:53.918354,SES-a8507f5b,mobile,Chrome,email,PROD-01416,REI Flash 55 Pack,Outdoor Gear,Sports,517.67,,0,1,0,
c82cb041-e5e4-465c-a2c0-473634deddcd,EVT-002409,USER-00048,wishlist,2025-12-01T16:06:16.460659,SES-f94fe4f7,tablet,Safari,organic,PROD-01844,Samsung Galaxy Watch 6,Smartwatches,Electronics,790.52,,0,0,0,
90211837-823f-4a10-8285-cde5295ce445,EVT-002410,USER-00154,search,2025-12-06T20:36:45.625557,SES-35bed18d,tablet,Chrome,organic,,,,,0.0,red wine gift,0,0,0,
ce829013-5141-4520-8741-af46e3969b5d,EVT-002411,USER-00144,view,2025-12-03T08:36:16.507334,SES-8ddf7997,tablet,Edge,direct,PROD-01196,Oral-B iO Series 9,Personal Care,Healthcare,285.71,,125,0,0,
4b69073f-0e74-47d7-84a8-bf3943c84022,EVT-002412,USER-00001,view,2025-12-24T09:56:20.039922,SES-c5ce56c7,desktop,Safari,direct,PROD-00512,Dom Pérignon Rosé 2009,Champagne,Wine,415.51,,398,0,0,
6a6c7476-2340-4c27-9dbb-d07d0f9eeaec,EVT-002413,USER-00023,search,2025-11-26T14:36:01.972803,SES-4e3ad0c9,desktop,Chrome,social,,,,,0.0,gaming laptop,0,0,0,
24a00095-1aad-455f-856b-a5d882e2410f,EVT-002414,USER-00155,search,2026-01-13T22:05:37.158351,SES-8a1b85a9,mobile,Firefox,social,,,,,0.0,wireless headphones,0,0,0,
c6e0a9ad-c37a-453e-8f43-803567e149bc,EVT-002415,USER-00218,click,2025-12-20T12:07:58.213994,SES-a55e880d,desktop,Safari,email,PROD-00003,Penfolds Grange,Red Wine,Wine,390.13,,276,0,0,
32c7680f-2a9c-45a9-abdb-7023f2988f3d,EVT-002416,USER-00107,search,2025-10-27T01:21:35.891806,SES-dba0d463,desktop,Firefox,organic,,,,,0.0,home office chair,0,0,0,
b2ed3a8b-99a6-45b5-a081-344fa17cd859,EVT-002417,USER-00147,add_to_cart,2025-12-14T09:09:49.417994,SES-2c644e3f,mobile,Chrome,email,PROD-01416,REI Flash 55 Pack,Outdoor Gear,Sports,517.67,,0,1,0,
6291a216-bf3e-4124-aad9-73dd508ea96b,EVT-002418,USER-00048,wishlist,2025-12-24T12:17:00.981079,SES-52e2779b,tablet,Safari,organic,PROD-01844,Samsung Galaxy Watch 6,Smartwatches,Electronics,790.52,,0,0,0,
af9b42ed-c6b7-4fda-b63d-dc80439b3536,EVT-002419,USER-00154,search,2025-12-05T20:54:34.833898,SES-d1639f18,tablet,Chrome,organic,,,,,0.0,red wine gift,0,0,0,
27902221-91f9-492f-8a5c-8367246d1126,EVT-002420,USER-00144,view,2026-01-11T21:01:16.327759,SES-45f88f25,tablet,Edge,direct,PROD-01196,Oral-B iO Series 9,Personal Care,Healthcare,285.71,,125,0,0,
fc7153b2-8119-477d-b42a-0d375cd0a49a,EVT-002421,USER-00001,view,2025-11-18T01:51:25.563390,SES-15a9914f,desktop,Safari,direct,PROD-00512,Dom Pérignon Rosé 2009,Champagne,Wine,415.51,,398,0,0,
dc10fac6-5989-4b2a-9f6a-4e0fe58bda7d,EVT-002422,USER-00023,search,2025-11-06T07:40:03.325780,SES-edbcbea4,desktop,Chrome,social,,,,,0.0,gaming laptop,0,0,0,
afff5ae4-b406-432f-87d6-af6b292176aa,EVT-002423,USER-00155,search,2025-11-17T19:09:18.046562,SES-b543a11d,mobile,Firefox,social,,,,,0.0,wireless headphones,0,0,0,
dfc7fb84-b2da-487d-ab41-daa800835fd4,EVT-002424,USER-00218,click,2025-11-21T11:59:36.738680,SES-914d8c74,desktop,Safari,email,PROD-00003,Penfolds Grange,Red Wine,Wine,390.13,,276,0,0,
79d14720-6026-4f38-bbac-3dcca4adaafc,EVT-002425,USER-00107,search,2025-11-01T13:01:58.461072,SES-73b45cb6,desktop,Firefox,organic,,,,,0.0,home office chair,0,0,0,
0c04c8d3-e527-4533-8430-c74df1ce712f,EVT-002426,USER-00147,add_to_cart,2025-11-05T14:29:44.175972,SES-dc4e929b,mobile,Chrome,email,PROD-01416,REI Flash 55 Pack,Outdoor Gear,Sports,517.67,,0,1,0,
0434b948-25e6-4c20-8855-fef36055ffa3,EVT-002427,USER-00048,wishlist,2026-01-06T00:51:52.602263,SES-914148c4,tablet,Safari,organic,PROD-01844,Samsung Galaxy Watch 6,Smartwatches,Electronics,790.52,,0,0,0,
e29c86f3-c69e-4ae0-bbca-8cdf3a0bcdf2,EVT-002428,USER-00154,search,2025-11-09T14:14:30.075421,SES-6cd915b4,tablet,Chrome,organic,,,,,0.0,red wine gift,0,0,0,
328e6dce-aca5-4c91-9900-06ff9f9162f4,EVT-002429,USER-00144,view,2025-12-05T10:25:49.186509,SES-42b05d95,tablet,Edge,direct,PROD-01196,Oral-B iO Series 9,Personal Care,Healthcare,285.71,,125,0,0,
9fc2b48c-7628-4ce6-9dfb-5cbc5185e59c,EVT-002430,USER-00001,view,2025-10-23T04:25:53.878300,SES-dd1f1b02,desktop,Safari,direct,PROD-00512,Dom Pérignon Rosé 2009,Champagne,Wine,415.51,,398,0,0,
f2aa3213-8c2c-47ff-b363-b156d8958c03,EVT-002431,USER-00023,search,2025-12-31T11:44:04.133705,SES-942e1caf,desktop,Chrome,social,,,,,0.0,gaming laptop,0,0,0,
c6b05509-d7c9-425b-82c2-31995eb8f599,EVT-002432,USER-00155,search,2026-01-03T06:49:46.465871,SES-165d1a04,mobile,Firefox,social,,,,,0.0,wireless headphones,0,0,0,
be56afff-935e-44b1-95b7-adf1be8b09f4,EVT-002433,USER-00218,click,2026-01-12T03:49:16.874270,SES-c41a32ea,desktop,Safari,email,PROD-00003,Penfolds Grange,Red Wine,Wine,390.13,,276,0,0,
368d68d6-8d29-4467-afe1-c82a1089ba20,EVT-002434,USER-00107,search,2025-12-31T04:39:18.712911,SES-d3bd6cff,desktop,Firefox,organic,,,,,0.0,home office chair,0,0,0,
ce2b9a39-bf06-4cca-b676-391da3fbb949,EVT-002435,USER-00147,add_to_cart,2025-10-26T14:54:18.479001,SES-aeac1a65,mobile,Chrome,email,PROD-01416,REI Flash 55 Pack,Outdoor Gear,Sports,517.67,,0,1,0,
a7fbad1f-85ee-4291-ba80-d897db23541e,EVT-002436,USER-00048,wishlist,2025-11-08T02:43:11.569983,SES-a2d60c7f,tablet,Safari,organic,PROD-01844,Samsung Galaxy Watch 6,Smartwatches,Electronics,790.52,,0,0,0,
9890dc95-589b-401d-81d9-b606380793c3,EVT-002437,USER-00154,search,2025-11-22T06:41:16.512525,SES-b61304be,tablet,Chrome,organic,,,,,0.0,red wine gift,0,0,0,
5548d161-6d05-41a4-af1c-957461a85624,EVT-002438,USER-00144,view,2025-12-23T03:29:14.660955,SES-e390c0ae,tablet,Edge,direct,PROD-01196,Oral-B iO Series 9,Personal Care,Healthcare,285.71,,125,0,0,
914611ec-60ba-43c8-81f4-31b8eb9d1d51,EVT-002439,USER-00001,view,2026-01-06T18:29:55.743737,SES-0535362e,desktop,Safari,direct,PROD-00512,Dom Pérignon Rosé 2009,Champagne,Wine,415.51,,398,0,0,
b59aefef-8d10-450f-968f-1d41f13fc2ea,EVT-002440,USER-00023,search,2025-11-12T06:11:53.107947,SES-e40fec75,desktop,Chrome,social,,,,,0.0,gaming laptop,0,0,0,
e17a508f-69d7-4d57-8bb0-72266b6cbd8b,EVT-002441,USER-00155,search,2025-12-01T16:36:55.035463,SES-b8062252,mobile,Firefox,social,,,,,0.0,wireless headphones,0,0,0,
d6109deb-4ef2-46ce-bf46-80fda2db1ebc,EVT-002442,USER-00218,click,2025-12-24T17:49:14.483945,SES-57706637,desktop,Safari,email,PROD-00003,Penfolds Grange,Red Wine,Wine,390.13,,276,0,0,
a4f06a1a-dabe-426e-b2cb-baf8d0e881a8,EVT-002443,USER-00107,search,2026-01-12T17:18:39.803492,SES-bcf1c70c,desktop,Firefox,organic,,,,,0.0,home office chair,0,0,0,
5940a651-86d2-4888-a5e2-60f883e8e178,EVT-002444,USER-00147,add_to_cart,2025-10-31T19:27:26.315339,SES-7cc10908,mobile,Chrome,email,PROD-01416,REI Flash 55 Pack,Outdoor Gear,Sports,517.67,,0,1,0,
cc32e7d9-7d61-4aba-8b21-afa5161e3512,EVT-002445,USER-00048,wishlist,2025-11-04T04:49:09.473079,SES-662dceca,tablet,Safari,organic,PROD-01844,Samsung Galaxy Watch 6,Smartwatches,Electronics,790.52,,0,0,0,
8945c6e0-73e8-428b-a85a-96c6eba62838,EVT-002446,USER-00154,search,2025-12-28T07:18:20.311972,SES-3dff32cf,tablet,Chrome,organic,,,,,0.0,red wine gift,0,0,0,
4f557abc-5886-4235-92db-4a0500601314,EVT-002447,USER-00144,view,2026-01-15T20:56:53.809328,SES-926f85fb,tablet,Edge,direct,PROD-01196,Oral-B iO Series 9,Personal Care,Healthcare,285.71,,125,0,0,
9d0f3b62-6523-48f2-9811-6c0bfa3c86ed,EVT-002448,USER-00001,view,2025-12-12T07:43:14.385245,SES-57f92369,desktop,Safari,direct,PROD-00512,Dom Pérignon Rosé 2009,Champagne,Wine,415.51,,398,0,0,
06867d8d-e1a5-4657-bcbf-3f1e28a619c4,EVT-002449,USER-00023,search,2025-12-01T02:25:33.561187,SES-7397757b,desktop,Chrome,social,,,,,0.0,gaming laptop,0,0,0,
17d97f44-8267-42b5-a06b-1e409a20b005,EVT-002450,USER-00155,search,2025-11-24T16:09:18.804483,SES-20127240,mobile,Firefox,social,,,,,0.0,wireless headphones,0,0,0,
5955bd89-a186-42a2-8234-c37189678a36,EVT-002451,USER-00218,click,2025-12-24T13:48:20.246272,SES-1252a20d,desktop,Safari,email,PROD-00003,Penfolds Grange,Red Wine,Wine,390.13,,276,0,0,
732f10cc-94ca-4aa8-bb42-4a5432606db8,EVT-002452,USER-00107,search,2025-10-24T12:29:49.418030,SES-c95d1112,desktop,Firefox,organic,,,,,0.0,home office chair,0,0,0,
2d2accd1-79ca-4ce4-85d8-e9cd2fafbdc2,EVT-002453,USER-00147,add_to_cart,2025-12-08T22:30:51.514624,SES-121ff7a5,mobile,Chrome,email,PROD-01416,REI Flash 55 Pack,Outdoor Gear,Sports,517.67,,0,1,0,
7b0ee067-c137-42f6-8346-e191d37b7986,EVT-002454,USER-00048,wishlist,2025-12-24T02:46:11.811235,SES-3e91418d,tablet,Safari,organic,PROD-01844,Samsung Galaxy Watch 6,Smartwatches,Electronics,790.52,,0,0,0,
7166c310-4cd4-4540-ab1a-874d703859f6,EVT-002455,USER-00154,search,2025-12-18T19:22:22.622834,SES-218d162d,tablet,Chrome,organic,,,,,0.0,red wine gift,0,0,0,
c157b350-5b07-4aa5-b463-f55dfcad806e,EVT-002456,USER-00144,view,2025-11-01T05:48:16.387525,SES-0b454697,tablet,Edge,direct,PROD-01196,Oral-B iO Series 9,Personal Care,Healthcare,285.71,,125,0,0,
c37643bf-8219-4b41-ab2c-e62da42103d2,EVT-002457,USER-00001,view,2025-12-04T07:14:13.632594,SES-356c0335,desktop,Safari,direct,PROD-00512,Dom Pérignon Rosé 2009,Champagne,Wine,415.51,,398,0,0,
24905dba-401a-45a4-806d-c8f7f605b5e7,EVT-002458,USER-00023,search,2025-11-16T18:33:52.554597,SES-cfc60011,desktop,Chrome,social,,,,,0.0,gaming laptop,0,0,0,
042a2876-5fa3-4328-bbd5-98ed2e1d6db3,EVT-002459,USER-00155,search,2025-12-11T19:51:50.402597,SES-f152c9c8,mobile,Firefox,social,,,,,0.0,wireless headphones,0,0,0,
4cc47953-1a85-4285-a2e5-d2a6fffa2c56,EVT-002460,USER-00218,click,2025-11-29T16:12:25.695143,SES-d93342b2,desktop,Safari,email,PROD-00003,Penfolds Grange,Red Wine,Wine,390.13,,276,0,0,
c96b8ef7-7bce-4eb4-86a8-aba67062c0e7,EVT-002461,USER-00107,search,2025-10-28T12:54:52.445625,SES-a1cc4600,desktop,Firefox,organic,,,,,0.0,home office chair,0,0,0,
1debb408-57bc-4bd2-8621-3b4f2035e0ab,EVT-002462,USER-00147,add_to_cart,2025-11-15T07:43:51.884374,SES-11bb7c2a,mobile,Chrome,email,PROD-01416,REI Flash 55 Pack,Outdoor Gear,Sports,517.67,,0,1,0,
9d8be358-6401-410f-828e-42c1e66bde6d,EVT-002463,USER-00048,wishlist,2026-01-16T01:14:44.966035,SES-ea4397a8,tablet,Safari,organic,PROD-01844,Samsung Galaxy Watch 6,Smartwatches,Electronics,790.52,,0,0,0,
3fa9745a-02cd-484d-a664-b617828ac0a9,EVT-002464,USER-00154,search,2025-11-23T20:38:37.757175,SES-121198a0,tablet,Chrome,organic,,,,,0.0,red wine gift,0,0,0,
7200853e-0c7f-49da-b61f-7fb12f6e0054,EVT-002465,USER-00144,view,2025-11-27T19:00:07.542392,SES-838ff8a0,tablet,Edge,direct,PROD-01196,Oral-B iO Series 9,Personal Care,Healthcare,285.71,,125,0,0,
40d2a8a9-0f83-4a90-b285-45f57bd0c075,EVT-002466,USER-00001,view,2026-01-13T09:46:07.132225,SES-32cac10a,desktop,Safari,direct,PROD-00512,Dom Pérignon Rosé 2009,Champagne,Wine,415.51,,398,0,0,
45c054e7-522b-493f-acbb-72a6fed4dbe1,EVT-002467,USER-00023,search,2026-01-12T06:25:36.883814,SES-75f7e8d7,desktop,Chrome,social,,,,,0.0,gaming laptop,0,0,0,
ad31bbfd-916c-4651-874e-6184a0014333,EVT-002468,USER-00155,search,2026-01-09T11:17:13.439320,SES-2fea0021,mobile,Firefox,social,,,,,0.0,wireless headphones,0,0,0,
619a0043-c423-4ab2-bfc3-80228e0c5aef,EVT-002469,USER-00218,click,2025-11-02T13:31:09.582442,SES-bea46eb3,desktop,Safari,email,PROD-00003,Penfolds Grange,Red Wine,Wine,390.13,,276,0,0,
b78f0bfa-c3ca-4ef9-a8d1-e45c9c81876c,EVT-002470,USER-00107,search,2025-11-06T06:02:44.625083,SES-5c29a5f2,desktop,Firefox,organic,,,,,0.0,home office chair,0,0,0,
7df9814a-50cf-4782-8c46-c73ea1225ae1,EVT-002471,USER-00147,add_to_cart,2025-12-13T00:14:39.773914,SES-4a9f02d1,mobile,Chrome,email,PROD-01416,REI Flash 55 Pack,Outdoor Gear,Sports,517.67,,0,1,0,
f951356f-1199-4912-b4d6-2e93576f9bd9,EVT-002472,USER-00048,wishlist,2025-12-21T11:45:37.024405,SES-7abdc78f,tablet,Safari,organic,PROD-01844,Samsung Galaxy Watch 6,Smartwatches,Electronics,790.52,,0,0,0,
830795cf-4e6c-4913-b7a9-1ca8ace5806a,EVT-002473,USER-00154,search,2025-12-01T19:42:59.065276,SES-4acb25aa,tablet,Chrome,organic,,,,,0.0,red wine gift,0,0,0,
6a4ccf43-f60c-4317-ab05-ae34fe60dfdb,EVT-002474,USER-00144,view,2026-01-20T08:37:11.952075,SES-a60fb748,tablet,Edge,direct,PROD-01196,Oral-B iO Series 9,Personal Care,Healthcare,285.71,,125,0,0,
d733cb68-ab20-4e1f-9642-0f8e4eb1703d,EVT-002475,USER-00001,view,2025-11-25T06:30:00.948786,SES-49149866,desktop,Safari,direct,PROD-00512,Dom Pérignon Rosé 2009,Champagne,Wine,415.51,,398,0,0,
40560131-ad2a-4f7e-a654-2eee4b639947,EVT-002476,USER-00023,search,2025-11-15T08:13:48.969140,SES-b14edc7f,desktop,Chrome,social,,,,,0.0,gaming laptop,0,0,0,
cf2c3393-8cd0-4f30-97cb-e3d76b096c1e,EVT-002477,USER-00155,search,2025-10-28T16:27:52.652000,SES-2e291cff,mobile,Firefox,social,,,,,0.0,wireless headphones,0,0,0,
f8642051-fcf5-49ca-ae20-88017a8dfa6e,EVT-002478,USER-00218,click,2026-01-01T18:31:54.720947,SES-ef8375a4,desktop,Safari,email,PROD-00003,Penfolds Grange,Red Wine,Wine,390.13,,276,0,0,
5822d27d-6af4-41da-acec-e1927f0c7ab8,EVT-002479,USER-00107,search,2025-11-08T08:50:16.200330,SES-d3aa2e47,desktop,Firefox,organic,,,,,0.0,home office chair,0,0,0,
296a942b-6b90-4a7f-9451-bd748cfaac7e,EVT-002480,USER-00147,add_to_cart,2025-11-28T20:46:05.843393,SES-4541c4e6,mobile,Chrome,email,PROD-01416,REI Flash 55 Pack,Outdoor Gear,Sports,517.67,,0,1,0,
519b02b1-c935-4bdb-a2a0-d5df5e9cf233,EVT-002481,USER-00048,wishlist,2025-12-12T01:00:57.339673,SES-ca49dd59,tablet,Safari,organic,PROD-01844,Samsung Galaxy Watch 6,Smartwatches,Electronics,790.52,,0,0,0,
887f86b6-5324-45c6-a37e-55cb8ffac8dc,EVT-002482,USER-00154,search,2025-11-12T13:47:32.725447,SES-14ee00fc,tablet,Chrome,organic,,,,,0.0,red wine gift,0,0,0,
ac32ecd0-eed3-4d11-8d37-d842e3a3a949,EVT-002483,USER-00144,view,2025-11-04T22:29:33.109375,SES-e7cfb97e,tablet,Edge,direct,PROD-01196,Oral-B iO Series 9,Personal Care,Healthcare,285.71,,125,0,0,
4095ecaa-2463-49dd-8b72-aa383ea51d35,EVT-002484,USER-00001,view,2025-11-03T15:52:48.455981,SES-4b082420,desktop,Safari,direct,PROD-00512,Dom Pérignon Rosé 2009,Champagne,Wine,415.51,,398,0,0,
225fb574-2ab8-4ea7-9a36-4e0e9d571cc2,EVT-002485,USER-00023,search,2025-12-24T19:19:11.062704,SES-82ae43d4,desktop,Chrome,social,,,,,0.0,gaming laptop,0,0,0,
ccded7b8-c3e5-484f-9f10-36532d659576,EVT-002486,USER-00155,search,2025-10-23T16:18:51.596499,SES-9dcbabb3,mobile,Firefox,social,,,,,0.0,wireless headphones,0,0,0,
67bf7d69-721d-41a9-807a-128d10022f94,EVT-002487,USER-00218,click,2025-10-28T01:43:23.236041,SES-613c0409,desktop,Safari,email,PROD-00003,Penfolds Grange,Red Wine,Wine,390.13,,276,0,0,
165a8fc5-f173-4565-b6f2-db5b62a4da4c,EVT-002488,USER-00107,search,2026-01-01T14:24:15.230741,SES-b968bdd2,desktop,Firefox,organic,,,,,0.0,home office chair,0,0,0,
5c2d6d2b-f2b4-4073-a3f3-2ffb7a9a130e,EVT-002489,USER-00147,add_to_cart,2025-11-01T19:40:54.085881,SES-7f1ac0a5,mobile,Chrome,email,PROD-01416,REI Flash 55 Pack,Outdoor Gear,Sports,517.67,,0,1,0,
e6175489-6964-4a4e-b235-a7691712efd1,EVT-002490,USER-00048,wishlist,2025-12-21T14:30:15.430491,SES-d21dcbd1,tablet,Safari,organic,PROD-01844,Samsung Galaxy Watch 6,Smartwatches,Electronics,790.52,,0,0,0,
5e0c2a79-7e65-4023-ad9c-0bf14a6c3d97,EVT-002491,USER-00154,search,2025-12-14T08:58:24.483050,SES-a90948e6,tablet,Chrome,organic,,,,,0.0,red wine gift,0,0,0,
e0dac48f-f557-45bd-bd14-31064c8b9bee,EVT-002492,USER-00144,view,2025-10-23T11:16:05.849179,SES-e493e2a7,tablet,Edge,direct,PROD-01196,Oral-B iO Series 9,Personal Care,Healthcare,285.71,,125,0,0,
7996dc80-b76d-43f1-8f7c-6e0ffd76d46f,EVT-002493,USER-00001,view,2026-01-09T21:46:00.999142,SES-e8e13fdb,desktop,Safari,direct,PROD-00512,Dom Pérignon Rosé 2009,Champagne,Wine,415.51,,398,0,0,
be25cd79-a079-47a9-b1f9-ed294c7f5446,EVT-002494,USER-00023,search,2025-11-04T00:11:22.494689,SES-60ac194b,desktop,Chrome,social,,,,,0.0,gaming laptop,0,0,0,
3689e28e-3aa3-4fa1-90d9-41418dd29f98,EVT-002495,USER-00155,search,2026-01-13T12:54:59.373143,SES-f45fef44,mobile,Firefox,social,,,,,0.0,wireless headphones,0,0,0,
b985e2ce-f4a1-4b16-8b9d-e9d8ad9ffd4f,EVT-002496,USER-00218,click,2026-01-08T03:00:04.291795,SES-07f8e721,desktop,Safari,email,PROD-00003,Penfolds Grange,Red Wine,Wine,390.13,,276,0,0,
13e4885a-6cc2-4e2a-9a48-5a4a48132ef6,EVT-002497,USER-00107,search,2026-01-02T18:46:57.865099,SES-a5f9df2e,desktop,Firefox,organic,,,,,0.0,home office chair,0,0,0,
884e806d-2e00-43cd-a1e9-227e14e4b908,EVT-002498,USER-00147,add_to_cart,2025-11-08T15:39:24.683275,SES-d1fb4d98,mobile,Chrome,email,PROD-01416,REI Flash 55 Pack,Outdoor Gear,Sports,517.67,,0,1,0,
728aa6ed-a49a-4cc2-a251-d8cf648eba58,EVT-002499,USER-00048,wishlist,2025-12-04T09:37:00.279975,SES-6f1b5d09,tablet,Safari,organic,PROD-01844,Samsung Galaxy Watch 6,Smartwatches,Electronics,790.52,,0,0,0,
0ff18368-3603-416c-aa13-5d9e6c3b047f,EVT-002500,USER-00154,search,2025-12-04T18:12:08.331182,SES-ddcb3de5,tablet,Chrome,organic,,,,,0.0,red wine gift,0,0,0,
b9811def-1888-434d-918e-156d2d9ab2f1,EVT-002501,USER-00144,view,2025-10-31T14:04:39.580178,SES-db46ae9f,tablet,Edge,direct,PROD-01196,Oral-B iO Series 9,Personal Care,Healthcare,285.71,,125,0,0,
8dcd02be-d1f1-4433-adcd-3d27055fc80e,EVT-002502,USER-00001,view,2025-11-26T13:54:30.216357,SES-7f84192b,desktop,Safari,direct,PROD-00512,Dom Pérignon Rosé 2009,Champagne,Wine,415.51,,398,0,0,
54ce1686-12e5-4e46-8a0f-a1d9056f7ca4,EVT-002503,USER-00023,search,2025-12-18T16:16:21.674940,SES-7cbe041a,desktop,Chrome,social,,,,,0.0,gaming laptop,0,0,0,
7c85144c-b17b-4ade-b4c2-e9f34f3bfa8f,EVT-002504,USER-00155,search,2025-12-10T09:33:58.410907,SES-befadd47,mobile,Firefox,social,,,,,0.0,wireless headphones,0,0,0,
714f11fb-7c39-431e-965a-60f3dd220f04,EVT-002505,USER-00218,click,2026-01-03T00:29:42.776068,SES-a656c633,desktop,Safari,email,PROD-00003,Penfolds Grange,Red Wine,Wine,390.13,,276,0,0,
abc575aa-4719-469c-b31d-b87695b89924,EVT-002506,USER-00107,search,2025-11-04T19:44:19.982219,SES-b5268db2,desktop,Firefox,organic,,,,,0.0,home office chair,0,0,0,
24d7e6cc-f1ea-4085-9b4c-185e14debb27,EVT-002507,USER-00147,add_to_cart,2025-11-03T02:21:36.610550,SES-f5b5c12b,mobile,Chrome,email,PROD-01416,REI Flash 55 Pack,Outdoor Gear,Sports,517.67,,0,1,0,
4889de9e-6087-459c-b211-3ecb8d3db2c9,EVT-002508,USER-00048,wishlist,2025-12-07T13:27:02.734044,SES-06dd642a,tablet,Safari,organic,PROD-01844,Samsung Galaxy Watch 6,Smartwatches,Electronics,790.52,,0,0,0,
20e816e3-c973-4e57-b60d-777f36c334b1,EVT-002509,USER-00154,search,2026-01-08T04:17:48.248931,SES-0b24c6a0,tablet,Chrome,organic,,,,,0.0,red wine gift,0,0,0,
a1116abe-f62f-4f33-862e-fa8b3ddc737e,EVT-002510,USER-00144,view,2025-10-28T19:00:11.476097,SES-9a2182e5,tablet,Edge,direct,PROD-01196,Oral-B iO Series 9,Personal Care,Healthcare,285.71,,125,0,0,
440e6951-4a5a-4364-80c7-6170002e3c6f,EVT-002511,USER-00001,view,2025-12-07T21:02:48.556189,SES-ff1c1290,desktop,Safari,direct,PROD-00512,Dom Pérignon Rosé 2009,Champagne,Wine,415.51,,398,0,0,
d1879301-51b3-4aa3-8f90-f9fb9a945625,EVT-002512,USER-00023,search,2026-01-19T12:50:14.694166,SES-c8111922,desktop,Chrome,social,,,,,0.0,gaming laptop,0,0,0,
2a1faf3a-6f15-4501-928d-cd10f9b849c5,EVT-002513,USER-00155,search,2025-12-12T15:02:10.014608,SES-877da7f1,mobile,Firefox,social,,,,,0.0,wireless headphones,0,0,0,
25af5c37-2bad-4e40-b515-3088ab7a7837,EVT-002514,USER-00218,click,2025-11-13T21:48:09.377858,SES-9a645d7e,desktop,Safari,email,PROD-00003,Penfolds Grange,Red Wine,Wine,390.13,,276,0,0,
738ab9db-38f0-47ed-b94f-2066ff5a693e,EVT-002515,USER-00107,search,2025-12-29T11:30:35.299407,SES-6ba207fa,desktop,Firefox,organic,,,,,0.0,home office chair,0,0,0,
b743e636-0304-4b85-973f-ba7a2d5e6393,EVT-002516,USER-00147,add_to_cart,2026-01-06T06:02:28.888442,SES-07824558,mobile,Chrome,email,PROD-01416,REI Flash 55 Pack,Outdoor Gear,Sports,517.67,,0,1,0,
6d6b3b8e-0450-4063-af0e-45fb03af89a7,EVT-002517,USER-00048,wishlist,2025-11-24T05:27:24.265508,SES-ca36dacf,tablet,Safari,organic,PROD-01844,Samsung Galaxy Watch 6,Smartwatches,Electronics,790.52,,0,0,0,
f01e3249-f722-43c9-9b4c-3956d043e00c,EVT-002518,USER-00154,search,2025-11-11T22:52:29.772348,SES-187ea01a,tablet,Chrome,organic,,,,,0.0,red wine gift,0,0,0,
c50c4617-1e72-44e0-ba39-fa0cca473b43,EVT-002519,USER-00144,view,2025-11-15T07:04:04.688967,SES-569e9e0a,tablet,Edge,direct,PROD-01196,Oral-B iO Series 9,Personal Care,Healthcare,285.71,,125,0,0,
b3a1e516-fd08-40a4-8409-496f5d152189,EVT-002520,USER-00001,view,2025-10-28T01:01:47.379481,SES-62870e64,desktop,Safari,direct,PROD-00512,Dom Pérignon Rosé 2009,Champagne,Wine,415.51,,398,0,0,
d5156c3f-ca6b-4661-9134-05dd9cafbe39,EVT-002521,USER-00023,search,2025-11-30T12:58:39.164464,SES-d6a2dbbc,desktop,Chrome,social,,,,,0.0,gaming laptop,0,0,0,
43510216-6c00-4295-9748-7be94dcbf347,EVT-002522,USER-00155,search,2026-01-09T00:46:50.017786,SES-aab342f8,mobile,Firefox,social,,,,,0.0,wireless headphones,0,0,0,
ec80c521-d087-435d-a0a2-d242d3680cd0,EVT-002523,USER-00218,click,2025-12-31T22:18:04.429134,SES-75bf31d2,desktop,Safari,email,PROD-00003,Penfolds Grange,Red Wine,Wine,390.13,,276,0,0,
3048f3b2-3b79-4523-9f10-6df5883e35d2,EVT-002524,USER-00107,search,2025-10-25T03:53:34.879313,SES-965a8a7c,desktop,Firefox,organic,,,,,0.0,home office chair,0,0,0,
197df63b-c066-4341-9d9a-3efbb3eb102a,EVT-002525,USER-00147,add_to_cart,2025-12-22T02:54:46.905884,SES-d4b702a8,mobile,Chrome,email,PROD-01416,REI Flash 55 Pack,Outdoor Gear,Sports,517.67,,0,1,0,
10a88d70-f2d0-47dd-96be-d7d148f2c4cd,EVT-002526,USER-00048,wishlist,2026-01-14T10:37:15.135499,SES-4ecf7163,tablet,Safari,organic,PROD-01844,Samsung Galaxy Watch 6,Smartwatches,Electronics,790.52,,0,0,0,
37879a9c-3341-4322-9935-9b37ab127e21,EVT-002527,USER-00154,search,2025-11-26T20:12:45.947263,SES-a22732ab,tablet,Chrome,organic,,,,,0.0,red wine gift,0,0,0,
87e03332-c43d-4c9d-9306-95e21f45285e,EVT-002528,USER-00144,view,2025-12-16T06:02:20.318441,SES-2ed71ade,tablet,Edge,direct,PROD-01196,Oral-B iO Series 9,Personal Care,Healthcare,285.71,,125,0,0,
b984b0a5-3c61-40ff-ac48-1177de21f096,EVT-002529,USER-00001,view,2026-01-08T16:42:59.873983,SES-3fd6d869,desktop,Safari,direct,PROD-00512,Dom Pérignon Rosé 2009,Champagne,Wine,415.51,,398,0,0,
d7bcc6a2-3c63-47c9-8df7-b9c567d02a1a,EVT-002530,USER-00023,search,2025-12-29T01:07:49.746753,SES-083b3308,desktop,Chrome,social,,,,,0.0,gaming laptop,0,0,0,
7681619e-eff1-49c3-9f2f-65e93dcc1b4f,EVT-002531,USER-00155,search,2025-11-03T03:09:39.701530,SES-d66958b0,mobile,Firefox,social,,,,,0.0,wireless headphones,0,0,0,
5f53afa4-c914-4343-ba23-d97717e10ac7,EVT-002532,USER-00218,click,2025-12-17T00:18:39.550576,SES-9781cce0,desktop,Safari,email,PROD-00003,Penfolds Grange,Red Wine,Wine,390.13,,276,0,0,
3747c213-b88e-47aa-9aad-14ba7af636a8,EVT-002533,USER-00107,search,2026-01-01T19:32:46.010089,SES-ebb81a8b,desktop,Firefox,organic,,,,,0.0,home office chair,0,0,0,
6721d8a7-acad-4687-96da-d0785d9bd8b2,EVT-002534,USER-00147,add_to_cart,2026-01-10T15:49:24.442050,SES-7b905cc4,mobile,Chrome,email,PROD-01416,REI Flash 55 Pack,Outdoor Gear,Sports,517.67,,0,1,0,
a70088a6-c84c-44ca-a677-56526df240ab,EVT-002535,USER-00048,wishlist,2025-12-19T19:35:04.506451,SES-2d307008,tablet,Safari,organic,PROD-01844,Samsung Galaxy Watch 6,Smartwatches,Electronics,790.52,,0,0,0,
397d5afe-cd8c-43e5-92e5-942dddfb3d1f,EVT-002536,USER-00154,search,2025-12-29T15:51:54.976156,SES-27c07ab2,tablet,Chrome,organic,,,,,0.0,red wine gift,0,0,0,
f955c82c-0b29-47a9-ae7b-5bbfa76cbf26,EVT-002537,USER-00144,view,2025-11-05T19:52:19.138700,SES-ec22b290,tablet,Edge,direct,PROD-01196,Oral-B iO Series 9,Personal Care,Healthcare,285.71,,125,0,0,
1faf0240-23cd-4e71-ad9d-819b14ef160c,EVT-002538,USER-00001,view,2025-12-15T13:55:49.546534,SES-9dba59cc,desktop,Safari,direct,PROD-00512,Dom Pérignon Rosé 2009,Champagne,Wine,415.51,,398,0,0,
99a10524-9818-4adb-889d-eb2ddfd7b845,EVT-002539,USER-00023,search,2025-11-17T13:24:42.826796,SES-525cbcb0,desktop,Chrome,social,,,,,0.0,gaming laptop,0,0,0,
9ed5c4e8-cb3d-4b1e-9b59-434eea2493df,EVT-002540,USER-00155,search,2025-12-31T06:01:49.143543,SES-9af96d57,mobile,Firefox,social,,,,,0.0,wireless headphones,0,0,0,
2b9530da-1569-446e-9bfb-e089f599f30d,EVT-002541,USER-00218,click,2025-11-30T14:51:28.115958,SES-320e961c,desktop,Safari,email,PROD-00003,Penfolds Grange,Red Wine,Wine,390.13,,276,0,0,
b07c78e3-8f65-49ae-9352-fb168d7b4e0d,EVT-002542,USER-00107,search,2025-10-25T10:54:37.355186,SES-e4e12f61,desktop,Firefox,organic,,,,,0.0,home office chair,0,0,0,
a9315718-40b3-4d6c-a6c2-49cddf36f799,EVT-002543,USER-00147,add_to_cart,2025-10-28T15:25:02.998173,SES-9bf53ace,mobile,Chrome,email,PROD-01416,REI Flash 55 Pack,Outdoor Gear,Sports,517.67,,0,1,0,
e959d611-6ed4-4949-a1f1-4e6fa3c2cf32,EVT-002544,USER-00048,wishlist,2025-10-30T07:23:46.561343,SES-a4040102,tablet,Safari,organic,PROD-01844,Samsung Galaxy Watch 6,Smartwatches,Electronics,790.52,,0,0,0,
12112ca0-01de-4c5f-b02b-c0a873f2f6f0,EVT-002545,USER-00154,search,2026-01-10T22:06:04.027115,SES-1391bd54,tablet,Chrome,organic,,,,,0.0,red wine gift,0,0,0,
8e844751-0b5c-41f6-adf1-efa5cb4e03e2,EVT-002546,USER-00144,view,2025-11-04T18:33:14.007869,SES-0a692f31,tablet,Edge,direct,PROD-01196,Oral-B iO Series 9,Personal Care,Healthcare,285.71,,125,0,0,
c9c8f387-d06f-4724-9a67-ce913a9c2c6f,EVT-002547,USER-00001,view,2025-12-19T09:33:37.344395,SES-d0c86742,desktop,Safari,direct,PROD-00512,Dom Pérignon Rosé 2009,Champagne,Wine,415.51,,398,0,0,
5ca1e7ad-dd9c-4f38-8699-15cc7a3330b4,EVT-002548,USER-00023,search,2025-11-24T22:18:06.293022,SES-6816a820,desktop,Chrome,social,,,,,0.0,gaming laptop,0,0,0,
a727f949-fe75-4c41-82b7-cd97d67f4346,EVT-002549,USER-00155,search,2025-11-27T01:35:36.859561,SES-93f8f510,mobile,Firefox,social,,,,,0.0,wireless headphones,0,0,0,
79a28b45-b44b-4e1c-922e-5c8c76d4ba72,EVT-002550,USER-00218,click,2025-12-03T11:28:17.154463,SES-8eaac061,desktop,Safari,email,PROD-00003,Penfolds Grange,Red Wine,Wine,390.13,,276,0,0,
ec3850b5-b745-4593-8e7f-6bf25d48b4eb,EVT-002551,USER-00107,search,2026-01-03T06:50:55.327874,SES-40c1cf15,desktop,Firefox,organic,,,,,0.0,home office chair,0,0,0,
87bf94e8-4bc9-4d14-ba27-7ace45ebde74,EVT-002552,USER-00147,add_to_cart,2026-01-13T05:05:43.316684,SES-63516a23,mobile,Chrome,email,PROD-01416,REI Flash 55 Pack,Outdoor Gear,Sports,517.67,,0,1,0,
9eb51ba6-4c9a-48e8-a1a4-eced6fbc71a3,EVT-002553,USER-00048,wishlist,2025-11-18T23:41:21.805369,SES-4852618e,tablet,Safari,organic,PROD-01844,Samsung Galaxy Watch 6,Smartwatches,Electronics,790.52,,0,0,0,
62f72339-04a5-4bc5-a948-0bab7dc470d8,EVT-002554,USER-00154,search,2025-12-09T20:21:52.454855,SES-5e413677,tablet,Chrome,organic,,,,,0.0,red wine gift,0,0,0,
12d5b270-8ad2-4286-ba26-1f64a0ac3004,EVT-002555,USER-00144,view,2025-11-21T02:38:44.474801,SES-c01ed121,tablet,Edge,direct,PROD-01196,Oral-B iO Series 9,Personal Care,Healthcare,285.71,,125,0,0,
a0d6ae82-dc4a-4939-8e85-d39db96f0b95,EVT-002556,USER-00001,view,2025-11-19T09:43:21.132588,SES-524c4204,desktop,Safari,direct,PROD-00512,Dom Pérignon Rosé 2009,Champagne,Wine,415.51,,398,0,0,
4cf4d935-5624-4cfb-a613-5b7f55f06089,EVT-002557,USER-00023,search,2026-01-16T00:53:14.451797,SES-33ab7820,desktop,Chrome,social,,,,,0.0,gaming laptop,0,0,0,
7da62503-390f-4cc8-8d01-b30dcdec7852,EVT-002558,USER-00155,search,2025-12-07T16:50:47.131751,SES-ed3300a3,mobile,Firefox,social,,,,,0.0,wireless headphones,0,0,0,
0dde1c5f-df15-4e6f-9add-a6d9aa1ae5dc,EVT-002559,USER-00218,click,2025-11-26T10:05:55.801681,SES-02d69749,desktop,Safari,email,PROD-00003,Penfolds Grange,Red Wine,Wine,390.13,,276,0,0,
4e9f658f-d5b4-413f-8489-9ec20ba2749f,EVT-002560,USER-00107,search,2026-01-09T01:50:22.797241,SES-467de527,desktop,Firefox,organic,,,,,0.0,home office chair,0,0,0,
0845a179-775f-4d72-a806-493a184a9ecb,EVT-002561,USER-00147,add_to_cart,2025-12-23T15:11:30.336805,SES-71b000b5,mobile,Chrome,email,PROD-01416,REI Flash 55 Pack,Outdoor Gear,Sports,517.67,,0,1,0,
4efba464-3db5-468c-afaa-daefc2e8a5ed,EVT-002562,USER-00048,wishlist,2025-12-24T05:52:30.591537,SES-66a48e7c,tablet,Safari,organic,PROD-01844,Samsung Galaxy Watch 6,Smartwatches,Electronics,790.52,,0,0,0,
a6e079ed-b12d-41ba-a50f-1cc89b294a66,EVT-002563,USER-00154,search,2026-01-13T18:47:48.297608,SES-7998af3c,tablet,Chrome,organic,,,,,0.0,red wine gift,0,0,0,
35c52d2e-4057-4345-b3ed-7311b7d7d4ea,EVT-002564,USER-00144,view,2025-12-16T03:22:42.662029,SES-9f538a9f,tablet,Edge,direct,PROD-01196,Oral-B iO Series 9,Personal Care,Healthcare,285.71,,125,0,0,
cb444dcc-7855-4a90-babc-2fd6b4254a21,EVT-002565,USER-00001,view,2025-12-21T03:54:54.629362,SES-1adb3d32,desktop,Safari,direct,PROD-00512,Dom Pérignon Rosé 2009,Champagne,Wine,415.51,,398,0,0,
5754e3dc-9d06-41dd-ac90-6ee9a2ab9ac2,EVT-002566,USER-00023,search,2025-12-13T07:57:01.549968,SES-2a7d137a,desktop,Chrome,social,,,,,0.0,gaming laptop,0,0,0,
5a0c73db-f9cc-49b0-bb7f-6a2f25c30616,EVT-002567,USER-00155,search,2025-12-03T21:53:05.309570,SES-d1003ebd,mobile,Firefox,social,,,,,0.0,wireless headphones,0,0,0,
3e28f6d6-ce3d-4be6-a3b8-3ae7cd1b0a9c,EVT-002568,USER-00218,click,2025-10-30T20:40:10.315889,SES-4a9545ce,desktop,Safari,email,PROD-00003,Penfolds Grange,Red Wine,Wine,390.13,,276,0,0,
a11974a6-7058-4fa5-88f7-596e26a07267,EVT-002569,USER-00107,search,2025-12-05T17:50:06.972346,SES-d03b70b0,desktop,Firefox,organic,,,,,0.0,home office chair,0,0,0,
cb0a3610-d129-4c67-adac-4c1c2d3c364b,EVT-002570,USER-00147,add_to_cart,2025-11-22T11:44:30.350508,SES-4b2a77ef,mobile,Chrome,email,PROD-01416,REI Flash 55 Pack,Outdoor Gear,Sports,517.67,,0,1,0,
62ef7660-c90d-41bd-b08d-5c7483131a80,EVT-002571,USER-00048,wishlist,2025-12-08T04:51:03.184819,SES-1908b7fb,tablet,Safari,organic,PROD-01844,Samsung Galaxy Watch 6,Smartwatches,Electronics,790.52,,0,0,0,
48644509-f50b-4690-969b-bebfd6ee037c,EVT-002572,USER-00154,search,2025-12-18T11:53:11.031469,SES-e260cb5b,tablet,Chrome,organic,,,,,0.0,red wine gift,0,0,0,
d785bff4-aa05-456e-bfd6-506c85230252,EVT-002573,USER-00144,view,2025-11-14T07:34:36.692256,SES-90db29a2,tablet,Edge,direct,PROD-01196,Oral-B iO Series 9,Personal Care,Healthcare,285.71,,125,0,0,
cbb19acd-a7cf-4217-853e-3d39e46fe46d,EVT-002574,USER-00001,view,2025-11-15T19:28:23.596201,SES-ca9a0bec,desktop,Safari,direct,PROD-00512,Dom Pérignon Rosé 2009,Champagne,Wine,415.51,,398,0,0,
a9c06e6a-2d64-4233-9e74-e3eb0c903311,EVT-002575,USER-00023,search,2025-11-16T02:02:19.336616,SES-83581bec,desktop,Chrome,social,,,,,0.0,gaming laptop,0,0,0,
ed87e34f-d0d9-47a1-9f17-8161b946cb1f,EVT-002576,USER-00155,search,2025-11-17T16:15:41.567375,SES-fe4b491e,mobile,Firefox,social,,,,,0.0,wireless headphones,0,0,0,
c81a8461-c038-4812-baad-de6a31185caf,EVT-002577,USER-00218,click,2025-12-07T21:20:05.271656,SES-18bf15d6,desktop,Safari,email,PROD-00003,Penfolds Grange,Red Wine,Wine,390.13,,276,0,0,
ea6ead54-89d8-4362-8084-dd59ac4c9b49,EVT-002578,USER-00107,search,2025-11-19T20:19:39.498142,SES-c0929162,desktop,Firefox,organic,,,,,0.0,home office chair,0,0,0,
5976384d-044e-41f9-98a5-4b702c66d7e6,EVT-002579,USER-00147,add_to_cart,2026-01-12T04:41:14.940141,SES-9ae51b97,mobile,Chrome,email,PROD-01416,REI Flash 55 Pack,Outdoor Gear,Sports,517.67,,0,1,0,
299c5a6f-9e81-4151-bb36-cc598d34f3b5,EVT-002580,USER-00048,wishlist,2026-01-12T07:43:34.298949,SES-35a7c6be,tablet,Safari,organic,PROD-01844,Samsung Galaxy Watch 6,Smartwatches,Electronics,790.52,,0,0,0,
d64f4610-f829-4467-bc37-271c3ee84dba,EVT-002581,USER-00154,search,2025-12-12T14:43:42.053537,SES-0a130d3b,tablet,Chrome,organic,,,,,0.0,red wine gift,0,0,0,
8848a1aa-addc-4b79-adbe-da58a8882f9c,EVT-002582,USER-00144,view,2025-11-23T00:55:28.764305,SES-673ceee3,tablet,Edge,direct,PROD-01196,Oral-B iO Series 9,Personal Care,Healthcare,285.71,,125,0,0,
7a2db604-2074-4daa-865d-fd850e779da8,EVT-002583,USER-00001,view,2025-11-19T05:50:49.189133,SES-fc3f61b0,desktop,Safari,direct,PROD-00512,Dom Pérignon Rosé 2009,Champagne,Wine,415.51,,398,0,0,
9153bd18-d517-4fec-9273-9489c7d76681,EVT-002584,USER-00023,search,2026-01-04T23:43:27.023040,SES-f7a9d43a,desktop,Chrome,social,,,,,0.0,gaming laptop,0,0,0,
53699f74-9012-4a0e-ba21-c9ad0d898864,EVT-002585,USER-00155,search,2025-12-08T06:18:25.617297,SES-dc0f494b,mobile,Firefox,social,,,,,0.0,wireless headphones,0,0,0,
3e88e126-22c0-40ab-b6a8-d3c5c6196cea,EVT-002586,USER-00218,click,2025-11-28T17:03:39.159374,SES-572073bc,desktop,Safari,email,PROD-00003,Penfolds Grange,Red Wine,Wine,390.13,,276,0,0,
25e8987a-1596-4f51-a395-e9850bb33db3,EVT-002587,USER-00107,search,2025-11-15T10:10:55.318789,SES-258d3fcc,desktop,Firefox,organic,,,,,0.0,home office chair,0,0,0,
f09830de-a7ce-4121-b6fa-4e66cfe5ad18,EVT-002588,USER-00147,add_to_cart,2025-11-29T19:38:52.922385,SES-cf09f629,mobile,Chrome,email,PROD-01416,REI Flash 55 Pack,Outdoor Gear,Sports,517.67,,0,1,0,
34c47733-0a65-4747-a3f9-cc3c5fe59334,EVT-002589,USER-00048,wishlist,2025-12-20T23:48:58.136466,SES-6e05e83c,tablet,Safari,organic,PROD-01844,Samsung Galaxy Watch 6,Smartwatches,Electronics,790.52,,0,0,0,
929bd5f5-6a81-480a-81cc-2ae704c1a07c,EVT-002590,USER-00154,search,2025-12-30T19:41:40.077804,SES-4effbfdb,tablet,Chrome,organic,,,,,0.0,red wine gift,0,0,0,
4d783b99-8249-4e5d-b53f-ed4b21f770e7,EVT-002591,USER-00144,view,2026-01-10T19:43:29.877342,SES-da6c1c2e,tablet,Edge,direct,PROD-01196,Oral-B iO Series 9,Personal Care,Healthcare,285.71,,125,0,0,
335e179e-3be8-4274-b091-b1cf00d2d841,EVT-002592,USER-00001,view,2025-11-04T04:58:33.183571,SES-ebd982b9,desktop,Safari,direct,PROD-00512,Dom Pérignon Rosé 2009,Champagne,Wine,415.51,,398,0,0,
49e49bb4-c68c-49da-932d-e2ac97cbace4,EVT-002593,USER-00023,search,2025-12-30T23:08:22.612358,SES-c60c8f1c,desktop,Chrome,social,,,,,0.0,gaming laptop,0,0,0,
1078416a-f99c-4886-ae5e-e29c9892e738,EVT-002594,USER-00155,search,2025-11-18T05:22:08.966933,SES-478d5d61,mobile,Firefox,social,,,,,0.0,wireless headphones,0,0,0,
4a2c9286-c190-468f-8504-88fa0d506423,EVT-002595,USER-00218,click,2025-12-23T12:16:45.889905,SES-c027fcce,desktop,Safari,email,PROD-00003,Penfolds Grange,Red Wine,Wine,390.13,,276,0,0,
2bfa5ec8-6a30-4159-9260-98e997919b81,EVT-002596,USER-00107,search,2025-11-24T04:56:52.441046,SES-5cd1c3b0,desktop,Firefox,organic,,,,,0.0,home office chair,0,0,0,
01a03526-8cbb-4fe5-8ea3-60266c4760f4,EVT-002597,USER-00147,add_to_cart,2025-12-10T12:31:55.539864,SES-9afcc2c4,mobile,Chrome,email,PROD-01416,REI Flash 55 Pack,Outdoor Gear,Sports,517.67,,0,1,0,
bd4a57a3-da40-4dd8-8a60-4f31c8a39577,EVT-002598,USER-00048,wishlist,2025-11-20T13:48:13.992530,SES-6979a27e,tablet,Safari,organic,PROD-01844,Samsung Galaxy Watch 6,Smartwatches,Electronics,790.52,,0,0,0,
6eacce16-a749-479e-bdba-200111cd48c2,EVT-002599,USER-00154,search,2026-01-02T11:52:56.261710,SES-6bfcb447,tablet,Chrome,organic,,,,,0.0,red wine gift,0,0,0,
5b7a78c3-4408-4beb-8a42-1e9af72123e0,EVT-002600,USER-00144,view,2025-12-14T00:42:50.425259,SES-dae38121,tablet,Edge,direct,PROD-01196,Oral-B iO Series 9,Personal Care,Healthcare,285.71,,125,0,0,
313424ae-447b-48a0-8bd3-1a135d24ec78,EVT-002601,USER-00001,view,2025-11-07T06:42:49.780074,SES-d4838420,desktop,Safari,direct,PROD-00512,Dom Pérignon Rosé 2009,Champagne,Wine,415.51,,398,0,0,
580f2171-6fe2-4efe-acfa-e0a4f4276b66,EVT-002602,USER-00023,search,2025-12-26T21:15:22.823807,SES-3cd9b6e8,desktop,Chrome,social,,,,,0.0,gaming laptop,0,0,0,
7494ff76-964a-46f5-af4a-ff9af85b2abd,EVT-002603,USER-00155,search,2026-01-09T12:36:38.733803,SES-c7324f5f,mobile,Firefox,social,,,,,0.0,wireless headphones,0,0,0,
bae781f4-49f4-4976-8357-42b7f6d301c5,EVT-002604,USER-00218,click,2025-12-19T03:30:07.514522,SES-96dda549,desktop,Safari,email,PROD-00003,Penfolds Grange,Red Wine,Wine,390.13,,276,0,0,
b7e71a30-39de-4d2b-bf86-c360caffed32,EVT-002605,USER-00107,search,2025-11-10T04:31:16.225163,SES-8d186a71,desktop,Firefox,organic,,,,,0.0,home office chair,0,0,0,
b25ed9f6-a28b-432d-b88b-a5e6c9820e0f,EVT-002606,USER-00147,add_to_cart,2026-01-01T18:25:02.522108,SES-9d7d7648,mobile,Chrome,email,PROD-01416,REI Flash 55 Pack,Outdoor Gear,Sports,517.67,,0,1,0,
ac89e1fd-c33b-47d4-9669-f0ec6b199618,EVT-002607,USER-00048,wishlist,2026-01-05T09:46:36.914993,SES-25ca3e08,tablet,Safari,organic,PROD-01844,Samsung Galaxy Watch 6,Smartwatches,Electronics,790.52,,0,0,0,
3bf55c04-e616-4670-a2a6-8e50d15aaf1f,EVT-002608,USER-00154,search,2025-11-08T03:35:03.234903,SES-afbd8ce8,tablet,Chrome,organic,,,,,0.0,red wine gift,0,0,0,
86f49c8d-01d0-413d-859b-50ff6222be0e,EVT-002609,USER-00144,view,2025-12-19T22:41:13.755476,SES-bfa942d7,tablet,Edge,direct,PROD-01196,Oral-B iO Series 9,Personal Care,Healthcare,285.71,,125,0,0,
6ec12668-c24a-492f-be42-6af8123e1087,EVT-002610,USER-00001,view,2025-12-06T09:33:37.430755,SES-dc301db7,desktop,Safari,direct,PROD-00512,Dom Pérignon Rosé 2009,Champagne,Wine,415.51,,398,0,0,
cd1c32f1-ac2d-4233-bd0d-7390908b2d86,EVT-002611,USER-00023,search,2025-11-13T18:42:18.535148,SES-7aa84fe8,desktop,Chrome,social,,,,,0.0,gaming laptop,0,0,0,
ad83cb21-6016-487b-81c9-37b14252f41e,EVT-002612,USER-00155,search,2025-12-05T06:19:03.640948,SES-f41452e8,mobile,Firefox,social,,,,,0.0,wireless headphones,0,0,0,
cd31bd44-dad3-46a2-8917-7e04b55d7aa8,EVT-002613,USER-00218,click,2025-11-16T00:56:08.078459,SES-db25244f,desktop,Safari,email,PROD-00003,Penfolds Grange,Red Wine,Wine,390.13,,276,0,0,
05268751-0fd3-4973-8890-bcda4ba060fa,EVT-002614,USER-00107,search,2025-12-12T19:25:30.665330,SES-834ce7cd,desktop,Firefox,organic,,,,,0.0,home office chair,0,0,0,
56b60092-205d-4d43-b9e7-e7d03d0005d5,EVT-002615,USER-00147,add_to_cart,2025-12-10T00:56:19.391890,SES-c9bcc660,mobile,Chrome,email,PROD-01416,REI Flash 55 Pack,Outdoor Gear,Sports,517.67,,0,1,0,
39a33396-5215-4011-ad38-94971a42a3e5,EVT-002616,USER-00048,wishlist,2025-11-04T20:13:49.199185,SES-a3dbb8f3,tablet,Safari,organic,PROD-01844,Samsung Galaxy Watch 6,Smartwatches,Electronics,790.52,,0,0,0,
884db573-49d2-4d0b-a852-fca099581ded,EVT-002617,USER-00154,search,2025-12-16T05:03:39.694583,SES-1a97644c,tablet,Chrome,organic,,,,,0.0,red wine gift,0,0,0,
b1b4e320-49cb-444a-808a-f35f7e93b58d,EVT-002618,USER-00144,view,2025-11-14T09:36:47.558679,SES-b5e00f78,tablet,Edge,direct,PROD-01196,Oral-B iO Series 9,Personal Care,Healthcare,285.71,,125,0,0,
4b23aaed-f076-404d-a0a8-9d02b68302fe,EVT-002619,USER-00001,view,2026-01-17T15:48:20.559107,SES-dc3c2f3a,desktop,Safari,direct,PROD-00512,Dom Pérignon Rosé 2009,Champagne,Wine,415.51,,398,0,0,
d1115dc0-35c2-4134-8f89-402b8698f953,EVT-002620,USER-00023,search,2026-01-03T20:27:48.569654,SES-6da10596,desktop,Chrome,social,,,,,0.0,gaming laptop,0,0,0,
b20f6e11-c4ce-471c-848b-c9e00a8454a9,EVT-002621,USER-00155,search,2026-01-19T05:17:24.195051,SES-570d4fc7,mobile,Firefox,social,,,,,0.0,wireless headphones,0,0,0,
72142416-b893-4318-bcea-b667d03c42c9,EVT-002622,USER-00218,click,2025-10-22T23:11:34.756825,SES-1cf19345,desktop,Safari,email,PROD-00003,Penfolds Grange,Red Wine,Wine,390.13,,276,0,0,
29c6eb97-5f0a-455e-af00-b04349406cd9,EVT-002623,USER-00107,search,2025-11-08T16:13:14.817227,SES-fa6daafa,desktop,Firefox,organic,,,,,0.0,home office chair,0,0,0,
4446e1cf-5274-4ca5-a0ca-4d8e04170bd1,EVT-002624,USER-00147,add_to_cart,2026-01-14T17:50:22.656936,SES-4f1996f0,mobile,Chrome,email,PROD-01416,REI Flash 55 Pack,Outdoor Gear,Sports,517.67,,0,1,0,
7a571c97-2716-4f35-95d0-2ea1ec80b1d4,EVT-002625,USER-00048,wishlist,2026-01-14T04:11:47.205214,SES-30c9927a,tablet,Safari,organic,PROD-01844,Samsung Galaxy Watch 6,Smartwatches,Electronics,790.52,,0,0,0,
352297fe-25cb-47fe-b8ac-e2c97895651d,EVT-002626,USER-00154,search,2025-12-02T14:25:08.160187,SES-69f7cc4c,tablet,Chrome,organic,,,,,0.0,red wine gift,0,0,0,
4cd6a302-c4b3-4a6d-8238-e75c4efccdf7,EVT-002627,USER-00144,view,2026-01-19T20:22:48.785803,SES-e9ff5ec2,tablet,Edge,direct,PROD-01196,Oral-B iO Series 9,Personal Care,Healthcare,285.71,,125,0,0,
d8d43944-2f83-49f4-9fbd-d711720d2bbc,EVT-002628,USER-00001,view,2025-12-14T04:40:36.127544,SES-b5e11ac4,desktop,Safari,direct,PROD-00512,Dom Pérignon Rosé 2009,Champagne,Wine,415.51,,398,0,0,
c9cc966d-5b18-45f6-98a8-bb943ff36b76,EVT-002629,USER-00023,search,2025-11-16T14:39:14.774704,SES-f465f997,desktop,Chrome,social,,,,,0.0,gaming laptop,0,0,0,
6beb290f-5dce-4626-a12e-e15d90a2f090,EVT-002630,USER-00155,search,2025-12-12T17:50:09.511266,SES-bfe0f286,mobile,Firefox,social,,,,,0.0,wireless headphones,0,0,0,
b1a5ea1a-fdc5-42e2-8454-e2010b809234,EVT-002631,USER-00218,click,2025-11-09T14:23:11.557342,SES-d78340ff,desktop,Safari,email,PROD-00003,Penfolds Grange,Red Wine,Wine,390.13,,276,0,0,
cb772cf0-712f-4176-a433-52a6a69cbd6c,EVT-002632,USER-00107,search,2025-10-27T06:16:51.879559,SES-21e832c6,desktop,Firefox,organic,,,,,0.0,home office chair,0,0,0,
5d73a376-37ec-49fa-989b-a015d0c75f3b,EVT-002633,USER-00147,add_to_cart,2025-11-30T03:59:01.940067,SES-1cea8171,mobile,Chrome,email,PROD-01416,REI Flash 55 Pack,Outdoor Gear,Sports,517.67,,0,1,0,
dec31324-0092-4447-a6cf-7efbbc394a42,EVT-002634,USER-00048,wishlist,2026-01-19T00:36:03.239699,SES-039c17d0,tablet,Safari,organic,PROD-01844,Samsung Galaxy Watch 6,Smartwatches,Electronics,790.52,,0,0,0,
0f0ca1a8-1613-4cd7-8d56-30d39cfe5ef4,EVT-002635,USER-00154,search,2025-12-15T05:55:23.318058,SES-cbc06a3e,tablet,Chrome,organic,,,,,0.0,red wine gift,0,0,0,
0f6a4185-9b92-4289-8383-9ddb8bd4e3a7,EVT-002636,USER-00144,view,2025-12-04T13:05:28.772209,SES-7d56b6a9,tablet,Edge,direct,PROD-01196,Oral-B iO Series 9,Personal Care,Healthcare,285.71,,125,0,0,
d7de5626-8aab-4e40-bdc3-0ff1f339a588,EVT-002637,USER-00001,view,2025-11-26T11:48:25.362381,SES-03dce54b,desktop,Safari,direct,PROD-00512,Dom Pérignon Rosé 2009,Champagne,Wine,415.51,,398,0,0,
a6d46aa5-9a63-4d75-848f-d35af2f3d1bd,EVT-002638,USER-00023,search,2025-11-02T10:08:12.559842,SES-ac8e707a,desktop,Chrome,social,,,,,0.0,gaming laptop,0,0,0,
83bb4477-a935-4d9c-a84f-5bb721136791,EVT-002639,USER-00155,search,2025-11-07T23:19:20.364969,SES-14870ce9,mobile,Firefox,social,,,,,0.0,wireless headphones,0,0,0,
cd14915a-703c-4349-8c2c-ac11a701cab4,EVT-002640,USER-00218,click,2025-11-24T04:37:10.439346,SES-945badc3,desktop,Safari,email,PROD-00003,Penfolds Grange,Red Wine,Wine,390.13,,276,0,0,
28f46dfd-c6c2-42cc-9969-027a7e170e40,EVT-002641,USER-00107,search,2026-01-02T18:56:37.151601,SES-49853ceb,desktop,Firefox,organic,,,,,0.0,home office chair,0,0,0,
fde014f2-2475-49f2-8c59-01d80a1b3ad1,EVT-002642,USER-00147,add_to_cart,2025-10-27T13:51:38.677666,SES-d44795af,mobile,Chrome,email,PROD-01416,REI Flash 55 Pack,Outdoor Gear,Sports,517.67,,0,1,0,
24a535c9-d57b-4838-bfdb-d103ec1c92fa,EVT-002643,USER-00048,wishlist,2026-01-06T22:02:00.560894,SES-1fcd9f75,tablet,Safari,organic,PROD-01844,Samsung Galaxy Watch 6,Smartwatches,Electronics,790.52,,0,0,0,
16fae6dd-b7e6-4f02-9141-32ef2e22bcfb,EVT-002644,USER-00154,search,2025-11-16T15:13:30.426348,SES-15cc6dbc,tablet,Chrome,organic,,,,,0.0,red wine gift,0,0,0,
33a72e0f-d191-4b67-98d2-91590426c997,EVT-002645,USER-00144,view,2025-12-11T00:52:33.680424,SES-f1433aa6,tablet,Edge,direct,PROD-01196,Oral-B iO Series 9,Personal Care,Healthcare,285.71,,125,0,0,
d07c4612-065c-487d-9625-aae0e461fcde,EVT-002646,USER-00001,view,2025-11-15T19:54:39.516774,SES-d73adeae,desktop,Safari,direct,PROD-00512,Dom Pérignon Rosé 2009,Champagne,Wine,415.51,,398,0,0,
ac7f55c6-89be-4090-819c-6e752ea4bb6a,EVT-002647,USER-00023,search,2026-01-01T05:17:48.082109,SES-3be5573b,desktop,Chrome,social,,,,,0.0,gaming laptop,0,0,0,
f8a1fa9b-d467-4c45-aecc-cd93f803b902,EVT-002648,USER-00155,search,2026-01-13T23:45:04.969624,SES-e9b68995,mobile,Firefox,social,,,,,0.0,wireless headphones,0,0,0,
1a6ca3fd-3c9f-4be0-ab57-64e829007982,EVT-002649,USER-00218,click,2025-12-23T11:27:37.931712,SES-0ed1a7ee,desktop,Safari,email,PROD-00003,Penfolds Grange,Red Wine,Wine,390.13,,276,0,0,
e743a8dc-8609-4b4c-b7d8-1b9bfde6d895,EVT-002650,USER-00107,search,2025-11-10T02:42:15.945860,SES-a1592d70,desktop,Firefox,organic,,,,,0.0,home office chair,0,0,0,
d78e9ec7-6e3c-45ee-a8e3-8ed646b693c0,EVT-002651,USER-00147,add_to_cart,2026-01-10T21:22:08.524688,SES-7834cdae,mobile,Chrome,email,PROD-01416,REI Flash 55 Pack,Outdoor Gear,Sports,517.67,,0,1,0,
c238ae42-f4c0-4311-8ea6-2a8936cbcec4,EVT-002652,USER-00048,wishlist,2025-12-12T15:55:17.631557,SES-78cbba2e,tablet,Safari,organic,PROD-01844,Samsung Galaxy Watch 6,Smartwatches,Electronics,790.52,,0,0,0,
ae958014-9f44-42c3-ab28-b04a37b9da20,EVT-002653,USER-00154,search,2025-10-23T13:25:31.019840,SES-063d9088,tablet,Chrome,organic,,,,,0.0,red wine gift,0,0,0,
7b147fb2-2f69-40e7-ac89-9b9d375c0e57,EVT-002654,USER-00144,view,2025-11-22T01:21:53.427384,SES-6552e3f3,tablet,Edge,direct,PROD-01196,Oral-B iO Series 9,Personal Care,Healthcare,285.71,,125,0,0,
95d72d7a-8db8-4f99-8f30-9223906f5b47,EVT-002655,USER-00001,view,2025-12-17T20:45:13.537601,SES-d81f8648,desktop,Safari,direct,PROD-00512,Dom Pérignon Rosé 2009,Champagne,Wine,415.51,,398,0,0,
5264c99d-420d-4cc7-bfa0-fbb0b09d2233,EVT-002656,USER-00023,search,2025-11-16T14:49:53.502812,SES-0c97f504,desktop,Chrome,social,,,,,0.0,gaming laptop,0,0,0,
8763d996-1b21-4a02-aa1c-9600a3d1824d,EVT-002657,USER-00155,search,2025-11-30T08:30:35.352479,SES-4a8f49aa,mobile,Firefox,social,,,,,0.0,wireless headphones,0,0,0,
8f04dae2-f89a-45df-926f-ff107e002604,EVT-002658,USER-00218,click,2025-11-12T09:59:27.267829,SES-36eda20f,desktop,Safari,email,PROD-00003,Penfolds Grange,Red Wine,Wine,390.13,,276,0,0,
b246fc74-3066-4820-893c-4820a6e77522,EVT-002659,USER-00107,search,2025-12-17T07:41:23.345425,SES-06b187cd,desktop,Firefox,organic,,,,,0.0,home office chair,0,0,0,
c2af5449-2ea3-4e05-9354-8a10d3d2cfd3,EVT-002660,USER-00147,add_to_cart,2025-12-13T00:40:08.571441,SES-49a6c858,mobile,Chrome,email,PROD-01416,REI Flash 55 Pack,Outdoor Gear,Sports,517.67,,0,1,0,
ddf31e8d-22a2-451f-9170-172da6c67a03,EVT-002661,USER-00048,wishlist,2025-11-15T16:17:07.399785,SES-62c63211,tablet,Safari,organic,PROD-01844,Samsung Galaxy Watch 6,Smartwatches,Electronics,790.52,,0,0,0,
ebaf703b-81e0-4649-b458-b7a1b31b0e38,EVT-002662,USER-00154,search,2025-12-11T09:47:10.415648,SES-4acef94c,tablet,Chrome,organic,,,,,0.0,red wine gift,0,0,0,
e9c25f29-a6c4-4c54-876c-768aed1367a9,EVT-002663,USER-00144,view,2026-01-06T08:11:41.939105,SES-636da246,tablet,Edge,direct,PROD-01196,Oral-B iO Series 9,Personal Care,Healthcare,285.71,,125,0,0,
2c4515bd-9cf7-4cad-bb5f-ff1dc613fedc,EVT-002664,USER-00001,view,2025-11-05T07:48:51.718764,SES-e3f0dad3,desktop,Safari,direct,PROD-00512,Dom Pérignon Rosé 2009,Champagne,Wine,415.51,,398,0,0,
e24f43f9-15dc-41f0-9e96-1b1ab18d43a1,EVT-002665,USER-00023,search,2025-12-11T12:09:00.895820,SES-1d47256c,desktop,Chrome,social,,,,,0.0,gaming laptop,0,0,0,
cc700967-0ba9-41d0-ac19-c536dd5e0a20,EVT-002666,USER-00155,search,2025-11-20T04:14:47.568143,SES-654bf4a7,mobile,Firefox,social,,,,,0.0,wireless headphones,0,0,0,
e9c7ffa6-cdce-4ff3-9f7b-b982fe4222b9,EVT-002667,USER-00218,click,2025-11-11T11:03:37.040472,SES-f4e22581,desktop,Safari,email,PROD-00003,Penfolds Grange,Red Wine,Wine,390.13,,276,0,0,
ecb1d099-eb7a-473c-a342-ef4e035fc1e3,EVT-002668,USER-00107,search,2026-01-03T04:28:13.355035,SES-5bca1eea,desktop,Firefox,organic,,,,,0.0,home office chair,0,0,0,
ef4d40e6-b37a-4b12-a6c1-4cf1c4e2fe47,EVT-002669,USER-00147,add_to_cart,2026-01-04T22:23:38.233465,SES-9bf595f6,mobile,Chrome,email,PROD-01416,REI Flash 55 Pack,Outdoor Gear,Sports,517.67,,0,1,0,
4b002e24-73b4-43d5-ad4d-494f49c468e6,EVT-002670,USER-00048,wishlist,2025-11-09T22:55:16.041564,SES-913a35c1,tablet,Safari,organic,PROD-01844,Samsung Galaxy Watch 6,Smartwatches,Electronics,790.52,,0,0,0,
4fe3a93b-d9a6-461e-8bac-51da06049267,EVT-002671,USER-00154,search,2025-12-17T03:20:12.627601,SES-1e8e1c79,tablet,Chrome,organic,,,,,0.0,red wine gift,0,0,0,
6ca39590-6156-4d70-a5e1-47b957b36ade,EVT-002672,USER-00144,view,2026-01-16T13:47:54.519714,SES-1003bc60,tablet,Edge,direct,PROD-01196,Oral-B iO Series 9,Personal Care,Healthcare,285.71,,125,0,0,
eeff8c2e-80ba-4a93-a6ea-e0ec28165cad,EVT-002673,USER-00001,view,2025-10-30T21:04:48.191073,SES-32c162bb,desktop,Safari,direct,PROD-00512,Dom Pérignon Rosé 2009,Champagne,Wine,415.51,,398,0,0,
0b397cea-0b4a-4823-9e8f-8dd2a4601073,EVT-002674,USER-00023,search,2025-12-28T07:31:16.702450,SES-6f334ae0,desktop,Chrome,social,,,,,0.0,gaming laptop,0,0,0,
f49897f3-7bc5-4936-8944-ed0e0a1237dc,EVT-002675,USER-00155,search,2026-01-18T18:04:07.334972,SES-278d07d9,mobile,Firefox,social,,,,,0.0,wireless headphones,0,0,0,
9505734a-d884-4d4f-acff-955a0fc624bb,EVT-002676,USER-00218,click,2025-11-15T22:45:03.935356,SES-e80017e3,desktop,Safari,email,PROD-00003,Penfolds Grange,Red Wine,Wine,390.13,,276,0,0,
48514a6e-7995-4aef-a307-303d343a9b70,EVT-002677,USER-00107,search,2025-12-05T10:27:05.032241,SES-07c455a9,desktop,Firefox,organic,,,,,0.0,home office chair,0,0,0,
7b7481e0-8f33-4dc7-824a-8b4a77ae014f,EVT-002678,USER-00147,add_to_cart,2025-10-31T06:48:46.128241,SES-c56a28e5,mobile,Chrome,email,PROD-01416,REI Flash 55 Pack,Outdoor Gear,Sports,517.67,,0,1,0,
cc04f3dd-da16-4cdb-9f35-afdebe671b56,EVT-002679,USER-00048,wishlist,2026-01-06T18:09:42.521991,SES-7ed88696,tablet,Safari,organic,PROD-01844,Samsung Galaxy Watch 6,Smartwatches,Electronics,790.52,,0,0,0,
0b32a48e-2881-42ee-b114-81642ec71774,EVT-002680,USER-00154,search,2025-11-11T13:26:19.827302,SES-aced0ac1,tablet,Chrome,organic,,,,,0.0,red wine gift,0,0,0,
f300300c-0899-4760-8008-bbc9c1e6c79d,EVT-002681,USER-00144,view,2025-12-03T00:40:13.423370,SES-1d3b5545,tablet,Edge,direct,PROD-01196,Oral-B iO Series 9,Personal Care,Healthcare,285.71,,125,0,0,
8b1999f0-623e-40e0-b1b8-fa9966045204,EVT-002682,USER-00001,view,2025-11-06T13:55:26.536629,SES-1e0bd324,desktop,Safari,direct,PROD-00512,Dom Pérignon Rosé 2009,Champagne,Wine,415.51,,398,0,0,
ffb32c7a-5618-44a4-adb6-e23a754ac729,EVT-002683,USER-00023,search,2025-11-07T06:59:21.222397,SES-71f4fcd8,desktop,Chrome,social,,,,,0.0,gaming laptop,0,0,0,
9d2d363e-dce9-4c3b-869b-d0c4f71cb396,EVT-002684,USER-00155,search,2025-11-11T12:04:26.417377,SES-420435bb,mobile,Firefox,social,,,,,0.0,wireless headphones,0,0,0,
a98e1ba5-6ab9-4db9-908a-423b6961647e,EVT-002685,USER-00218,click,2025-11-01T08:05:30.607874,SES-850de506,desktop,Safari,email,PROD-00003,Penfolds Grange,Red Wine,Wine,390.13,,276,0,0,
d8de8ce1-21e1-4ff9-a62f-3b0ccd8b20b8,EVT-002686,USER-00107,search,2025-11-13T03:52:51.299470,SES-85053350,desktop,Firefox,organic,,,,,0.0,home office chair,0,0,0,
b3fd54ec-a129-4b33-8792-947a3944ad6f,EVT-002687,USER-00147,add_to_cart,2025-11-19T10:29:01.177872,SES-7d31fc7b,mobile,Chrome,email,PROD-01416,REI Flash 55 Pack,Outdoor Gear,Sports,517.67,,0,1,0,
771d063d-4298-4488-be14-3ed80a2739c2,EVT-002688,USER-00048,wishlist,2025-12-13T20:09:11.753129,SES-f0b849e6,tablet,Safari,organic,PROD-01844,Samsung Galaxy Watch 6,Smartwatches,Electronics,790.52,,0,0,0,
262bc9b0-eb08-4426-8da1-d4522a1eaa49,EVT-002689,USER-00154,search,2025-12-15T15:31:24.216406,SES-57b4487b,tablet,Chrome,organic,,,,,0.0,red wine gift,0,0,0,
3cef0260-d77c-42fb-959e-f50ed9a899b1,EVT-002690,USER-00144,view,2025-11-26T11:24:54.809241,SES-9ca12172,tablet,Edge,direct,PROD-01196,Oral-B iO Series 9,Personal Care,Healthcare,285.71,,125,0,0,
b732d84c-fd4e-4392-992a-7d335b6632d2,EVT-002691,USER-00001,view,2025-11-10T21:03:13.621631,SES-aca4e540,desktop,Safari,direct,PROD-00512,Dom Pérignon Rosé 2009,Champagne,Wine,415.51,,398,0,0,
d19204a4-989e-4511-9399-22cd7ee2bc92,EVT-002692,USER-00023,search,2025-10-31T16:55:40.787518,SES-19a6402e,desktop,Chrome,social,,,,,0.0,gaming laptop,0,0,0,
f2eed826-ff68-425e-a757-db5129585552,EVT-002693,USER-00155,search,2025-10-30T01:14:59.736031,SES-937d828d,mobile,Firefox,social,,,,,0.0,wireless headphones,0,0,0,
0a0a033f-bc01-4b81-b468-4f2bf6decb90,EVT-002694,USER-00218,click,2025-12-25T18:58:26.891175,SES-65369c3c,desktop,Safari,email,PROD-00003,Penfolds Grange,Red Wine,Wine,390.13,,276,0,0,
6877771f-3c3a-41c5-a4fc-45ef4a87a230,EVT-002695,USER-00107,search,2025-12-01T11:59:44.275843,SES-3f29d3dc,desktop,Firefox,organic,,,,,0.0,home office chair,0,0,0,
de775525-aa50-4513-8930-0ed198821c41,EVT-002696,USER-00147,add_to_cart,2025-12-28T04:43:52.287591,SES-927b49ff,mobile,Chrome,email,PROD-01416,REI Flash 55 Pack,Outdoor Gear,Sports,517.67,,0,1,0,
3da840af-8a8c-4d86-8c3e-556190a09a71,EVT-002697,USER-00048,wishlist,2025-11-26T06:36:11.648419,SES-7bbe982d,tablet,Safari,organic,PROD-01844,Samsung Galaxy Watch 6,Smartwatches,Electronics,790.52,,0,0,0,
be414564-a8ee-4d7a-abf1-7d1d63bdb1d2,EVT-002698,USER-00154,search,2025-12-17T00:39:01.519160,SES-b652bc90,tablet,Chrome,organic,,,,,0.0,red wine gift,0,0,0,
374ea470-6823-4a4a-9b20-026833345d5f,EVT-002699,USER-00144,view,2025-11-25T21:17:14.642972,SES-b4366f22,tablet,Edge,direct,PROD-01196,Oral-B iO Series 9,Personal Care,Healthcare,285.71,,125,0,0,
ded93f81-64a8-48d0-996a-32daedfb9aae,EVT-002700,USER-00001,view,2025-12-10T09:16:03.697974,SES-37c38968,desktop,Safari,direct,PROD-00512,Dom Pérignon Rosé 2009,Champagne,Wine,415.51,,398,0,0,
2c0623c1-e2c3-4c7a-a9ec-06189d19a257,EVT-002701,USER-00023,search,2025-11-16T03:03:30.394384,SES-149ee2e8,desktop,Chrome,social,,,,,0.0,gaming laptop,0,0,0,
72289030-e9e3-4ce9-a63b-b14b438f0ddb,EVT-002702,USER-00155,search,2026-01-10T00:50:15.820736,SES-ab0ba10d,mobile,Firefox,social,,,,,0.0,wireless headphones,0,0,0,
e0ac8978-f214-4349-a4d0-da5b475d2149,EVT-002703,USER-00218,click,2025-12-05T21:49:08.174159,SES-90cdc99b,desktop,Safari,email,PROD-00003,Penfolds Grange,Red Wine,Wine,390.13,,276,0,0,
113ed447-463d-47a5-8097-95d4242a3eec,EVT-002704,USER-00107,search,2026-01-01T17:38:44.402719,SES-f3187437,desktop,Firefox,organic,,,,,0.0,home office chair,0,0,0,
ca096250-ad1a-42f1-81c1-8680de1e0a99,EVT-002705,USER-00147,add_to_cart,2025-12-08T19:50:11.516031,SES-9645d7de,mobile,Chrome,email,PROD-01416,REI Flash 55 Pack,Outdoor Gear,Sports,517.67,,0,1,0,
ec2af5bb-f8f9-46cb-8cfc-0d10d1303ffa,EVT-002706,USER-00048,wishlist,2025-11-20T15:49:44.206675,SES-7500a099,tablet,Safari,organic,PROD-01844,Samsung Galaxy Watch 6,Smartwatches,Electronics,790.52,,0,0,0,
495ae4b9-b3a5-4948-a24c-227372830fde,EVT-002707,USER-00154,search,2025-12-06T14:02:44.006256,SES-6a55dcf5,tablet,Chrome,organic,,,,,0.0,red wine gift,0,0,0,
c20804af-2796-42e2-9f10-5b23207436e9,EVT-002708,USER-00144,view,2025-12-17T01:54:49.799361,SES-1a3c0e4d,tablet,Edge,direct,PROD-01196,Oral-B iO Series 9,Personal Care,Healthcare,285.71,,125,0,0,
96da08f6-d476-4352-b304-74d9a3968648,EVT-002709,USER-00001,view,2026-01-06T02:41:20.578759,SES-fb37697a,desktop,Safari,direct,PROD-00512,Dom Pérignon Rosé 2009,Champagne,Wine,415.51,,398,0,0,
de39e179-993c-4624-91f8-dea2dc25dbf7,EVT-002710,USER-00023,search,2025-12-16T06:17:33.406689,SES-8c5ed205,desktop,Chrome,social,,,,,0.0,gaming laptop,0,0,0,
2d469773-f398-4875-8fd3-7e4ed61b372f,EVT-002711,USER-00155,search,2025-11-25T05:43:55.146875,SES-9ed04193,mobile,Firefox,social,,,,,0.0,wireless headphones,0,0,0,
323cc87b-8914-4e09-a7e3-cee0e068bbb9,EVT-002712,USER-00218,click,2025-12-24T23:36:06.869201,SES-b4b1f13f,desktop,Safari,email,PROD-00003,Penfolds Grange,Red Wine,Wine,390.13,,276,0,0,
2db2b951-b0b4-416f-a6a1-52f0a1ef3650,EVT-002713,USER-00107,search,2025-12-15T18:11:44.788717,SES-be8039ee,desktop,Firefox,organic,,,,,0.0,home office chair,0,0,0,
e9c91463-3979-4bb2-9d12-d10e075d7077,EVT-002714,USER-00147,add_to_cart,2025-12-24T13:49:20.702991,SES-06ecf01f,mobile,Chrome,email,PROD-01416,REI Flash 55 Pack,Outdoor Gear,Sports,517.67,,0,1,0,
dbdf16bc-192d-4fdd-95cf-17b68e488e42,EVT-002715,USER-00048,wishlist,2025-11-25T15:53:27.357854,SES-e91290cd,tablet,Safari,organic,PROD-01844,Samsung Galaxy Watch 6,Smartwatches,Electronics,790.52,,0,0,0,
cc9cfbba-0059-48a0-b1c3-6b6aa3f31040,EVT-002716,USER-00154,search,2026-01-01T14:22:01.943363,SES-86f70bfc,tablet,Chrome,organic,,,,,0.0,red wine gift,0,0,0,
39e617d2-9412-4508-92c8-9593b7623012,EVT-002717,USER-00144,view,2025-11-10T07:32:19.960746,SES-9bff7b93,tablet,Edge,direct,PROD-01196,Oral-B iO Series 9,Personal Care,Healthcare,285.71,,125,0,0,
cbe100d9-d4bd-4dc0-8488-12333fffe837,EVT-002718,USER-00001,view,2025-11-19T22:50:00.808860,SES-e961ce8f,desktop,Safari,direct,PROD-00512,Dom Pérignon Rosé 2009,Champagne,Wine,415.51,,398,0,0,
a220f2dd-0a90-4b9e-9ef4-3fbbc33f52a1,EVT-002719,USER-00023,search,2025-11-28T03:09:25.366644,SES-b73aad1a,desktop,Chrome,social,,,,,0.0,gaming laptop,0,0,0,
59128a2a-0bd7-43d3-8f23-92cee37eda67,EVT-002720,USER-00155,search,2025-11-14T01:28:11.773627,SES-b291c8f8,mobile,Firefox,social,,,,,0.0,wireless headphones,0,0,0,
38d1070e-32d4-4a38-b5e3-17f4ba10cf53,EVT-002721,USER-00218,click,2025-11-17T20:00:08.452197,SES-79b9d14a,desktop,Safari,email,PROD-00003,Penfolds Grange,Red Wine,Wine,390.13,,276,0,0,
b73ad7ea-b67b-42ee-a25e-008aa0ae3f5a,EVT-002722,USER-00107,search,2025-11-12T10:52:13.232108,SES-2052fd0d,desktop,Firefox,organic,,,,,0.0,home office chair,0,0,0,
971ed726-76f5-4e9b-abf3-4fadc96b88f7,EVT-002723,USER-00147,add_to_cart,2025-12-15T17:04:37.505743,SES-9713881e,mobile,Chrome,email,PROD-01416,REI Flash 55 Pack,Outdoor Gear,Sports,517.67,,0,1,0,
443e4e64-3338-4d11-918b-3519799f9689,EVT-002724,USER-00048,wishlist,2025-12-03T22:42:58.478527,SES-deea42c4,tablet,Safari,organic,PROD-01844,Samsung Galaxy Watch 6,Smartwatches,Electronics,790.52,,0,0,0,
6f95cf92-c913-45b2-9e88-6811b52f26a6,EVT-002725,USER-00154,search,2025-10-24T20:34:20.009236,SES-9248fa01,tablet,Chrome,organic,,,,,0.0,red wine gift,0,0,0,
7e90f161-4ec6-4a8d-a5f1-53b9d46743ec,EVT-002726,USER-00144,view,2026-01-14T20:18:34.764176,SES-36e8b6e6,tablet,Edge,direct,PROD-01196,Oral-B iO Series 9,Personal Care,Healthcare,285.71,,125,0,0,
9f4768d6-e469-4d2c-8b1e-4e7655e5000e,EVT-002727,USER-00001,view,2025-11-13T15:20:00.843814,SES-f17a3b78,desktop,Safari,direct,PROD-00512,Dom Pérignon Rosé 2009,Champagne,Wine,415.51,,398,0,0,
c01a7aa8-9f79-4870-89ff-2e08eda8ffcc,EVT-002728,USER-00023,search,2025-12-24T10:54:39.169388,SES-b425cc7f,desktop,Chrome,social,,,,,0.0,gaming laptop,0,0,0,
b04d0980-b04f-4c39-8364-fb85dc481b5e,EVT-002729,USER-00155,search,2025-12-02T08:59:13.395232,SES-6ecf3693,mobile,Firefox,social,,,,,0.0,wireless headphones,0,0,0,
2f7832ca-b0b9-4c42-b6c4-b37c5271c687,EVT-002730,USER-00218,click,2026-01-02T16:21:12.573728,SES-648d330f,desktop,Safari,email,PROD-00003,Penfolds Grange,Red Wine,Wine,390.13,,276,0,0,
39fd0b21-4eb6-44a2-8817-dc86da4f35b6,EVT-002731,USER-00107,search,2025-11-26T16:05:42.174738,SES-582c2cbd,desktop,Firefox,organic,,,,,0.0,home office chair,0,0,0,
bf15cb6d-fbb0-4549-bda9-508519cd3375,EVT-002732,USER-00147,add_to_cart,2025-11-22T17:44:01.950684,SES-b2e4ae04,mobile,Chrome,email,PROD-01416,REI Flash 55 Pack,Outdoor Gear,Sports,517.67,,0,1,0,
325d5299-ef8e-4509-ac2c-991fede0ebc4,EVT-002733,USER-00048,wishlist,2025-11-25T23:01:59.972644,SES-9189ca73,tablet,Safari,organic,PROD-01844,Samsung Galaxy Watch 6,Smartwatches,Electronics,790.52,,0,0,0,
e7a06aa3-095b-4f55-9d5f-3257eeb60e99,EVT-002734,USER-00154,search,2025-12-05T20:36:15.302262,SES-7c2c95ae,tablet,Chrome,organic,,,,,0.0,red wine gift,0,0,0,
de84db26-ec28-4f68-bb87-a2595fd8d277,EVT-002735,USER-00144,view,2025-12-26T20:21:41.929611,SES-af6710e2,tablet,Edge,direct,PROD-01196,Oral-B iO Series 9,Personal Care,Healthcare,285.71,,125,0,0,
080bf2aa-d8b9-4a63-b6ae-e828238952d6,EVT-002736,USER-00001,view,2026-01-12T11:58:56.162573,SES-ab680b70,desktop,Safari,direct,PROD-00512,Dom Pérignon Rosé 2009,Champagne,Wine,415.51,,398,0,0,
83ba6991-e9f0-4d97-8cb4-0d7471dfa4fb,EVT-002737,USER-00023,search,2025-10-30T17:22:17.998638,SES-620982fb,desktop,Chrome,social,,,,,0.0,gaming laptop,0,0,0,
3e36acb2-6d85-407b-917b-93af4757d658,EVT-002738,USER-00155,search,2025-11-14T14:46:32.479892,SES-8893e09e,mobile,Firefox,social,,,,,0.0,wireless headphones,0,0,0,
56fe7d05-95d1-4510-a0a4-c321eef91abc,EVT-002739,USER-00218,click,2025-11-12T05:49:07.958030,SES-5108f6a5,desktop,Safari,email,PROD-00003,Penfolds Grange,Red Wine,Wine,390.13,,276,0,0,
debed82f-1dcf-44dc-9fe6-b056d0d70dfb,EVT-002740,USER-00107,search,2025-11-24T15:58:50.803222,SES-12bb023f,desktop,Firefox,organic,,,,,0.0,home office chair,0,0,0,
b0670881-46ac-491b-849c-fb7f01442507,EVT-002741,USER-00147,add_to_cart,2026-01-20T09:52:12.454850,SES-d68c0191,mobile,Chrome,email,PROD-01416,REI Flash 55 Pack,Outdoor Gear,Sports,517.67,,0,1,0,
42979288-49ab-4b4f-8ed7-aea49d392840,EVT-002742,USER-00048,wishlist,2025-12-04T17:45:45.118660,SES-178c4bbe,tablet,Safari,organic,PROD-01844,Samsung Galaxy Watch 6,Smartwatches,Electronics,790.52,,0,0,0,
f3e6666a-5ec3-4203-9149-e1b41fed016a,EVT-002743,USER-00154,search,2025-11-06T20:11:09.921544,SES-1225d9fa,tablet,Chrome,organic,,,,,0.0,red wine gift,0,0,0,
382ecbd5-8d66-46dc-8880-6236f7ab1cbf,EVT-002744,USER-00144,view,2026-01-07T12:00:48.650893,SES-67e2c5ac,tablet,Edge,direct,PROD-01196,Oral-B iO Series 9,Personal Care,Healthcare,285.71,,125,0,0,
caad9b44-bbf5-4ecf-888f-25de6e4484ae,EVT-002745,USER-00001,view,2025-12-19T17:21:19.578312,SES-9a71e21c,desktop,Safari,direct,PROD-00512,Dom Pérignon Rosé 2009,Champagne,Wine,415.51,,398,0,0,
50cd8cd6-86a2-4280-8cca-a68fb1c62596,EVT-002746,USER-00023,search,2025-12-15T14:12:12.194752,SES-764d800f,desktop,Chrome,social,,,,,0.0,gaming laptop,0,0,0,
97b019d0-9b92-4264-9d41-91dd96c7908a,EVT-002747,USER-00155,search,2026-01-03T14:02:35.385379,SES-81ae2b68,mobile,Firefox,social,,,,,0.0,wireless headphones,0,0,0,
1bc6a525-d560-471e-918f-607a4c5cb444,EVT-002748,USER-00218,click,2026-01-06T19:17:08.209443,SES-3dc4ee1c,desktop,Safari,email,PROD-00003,Penfolds Grange,Red Wine,Wine,390.13,,276,0,0,
d7f651f5-ed55-457b-bbb5-08812a688ecb,EVT-002749,USER-00107,search,2026-01-18T19:07:29.795401,SES-310ff14f,desktop,Firefox,organic,,,,,0.0,home office chair,0,0,0,
b218a0d4-30c3-4683-92ed-3e1bcdb123f4,EVT-002750,USER-00147,add_to_cart,2025-11-24T11:36:40.627284,SES-c2334d97,mobile,Chrome,email,PROD-01416,REI Flash 55 Pack,Outdoor Gear,Sports,517.67,,0,1,0,
900fdb1f-ee76-464d-8903-db00a6e6b161,EVT-002751,USER-00048,wishlist,2025-12-30T03:16:12.834898,SES-8980c32d,tablet,Safari,organic,PROD-01844,Samsung Galaxy Watch 6,Smartwatches,Electronics,790.52,,0,0,0,
8a7ecdfe-ed35-4aa1-9c6c-5b7c0af5519f,EVT-002752,USER-00154,search,2025-10-30T18:28:36.170117,SES-c746f771,tablet,Chrome,organic,,,,,0.0,red wine gift,0,0,0,
9ab73e09-785f-416e-854d-5c198d73468a,EVT-002753,USER-00144,view,2026-01-13T02:22:18.960966,SES-a3b3faec,tablet,Edge,direct,PROD-01196,Oral-B iO Series 9,Personal Care,Healthcare,285.71,,125,0,0,
014a436a-99de-43e0-9d86-4fb862c7b2d4,EVT-002754,USER-00001,view,2025-10-30T23:40:11.846140,SES-ce8bd4ca,desktop,Safari,direct,PROD-00512,Dom Pérignon Rosé 2009,Champagne,Wine,415.51,,398,0,0,
fc89c707-4ea0-4eb5-a244-d7200f3c318a,EVT-002755,USER-00023,search,2025-12-24T06:00:42.291521,SES-71d024be,desktop,Chrome,social,,,,,0.0,gaming laptop,0,0,0,
a9a925b4-b939-49fe-8396-df5bb38bcb39,EVT-002756,USER-00155,search,2025-10-27T04:16:36.001865,SES-fe62914f,mobile,Firefox,social,,,,,0.0,wireless headphones,0,0,0,
caf717fd-3263-4553-80dd-a4c087a3e2ea,EVT-002757,USER-00218,click,2025-10-29T19:19:39.689454,SES-2d855798,desktop,Safari,email,PROD-00003,Penfolds Grange,Red Wine,Wine,390.13,,276,0,0,
60371ab5-a0fe-400d-ae1f-ff52b15aaa1d,EVT-002758,USER-00107,search,2026-01-14T13:16:40.488939,SES-a18fb02f,desktop,Firefox,organic,,,,,0.0,home office chair,0,0,0,
007bf6bf-6810-4086-bf04-477e36647e58,EVT-002759,USER-00147,add_to_cart,2025-12-02T10:50:02.065176,SES-a3d7fa79,mobile,Chrome,email,PROD-01416,REI Flash 55 Pack,Outdoor Gear,Sports,517.67,,0,1,0,
6568fc06-ed84-4340-b6cf-2b2d0d3f5856,EVT-002760,USER-00048,wishlist,2025-11-18T01:20:46.252102,SES-ae9b00af,tablet,Safari,organic,PROD-01844,Samsung Galaxy Watch 6,Smartwatches,Electronics,790.52,,0,0,0,
e68c5d42-67ac-4757-9f06-e403e6ba7ac7,EVT-002761,USER-00154,search,2026-01-07T22:29:47.966795,SES-5f580db1,tablet,Chrome,organic,,,,,0.0,red wine gift,0,0,0,
4fe619ad-7942-4bcc-bb10-415dbd0e14b0,EVT-002762,USER-00144,view,2025-11-16T17:43:30.667995,SES-492767cb,tablet,Edge,direct,PROD-01196,Oral-B iO Series 9,Personal Care,Healthcare,285.71,,125,0,0,
e6c280d5-cd34-4fb1-a7a7-a2a28a2aed89,EVT-002763,USER-00001,view,2026-01-13T02:36:57.325917,SES-dba3e496,desktop,Safari,direct,PROD-00512,Dom Pérignon Rosé 2009,Champagne,Wine,415.51,,398,0,0,
9af735c7-2eea-4857-bd28-e68f4f9c221e,EVT-002764,USER-00023,search,2025-11-12T06:58:03.475413,SES-ec41ba24,desktop,Chrome,social,,,,,0.0,gaming laptop,0,0,0,
91affbe6-0fe7-40fc-ada6-20f709d83d32,EVT-002765,USER-00155,search,2025-11-19T17:11:18.745330,SES-976ad274,mobile,Firefox,social,,,,,0.0,wireless headphones,0,0,0,
353458e9-11d8-4875-b3e2-81d34554c995,EVT-002766,USER-00218,click,2025-12-08T12:25:59.970519,SES-f2036492,desktop,Safari,email,PROD-00003,Penfolds Grange,Red Wine,Wine,390.13,,276,0,0,
d2fea48d-5a16-457f-a752-595f80d1bc5a,EVT-002767,USER-00107,search,2025-11-12T12:51:28.379338,SES-634d2ff5,desktop,Firefox,organic,,,,,0.0,home office chair,0,0,0,
d734ec59-9291-474a-bd07-50a9ee680b09,EVT-002768,USER-00147,add_to_cart,2025-10-30T23:26:29.159310,SES-82377bb1,mobile,Chrome,email,PROD-01416,REI Flash 55 Pack,Outdoor Gear,Sports,517.67,,0,1,0,
7b0befff-a4cb-4c46-a36c-68d940c80650,EVT-002769,USER-00048,wishlist,2025-10-27T08:46:21.463219,SES-72d196de,tablet,Safari,organic,PROD-01844,Samsung Galaxy Watch 6,Smartwatches,Electronics,790.52,,0,0,0,
63a169c0-e3c5-43c8-a3c1-3dbaac74e117,EVT-002770,USER-00154,search,2025-12-20T14:07:09.990924,SES-4c1ebd06,tablet,Chrome,organic,,,,,0.0,red wine gift,0,0,0,
c6a1e3a7-a4c4-4cbe-95a5-2271eacada4a,EVT-002771,USER-00144,view,2026-01-01T06:08:38.732122,SES-0bf9f969,tablet,Edge,direct,PROD-01196,Oral-B iO Series 9,Personal Care,Healthcare,285.71,,125,0,0,
3bf1c4f7-9d9d-49b1-b91f-43daec09a9fe,EVT-002772,USER-00001,view,2026-01-16T12:25:41.160725,SES-e049fa2f,desktop,Safari,direct,PROD-00512,Dom Pérignon Rosé 2009,Champagne,Wine,415.51,,398,0,0,
993e071e-e79a-4ccd-a68b-bcb928fe41a7,EVT-002773,USER-00023,search,2026-01-15T09:47:42.296306,SES-f1e5ec8c,desktop,Chrome,social,,,,,0.0,gaming laptop,0,0,0,
26f070af-9327-4f24-aa7e-63245b3334d1,EVT-002774,USER-00155,search,2025-11-07T12:10:29.985095,SES-05447b4a,mobile,Firefox,social,,,,,0.0,wireless headphones,0,0,0,
88a95a1e-5383-4e73-a6cf-d1d93bb91d9f,EVT-002775,USER-00218,click,2025-12-10T23:41:00.176713,SES-3f70d5c6,desktop,Safari,email,PROD-00003,Penfolds Grange,Red Wine,Wine,390.13,,276,0,0,
b127aee4-7ac2-4a43-b262-06af2968dbee,EVT-002776,USER-00107,search,2026-01-15T10:53:27.236579,SES-57cffbef,desktop,Firefox,organic,,,,,0.0,home office chair,0,0,0,
3cea1b2c-2bf5-4d69-84fe-74ddac45defb,EVT-002777,USER-00147,add_to_cart,2026-01-11T05:10:03.506223,SES-6290e554,mobile,Chrome,email,PROD-01416,REI Flash 55 Pack,Outdoor Gear,Sports,517.67,,0,1,0,
77c19e56-3e3c-486b-9906-a4c30778c354,EVT-002778,USER-00048,wishlist,2025-11-12T22:25:32.850298,SES-264ea7aa,tablet,Safari,organic,PROD-01844,Samsung Galaxy Watch 6,Smartwatches,Electronics,790.52,,0,0,0,
7cc8d178-6a04-40cb-b9c8-38c21ba2da56,EVT-002779,USER-00154,search,2026-01-03T08:49:48.603345,SES-85a50789,tablet,Chrome,organic,,,,,0.0,red wine gift,0,0,0,
109bc7a1-fdd2-42e9-ae04-34aa1f2cca1c,EVT-002780,USER-00144,view,2025-11-09T06:10:03.807354,SES-095ee60a,tablet,Edge,direct,PROD-01196,Oral-B iO Series 9,Personal Care,Healthcare,285.71,,125,0,0,
5ab66832-3d15-4760-9628-ba2974c6a5ef,EVT-002781,USER-00001,view,2025-12-25T19:11:56.000100,SES-1d677a9b,desktop,Safari,direct,PROD-00512,Dom Pérignon Rosé 2009,Champagne,Wine,415.51,,398,0,0,
9a364444-c71d-40f5-81e2-3d73b038e757,EVT-002782,USER-00023,search,2025-10-28T17:40:53.232946,SES-eff579a2,desktop,Chrome,social,,,,,0.0,gaming laptop,0,0,0,
9ed1d67d-59fa-4225-9c56-851ed2c7acaf,EVT-002783,USER-00155,search,2025-10-31T19:23:54.117970,SES-cdf65565,mobile,Firefox,social,,,,,0.0,wireless headphones,0,0,0,
fa674caa-afed-4a7f-b16f-6db54eebb2bd,EVT-002784,USER-00218,click,2026-01-04T05:28:55.178295,SES-70c32096,desktop,Safari,email,PROD-00003,Penfolds Grange,Red Wine,Wine,390.13,,276,0,0,
9619271b-80ef-4474-bbf6-1923822d1d41,EVT-002785,USER-00107,search,2025-11-07T18:11:39.115350,SES-ad35e8e9,desktop,Firefox,organic,,,,,0.0,home office chair,0,0,0,
6bf25f9b-5806-469d-946d-8f5a1ff4c0c9,EVT-002786,USER-00147,add_to_cart,2025-11-02T20:16:21.494920,SES-925a01d0,mobile,Chrome,email,PROD-01416,REI Flash 55 Pack,Outdoor Gear,Sports,517.67,,0,1,0,
f5284dde-d025-47b7-8db2-4ec6f3a3873c,EVT-002787,USER-00048,wishlist,2025-12-03T07:12:58.714143,SES-f1123605,tablet,Safari,organic,PROD-01844,Samsung Galaxy Watch 6,Smartwatches,Electronics,790.52,,0,0,0,
1fd96626-2bfb-468a-9ca8-1b5920f71d04,EVT-002788,USER-00154,search,2025-12-30T03:35:39.552453,SES-964484e3,tablet,Chrome,organic,,,,,0.0,red wine gift,0,0,0,
3a0401ba-4960-4015-98da-d79718fbaa31,EVT-002789,USER-00144,view,2025-12-26T18:15:59.263477,SES-1e0b1c01,tablet,Edge,direct,PROD-01196,Oral-B iO Series 9,Personal Care,Healthcare,285.71,,125,0,0,
d3b41699-3db4-463b-8658-264acd7aa538,EVT-002790,USER-00001,view,2025-11-05T10:00:29.892597,SES-d616e455,desktop,Safari,direct,PROD-00512,Dom Pérignon Rosé 2009,Champagne,Wine,415.51,,398,0,0,
7b2f6ffd-6d65-4bbb-8d4e-3150b69faaa9,EVT-002791,USER-00023,search,2026-01-14T13:34:49.212931,SES-29c79a69,desktop,Chrome,social,,,,,0.0,gaming laptop,0,0,0,
4081f1ee-556b-4e85-9f77-9e458b7d481b,EVT-002792,USER-00155,search,2025-11-13T18:43:57.512250,SES-4f431294,mobile,Firefox,social,,,,,0.0,wireless headphones,0,0,0,
5834aa5b-ac34-4ce9-9456-b819d62aba11,EVT-002793,USER-00218,click,2025-10-23T11:01:42.724183,SES-c6f2c5bd,desktop,Safari,email,PROD-00003,Penfolds Grange,Red Wine,Wine,390.13,,276,0,0,
8b22c82b-a869-439d-9c5f-1fe6ee21dd5b,EVT-002794,USER-00107,search,2026-01-07T15:48:57.387921,SES-d0dd5ead,desktop,Firefox,organic,,,,,0.0,home office chair,0,0,0,
5a46224a-fb45-4f1d-a901-dc811076ac4d,EVT-002795,USER-00147,add_to_cart,2025-12-30T15:27:04.727520,SES-7c007e3a,mobile,Chrome,email,PROD-01416,REI Flash 55 Pack,Outdoor Gear,Sports,517.67,,0,1,0,
9a8087b3-d3aa-4496-a124-b1310b98766d,EVT-002796,USER-00048,wishlist,2025-12-07T20:44:50.188502,SES-5910b51d,tablet,Safari,organic,PROD-01844,Samsung Galaxy Watch 6,Smartwatches,Electronics,790.52,,0,0,0,
c2341fca-3776-4359-9119-6eebce095b31,EVT-002797,USER-00154,search,2025-10-24T12:53:12.855855,SES-2729a3eb,tablet,Chrome,organic,,,,,0.0,red wine gift,0,0,0,
cfa4cab9-3e15-46db-ab63-30b644820480,EVT-002798,USER-00144,view,2025-12-07T01:52:37.786800,SES-ecf9e72b,tablet,Edge,direct,PROD-01196,Oral-B iO Series 9,Personal Care,Healthcare,285.71,,125,0,0,
ce60bdcb-57cc-4cf8-8d2a-3b994371b711,EVT-002799,USER-00001,view,2025-10-27T18:55:56.153692,SES-e9a6effd,desktop,Safari,direct,PROD-00512,Dom Pérignon Rosé 2009,Champagne,Wine,415.51,,398,0,0,
d018c14c-6cc3-43e1-965b-dbf8dd1a6647,EVT-002800,USER-00023,search,2025-11-03T19:37:34.234586,SES-74effe3b,desktop,Chrome,social,,,,,0.0,gaming laptop,0,0,0,
8844fa4b-7a0b-4cd1-a522-4acaf6056e94,EVT-002801,USER-00155,search,2025-10-27T00:33:36.572319,SES-a33a8894,mobile,Firefox,social,,,,,0.0,wireless headphones,0,0,0,
f22a3582-f96b-4198-950d-66fb23f20520,EVT-002802,USER-00218,click,2025-11-05T16:54:01.575782,SES-25d23bef,desktop,Safari,email,PROD-00003,Penfolds Grange,Red Wine,Wine,390.13,,276,0,0,
6ac90938-1096-4831-9d71-2eb2e5819d1b,EVT-002803,USER-00107,search,2025-11-03T13:53:04.687793,SES-7224a8fd,desktop,Firefox,organic,,,,,0.0,home office chair,0,0,0,
2655a63f-58b8-4428-b53a-6e169e48b909,EVT-002804,USER-00147,add_to_cart,2026-01-08T05:22:58.147731,SES-f39abd0c,mobile,Chrome,email,PROD-01416,REI Flash 55 Pack,Outdoor Gear,Sports,517.67,,0,1,0,
81cab93b-64a4-485d-8529-0f6477e4d926,EVT-002805,USER-00048,wishlist,2026-01-05T18:10:50.657269,SES-0bea0e45,tablet,Safari,organic,PROD-01844,Samsung Galaxy Watch 6,Smartwatches,Electronics,790.52,,0,0,0,
91cfcf65-07ca-4387-be64-7188ccd47033,EVT-002806,USER-00154,search,2025-12-13T07:41:00.375945,SES-4031b5db,tablet,Chrome,organic,,,,,0.0,red wine gift,0,0,0,
1bc160ca-45d4-4367-9fad-b22215ec5317,EVT-002807,USER-00144,view,2025-11-16T19:22:28.359853,SES-58f4cdf1,tablet,Edge,direct,PROD-01196,Oral-B iO Series 9,Personal Care,Healthcare,285.71,,125,0,0,
e52808f2-4fc4-4a8e-963b-b7005fa7ac29,EVT-002808,USER-00001,view,2025-11-13T19:02:24.644525,SES-9456d344,desktop,Safari,direct,PROD-00512,Dom Pérignon Rosé 2009,Champagne,Wine,415.51,,398,0,0,
ae2d0039-c740-4acb-b192-0fa3429da509,EVT-002809,USER-00023,search,2025-11-07T10:26:57.562852,SES-6cd0be5d,desktop,Chrome,social,,,,,0.0,gaming laptop,0,0,0,
729f6aaa-51d8-4771-9705-2e2e9be10154,EVT-002810,USER-00155,search,2025-11-01T13:28:07.203055,SES-3513560c,mobile,Firefox,social,,,,,0.0,wireless headphones,0,0,0,
e7befe27-5203-4573-ba6c-797b102b4c7d,EVT-002811,USER-00218,click,2025-11-14T00:16:48.264529,SES-46bcad85,desktop,Safari,email,PROD-00003,Penfolds Grange,Red Wine,Wine,390.13,,276,0,0,
ca4b8589-c746-4aec-a036-1b91b0541212,EVT-002812,USER-00107,search,2025-12-19T06:49:48.467317,SES-79725405,desktop,Firefox,organic,,,,,0.0,home office chair,0,0,0,
d547c9b0-8472-40f9-8789-fc9251a39a08,EVT-002813,USER-00147,add_to_cart,2025-12-29T13:53:07.863977,SES-cc9694f8,mobile,Chrome,email,PROD-01416,REI Flash 55 Pack,Outdoor Gear,Sports,517.67,,0,1,0,
0548cedf-adcf-44bc-8c83-b47740411747,EVT-002814,USER-00048,wishlist,2025-10-28T17:00:57.661246,SES-f153412d,tablet,Safari,organic,PROD-01844,Samsung Galaxy Watch 6,Smartwatches,Electronics,790.52,,0,0,0,
fc3c5eac-7727-4c4e-b17d-1840cdca20a4,EVT-002815,USER-00154,search,2025-11-25T15:22:27.561594,SES-870fcca9,tablet,Chrome,organic,,,,,0.0,red wine gift,0,0,0,
663132aa-ce4e-45fd-b234-e773164c781b,EVT-002816,USER-00144,view,2025-10-22T17:22:28.691308,SES-bfc0a9b9,tablet,Edge,direct,PROD-01196,Oral-B iO Series 9,Personal Care,Healthcare,285.71,,125,0,0,
37203a0c-d6d2-4060-9178-f6d9363324ad,EVT-002817,USER-00001,view,2025-12-03T03:24:18.550568,SES-17752287,desktop,Safari,direct,PROD-00512,Dom Pérignon Rosé 2009,Champagne,Wine,415.51,,398,0,0,
40ef6893-9323-481d-88e9-97ce29f8a42d,EVT-002818,USER-00023,search,2026-01-02T13:37:34.698758,SES-380443a7,desktop,Chrome,social,,,,,0.0,gaming laptop,0,0,0,
819d14b6-1fd2-4ccf-86b6-d09e075d3684,EVT-002819,USER-00155,search,2025-12-22T15:35:27.620708,SES-b4437861,mobile,Firefox,social,,,,,0.0,wireless headphones,0,0,0,
79d6c271-df00-47c5-8303-e8245ff02248,EVT-002820,USER-00218,click,2025-11-27T05:22:21.571447,SES-ceeaafae,desktop,Safari,email,PROD-00003,Penfolds Grange,Red Wine,Wine,390.13,,276,0,0,
99071b38-0058-499c-9062-464d9bd85873,EVT-002821,USER-00107,search,2025-12-10T09:42:32.582701,SES-4ae87886,desktop,Firefox,organic,,,,,0.0,home office chair,0,0,0,
50326c5d-49c6-40d9-baf4-0cbf232951b2,EVT-002822,USER-00147,add_to_cart,2025-11-28T00:33:24.439148,SES-cf1bf353,mobile,Chrome,email,PROD-01416,REI Flash 55 Pack,Outdoor Gear,Sports,517.67,,0,1,0,
d8f468f1-b80d-4f48-826d-58a77d90c2d0,EVT-002823,USER-00048,wishlist,2025-12-08T22:14:44.905278,SES-a2937141,tablet,Safari,organic,PROD-01844,Samsung Galaxy Watch 6,Smartwatches,Electronics,790.52,,0,0,0,
ee73c9c4-de4f-4839-bd38-25a379b879c6,EVT-002824,USER-00154,search,2026-01-17T06:16:57.694966,SES-c3ca2909,tablet,Chrome,organic,,,,,0.0,red wine gift,0,0,0,
bf485f61-3746-43ad-8b5c-d13b4b1f17a1,EVT-002825,USER-00144,view,2026-01-15T13:37:56.822909,SES-24fbcb8c,tablet,Edge,direct,PROD-01196,Oral-B iO Series 9,Personal Care,Healthcare,285.71,,125,0,0,
625285d5-70b4-4a02-b407-89044821e3a5,EVT-002826,USER-00001,view,2025-11-23T12:38:12.338956,SES-79d6617a,desktop,Safari,direct,PROD-00512,Dom Pérignon Rosé 2009,Champagne,Wine,415.51,,398,0,0,
50b6ac2c-7f90-4c94-a34d-eaa2e2f7cd6a,EVT-002827,USER-00023,search,2025-12-16T04:03:11.441795,SES-4d2fd7a9,desktop,Chrome,social,,,,,0.0,gaming laptop,0,0,0,
568c5ba0-9bc0-40a5-ad62-19381e1ec905,EVT-002828,USER-00155,search,2025-12-26T07:47:05.133348,SES-175bb43f,mobile,Firefox,social,,,,,0.0,wireless headphones,0,0,0,
7f50e100-41c8-4527-a7b6-7dd09290adb9,EVT-002829,USER-00218,click,2025-12-29T02:43:03.511644,SES-e74b68b1,desktop,Safari,email,PROD-00003,Penfolds Grange,Red Wine,Wine,390.13,,276,0,0,
fdcba46c-c2c7-4b21-b719-e5033703d9f6,EVT-002830,USER-00107,search,2025-12-29T07:39:34.691691,SES-bb2b67c0,desktop,Firefox,organic,,,,,0.0,home office chair,0,0,0,
4a94ff7a-d1bf-44ce-8eec-e6e7217ad3b2,EVT-002831,USER-00147,add_to_cart,2025-12-08T18:49:55.956330,SES-c90f83bf,mobile,Chrome,email,PROD-01416,REI Flash 55 Pack,Outdoor Gear,Sports,517.67,,0,1,0,
d7612413-f9f5-4e79-b850-bf4ff31b9480,EVT-002832,USER-00048,wishlist,2025-11-28T08:43:16.402053,SES-c2cb3bde,tablet,Safari,organic,PROD-01844,Samsung Galaxy Watch 6,Smartwatches,Electronics,790.52,,0,0,0,
e271ed0c-8488-4cd4-ab63-f8edcf1e07d1,EVT-002833,USER-00154,search,2025-12-06T22:56:44.214868,SES-d9d37e53,tablet,Chrome,organic,,,,,0.0,red wine gift,0,0,0,
adae9ecd-5b49-414b-9a82-2f775fb6353a,EVT-002834,USER-00144,view,2025-12-06T15:32:44.809426,SES-dc67e775,tablet,Edge,direct,PROD-01196,Oral-B iO Series 9,Personal Care,Healthcare,285.71,,125,0,0,
45309359-82e2-4274-b4ef-78a57c20ed94,EVT-002835,USER-00001,view,2026-01-03T02:35:15.923311,SES-9b43b931,desktop,Safari,direct,PROD-00512,Dom Pérignon Rosé 2009,Champagne,Wine,415.51,,398,0,0,
ea33b3d7-d535-450e-8ba6-ea3ecf0efc1d,EVT-002836,USER-00023,search,2025-11-10T07:01:30.065002,SES-7791abf0,desktop,Chrome,social,,,,,0.0,gaming laptop,0,0,0,
332060a1-f4a6-4994-879f-e1ffa1d51e7c,EVT-002837,USER-00155,search,2025-12-15T15:42:00.938319,SES-e52af980,mobile,Firefox,social,,,,,0.0,wireless headphones,0,0,0,
37ccc4fe-c904-41d5-8e8d-043a1772e82b,EVT-002838,USER-00218,click,2025-11-24T17:56:19.837597,SES-fd4ea3c5,desktop,Safari,email,PROD-00003,Penfolds Grange,Red Wine,Wine,390.13,,276,0,0,
40f014ef-6cd5-4aaa-919f-369007c636c5,EVT-002839,USER-00107,search,2025-11-18T12:46:16.378735,SES-0b4fce6f,desktop,Firefox,organic,,,,,0.0,home office chair,0,0,0,
38988c54-daa4-49d2-9d83-b5c575ad1300,EVT-002840,USER-00147,add_to_cart,2025-12-16T01:37:51.382492,SES-ec6c0974,mobile,Chrome,email,PROD-01416,REI Flash 55 Pack,Outdoor Gear,Sports,517.67,,0,1,0,
9eaf59b7-ed29-40d9-9972-96a4a87edd6f,EVT-002841,USER-00048,wishlist,2025-11-28T18:56:53.518411,SES-c53ca9ba,tablet,Safari,organic,PROD-01844,Samsung Galaxy Watch 6,Smartwatches,Electronics,790.52,,0,0,0,
a78d6ae6-385a-4ca9-996c-53a8cc9db0c2,EVT-002842,USER-00154,search,2025-11-25T12:10:32.268415,SES-69b19f06,tablet,Chrome,organic,,,,,0.0,red wine gift,0,0,0,
6fa21060-2516-4e77-99d7-bc2e31810a5c,EVT-002843,USER-00144,view,2025-11-25T07:09:45.682860,SES-2283e3ff,tablet,Edge,direct,PROD-01196,Oral-B iO Series 9,Personal Care,Healthcare,285.71,,125,0,0,
42b4505c-a80e-43df-9ad0-7430575b1d75,EVT-002844,USER-00001,view,2025-11-19T23:33:13.323983,SES-049f0b3a,desktop,Safari,direct,PROD-00512,Dom Pérignon Rosé 2009,Champagne,Wine,415.51,,398,0,0,
d589adfd-d15d-4c77-84aa-c24e9d241376,EVT-002845,USER-00023,search,2025-11-09T13:20:03.342840,SES-d15ce9cd,desktop,Chrome,social,,,,,0.0,gaming laptop,0,0,0,
10edc51e-6d51-4c89-8a9c-4ba08fb0eb59,EVT-002846,USER-00155,search,2025-10-24T02:47:09.024492,SES-8e118655,mobile,Firefox,social,,,,,0.0,wireless headphones,0,0,0,
2718a4f8-752e-40ca-9c16-23222d790952,EVT-002847,USER-00218,click,2025-11-30T20:53:49.893518,SES-369b0686,desktop,Safari,email,PROD-00003,Penfolds Grange,Red Wine,Wine,390.13,,276,0,0,
3a8b90cc-5a05-4e05-bf07-bee5ba9c95ae,EVT-002848,USER-00107,search,2025-12-19T03:11:45.780195,SES-7b8c64b3,desktop,Firefox,organic,,,,,0.0,home office chair,0,0,0,
01a10ca0-46dd-425a-8096-5d568b6dcca5,EVT-002849,USER-00147,add_to_cart,2025-11-04T22:01:25.218929,SES-33482049,mobile,Chrome,email,PROD-01416,REI Flash 55 Pack,Outdoor Gear,Sports,517.67,,0,1,0,
d81b12ce-fe37-47bc-a941-c3c6c9ef0dc0,EVT-002850,USER-00048,wishlist,2026-01-08T12:57:43.261183,SES-fdf18680,tablet,Safari,organic,PROD-01844,Samsung Galaxy Watch 6,Smartwatches,Electronics,790.52,,0,0,0,
098394e5-6594-4095-9a09-5a38d86362ec,EVT-002851,USER-00154,search,2026-01-01T19:40:06.973252,SES-07b02312,tablet,Chrome,organic,,,,,0.0,red wine gift,0,0,0,
58648769-132b-4aa1-83b5-d6dbf26e6eb7,EVT-002852,USER-00144,view,2025-12-29T02:27:46.026292,SES-b1282705,tablet,Edge,direct,PROD-01196,Oral-B iO Series 9,Personal Care,Healthcare,285.71,,125,0,0,
cd7f2053-f8da-4384-9574-db29b1ea0117,EVT-002853,USER-00001,view,2025-12-20T02:07:48.579303,SES-35b70704,desktop,Safari,direct,PROD-00512,Dom Pérignon Rosé 2009,Champagne,Wine,415.51,,398,0,0,
a7c0b045-9d30-4999-8fd7-cdf2f227a579,EVT-002854,USER-00023,search,2025-11-18T20:23:45.351733,SES-cd2b8713,desktop,Chrome,social,,,,,0.0,gaming laptop,0,0,0,
05b4d138-8436-40d7-98f3-8fd650673929,EVT-002855,USER-00155,search,2025-11-13T16:14:18.076416,SES-c81cbe0e,mobile,Firefox,social,,,,,0.0,wireless headphones,0,0,0,
38436a92-2a26-4c66-a74b-65dea7ad9aa4,EVT-002856,USER-00218,click,2025-10-24T03:30:45.672794,SES-acdc5578,desktop,Safari,email,PROD-00003,Penfolds Grange,Red Wine,Wine,390.13,,276,0,0,
3e25ccd9-726b-475e-a07d-ae3228dce04a,EVT-002857,USER-00107,search,2025-11-12T02:36:37.872770,SES-201e6a2d,desktop,Firefox,organic,,,,,0.0,home office chair,0,0,0,
7d308d55-36ed-4eab-a86f-93992c883a3d,EVT-002858,USER-00147,add_to_cart,2025-12-01T04:25:56.465678,SES-ef2a631a,mobile,Chrome,email,PROD-01416,REI Flash 55 Pack,Outdoor Gear,Sports,517.67,,0,1,0,
a4abc9a4-907a-41a9-bee2-14a952b972c1,EVT-002859,USER-00048,wishlist,2025-12-05T11:34:18.880228,SES-df3e65c5,tablet,Safari,organic,PROD-01844,Samsung Galaxy Watch 6,Smartwatches,Electronics,790.52,,0,0,0,
0c77d346-31d4-474a-bb79-88d92973fbe5,EVT-002860,USER-00154,search,2025-12-03T15:27:00.199297,SES-27c7d98f,tablet,Chrome,organic,,,,,0.0,red wine gift,0,0,0,
b5e0405b-82c8-4233-aacb-89838c05a5a8,EVT-002861,USER-00144,view,2025-12-03T12:58:41.775162,SES-78ab68e4,tablet,Edge,direct,PROD-01196,Oral-B iO Series 9,Personal Care,Healthcare,285.71,,125,0,0,
1f55da1f-7eee-4a3f-acba-721afa9edee7,EVT-002862,USER-00001,view,2026-01-10T02:05:03.609920,SES-bf836430,desktop,Safari,direct,PROD-00512,Dom Pérignon Rosé 2009,Champagne,Wine,415.51,,398,0,0,
dae2b21e-51a5-46fa-b0d3-5be1fdb85bf0,EVT-002863,USER-00023,search,2025-12-03T08:51:45.397380,SES-cec3c3d7,desktop,Chrome,social,,,,,0.0,gaming laptop,0,0,0,
7fc71483-1175-44dc-ab8f-5be740785a4a,EVT-002864,USER-00155,search,2025-11-29T02:15:51.011883,SES-a4a4c7b0,mobile,Firefox,social,,,,,0.0,wireless headphones,0,0,0,
597b9961-dff0-4795-b82e-5620b8d67946,EVT-002865,USER-00218,click,2025-10-27T07:02:38.453270,SES-d8f3dcb2,desktop,Safari,email,PROD-00003,Penfolds Grange,Red Wine,Wine,390.13,,276,0,0,
61a7656b-f485-45a2-a892-2dd795cb0faf,EVT-002866,USER-00107,search,2026-01-15T23:13:22.953130,SES-eb0569f0,desktop,Firefox,organic,,,,,0.0,home office chair,0,0,0,
b453d1bb-2036-4cf2-a1d1-ffe3bac017fa,EVT-002867,USER-00147,add_to_cart,2026-01-11T09:44:24.228841,SES-27b4675d,mobile,Chrome,email,PROD-01416,REI Flash 55 Pack,Outdoor Gear,Sports,517.67,,0,1,0,
f104158a-622d-4b96-8c1a-55e2b6ed75dd,EVT-002868,USER-00048,wishlist,2026-01-13T17:16:08.542426,SES-ef80e9b9,tablet,Safari,organic,PROD-01844,Samsung Galaxy Watch 6,Smartwatches,Electronics,790.52,,0,0,0,
44584123-6a31-4029-9d3c-1ca404b3cc12,EVT-002869,USER-00154,search,2025-11-18T06:14:21.040271,SES-c17b97ee,tablet,Chrome,organic,,,,,0.0,red wine gift,0,0,0,
7aadff21-c6db-4771-8abd-0e0730d4fabc,EVT-002870,USER-00144,view,2025-10-27T10:52:26.000754,SES-9e47f57a,tablet,Edge,direct,PROD-01196,Oral-B iO Series 9,Personal Care,Healthcare,285.71,,125,0,0,
56696d8a-4f9e-4221-8681-b07be5f2462d,EVT-002871,USER-00001,view,2025-12-03T12:43:45.309072,SES-db1809b1,desktop,Safari,direct,PROD-00512,Dom Pérignon Rosé 2009,Champagne,Wine,415.51,,398,0,0,
dea69e0d-1137-4a6c-9dbc-6460071b7bb4,EVT-002872,USER-00023,search,2025-11-26T11:05:56.050375,SES-9e8f6c5f,desktop,Chrome,social,,,,,0.0,gaming laptop,0,0,0,
dc07fe6e-84dc-43f7-b3a4-7f5649bc3c42,EVT-002873,USER-00155,search,2025-12-20T11:32:57.372761,SES-4c1b4b12,mobile,Firefox,social,,,,,0.0,wireless headphones,0,0,0,
48ff846c-bf41-486c-a8ed-7e47992cc336,EVT-002874,USER-00218,click,2025-11-30T16:14:31.020685,SES-16a86056,desktop,Safari,email,PROD-00003,Penfolds Grange,Red Wine,Wine,390.13,,276,0,0,
e91dd044-78fb-45c7-a4c0-b793867860d6,EVT-002875,USER-00107,search,2025-12-15T12:19:36.760814,SES-c0ea12c1,desktop,Firefox,organic,,,,,0.0,home office chair,0,0,0,
81cc17f8-51b4-4bbf-be2f-119a1bb98197,EVT-002876,USER-00147,add_to_cart,2025-11-23T14:26:55.612766,SES-b2e42e29,mobile,Chrome,email,PROD-01416,REI Flash 55 Pack,Outdoor Gear,Sports,517.67,,0,1,0,
1a08fba1-2c7c-47de-89b6-7f5c6117f334,EVT-002877,USER-00048,wishlist,2025-12-07T19:16:08.256521,SES-8a1af34c,tablet,Safari,organic,PROD-01844,Samsung Galaxy Watch 6,Smartwatches,Electronics,790.52,,0,0,0,
50f241ae-58a8-46fb-b54d-b58fbef153e2,EVT-002878,USER-00154,search,2025-12-04T14:41:22.576801,SES-701b4a69,tablet,Chrome,organic,,,,,0.0,red wine gift,0,0,0,
4586fe75-eb92-4db8-b8b9-bc9bb9b8d69a,EVT-002879,USER-00144,view,2026-01-14T17:31:36.544607,SES-333a4c33,tablet,Edge,direct,PROD-01196,Oral-B iO Series 9,Personal Care,Healthcare,285.71,,125,0,0,
ca832304-ee6d-495c-9a5f-1e899c145ca7,EVT-002880,USER-00001,view,2026-01-08T20:22:29.393230,SES-c90fe7fb,desktop,Safari,direct,PROD-00512,Dom Pérignon Rosé 2009,Champagne,Wine,415.51,,398,0,0,
748d307f-06d4-4b4b-9c67-c256346cf221,EVT-002881,USER-00023,search,2025-12-04T19:45:59.384495,SES-a0d33343,desktop,Chrome,social,,,,,0.0,gaming laptop,0,0,0,
dc111fd2-ff7e-4ca3-82d4-3b2cff598cb1,EVT-002882,USER-00155,search,2025-11-23T09:29:53.399835,SES-67fc0a4c,mobile,Firefox,social,,,,,0.0,wireless headphones,0,0,0,
ef63d108-2caa-4cff-a6b6-0d088e9b54bb,EVT-002883,USER-00218,click,2025-11-09T02:03:05.051244,SES-a8ba5e54,desktop,Safari,email,PROD-00003,Penfolds Grange,Red Wine,Wine,390.13,,276,0,0,
30d1515e-8b02-4464-8a49-0aa031d46402,EVT-002884,USER-00107,search,2026-01-13T15:37:27.593806,SES-094624d7,desktop,Firefox,organic,,,,,0.0,home office chair,0,0,0,
8bb050e6-874a-44a9-b4e2-55b19cfaf589,EVT-002885,USER-00147,add_to_cart,2025-11-06T14:34:41.398594,SES-dc10f1be,mobile,Chrome,email,PROD-01416,REI Flash 55 Pack,Outdoor Gear,Sports,517.67,,0,1,0,
02aa2179-ddc2-49a9-8f87-e662c2a15a6a,EVT-002886,USER-00048,wishlist,2026-01-19T23:04:16.190628,SES-ecc49c27,tablet,Safari,organic,PROD-01844,Samsung Galaxy Watch 6,Smartwatches,Electronics,790.52,,0,0,0,
f160ee76-a5ce-4951-83e1-b6a84a5bb4bf,EVT-002887,USER-00154,search,2025-11-04T19:21:51.880549,SES-0285615d,tablet,Chrome,organic,,,,,0.0,red wine gift,0,0,0,
426d5d6e-9af2-4e1f-9c4f-8e85ac1958ae,EVT-002888,USER-00144,view,2025-12-25T16:07:22.659146,SES-d56e6ffe,tablet,Edge,direct,PROD-01196,Oral-B iO Series 9,Personal Care,Healthcare,285.71,,125,0,0,
b2591be7-dec3-4a0a-be45-6c9a61d34c7a,EVT-002889,USER-00001,view,2025-11-15T22:29:26.549996,SES-31f8c5cc,desktop,Safari,direct,PROD-00512,Dom Pérignon Rosé 2009,Champagne,Wine,415.51,,398,0,0,
934dcd1f-bea3-4ed8-9bc9-da055944512f,EVT-002890,USER-00023,search,2025-10-24T21:27:08.966706,SES-daffb4b7,desktop,Chrome,social,,,,,0.0,gaming laptop,0,0,0,
27b55359-6326-42ea-b438-b84e82d2d92c,EVT-002891,USER-00155,search,2025-11-11T08:30:52.969507,SES-40187c72,mobile,Firefox,social,,,,,0.0,wireless headphones,0,0,0,
1470a67d-452e-4372-8a81-caca15bf4366,EVT-002892,USER-00218,click,2025-12-08T13:41:33.863387,SES-2009298d,desktop,Safari,email,PROD-00003,Penfolds Grange,Red Wine,Wine,390.13,,276,0,0,
33691e39-324d-4b4e-822c-decbbdd142b6,EVT-002893,USER-00107,search,2025-10-24T20:16:41.451996,SES-f575c49b,desktop,Firefox,organic,,,,,0.0,home office chair,0,0,0,
aa501c18-4d56-4bf5-b13e-9ce25bbabd61,EVT-002894,USER-00147,add_to_cart,2025-11-27T23:30:22.131808,SES-059b4cab,mobile,Chrome,email,PROD-01416,REI Flash 55 Pack,Outdoor Gear,Sports,517.67,,0,1,0,
1f2d4763-99a6-46a1-983d-3eed494ab591,EVT-002895,USER-00048,wishlist,2026-01-02T12:55:12.892270,SES-cb28f7a5,tablet,Safari,organic,PROD-01844,Samsung Galaxy Watch 6,Smartwatches,Electronics,790.52,,0,0,0,
e20b9cd6-d3ee-4ab2-917a-5e27393100ff,EVT-002896,USER-00154,search,2025-12-03T02:21:52.590519,SES-c9b85959,tablet,Chrome,organic,,,,,0.0,red wine gift,0,0,0,
5e63e70c-de94-44cf-ac5e-9fe66042257b,EVT-002897,USER-00144,view,2025-12-17T15:09:54.295051,SES-3809f622,tablet,Edge,direct,PROD-01196,Oral-B iO Series 9,Personal Care,Healthcare,285.71,,125,0,0,
dd7d1d76-e9e9-45ba-b638-4465f7c05165,EVT-002898,USER-00001,view,2025-11-17T07:34:43.671898,SES-3022ea44,desktop,Safari,direct,PROD-00512,Dom Pérignon Rosé 2009,Champagne,Wine,415.51,,398,0,0,
9f321f28-5b75-4287-a919-599470d21aea,EVT-002899,USER-00023,search,2025-10-27T06:06:55.536799,SES-ed1d4e3f,desktop,Chrome,social,,,,,0.0,gaming laptop,0,0,0,
45ddb08a-d637-4ff4-99c7-73b0bb8d86b4,EVT-002900,USER-00155,search,2025-12-08T04:51:02.719552,SES-a658e6b9,mobile,Firefox,social,,,,,0.0,wireless headphones,0,0,0,
92229e03-f908-45fd-8edf-9804326125eb,EVT-002901,USER-00218,click,2025-11-02T18:27:33.652253,SES-676eb0e0,desktop,Safari,email,PROD-00003,Penfolds Grange,Red Wine,Wine,390.13,,276,0,0,
56865b3f-ae47-4fda-a81e-e83ea4f02666,EVT-002902,USER-00107,search,2025-12-01T03:04:31.645182,SES-26a5a7af,desktop,Firefox,organic,,,,,0.0,home office chair,0,0,0,
97e62730-195d-471d-a4f2-1b2439399766,EVT-002903,USER-00147,add_to_cart,2025-12-05T13:10:20.820779,SES-c4821267,mobile,Chrome,email,PROD-01416,REI Flash 55 Pack,Outdoor Gear,Sports,517.67,,0,1,0,
74c719c4-bc78-4622-a0f0-2a9786a85c06,EVT-002904,USER-00048,wishlist,2025-12-30T09:35:51.899875,SES-02f7b9c1,tablet,Safari,organic,PROD-01844,Samsung Galaxy Watch 6,Smartwatches,Electronics,790.52,,0,0,0,
f28d8ea7-b596-45e1-a4d2-91373909ed5d,EVT-002905,USER-00154,search,2025-10-25T22:13:58.447255,SES-a321252c,tablet,Chrome,organic,,,,,0.0,red wine gift,0,0,0,
b22f8942-efb7-494e-9615-43c201885f06,EVT-002906,USER-00144,view,2025-12-31T19:26:28.044863,SES-44595a3e,tablet,Edge,direct,PROD-01196,Oral-B iO Series 9,Personal Care,Healthcare,285.71,,125,0,0,
fe3ca67a-956a-4819-89b0-94a3218dd734,EVT-002907,USER-00001,view,2025-12-27T06:03:04.693420,SES-df6c0ac6,desktop,Safari,direct,PROD-00512,Dom Pérignon Rosé 2009,Champagne,Wine,415.51,,398,0,0,
4a34b0f7-a054-49e6-811e-6c2ebf385b21,EVT-002908,USER-00023,search,2025-12-12T15:27:12.075716,SES-ad9d3429,desktop,Chrome,social,,,,,0.0,gaming laptop,0,0,0,
67fafbef-fdc6-4c24-9656-68e190a9c6c6,EVT-002909,USER-00155,search,2025-10-28T17:28:50.671795,SES-695445df,mobile,Firefox,social,,,,,0.0,wireless headphones,0,0,0,
e41614a6-9508-466f-8cdc-608cde9461d6,EVT-002910,USER-00218,click,2026-01-17T19:17:44.659075,SES-713408d8,desktop,Safari,email,PROD-00003,Penfolds Grange,Red Wine,Wine,390.13,,276,0,0,
d15c6981-336b-49bb-927b-fdfb708e40c2,EVT-002911,USER-00107,search,2026-01-14T15:18:10.399114,SES-e82400c0,desktop,Firefox,organic,,,,,0.0,home office chair,0,0,0,
30aed826-a699-42de-9124-94db1bab7f3d,EVT-002912,USER-00147,add_to_cart,2025-11-25T16:27:14.711692,SES-24b5738e,mobile,Chrome,email,PROD-01416,REI Flash 55 Pack,Outdoor Gear,Sports,517.67,,0,1,0,
778a2709-23e5-413c-94fd-a7b3686fc4d1,EVT-002913,USER-00048,wishlist,2025-12-21T03:04:02.050344,SES-e8789a75,tablet,Safari,organic,PROD-01844,Samsung Galaxy Watch 6,Smartwatches,Electronics,790.52,,0,0,0,
e2170920-b5c1-4df7-9740-a63e85697490,EVT-002914,USER-00154,search,2025-12-01T06:14:12.709222,SES-8df633ac,tablet,Chrome,organic,,,,,0.0,red wine gift,0,0,0,
f051208d-98be-41a7-9a56-eb95f4afea15,EVT-002915,USER-00144,view,2025-12-26T16:49:48.411502,SES-e254dc20,tablet,Edge,direct,PROD-01196,Oral-B iO Series 9,Personal Care,Healthcare,285.71,,125,0,0,
dcb5c5c2-2842-495f-ab33-11221fd4c62c,EVT-002916,USER-00001,view,2025-11-15T17:05:05.079255,SES-ebd2773f,desktop,Safari,direct,PROD-00512,Dom Pérignon Rosé 2009,Champagne,Wine,415.51,,398,0,0,
17be0a95-147d-4de3-aab6-5f3fe23a0000,EVT-002917,USER-00023,search,2025-11-04T11:18:44.615753,SES-34a2e5f7,desktop,Chrome,social,,,,,0.0,gaming laptop,0,0,0,
d72dc054-e8d5-4606-b399-daf2cfc8b79a,EVT-002918,USER-00155,search,2026-01-13T00:31:29.681165,SES-16530882,mobile,Firefox,social,,,,,0.0,wireless headphones,0,0,0,
b27ca088-811d-493f-a527-30440c3dc083,EVT-002919,USER-00218,click,2025-10-31T01:25:32.343020,SES-21989c88,desktop,Safari,email,PROD-00003,Penfolds Grange,Red Wine,Wine,390.13,,276,0,0,
1ac0005a-581a-4e42-bfa3-ec104d28bffe,EVT-002920,USER-00107,search,2025-11-26T05:20:15.029089,SES-db297350,desktop,Firefox,organic,,,,,0.0,home office chair,0,0,0,
402e6f7d-e442-4985-8e81-4d609b6cedaa,EVT-002921,USER-00147,add_to_cart,2025-11-27T04:02:19.782352,SES-a72ebda7,mobile,Chrome,email,PROD-01416,REI Flash 55 Pack,Outdoor Gear,Sports,517.67,,0,1,0,
609c6b52-41b3-4a5c-b001-5f669894e47e,EVT-002922,USER-00048,wishlist,2025-10-26T10:37:19.468015,SES-1cf6c360,tablet,Safari,organic,PROD-01844,Samsung Galaxy Watch 6,Smartwatches,Electronics,790.52,,0,0,0,
e815f2eb-eb59-4d76-8455-f69550a3aabb,EVT-002923,USER-00154,search,2025-11-18T22:25:20.420862,SES-bc635ced,tablet,Chrome,organic,,,,,0.0,red wine gift,0,0,0,
d9e441b6-8be1-439a-a671-b9da726749a8,EVT-002924,USER-00144,view,2026-01-16T11:49:29.919363,SES-e718e78f,tablet,Edge,direct,PROD-01196,Oral-B iO Series 9,Personal Care,Healthcare,285.71,,125,0,0,
225f70f9-47ae-4c1a-9c15-5066154a59fc,EVT-002925,USER-00001,view,2025-11-09T04:14:31.035248,SES-96df052f,desktop,Safari,direct,PROD-00512,Dom Pérignon Rosé 2009,Champagne,Wine,415.51,,398,0,0,
166d6a8f-bda6-4faa-9866-ce49bee66dd1,EVT-002926,USER-00023,search,2025-12-12T21:48:46.977496,SES-4abf488c,desktop,Chrome,social,,,,,0.0,gaming laptop,0,0,0,
c69de0a5-bed0-4eca-9a11-10cd151d4b34,EVT-002927,USER-00155,search,2025-11-29T06:07:42.468489,SES-f5aa9173,mobile,Firefox,social,,,,,0.0,wireless headphones,0,0,0,
ce9de4a7-51f4-4d38-a32e-8bc246f9616a,EVT-002928,USER-00218,click,2026-01-05T00:07:40.430138,SES-07662359,desktop,Safari,email,PROD-00003,Penfolds Grange,Red Wine,Wine,390.13,,276,0,0,
0f43711f-ff83-4b64-9950-6fd35643289b,EVT-002929,USER-00107,search,2025-11-05T07:41:32.821193,SES-ec3c5ed0,desktop,Firefox,organic,,,,,0.0,home office chair,0,0,0,
6b84a1d0-b6fb-4871-b19d-c79b1192d19f,EVT-002930,USER-00147,add_to_cart,2025-12-10T21:46:37.233493,SES-c448a3f5,mobile,Chrome,email,PROD-01416,REI Flash 55 Pack,Outdoor Gear,Sports,517.67,,0,1,0,
995ae40a-da3d-4f9c-a95c-492fcfd04a2c,EVT-002931,USER-00048,wishlist,2025-11-14T15:15:19.928368,SES-c687e0c6,tablet,Safari,organic,PROD-01844,Samsung Galaxy Watch 6,Smartwatches,Electronics,790.52,,0,0,0,
27349980-0b33-44b1-a684-ce5e916a571a,EVT-002932,USER-00154,search,2026-01-13T02:51:00.118184,SES-4be45015,tablet,Chrome,organic,,,,,0.0,red wine gift,0,0,0,
24ecfd77-3455-4c4a-a76c-fe5224012d60,EVT-002933,USER-00144,view,2025-10-22T17:21:38.849435,SES-c7d4c9f1,tablet,Edge,direct,PROD-01196,Oral-B iO Series 9,Personal Care,Healthcare,285.71,,125,0,0,
03cfb5fc-df50-4350-8b13-2f3292d8a23b,EVT-002934,USER-00001,view,2025-10-28T15:11:20.983177,SES-e843ab9a,desktop,Safari,direct,PROD-00512,Dom Pérignon Rosé 2009,Champagne,Wine,415.51,,398,0,0,
7250e91b-894a-4bc6-8b76-7a87c6b0ee49,EVT-002935,USER-00023,search,2026-01-07T23:13:54.910646,SES-40c4c891,desktop,Chrome,social,,,,,0.0,gaming laptop,0,0,0,
899d2576-4f5a-4fe2-bd37-7b50f6350743,EVT-002936,USER-00155,search,2025-11-15T13:37:57.786369,SES-2d62d6a8,mobile,Firefox,social,,,,,0.0,wireless headphones,0,0,0,
1f44aa9e-937c-4d24-8f7f-61ae58beb099,EVT-002937,USER-00218,click,2025-12-05T02:41:29.743567,SES-1769000e,desktop,Safari,email,PROD-00003,Penfolds Grange,Red Wine,Wine,390.13,,276,0,0,
d66c31b3-ff32-43e1-a564-fa21cf5cfa5c,EVT-002938,USER-00107,search,2025-10-28T14:53:18.631382,SES-a08f702f,desktop,Firefox,organic,,,,,0.0,home office chair,0,0,0,
c20eeb5f-c8fd-45f3-96fe-24faf0e68c12,EVT-002939,USER-00147,add_to_cart,2025-12-03T19:40:42.240700,SES-a5e0f7b4,mobile,Chrome,email,PROD-01416,REI Flash 55 Pack,Outdoor Gear,Sports,517.67,,0,1,0,
19d5e1d5-08d1-4d88-a707-574731106055,EVT-002940,USER-00048,wishlist,2026-01-18T23:31:19.963780,SES-96103e00,tablet,Safari,organic,PROD-01844,Samsung Galaxy Watch 6,Smartwatches,Electronics,790.52,,0,0,0,
312acc37-2644-4dd4-b56e-5edf67654b33,EVT-002941,USER-00154,search,2026-01-13T21:45:04.193498,SES-00573d8b,tablet,Chrome,organic,,,,,0.0,red wine gift,0,0,0,
6a7f755f-70cf-41a2-90d8-eeeef83b80a4,EVT-002942,USER-00144,view,2025-12-06T02:03:27.843380,SES-7df75020,tablet,Edge,direct,PROD-01196,Oral-B iO Series 9,Personal Care,Healthcare,285.71,,125,0,0,
7f6064df-1b07-4f4b-a231-7bc674965d8b,EVT-002943,USER-00001,view,2025-10-29T20:52:13.067805,SES-d7812322,desktop,Safari,direct,PROD-00512,Dom Pérignon Rosé 2009,Champagne,Wine,415.51,,398,0,0,
f85484c3-6442-42ee-b778-6521e13dd764,EVT-002944,USER-00023,search,2025-12-03T00:53:08.441134,SES-40f2a787,desktop,Chrome,social,,,,,0.0,gaming laptop,0,0,0,
9e532ec3-6db4-4488-950d-a7f28c228438,EVT-002945,USER-00155,search,2026-01-11T14:51:05.695392,SES-bebf8221,mobile,Firefox,social,,,,,0.0,wireless headphones,0,0,0,
e74fe5c2-85d6-4806-be96-32afda3e478c,EVT-002946,USER-00218,click,2025-12-17T04:25:14.001857,SES-5969c94f,desktop,Safari,email,PROD-00003,Penfolds Grange,Red Wine,Wine,390.13,,276,0,0,
322fd15e-5a54-44ea-907d-c85b48a27fde,EVT-002947,USER-00107,search,2026-01-18T19:45:56.447407,SES-14052f64,desktop,Firefox,organic,,,,,0.0,home office chair,0,0,0,
0ed8c137-f9f5-4e83-91a5-71c5b347e427,EVT-002948,USER-00147,add_to_cart,2026-01-07T05:25:07.631089,SES-d4167fe1,mobile,Chrome,email,PROD-01416,REI Flash 55 Pack,Outdoor Gear,Sports,517.67,,0,1,0,
7921da94-3c7d-4dfa-9799-1787b1dfc605,EVT-002949,USER-00048,wishlist,2026-01-16T16:22:47.686223,SES-9f43849b,tablet,Safari,organic,PROD-01844,Samsung Galaxy Watch 6,Smartwatches,Electronics,790.52,,0,0,0,
5957f8f5-92fc-4d03-a150-6d69adeccd1a,EVT-002950,USER-00154,search,2025-11-14T21:35:46.228405,SES-cc218c6e,tablet,Chrome,organic,,,,,0.0,red wine gift,0,0,0,
3b7c01e4-d8f0-48f7-b752-6cf28a50932c,EVT-002951,USER-00144,view,2025-12-11T22:38:39.324900,SES-9c225ee8,tablet,Edge,direct,PROD-01196,Oral-B iO Series 9,Personal Care,Healthcare,285.71,,125,0,0,
995ad5b2-b4d0-4def-8526-cb108e7d0e3e,EVT-002952,USER-00001,view,2026-01-10T16:44:38.277727,SES-589b4a8c,desktop,Safari,direct,PROD-00512,Dom Pérignon Rosé 2009,Champagne,Wine,415.51,,398,0,0,
b75fa489-7cfc-45ec-87eb-6e0bc4a16194,EVT-002953,USER-00023,search,2026-01-03T23:11:52.206290,SES-6db5704c,desktop,Chrome,social,,,,,0.0,gaming laptop,0,0,0,
61b9bf5c-7728-4ce1-abe4-c227501a2bd4,EVT-002954,USER-00155,search,2025-11-21T10:13:54.542947,SES-855a5143,mobile,Firefox,social,,,,,0.0,wireless headphones,0,0,0,
32f26999-0db9-4190-8a58-dbdf134243e3,EVT-002955,USER-00218,click,2025-12-21T12:24:35.100734,SES-053e7435,desktop,Safari,email,PROD-00003,Penfolds Grange,Red Wine,Wine,390.13,,276,0,0,
f6c2dda9-875e-4f55-8497-6a0a159ee644,EVT-002956,USER-00107,search,2025-12-09T01:49:40.392449,SES-23b1a849,desktop,Firefox,organic,,,,,0.0,home office chair,0,0,0,
e7ff6933-bed5-4ca0-9c17-90af1d1cce47,EVT-002957,USER-00147,add_to_cart,2025-12-21T18:28:48.472919,SES-15449ec1,mobile,Chrome,email,PROD-01416,REI Flash 55 Pack,Outdoor Gear,Sports,517.67,,0,1,0,
181d6592-a9cc-4ed4-8d2e-d75099c2abc4,EVT-002958,USER-00048,wishlist,2026-01-05T20:30:38.899966,SES-c7eb5b69,tablet,Safari,organic,PROD-01844,Samsung Galaxy Watch 6,Smartwatches,Electronics,790.52,,0,0,0,
8ffaa2ac-211e-48d9-ab1c-2dc448f9c2de,EVT-002959,USER-00154,search,2025-12-14T18:03:36.029819,SES-9494e6e1,tablet,Chrome,organic,,,,,0.0,red wine gift,0,0,0,
9f6764b8-2916-43fd-879d-2276baa05dc5,EVT-002960,USER-00144,view,2025-12-23T02:33:18.732125,SES-ea421dc8,tablet,Edge,direct,PROD-01196,Oral-B iO Series 9,Personal Care,Healthcare,285.71,,125,0,0,
50427dc7-ef2a-4914-85a3-96e6ccd67b92,EVT-002961,USER-00001,view,2026-01-03T05:30:15.355507,SES-83f7956e,desktop,Safari,direct,PROD-00512,Dom Pérignon Rosé 2009,Champagne,Wine,415.51,,398,0,0,
147fecbd-360c-4ac8-a59b-00c63c084c3d,EVT-002962,USER-00023,search,2025-12-31T17:15:20.568807,SES-621fe12f,desktop,Chrome,social,,,,,0.0,gaming laptop,0,0,0,
6168dbd3-5eaf-4baf-86a0-51eeaa4e8613,EVT-002963,USER-00155,search,2025-11-13T17:58:35.891630,SES-a8e028c9,mobile,Firefox,social,,,,,0.0,wireless headphones,0,0,0,
fead7d23-5023-4e20-8d8c-8768162da1ad,EVT-002964,USER-00218,click,2026-01-04T00:23:20.102701,SES-dc58878b,desktop,Safari,email,PROD-00003,Penfolds Grange,Red Wine,Wine,390.13,,276,0,0,
930fa885-d1a5-4bed-be67-c1c76cf10199,EVT-002965,USER-00107,search,2025-11-30T17:18:09.297444,SES-29de796d,desktop,Firefox,organic,,,,,0.0,home office chair,0,0,0,
a401aada-c842-43ee-a213-28a01a1b4d7d,EVT-002966,USER-00147,add_to_cart,2025-11-16T04:03:48.023410,SES-5c759407,mobile,Chrome,email,PROD-01416,REI Flash 55 Pack,Outdoor Gear,Sports,517.67,,0,1,0,
eb0ce4b9-3d16-4c44-b6d2-9353f32e4d9c,EVT-002967,USER-00048,wishlist,2026-01-15T06:24:23.802244,SES-9a4d54d2,tablet,Safari,organic,PROD-01844,Samsung Galaxy Watch 6,Smartwatches,Electronics,790.52,,0,0,0,
e4f8f385-14d4-4017-9b3c-aa2837e13fe4,EVT-002968,USER-00154,search,2025-11-18T17:21:54.150712,SES-849defde,tablet,Chrome,organic,,,,,0.0,red wine gift,0,0,0,
9fa381ea-17e5-4d54-850f-45e431a4c779,EVT-002969,USER-00144,view,2026-01-18T05:18:00.660953,SES-ad9d6a15,tablet,Edge,direct,PROD-01196,Oral-B iO Series 9,Personal Care,Healthcare,285.71,,125,0,0,
e14a98cb-8978-40cf-8ec9-8ecc092d3d49,EVT-002970,USER-00001,view,2026-01-19T21:22:19.123703,SES-90c18099,desktop,Safari,direct,PROD-00512,Dom Pérignon Rosé 2009,Champagne,Wine,415.51,,398,0,0,
4728227d-eb06-4963-8558-e844c12eba44,EVT-002971,USER-00023,search,2025-10-27T06:54:54.371204,SES-a50edfdf,desktop,Chrome,social,,,,,0.0,gaming laptop,0,0,0,
57b2b863-928a-4aac-afc5-3315af777b9d,EVT-002972,USER-00155,search,2025-12-14T22:11:33.561016,SES-d8b38322,mobile,Firefox,social,,,,,0.0,wireless headphones,0,0,0,
25bb3f9e-1f4e-44c4-85dd-d782e4cf76f9,EVT-002973,USER-00218,click,2026-01-02T19:45:05.458951,SES-603ec8be,desktop,Safari,email,PROD-00003,Penfolds Grange,Red Wine,Wine,390.13,,276,0,0,
14c277cd-7b87-4c13-a362-33eee4df8e90,EVT-002974,USER-00107,search,2025-11-14T20:38:36.348896,SES-df55d058,desktop,Firefox,organic,,,,,0.0,home office chair,0,0,0,
ccece20c-d598-437e-9be5-e663487fa124,EVT-002975,USER-00147,add_to_cart,2026-01-04T20:07:30.500707,SES-75301e1e,mobile,Chrome,email,PROD-01416,REI Flash 55 Pack,Outdoor Gear,Sports,517.67,,0,1,0,
ea8742b9-2f02-4093-9acb-eb8eca72f969,EVT-002976,USER-00048,wishlist,2025-12-11T14:57:59.509139,SES-179b7f16,tablet,Safari,organic,PROD-01844,Samsung Galaxy Watch 6,Smartwatches,Electronics,790.52,,0,0,0,
11be8e45-0588-47e8-9e4f-85cac8884a14,EVT-002977,USER-00154,search,2026-01-06T16:13:50.200135,SES-d7994341,tablet,Chrome,organic,,,,,0.0,red wine gift,0,0,0,
3a69c57e-4244-4021-92be-020d65cd5ad4,EVT-002978,USER-00144,view,2025-11-11T09:04:25.091367,SES-24e249e7,tablet,Edge,direct,PROD-01196,Oral-B iO Series 9,Personal Care,Healthcare,285.71,,125,0,0,
d48d4f4d-229b-40d5-b278-9f3e1c7379ad,EVT-002979,USER-00001,view,2026-01-16T17:28:40.772839,SES-00fd9c24,desktop,Safari,direct,PROD-00512,Dom Pérignon Rosé 2009,Champagne,Wine,415.51,,398,0,0,
ece0402c-7dc4-4569-8b6a-6c4408e1d4df,EVT-002980,USER-00023,search,2025-12-03T11:07:36.765584,SES-ae959d6b,desktop,Chrome,social,,,,,0.0,gaming laptop,0,0,0,
a47fba40-c202-40c5-aaff-b460a9c3695c,EVT-002981,USER-00155,search,2025-11-05T11:10:26.199148,SES-4165f4cd,mobile,Firefox,social,,,,,0.0,wireless headphones,0,0,0,
9fd40977-e1d6-4ea7-b2f7-04f39fdf327a,EVT-002982,USER-00218,click,2025-10-31T13:06:22.089430,SES-6c6a238d,desktop,Safari,email,PROD-00003,Penfolds Grange,Red Wine,Wine,390.13,,276,0,0,
25b25af4-f274-44c8-a605-909ea7afa035,EVT-002983,USER-00107,search,2025-12-10T11:18:29.294291,SES-c34b7fca,desktop,Firefox,organic,,,,,0.0,home office chair,0,0,0,
7a8741ae-58a6-4aab-bbe2-01e7852c8e5b,EVT-002984,USER-00147,add_to_cart,2025-11-24T08:12:02.853812,SES-afb1069f,mobile,Chrome,email,PROD-01416,REI Flash 55 Pack,Outdoor Gear,Sports,517.67,,0,1,0,
731632a8-02f3-4adb-9baa-ef9a2d8dface,EVT-002985,USER-00048,wishlist,2025-12-28T11:59:13.271514,SES-de2a62ea,tablet,Safari,organic,PROD-01844,Samsung Galaxy Watch 6,Smartwatches,Electronics,790.52,,0,0,0,
29057d01-cce1-4e7b-9518-0d51124ded25,EVT-002986,USER-00154,search,2025-11-29T09:48:20.939616,SES-ffb63b48,tablet,Chrome,organic,,,,,0.0,red wine gift,0,0,0,
fc838d4c-b222-4441-847f-070fb8dc3a2d,EVT-002987,USER-00144,view,2025-11-21T11:33:23.328237,SES-7c0685f3,tablet,Edge,direct,PROD-01196,Oral-B iO Series 9,Personal Care,Healthcare,285.71,,125,0,0,
42c319b0-6a9a-4c1a-a804-589e7f747cc6,EVT-002988,USER-00001,view,2025-10-29T23:22:30.679132,SES-c315be0f,desktop,Safari,direct,PROD-00512,Dom Pérignon Rosé 2009,Champagne,Wine,415.51,,398,0,0,
d0796512-5a14-41d0-a49d-0b448784dd44,EVT-002989,USER-00023,search,2025-11-06T07:01:06.016188,SES-b3bac26a,desktop,Chrome,social,,,,,0.0,gaming laptop,0,0,0,
249dae52-891c-4bad-a880-5e7d4a1f4b2a,EVT-002990,USER-00155,search,2025-12-04T23:28:16.468793,SES-109ccd07,mobile,Firefox,social,,,,,0.0,wireless headphones,0,0,0,
327dacf7-df54-436a-abba-4a503de58ecb,EVT-002991,USER-00218,click,2026-01-14T05:30:04.990301,SES-ea19b47f,desktop,Safari,email,PROD-00003,Penfolds Grange,Red Wine,Wine,390.13,,276,0,0,
0137564d-60fb-4fb9-90b3-d618f0efb09a,EVT-002992,USER-00107,search,2025-10-28T15:23:18.957986,SES-1c79843c,desktop,Firefox,organic,,,,,0.0,home office chair,0,0,0,
d976d95a-4421-4d84-97cf-970243d92a8a,EVT-002993,USER-00147,add_to_cart,2025-11-19T22:16:59.672348,SES-536184f9,mobile,Chrome,email,PROD-01416,REI Flash 55 Pack,Outdoor Gear,Sports,517.67,,0,1,0,
e5c58e9c-e1a5-436a-99eb-341a595c5ba6,EVT-002994,USER-00048,wishlist,2026-01-10T17:02:17.351605,SES-838f297e,tablet,Safari,organic,PROD-01844,Samsung Galaxy Watch 6,Smartwatches,Electronics,790.52,,0,0,0,
a86eb58f-4661-40d3-9bdd-be68d74d35ba,EVT-002995,USER-00154,search,2025-11-30T21:04:57.755051,SES-c5e9e1a4,tablet,Chrome,organic,,,,,0.0,red wine gift,0,0,0,
671268d1-37e0-42bf-b3b7-1d669493a9f7,EVT-002996,USER-00144,view,2026-01-04T00:40:03.051609,SES-0e18894c,tablet,Edge,direct,PROD-01196,Oral-B iO Series 9,Personal Care,Healthcare,285.71,,125,0,0,
443ce403-fd84-4080-b75c-99dbffd80aed,EVT-002997,USER-00001,view,2025-11-05T12:52:31.249126,SES-07a773d7,desktop,Safari,direct,PROD-00512,Dom Pérignon Rosé 2009,Champagne,Wine,415.51,,398,0,0,
ead65624-5f62-40f9-b755-0be266c3e27d,EVT-002998,USER-00023,search,2025-12-04T06:11:32.110276,SES-951cf686,desktop,Chrome,social,,,,,0.0,gaming laptop,0,0,0,
f049928e-72de-44c5-9bb6-5f020e17a33c,EVT-002999,USER-00155,search,2025-10-25T10:13:20.714414,SES-06bb8886,mobile,Firefox,social,,,,,0.0,wireless headphones,0,0,0,
5c853e0a-b9b0-4816-8d88-f555938f50d6,EVT-003000,USER-00218,click,2026-01-15T01:20:21.112242,SES-530bad1b,desktop,Safari,email,PROD-00003,Penfolds Grange,Red Wine,Wine,390.13,,276,0,0,
4f187943-853a-4674-b91a-bd0af617af07,EVT-003001,USER-00107,search,2025-11-02T07:30:18.515970,SES-fa48708f,desktop,Firefox,organic,,,,,0.0,home office chair,0,0,0,
ef6d23e2-1601-4fde-a504-afb21707d13a,EVT-003002,USER-00147,add_to_cart,2025-11-12T21:12:35.718370,SES-1ab885a4,mobile,Chrome,email,PROD-01416,REI Flash 55 Pack,Outdoor Gear,Sports,517.67,,0,1,0,
a96af2c2-38aa-4c43-b5d8-5a1b60f23447,EVT-003003,USER-00048,wishlist,2026-01-09T19:00:17.039734,SES-7090a975,tablet,Safari,organic,PROD-01844,Samsung Galaxy Watch 6,Smartwatches,Electronics,790.52,,0,0,0,
345d8f1b-51c2-447a-8cd5-30228bc5e339,EVT-003004,USER-00154,search,2025-12-05T22:33:19.398857,SES-2193f325,tablet,Chrome,organic,,,,,0.0,red wine gift,0,0,0,
d5fdf6ce-f20e-4ed6-bf79-f2160853e845,EVT-003005,USER-00144,view,2026-01-16T22:00:30.669992,SES-f7f4a41f,tablet,Edge,direct,PROD-01196,Oral-B iO Series 9,Personal Care,Healthcare,285.71,,125,0,0,
764a46a1-76ae-437a-ac3c-384726ff3d1d,EVT-003006,USER-00001,view,2025-12-14T15:07:48.989031,SES-a85fea3c,desktop,Safari,direct,PROD-00512,Dom Pérignon Rosé 2009,Champagne,Wine,415.51,,398,0,0,
b9422468-ec56-4668-9016-fc94d35c86d3,EVT-003007,USER-00023,search,2025-11-28T03:37:20.413064,SES-601a43cc,desktop,Chrome,social,,,,,0.0,gaming laptop,0,0,0,
d0187f41-6dee-4194-8ea7-405ab9ab8795,EVT-003008,USER-00155,search,2026-01-07T02:56:53.674233,SES-a5f0c2d7,mobile,Firefox,social,,,,,0.0,wireless headphones,0,0,0,
fb4f5997-65d0-4463-a6ba-24a1c84b9805,EVT-003009,USER-00218,click,2025-11-17T10:54:21.989562,SES-f27039be,desktop,Safari,email,PROD-00003,Penfolds Grange,Red Wine,Wine,390.13,,276,0,0,
20c2fdcb-df45-4d37-a6fc-d85712f16446,EVT-003010,USER-00107,search,2025-12-16T14:58:23.502431,SES-6ef021e8,desktop,Firefox,organic,,,,,0.0,home office chair,0,0,0,
01967d2c-5aea-47b9-bf84-e068aa11cab1,EVT-003011,USER-00147,add_to_cart,2025-11-06T12:18:29.063443,SES-5690e568,mobile,Chrome,email,PROD-01416,REI Flash 55 Pack,Outdoor Gear,Sports,517.67,,0,1,0,
861f66c3-ef0d-4cd6-9b45-ec82a83a336e,EVT-003012,USER-00048,wishlist,2025-11-05T23:59:26.994445,SES-233084f8,tablet,Safari,organic,PROD-01844,Samsung Galaxy Watch 6,Smartwatches,Electronics,790.52,,0,0,0,
9f2e4fe8-52a0-4767-8599-8ef542116ab3,EVT-003013,USER-00154,search,2025-11-21T02:45:53.180210,SES-2df438cc,tablet,Chrome,organic,,,,,0.0,red wine gift,0,0,0,
c7ae0e50-e8af-4137-b60c-44b768c50d37,EVT-003014,USER-00144,view,2025-11-25T14:07:37.295582,SES-bdf37497,tablet,Edge,direct,PROD-01196,Oral-B iO Series 9,Personal Care,Healthcare,285.71,,125,0,0,
8e0a9c02-9d6f-40bc-adee-8da0ff508410,EVT-003015,USER-00001,view,2025-10-30T03:09:12.238660,SES-14e53f5a,desktop,Safari,direct,PROD-00512,Dom Pérignon Rosé 2009,Champagne,Wine,415.51,,398,0,0,
8164e7a3-3909-45bf-afd5-39657e45bc76,EVT-003016,USER-00023,search,2025-10-30T01:27:39.659901,SES-34718e48,desktop,Chrome,social,,,,,0.0,gaming laptop,0,0,0,
c23e41b8-f8d4-49de-998b-f7b8d138aa5c,EVT-003017,USER-00155,search,2026-01-02T07:54:56.862020,SES-4f71f997,mobile,Firefox,social,,,,,0.0,wireless headphones,0,0,0,
0dc336eb-5655-4627-830b-b7e67c18c6f1,EVT-003018,USER-00218,click,2025-10-23T10:28:27.176261,SES-d8ba6223,desktop,Safari,email,PROD-00003,Penfolds Grange,Red Wine,Wine,390.13,,276,0,0,
084fad27-fc1a-4b36-b548-346b7a1d7d3e,EVT-003019,USER-00107,search,2025-12-10T07:20:10.639547,SES-70060909,desktop,Firefox,organic,,,,,0.0,home office chair,0,0,0,
6fdd9d93-a544-4285-9502-2a854a80ad8f,EVT-003020,USER-00147,add_to_cart,2025-12-06T00:15:24.534614,SES-dd63d518,mobile,Chrome,email,PROD-01416,REI Flash 55 Pack,Outdoor Gear,Sports,517.67,,0,1,0,
33737c34-11b1-42c2-9a22-ffb84c540617,EVT-003021,USER-00048,wishlist,2025-10-30T23:32:11.809285,SES-dd23eb43,tablet,Safari,organic,PROD-01844,Samsung Galaxy Watch 6,Smartwatches,Electronics,790.52,,0,0,0,
6098001b-216e-4967-8958-0c5661a24e37,EVT-003022,USER-00154,search,2026-01-17T23:27:58.215218,SES-5afdee30,tablet,Chrome,organic,,,,,0.0,red wine gift,0,0,0,
99da1877-65e0-45a1-866e-87eb0837966f,EVT-003023,USER-00144,view,2026-01-03T09:37:43.879639,SES-027c30ff,tablet,Edge,direct,PROD-01196,Oral-B iO Series 9,Personal Care,Healthcare,285.71,,125,0,0,
ad90c6e5-e811-4b7f-b4f4-f40c8b130547,EVT-003024,USER-00001,view,2025-12-19T23:45:02.862565,SES-d40b11e8,desktop,Safari,direct,PROD-00512,Dom Pérignon Rosé 2009,Champagne,Wine,415.51,,398,0,0,
a17d6a56-f8e4-4025-8e1b-78799c8dea71,EVT-003025,USER-00023,search,2026-01-19T22:30:16.618834,SES-5677a466,desktop,Chrome,social,,,,,0.0,gaming laptop,0,0,0,
3259ab6d-33e9-4c27-b7f0-30495b8c735d,EVT-003026,USER-00155,search,2025-10-22T20:38:40.543972,SES-073a0ed1,mobile,Firefox,social,,,,,0.0,wireless headphones,0,0,0,
fb70dbe0-73f8-4eff-bc3e-00fc87ec0c95,EVT-003027,USER-00218,click,2025-11-07T15:41:38.193670,SES-56b64ab6,desktop,Safari,email,PROD-00003,Penfolds Grange,Red Wine,Wine,390.13,,276,0,0,
b9a7ca98-05a4-4b3d-a5e1-2cd851db4179,EVT-003028,USER-00107,search,2025-11-03T16:27:36.143087,SES-ba4be6f6,desktop,Firefox,organic,,,,,0.0,home office chair,0,0,0,
78e097a1-0a36-44b5-b948-45a6c5cfc90e,EVT-003029,USER-00147,add_to_cart,2026-01-19T04:55:49.473798,SES-16fb7cfd,mobile,Chrome,email,PROD-01416,REI Flash 55 Pack,Outdoor Gear,Sports,517.67,,0,1,0,
c1e241e0-1d01-41ce-82c3-0543f0168ad8,EVT-003030,USER-00048,wishlist,2025-11-24T16:21:10.089649,SES-ca1e6e5b,tablet,Safari,organic,PROD-01844,Samsung Galaxy Watch 6,Smartwatches,Electronics,790.52,,0,0,0,
c78e3960-343f-48ab-a72c-63f45bb2f05d,EVT-003031,USER-00154,search,2025-12-23T09:09:55.400489,SES-667eef5d,tablet,Chrome,organic,,,,,0.0,red wine gift,0,0,0,
56851610-face-4db6-a234-d170a2aeb961,EVT-003032,USER-00144,view,2026-01-05T01:55:55.360760,SES-daa6f5ad,tablet,Edge,direct,PROD-01196,Oral-B iO Series 9,Personal Care,Healthcare,285.71,,125,0,0,
f152ef76-3fc3-41d3-ae04-c7e7f0ea74b8,EVT-003033,USER-00001,view,2025-11-23T19:47:49.901278,SES-0a10c917,desktop,Safari,direct,PROD-00512,Dom Pérignon Rosé 2009,Champagne,Wine,415.51,,398,0,0,
4f5f66e0-5e63-49c8-a9fc-fe850c92050d,EVT-003034,USER-00023,search,2025-12-13T03:39:00.660626,SES-d0ed239b,desktop,Chrome,social,,,,,0.0,gaming laptop,0,0,0,
c833b390-2f12-4954-a597-de021e21b194,EVT-003035,USER-00155,search,2025-10-26T07:27:52.371938,SES-4f283b39,mobile,Firefox,social,,,,,0.0,wireless headphones,0,0,0,
c55e700c-f7b4-4452-86dd-7485e4932fd9,EVT-003036,USER-00218,click,2026-01-11T00:45:22.755678,SES-0389ad0f,desktop,Safari,email,PROD-00003,Penfolds Grange,Red Wine,Wine,390.13,,276,0,0,
6bf325f7-0908-459a-b101-6ff2e3d03adb,EVT-003037,USER-00107,search,2025-11-21T09:14:32.160924,SES-979cbee4,desktop,Firefox,organic,,,,,0.0,home office chair,0,0,0,
3fe2510b-6b4a-4d77-becb-157d236b1e04,EVT-003038,USER-00147,add_to_cart,2025-10-26T04:15:04.917351,SES-ab267e97,mobile,Chrome,email,PROD-01416,REI Flash 55 Pack,Outdoor Gear,Sports,517.67,,0,1,0,
ca4fc896-feac-49fb-ae83-9bc01e26008b,EVT-003039,USER-00048,wishlist,2025-12-14T03:07:16.597912,SES-0141ed21,tablet,Safari,organic,PROD-01844,Samsung Galaxy Watch 6,Smartwatches,Electronics,790.52,,0,0,0,
bb619e67-9131-4331-92a0-4c32f98738fb,EVT-003040,USER-00154,search,2026-01-19T14:36:53.981619,SES-4d473480,tablet,Chrome,organic,,,,,0.0,red wine gift,0,0,0,
e2cdeaf7-4d04-4886-b8fc-6836efa0fa74,EVT-003041,USER-00144,view,2025-12-16T23:09:39.351476,SES-c9b83d98,tablet,Edge,direct,PROD-01196,Oral-B iO Series 9,Personal Care,Healthcare,285.71,,125,0,0,
82ed541a-579e-4907-85f3-5330ad8bcfb5,EVT-003042,USER-00001,view,2026-01-04T14:25:27.977357,SES-a144da7c,desktop,Safari,direct,PROD-00512,Dom Pérignon Rosé 2009,Champagne,Wine,415.51,,398,0,0,
fb975d1e-3f58-4cce-8992-f22be05f283c,EVT-003043,USER-00023,search,2025-11-08T23:23:31.607699,SES-0bb6d340,desktop,Chrome,social,,,,,0.0,gaming laptop,0,0,0,
459825d6-8f14-490d-8598-3dd8cac55b91,EVT-003044,USER-00155,search,2025-11-06T23:11:39.826037,SES-920171ef,mobile,Firefox,social,,,,,0.0,wireless headphones,0,0,0,
2bcc3f38-6829-4c18-a250-6ff47c02e911,EVT-003045,USER-00218,click,2025-11-26T20:24:09.726257,SES-cb015dcc,desktop,Safari,email,PROD-00003,Penfolds Grange,Red Wine,Wine,390.13,,276,0,0,
41a62c54-ab54-4d60-99f8-82bfe1b19f08,EVT-003046,USER-00107,search,2026-01-20T02:03:19.232749,SES-9e8c412b,desktop,Firefox,organic,,,,,0.0,home office chair,0,0,0,
212a0cc4-3ace-4f1b-afde-cfc107786c5c,EVT-003047,USER-00147,add_to_cart,2025-11-01T08:25:09.151488,SES-91058c94,mobile,Chrome,email,PROD-01416,REI Flash 55 Pack,Outdoor Gear,Sports,517.67,,0,1,0,
a0f7d098-3887-43b0-af72-5017962df1ac,EVT-003048,USER-00048,wishlist,2025-12-15T01:48:56.338276,SES-70d72807,tablet,Safari,organic,PROD-01844,Samsung Galaxy Watch 6,Smartwatches,Electronics,790.52,,0,0,0,
f7b0b797-21ff-44aa-a5c0-33d6f71c4176,EVT-003049,USER-00154,search,2025-12-17T01:28:33.220767,SES-436b79dd,tablet,Chrome,organic,,,,,0.0,red wine gift,0,0,0,
dda58c99-ef23-49ea-9317-d4cd21e9eb4c,EVT-003050,USER-00144,view,2025-12-09T00:29:06.347422,SES-be1eb57c,tablet,Edge,direct,PROD-01196,Oral-B iO Series 9,Personal Care,Healthcare,285.71,,125,0,0,
a78e1c53-5a11-4585-8538-e8ca5f181685,EVT-003051,USER-00001,view,2026-01-05T12:49:44.033693,SES-0bc050eb,desktop,Safari,direct,PROD-00512,Dom Pérignon Rosé 2009,Champagne,Wine,415.51,,398,0,0,
e6d3bc4e-6823-4768-bd0b-3c3a53fea854,EVT-003052,USER-00023,search,2025-11-17T06:32:13.190118,SES-c782b2ed,desktop,Chrome,social,,,,,0.0,gaming laptop,0,0,0,
702773c1-345e-4bd5-925c-ee898d499811,EVT-003053,USER-00155,search,2025-10-28T12:24:43.034207,SES-6f307dc0,mobile,Firefox,social,,,,,0.0,wireless headphones,0,0,0,
ba1f53e2-6d1e-4a3f-aa41-6005c8df2901,EVT-003054,USER-00218,click,2025-12-16T05:27:30.288461,SES-811492ec,desktop,Safari,email,PROD-00003,Penfolds Grange,Red Wine,Wine,390.13,,276,0,0,
0913453d-af8b-4376-9e2f-7065da33cf77,EVT-003055,USER-00107,search,2025-11-15T01:41:51.758281,SES-01e8624e,desktop,Firefox,organic,,,,,0.0,home office chair,0,0,0,
ec0d2d75-cfdf-4a64-ba58-906cae6eecd3,EVT-003056,USER-00147,add_to_cart,2025-12-19T14:01:06.275250,SES-735ba589,mobile,Chrome,email,PROD-01416,REI Flash 55 Pack,Outdoor Gear,Sports,517.67,,0,1,0,
882c5020-4032-4ccd-af89-7ad563a9cc5c,EVT-003057,USER-00048,wishlist,2025-12-24T16:00:44.643230,SES-a02efd52,tablet,Safari,organic,PROD-01844,Samsung Galaxy Watch 6,Smartwatches,Electronics,790.52,,0,0,0,
280ca57c-075e-4f77-838c-e8fb05173a62,EVT-003058,USER-00154,search,2025-10-31T07:45:20.596263,SES-65d5ace2,tablet,Chrome,organic,,,,,0.0,red wine gift,0,0,0,
d2ad24bc-36c6-4ac4-a01d-971f0baf6506,EVT-003059,USER-00144,view,2025-12-16T06:08:26.378732,SES-92bbb527,tablet,Edge,direct,PROD-01196,Oral-B iO Series 9,Personal Care,Healthcare,285.71,,125,0,0,
9cae0e6c-c416-4089-8adf-7b5a3be5469b,EVT-003060,USER-00001,view,2025-12-23T16:26:43.047776,SES-3dcd91e6,desktop,Safari,direct,PROD-00512,Dom Pérignon Rosé 2009,Champagne,Wine,415.51,,398,0,0,
02263687-5a1b-49fc-aed1-f429613912c8,EVT-003061,USER-00023,search,2025-10-25T13:19:44.338559,SES-5c2f4966,desktop,Chrome,social,,,,,0.0,gaming laptop,0,0,0,
0cfb0d6d-f777-4ab0-b749-d1ab83afa848,EVT-003062,USER-00155,search,2026-01-07T08:47:38.423055,SES-934c5328,mobile,Firefox,social,,,,,0.0,wireless headphones,0,0,0,
0b115acc-aacf-469c-9b4c-491af695f3eb,EVT-003063,USER-00218,click,2025-12-21T12:33:16.686488,SES-d1db2bb3,desktop,Safari,email,PROD-00003,Penfolds Grange,Red Wine,Wine,390.13,,276,0,0,
f80fab10-d181-45a7-a809-45d244787583,EVT-003064,USER-00107,search,2025-12-24T05:08:20.606874,SES-b1c9b672,desktop,Firefox,organic,,,,,0.0,home office chair,0,0,0,
7f5b7b91-9852-458d-9b9d-e8597ec44d28,EVT-003065,USER-00147,add_to_cart,2026-01-03T14:19:15.660372,SES-c563b313,mobile,Chrome,email,PROD-01416,REI Flash 55 Pack,Outdoor Gear,Sports,517.67,,0,1,0,
f4a494b3-092c-4f64-a763-4a46a182cd0c,EVT-003066,USER-00048,wishlist,2025-11-23T23:02:24.949251,SES-7c984fc7,tablet,Safari,organic,PROD-01844,Samsung Galaxy Watch 6,Smartwatches,Electronics,790.52,,0,0,0,
9c299f69-27f5-41e2-9aca-ee292ae53fdc,EVT-003067,USER-00154,search,2025-12-07T11:18:28.834699,SES-2104184f,tablet,Chrome,organic,,,,,0.0,red wine gift,0,0,0,
333a9318-575f-4ab2-beff-a57eff954c7c,EVT-003068,USER-00144,view,2025-11-18T02:25:37.823715,SES-abb93c97,tablet,Edge,direct,PROD-01196,Oral-B iO Series 9,Personal Care,Healthcare,285.71,,125,0,0,
473dee2e-f914-4dca-9182-43764ddeece6,EVT-003069,USER-00001,view,2025-12-25T04:21:22.164888,SES-750e4311,desktop,Safari,direct,PROD-00512,Dom Pérignon Rosé 2009,Champagne,Wine,415.51,,398,0,0,
f0b36d63-1680-438d-8c0b-ab47a32eab66,EVT-003070,USER-00023,search,2025-11-27T18:29:57.177107,SES-b9d03f0c,desktop,Chrome,social,,,,,0.0,gaming laptop,0,0,0,
990966af-d710-44a5-b849-23b36bf8c144,EVT-003071,USER-00155,search,2026-01-03T07:10:56.563728,SES-8c9437d3,mobile,Firefox,social,,,,,0.0,wireless headphones,0,0,0,
13a3a1b6-ba03-47a0-bac4-8e73b923d557,EVT-003072,USER-00218,click,2025-11-12T20:00:22.666160,SES-e46808b7,desktop,Safari,email,PROD-00003,Penfolds Grange,Red Wine,Wine,390.13,,276,0,0,
46bca0a7-12b0-402b-a47e-973fef67e0e8,EVT-003073,USER-00107,search,2026-01-19T06:52:09.279235,SES-3a06a820,desktop,Firefox,organic,,,,,0.0,home office chair,0,0,0,
5e10a473-7236-4e79-8f75-ea8e5f8376b4,EVT-003074,USER-00147,add_to_cart,2025-11-19T12:16:49.713807,SES-784ac3ea,mobile,Chrome,email,PROD-01416,REI Flash 55 Pack,Outdoor Gear,Sports,517.67,,0,1,0,
46003047-6757-4cb8-b1ea-44bac1cfe7fd,EVT-003075,USER-00048,wishlist,2025-11-21T01:36:46.640988,SES-5a8b9c94,tablet,Safari,organic,PROD-01844,Samsung Galaxy Watch 6,Smartwatches,Electronics,790.52,,0,0,0,
621a7b17-d44a-4a56-9ff6-81681352e6a9,EVT-003076,USER-00154,search,2025-11-13T08:00:27.626765,SES-5c781c6f,tablet,Chrome,organic,,,,,0.0,red wine gift,0,0,0,
fec2587c-4d84-49c1-86f4-c46d89747b1c,EVT-003077,USER-00144,view,2025-11-05T01:22:23.857395,SES-7d893923,tablet,Edge,direct,PROD-01196,Oral-B iO Series 9,Personal Care,Healthcare,285.71,,125,0,0,
e78be3e5-fccc-43c5-89de-2c907a92880b,EVT-003078,USER-00001,view,2025-11-05T15:24:33.553157,SES-e8e3cff1,desktop,Safari,direct,PROD-00512,Dom Pérignon Rosé 2009,Champagne,Wine,415.51,,398,0,0,
8f4b065a-872f-40d3-b4cd-0fb591559153,EVT-003079,USER-00023,search,2025-10-29T19:45:17.508039,SES-d2d38d3d,desktop,Chrome,social,,,,,0.0,gaming laptop,0,0,0,
53bd7cc4-1248-4062-957c-ff6dc5c308f4,EVT-003080,USER-00155,search,2025-12-14T13:31:53.751368,SES-edf3f862,mobile,Firefox,social,,,,,0.0,wireless headphones,0,0,0,
65b43de1-3c68-479c-9252-91b1ce913702,EVT-003081,USER-00218,click,2025-11-02T06:24:26.248094,SES-a49a3ae9,desktop,Safari,email,PROD-00003,Penfolds Grange,Red Wine,Wine,390.13,,276,0,0,
d1c30b3b-4e13-46c9-a2a9-4cc06e6df440,EVT-003082,USER-00107,search,2025-11-01T08:42:46.868241,SES-942349d1,desktop,Firefox,organic,,,,,0.0,home office chair,0,0,0,
63cedc73-82e5-49f0-b483-2e96da2498c1,EVT-003083,USER-00147,add_to_cart,2025-12-02T01:48:13.407346,SES-d1e497df,mobile,Chrome,email,PROD-01416,REI Flash 55 Pack,Outdoor Gear,Sports,517.67,,0,1,0,
87ecbfb9-526b-423f-b05a-ff408e73f609,EVT-003084,USER-00048,wishlist,2025-11-05T02:40:55.364655,SES-9ffe4b47,tablet,Safari,organic,PROD-01844,Samsung Galaxy Watch 6,Smartwatches,Electronics,790.52,,0,0,0,
c977642b-7fa1-4e90-a58b-638398725e31,EVT-003085,USER-00154,search,2025-10-29T06:46:16.203013,SES-bf2b044f,tablet,Chrome,organic,,,,,0.0,red wine gift,0,0,0,
bf61b1de-5658-4fcb-9550-4a1ac8046cee,EVT-003086,USER-00144,view,2025-12-31T00:07:41.524776,SES-f8aaadec,tablet,Edge,direct,PROD-01196,Oral-B iO Series 9,Personal Care,Healthcare,285.71,,125,0,0,
0327d2c1-cf90-4129-8c8f-c2ee325773f8,EVT-003087,USER-00001,view,2025-12-23T13:37:25.876243,SES-5508f87f,desktop,Safari,direct,PROD-00512,Dom Pérignon Rosé 2009,Champagne,Wine,415.51,,398,0,0,
329585e3-914a-40ec-ab88-10f8ae43254f,EVT-003088,USER-00023,search,2025-12-13T19:21:35.891928,SES-67deef06,desktop,Chrome,social,,,,,0.0,gaming laptop,0,0,0,
58badb99-ac5e-430d-a683-784fcfe03118,EVT-003089,USER-00155,search,2025-12-26T08:23:58.372895,SES-81c7ea34,mobile,Firefox,social,,,,,0.0,wireless headphones,0,0,0,
942599c1-743d-4775-adc9-3aebc3967537,EVT-003090,USER-00218,click,2025-11-30T20:27:33.673306,SES-e6c34b42,desktop,Safari,email,PROD-00003,Penfolds Grange,Red Wine,Wine,390.13,,276,0,0,
57a04690-21a7-41f7-b247-0cf9778ed4ad,EVT-003091,USER-00107,search,2025-11-02T16:59:31.482019,SES-e6c47d3f,desktop,Firefox,organic,,,,,0.0,home office chair,0,0,0,
e8b04f46-a883-4374-ab47-fe1eb35e2e67,EVT-003092,USER-00147,add_to_cart,2025-12-19T15:50:52.516925,SES-1985e9f1,mobile,Chrome,email,PROD-01416,REI Flash 55 Pack,Outdoor Gear,Sports,517.67,,0,1,0,
bca15649-74c7-418a-a246-cb464d3d9d1a,EVT-003093,USER-00048,wishlist,2026-01-15T12:06:22.208531,SES-62999f01,tablet,Safari,organic,PROD-01844,Samsung Galaxy Watch 6,Smartwatches,Electronics,790.52,,0,0,0,
738d777f-5d3b-4f19-963d-9027d1ddae0d,EVT-003094,USER-00154,search,2025-12-11T08:42:56.959228,SES-6d33672d,tablet,Chrome,organic,,,,,0.0,red wine gift,0,0,0,
69ed8335-86e9-4a5c-b103-bba3e08855a6,EVT-003095,USER-00144,view,2025-12-14T13:30:18.124265,SES-73f6efed,tablet,Edge,direct,PROD-01196,Oral-B iO Series 9,Personal Care,Healthcare,285.71,,125,0,0,
838ac3b4-2854-451d-a1f6-a119041fab1a,EVT-003096,USER-00001,view,2026-01-15T00:59:53.879622,SES-a79e6705,desktop,Safari,direct,PROD-00512,Dom Pérignon Rosé 2009,Champagne,Wine,415.51,,398,0,0,
1cfd0825-9d00-45a6-88fc-726ecb2c70c1,EVT-003097,USER-00023,search,2025-11-10T13:14:36.125190,SES-b8f56afb,desktop,Chrome,social,,,,,0.0,gaming laptop,0,0,0,
b973a845-bdca-4af1-a755-bf2c0d856aa1,EVT-003098,USER-00155,search,2025-12-04T06:18:33.110450,SES-442e2d48,mobile,Firefox,social,,,,,0.0,wireless headphones,0,0,0,
66157409-ebc1-45b5-8623-b6b02d1124fe,EVT-003099,USER-00218,click,2025-10-25T17:13:19.739424,SES-cd91570f,desktop,Safari,email,PROD-00003,Penfolds Grange,Red Wine,Wine,390.13,,276,0,0,
9fefb5ae-2ab6-4b0c-94ed-a3d184304709,EVT-003100,USER-00107,search,2025-11-05T18:14:34.720507,SES-f49600c3,desktop,Firefox,organic,,,,,0.0,home office chair,0,0,0,
4a006fa5-ae90-44fb-924d-405b63bd749b,EVT-003101,USER-00147,add_to_cart,2025-11-08T21:45:05.383448,SES-a2e89b08,mobile,Chrome,email,PROD-01416,REI Flash 55 Pack,Outdoor Gear,Sports,517.67,,0,1,0,
1830093d-d7b2-4859-98bc-734e6751a02e,EVT-003102,USER-00048,wishlist,2025-10-28T14:48:56.404478,SES-cf40d82b,tablet,Safari,organic,PROD-01844,Samsung Galaxy Watch 6,Smartwatches,Electronics,790.52,,0,0,0,
a250ee74-ddae-4a77-9777-2abf11870f7f,EVT-003103,USER-00154,search,2025-10-25T11:54:57.087324,SES-771a73b8,tablet,Chrome,organic,,,,,0.0,red wine gift,0,0,0,
cbe7a213-cf21-4659-8d59-41e4a402dee6,EVT-003104,USER-00144,view,2026-01-07T10:45:43.524418,SES-9faadfa5,tablet,Edge,direct,PROD-01196,Oral-B iO Series 9,Personal Care,Healthcare,285.71,,125,0,0,
8d8059a4-56a5-49ab-8eb4-8c1ad57808bb,EVT-003105,USER-00001,view,2025-11-14T08:50:56.902176,SES-fc99961b,desktop,Safari,direct,PROD-00512,Dom Pérignon Rosé 2009,Champagne,Wine,415.51,,398,0,0,
a094f153-3a34-4bae-8640-27bcc702c0ee,EVT-003106,USER-00023,search,2025-11-08T11:06:39.938155,SES-9a23c02e,desktop,Chrome,social,,,,,0.0,gaming laptop,0,0,0,
e5a4f724-8a5d-4002-ac75-6d9d5b466c8d,EVT-003107,USER-00155,search,2025-12-06T10:59:19.230564,SES-91b0857a,mobile,Firefox,social,,,,,0.0,wireless headphones,0,0,0,
fd69632f-f344-4911-af8d-07af5f9d5cc3,EVT-003108,USER-00218,click,2025-12-20T22:07:39.798105,SES-4627df86,desktop,Safari,email,PROD-00003,Penfolds Grange,Red Wine,Wine,390.13,,276,0,0,
6f458899-3410-4efd-9c6f-acd89ec591a0,EVT-003109,USER-00107,search,2025-11-27T10:42:49.405843,SES-46db8840,desktop,Firefox,organic,,,,,0.0,home office chair,0,0,0,
94a70ccd-cd59-4d1b-afd7-130471c2b181,EVT-003110,USER-00147,add_to_cart,2025-12-25T11:52:56.094333,SES-58b38f09,mobile,Chrome,email,PROD-01416,REI Flash 55 Pack,Outdoor Gear,Sports,517.67,,0,1,0,
f99b9c0c-8919-400e-adf1-dbedffd87470,EVT-003111,USER-00048,wishlist,2025-11-20T19:04:04.836954,SES-36a6afa4,tablet,Safari,organic,PROD-01844,Samsung Galaxy Watch 6,Smartwatches,Electronics,790.52,,0,0,0,
71bf6a92-613a-4b25-877a-9191f01a437c,EVT-003112,USER-00154,search,2025-11-03T15:12:25.704268,SES-c57d692d,tablet,Chrome,organic,,,,,0.0,red wine gift,0,0,0,
7d592ce2-ca30-400e-afaa-d3c4c714407c,EVT-003113,USER-00144,view,2025-11-21T02:15:28.040186,SES-ee413b83,tablet,Edge,direct,PROD-01196,Oral-B iO Series 9,Personal Care,Healthcare,285.71,,125,0,0,
0ab577e7-2964-4a11-8f60-776c83a5be91,EVT-003114,USER-00001,view,2026-01-17T16:12:06.781763,SES-db6ab45c,desktop,Safari,direct,PROD-00512,Dom Pérignon Rosé 2009,Champagne,Wine,415.51,,398,0,0,
ba524e1d-74a8-4f62-ba8c-3a5a14a88581,EVT-003115,USER-00023,search,2025-11-29T16:24:31.157587,SES-adbd003e,desktop,Chrome,social,,,,,0.0,gaming laptop,0,0,0,
e317cd48-a55f-4ee0-8b91-09570f554030,EVT-003116,USER-00155,search,2025-11-20T00:04:44.430926,SES-9e492929,mobile,Firefox,social,,,,,0.0,wireless headphones,0,0,0,
ec706f85-63d9-4f81-98cd-1a4d5f7dfd99,EVT-003117,USER-00218,click,2026-01-13T01:36:05.438838,SES-dad0adc0,desktop,Safari,email,PROD-00003,Penfolds Grange,Red Wine,Wine,390.13,,276,0,0,
0a03b93e-e6bc-4ab7-9b14-97484fb1c287,EVT-003118,USER-00107,search,2025-12-12T15:55:28.512363,SES-8c8dcd40,desktop,Firefox,organic,,,,,0.0,home office chair,0,0,0,
86978c1f-1424-4a1e-86ae-08e7ff7fabd8,EVT-003119,USER-00147,add_to_cart,2025-12-24T15:49:24.400831,SES-11a3ff73,mobile,Chrome,email,PROD-01416,REI Flash 55 Pack,Outdoor Gear,Sports,517.67,,0,1,0,
aab25613-c926-4d19-93ff-879a2bb44c05,EVT-003120,USER-00048,wishlist,2025-10-23T08:12:13.357613,SES-33feb5e6,tablet,Safari,organic,PROD-01844,Samsung Galaxy Watch 6,Smartwatches,Electronics,790.52,,0,0,0,
1129c9b4-db6d-4c7e-9152-4a9228c7d677,EVT-003121,USER-00154,search,2026-01-01T03:51:45.144848,SES-7fdcefee,tablet,Chrome,organic,,,,,0.0,red wine gift,0,0,0,
aa8b8312-3284-41da-afb5-d0541afdab3e,EVT-003122,USER-00144,view,2026-01-16T13:24:05.714344,SES-b981e198,tablet,Edge,direct,PROD-01196,Oral-B iO Series 9,Personal Care,Healthcare,285.71,,125,0,0,
358fda55-ce81-4cf8-92c8-a4b471d6d402,EVT-003123,USER-00001,view,2025-11-29T02:15:58.840945,SES-23033038,desktop,Safari,direct,PROD-00512,Dom Pérignon Rosé 2009,Champagne,Wine,415.51,,398,0,0,
aa144425-fff9-4c24-8646-3bd67b7685b9,EVT-003124,USER-00023,search,2025-12-05T11:49:39.332521,SES-13458201,desktop,Chrome,social,,,,,0.0,gaming laptop,0,0,0,
0caada3d-ce46-4176-bb78-25c0dc4edcfa,EVT-003125,USER-00155,search,2026-01-19T15:00:46.111645,SES-8b3b0a7d,mobile,Firefox,social,,,,,0.0,wireless headphones,0,0,0,
270aa0f5-26fd-498f-8ad9-ff12c0db3d2a,EVT-003126,USER-00218,click,2025-11-05T00:10:42.613690,SES-45afaa6a,desktop,Safari,email,PROD-00003,Penfolds Grange,Red Wine,Wine,390.13,,276,0,0,
6e3e5cbc-1783-4b36-b7a6-6cf9db7854d5,EVT-003127,USER-00107,search,2026-01-10T06:02:57.923456,SES-e75250fd,desktop,Firefox,organic,,,,,0.0,home office chair,0,0,0,
1c10a385-50df-4c22-83ea-c0bd66832a04,EVT-003128,USER-00147,add_to_cart,2025-11-13T06:35:11.790268,SES-1bf064b8,mobile,Chrome,email,PROD-01416,REI Flash 55 Pack,Outdoor Gear,Sports,517.67,,0,1,0,
495f9b7d-1e1d-4cac-9dd4-56536deedb74,EVT-003129,USER-00048,wishlist,2025-12-16T00:36:26.183866,SES-ad6898da,tablet,Safari,organic,PROD-01844,Samsung Galaxy Watch 6,Smartwatches,Electronics,790.52,,0,0,0,
7ed2fdb6-5472-448d-bf80-18e9f885da1a,EVT-003130,USER-00154,search,2026-01-16T19:23:28.867522,SES-430bdbb9,tablet,Chrome,organic,,,,,0.0,red wine gift,0,0,0,
61b2bc45-8a9e-486d-84cf-d272012b94e2,EVT-003131,USER-00144,view,2026-01-12T07:55:08.424594,SES-153faf29,tablet,Edge,direct,PROD-01196,Oral-B iO Series 9,Personal Care,Healthcare,285.71,,125,0,0,
fa51d4ea-0d99-4c59-8f6a-a0dd95b70a69,EVT-003132,USER-00001,view,2025-12-26T13:01:49.415299,SES-a63c6d63,desktop,Safari,direct,PROD-00512,Dom Pérignon Rosé 2009,Champagne,Wine,415.51,,398,0,0,
2e939193-696d-445b-b1bd-c431ab30db01,EVT-003133,USER-00023,search,2025-11-29T06:44:08.628593,SES-ad7f833c,desktop,Chrome,social,,,,,0.0,gaming laptop,0,0,0,
0fc5ccd8-86d2-40bb-8127-5dd4d5194560,EVT-003134,USER-00155,search,2025-12-31T01:11:36.908284,SES-1cda2499,mobile,Firefox,social,,,,,0.0,wireless headphones,0,0,0,
4b2c3085-ea9b-4bff-8fa9-e7cb997b249c,EVT-003135,USER-00218,click,2025-12-18T12:15:29.189924,SES-d50379b2,desktop,Safari,email,PROD-00003,Penfolds Grange,Red Wine,Wine,390.13,,276,0,0,
66a86539-3826-4bd5-9f62-217ed18ad71f,EVT-003136,USER-00107,search,2025-12-25T16:41:05.935445,SES-c85702f5,desktop,Firefox,organic,,,,,0.0,home office chair,0,0,0,
a3e7e94e-fe06-4b1a-932b-1f027c1861a1,EVT-003137,USER-00147,add_to_cart,2026-01-02T16:35:12.270397,SES-2bdd1e6b,mobile,Chrome,email,PROD-01416,REI Flash 55 Pack,Outdoor Gear,Sports,517.67,,0,1,0,
beadf38e-9c87-4657-aa86-cc6ca7d674e7,EVT-003138,USER-00048,wishlist,2025-11-25T05:52:03.787855,SES-ba2a5320,tablet,Safari,organic,PROD-01844,Samsung Galaxy Watch 6,Smartwatches,Electronics,790.52,,0,0,0,
427bc603-440a-4111-934b-397e822ec803,EVT-003139,USER-00154,search,2025-10-22T22:02:55.297970,SES-b43393ee,tablet,Chrome,organic,,,,,0.0,red wine gift,0,0,0,
836a5b15-c08e-4772-9900-74175be36312,EVT-003140,USER-00144,view,2025-12-05T02:58:50.094302,SES-3eb93482,tablet,Edge,direct,PROD-01196,Oral-B iO Series 9,Personal Care,Healthcare,285.71,,125,0,0,
cff00954-6941-4e2d-9e19-6d8e853a4cdc,EVT-003141,USER-00001,view,2026-01-04T20:40:33.745740,SES-b0d5a3a1,desktop,Safari,direct,PROD-00512,Dom Pérignon Rosé 2009,Champagne,Wine,415.51,,398,0,0,
3c93f5f7-9cde-4906-a149-f18a5b51ec5c,EVT-003142,USER-00023,search,2025-12-06T18:27:43.924021,SES-3e5aba1d,desktop,Chrome,social,,,,,0.0,gaming laptop,0,0,0,
62d1ba3a-3750-4463-9735-cb763c43cdb8,EVT-003143,USER-00155,search,2025-11-10T16:01:46.260413,SES-83600f27,mobile,Firefox,social,,,,,0.0,wireless headphones,0,0,0,
7ea4a941-04aa-423d-9cd6-79f9cbe88ed4,EVT-003144,USER-00218,click,2025-11-21T14:22:29.342367,SES-41b52675,desktop,Safari,email,PROD-00003,Penfolds Grange,Red Wine,Wine,390.13,,276,0,0,
3b4d55f2-194d-4fbe-90d8-c9f3cad5d012,EVT-003145,USER-00107,search,2025-12-20T22:51:14.025059,SES-93ee61e5,desktop,Firefox,organic,,,,,0.0,home office chair,0,0,0,
3f74279b-e406-4729-86af-c3d14f210fb4,EVT-003146,USER-00147,add_to_cart,2025-12-27T23:04:27.527906,SES-b4bc24a6,mobile,Chrome,email,PROD-01416,REI Flash 55 Pack,Outdoor Gear,Sports,517.67,,0,1,0,
5a8262dd-6322-4a71-a7c9-403becde8c30,EVT-003147,USER-00048,wishlist,2025-12-07T02:53:43.343469,SES-5dba12c6,tablet,Safari,organic,PROD-01844,Samsung Galaxy Watch 6,Smartwatches,Electronics,790.52,,0,0,0,
fd3c7f89-653f-4955-9eb6-d006a0f11605,EVT-003148,USER-00154,search,2025-12-09T10:48:48.117156,SES-86879742,tablet,Chrome,organic,,,,,0.0,red wine gift,0,0,0,
8f822551-73aa-47ec-861e-d7c0cd9f8ef4,EVT-003149,USER-00144,view,2026-01-10T17:38:33.618193,SES-c91dc4b4,tablet,Edge,direct,PROD-01196,Oral-B iO Series 9,Personal Care,Healthcare,285.71,,125,0,0,
97b37ce6-4d45-4bbf-8c97-cec3629adf9f,EVT-003150,USER-00001,view,2026-01-20T02:22:45.194809,SES-1a5c7f4e,desktop,Safari,direct,PROD-00512,Dom Pérignon Rosé 2009,Champagne,Wine,415.51,,398,0,0,
df1fe7a6-f2b5-48b2-8414-2f1ba5c0c05e,EVT-003151,USER-00023,search,2025-12-16T19:03:28.404999,SES-be8dc536,desktop,Chrome,social,,,,,0.0,gaming laptop,0,0,0,
031bc12e-f624-4b67-b751-6a3a552e8c94,EVT-003152,USER-00155,search,2025-12-16T18:32:27.757232,SES-9da423a1,mobile,Firefox,social,,,,,0.0,wireless headphones,0,0,0,
7d301d14-ed2d-4199-8b34-7aa1fe86ad27,EVT-003153,USER-00218,click,2025-11-30T19:36:05.257072,SES-655d87b9,desktop,Safari,email,PROD-00003,Penfolds Grange,Red Wine,Wine,390.13,,276,0,0,
721b40a6-0048-4010-ae91-190535b9b6e2,EVT-003154,USER-00107,search,2026-01-16T03:44:26.527095,SES-70300368,desktop,Firefox,organic,,,,,0.0,home office chair,0,0,0,
890a62c9-e9e0-45d4-9bea-5338ed795749,EVT-003155,USER-00147,add_to_cart,2026-01-02T16:44:22.973962,SES-f2a42614,mobile,Chrome,email,PROD-01416,REI Flash 55 Pack,Outdoor Gear,Sports,517.67,,0,1,0,
73a09364-0c20-4f6f-93e7-1d9ce4258837,EVT-003156,USER-00048,wishlist,2025-12-02T14:50:00.643837,SES-233a8236,tablet,Safari,organic,PROD-01844,Samsung Galaxy Watch 6,Smartwatches,Electronics,790.52,,0,0,0,
b34d0dd5-7b51-4098-9018-825a7358de3c,EVT-003157,USER-00154,search,2025-12-26T09:24:27.646209,SES-99d3bbf8,tablet,Chrome,organic,,,,,0.0,red wine gift,0,0,0,
4e6301f2-92e1-452d-a518-948dbd704265,EVT-003158,USER-00144,view,2025-12-10T21:55:19.855470,SES-14963270,tablet,Edge,direct,PROD-01196,Oral-B iO Series 9,Personal Care,Healthcare,285.71,,125,0,0,
779c964a-ff63-4087-a10a-ad089856bf8e,EVT-003159,USER-00001,view,2025-12-10T03:55:38.555570,SES-7a87177d,desktop,Safari,direct,PROD-00512,Dom Pérignon Rosé 2009,Champagne,Wine,415.51,,398,0,0,
1a7a50b6-8e04-4ea9-a303-3536e994acd6,EVT-003160,USER-00023,search,2025-12-29T16:36:25.338753,SES-9df3c0df,desktop,Chrome,social,,,,,0.0,gaming laptop,0,0,0,
90075c04-05ec-4ef1-b08a-35eb89cc069d,EVT-003161,USER-00155,search,2025-10-26T16:17:08.218672,SES-f2c7f21d,mobile,Firefox,social,,,,,0.0,wireless headphones,0,0,0,
89f74105-2a59-4982-9e5d-ca465c6b2dd0,EVT-003162,USER-00218,click,2025-11-21T14:33:49.643086,SES-c56c2411,desktop,Safari,email,PROD-00003,Penfolds Grange,Red Wine,Wine,390.13,,276,0,0,
864dd31b-ca9a-4949-bb71-78ec9cf99023,EVT-003163,USER-00107,search,2025-11-28T07:58:57.061349,SES-8931d4a6,desktop,Firefox,organic,,,,,0.0,home office chair,0,0,0,
5870d551-63f2-402e-b24e-960233e975df,EVT-003164,USER-00147,add_to_cart,2025-12-18T02:32:54.290818,SES-6f672d3b,mobile,Chrome,email,PROD-01416,REI Flash 55 Pack,Outdoor Gear,Sports,517.67,,0,1,0,
4286a55d-b43b-4418-8960-4aaf0f4cb417,EVT-003165,USER-00048,wishlist,2026-01-01T22:30:24.475579,SES-fbcf9ca8,tablet,Safari,organic,PROD-01844,Samsung Galaxy Watch 6,Smartwatches,Electronics,790.52,,0,0,0,
48c8d224-bd1e-4a6e-8c42-2fee024a1864,EVT-003166,USER-00154,search,2025-12-04T09:05:38.606248,SES-bf9a3e9b,tablet,Chrome,organic,,,,,0.0,red wine gift,0,0,0,
a49462e0-c2bc-4b67-99f7-7e0321f05bf6,EVT-003167,USER-00144,view,2026-01-09T17:07:20.497291,SES-06a8a5fd,tablet,Edge,direct,PROD-01196,Oral-B iO Series 9,Personal Care,Healthcare,285.71,,125,0,0,
f008243e-1b09-4a8f-ba24-2d0dda8b7208,EVT-003168,USER-00001,view,2026-01-14T06:52:50.417118,SES-5a2f29ce,desktop,Safari,direct,PROD-00512,Dom Pérignon Rosé 2009,Champagne,Wine,415.51,,398,0,0,
fbd00981-1918-4c5a-bc70-a235f6d84bb8,EVT-003169,USER-00023,search,2026-01-12T22:36:12.080817,SES-da7d8c02,desktop,Chrome,social,,,,,0.0,gaming laptop,0,0,0,
d64506a0-ad1a-4876-aff4-aed3c590fb74,EVT-003170,USER-00155,search,2025-12-16T11:03:31.321576,SES-b75918b0,mobile,Firefox,social,,,,,0.0,wireless headphones,0,0,0,
f358f458-ae30-4cfe-940b-ea32aeb9cb13,EVT-003171,USER-00218,click,2025-11-12T10:58:40.158308,SES-f1e0838e,desktop,Safari,email,PROD-00003,Penfolds Grange,Red Wine,Wine,390.13,,276,0,0,
ff9c10b7-ca76-4d54-90e0-4a1ef42e6a05,EVT-003172,USER-00107,search,2025-11-20T00:55:26.164679,SES-64038d4b,desktop,Firefox,organic,,,,,0.0,home office chair,0,0,0,
53f43a82-bb0d-4bcf-92b2-da1abbf2d061,EVT-003173,USER-00147,add_to_cart,2025-12-14T20:27:59.140025,SES-d7c1444d,mobile,Chrome,email,PROD-01416,REI Flash 55 Pack,Outdoor Gear,Sports,517.67,,0,1,0,
3802049f-e6eb-4cd9-8806-45db456c6a56,EVT-003174,USER-00048,wishlist,2025-12-02T02:33:43.925610,SES-464066cb,tablet,Safari,organic,PROD-01844,Samsung Galaxy Watch 6,Smartwatches,Electronics,790.52,,0,0,0,
d8898d56-d3d3-4feb-93da-4dcc922e1740,EVT-003175,USER-00154,search,2025-11-18T16:44:46.776971,SES-8aa8ba91,tablet,Chrome,organic,,,,,0.0,red wine gift,0,0,0,
eb4cba9b-0341-4d82-95b1-86672de5f978,EVT-003176,USER-00144,view,2025-12-20T08:34:27.317447,SES-3c5a4d14,tablet,Edge,direct,PROD-01196,Oral-B iO Series 9,Personal Care,Healthcare,285.71,,125,0,0,
51bd3c81-a38c-41c0-b93b-7dd1b306e214,EVT-003177,USER-00001,view,2025-10-26T03:45:02.642733,SES-7d8554f8,desktop,Safari,direct,PROD-00512,Dom Pérignon Rosé 2009,Champagne,Wine,415.51,,398,0,0,
07491d89-ee4b-409a-9b38-7c01d82c31bf,EVT-003178,USER-00023,search,2025-11-12T07:47:51.466968,SES-232895ef,desktop,Chrome,social,,,,,0.0,gaming laptop,0,0,0,
3680a74e-b9c4-4985-92ec-9724f6cb00fa,EVT-003179,USER-00155,search,2026-01-12T01:35:52.224682,SES-94256673,mobile,Firefox,social,,,,,0.0,wireless headphones,0,0,0,
59688e4c-78b5-4a26-9bb4-2497cfc0208b,EVT-003180,USER-00218,click,2025-11-14T13:04:57.529530,SES-cf215d71,desktop,Safari,email,PROD-00003,Penfolds Grange,Red Wine,Wine,390.13,,276,0,0,
f528c1a2-f0b4-4e67-a04e-01ee1b2029bc,EVT-003181,USER-00107,search,2025-11-15T13:19:35.343704,SES-d4a74ca7,desktop,Firefox,organic,,,,,0.0,home office chair,0,0,0,
39d47dad-f38d-46dd-851f-e3a8436188d0,EVT-003182,USER-00147,add_to_cart,2025-12-09T10:32:26.155372,SES-6db39059,mobile,Chrome,email,PROD-01416,REI Flash 55 Pack,Outdoor Gear,Sports,517.67,,0,1,0,
6f9a508b-6003-416e-b825-b374d3e6adeb,EVT-003183,USER-00048,wishlist,2025-10-26T07:42:41.282887,SES-d7fd8d40,tablet,Safari,organic,PROD-01844,Samsung Galaxy Watch 6,Smartwatches,Electronics,790.52,,0,0,0,
e0156c27-c6b6-4136-91b5-0a439bee4226,EVT-003184,USER-00154,search,2026-01-16T08:28:28.786294,SES-28a735e1,tablet,Chrome,organic,,,,,0.0,red wine gift,0,0,0,
2514dd20-cd9e-4f99-ae73-39f0ae8ddafa,EVT-003185,USER-00144,view,2025-12-02T02:30:57.474812,SES-4dc33853,tablet,Edge,direct,PROD-01196,Oral-B iO Series 9,Personal Care,Healthcare,285.71,,125,0,0,
aed7b91d-b8e8-4d71-bf13-fd3e76b403a0,EVT-003186,USER-00001,view,2025-11-27T09:36:47.890202,SES-d0df45b7,desktop,Safari,direct,PROD-00512,Dom Pérignon Rosé 2009,Champagne,Wine,415.51,,398,0,0,
bdc50643-778d-42bb-8482-ac6bdd2573a3,EVT-003187,USER-00023,search,2025-11-30T08:57:33.659622,SES-a6787202,desktop,Chrome,social,,,,,0.0,gaming laptop,0,0,0,
52b8517b-382c-4c19-ab75-cb937f43bd72,EVT-003188,USER-00155,search,2026-01-16T22:47:34.785789,SES-9394fcce,mobile,Firefox,social,,,,,0.0,wireless headphones,0,0,0,
74ea76e9-6f38-41a8-84f9-d3e4020b7b26,EVT-003189,USER-00218,click,2026-01-02T21:18:03.795776,SES-8ffa9ade,desktop,Safari,email,PROD-00003,Penfolds Grange,Red Wine,Wine,390.13,,276,0,0,
f4d5c053-07fb-4620-b708-e161191553df,EVT-003190,USER-00107,search,2025-11-16T07:11:13.473508,SES-94e5de97,desktop,Firefox,organic,,,,,0.0,home office chair,0,0,0,
860c1010-ca0a-46ca-a8fa-727f4164d94b,EVT-003191,USER-00147,add_to_cart,2026-01-03T23:17:36.295618,SES-75620301,mobile,Chrome,email,PROD-01416,REI Flash 55 Pack,Outdoor Gear,Sports,517.67,,0,1,0,
13c90c25-f50f-43d8-923e-c9b58627866f,EVT-003192,USER-00048,wishlist,2025-12-10T20:40:31.149807,SES-8e78233a,tablet,Safari,organic,PROD-01844,Samsung Galaxy Watch 6,Smartwatches,Electronics,790.52,,0,0,0,
04c9b5f7-e4a4-4a91-99d4-f0dd4b586865,EVT-003193,USER-00154,search,2025-11-29T04:19:37.330954,SES-7d4519e7,tablet,Chrome,organic,,,,,0.0,red wine gift,0,0,0,
4ebd0716-dc66-416a-a7d4-5a11e78037d0,EVT-003194,USER-00144,view,2025-12-06T19:55:12.301115,SES-8b25c4c6,tablet,Edge,direct,PROD-01196,Oral-B iO Series 9,Personal Care,Healthcare,285.71,,125,0,0,
65b5ec8b-785d-4a4e-b8b5-d1aeaf764efb,EVT-003195,USER-00001,view,2026-01-16T09:44:46.224036,SES-ac9e6d23,desktop,Safari,direct,PROD-00512,Dom Pérignon Rosé 2009,Champagne,Wine,415.51,,398,0,0,
6a1e8024-8ccf-427b-9b47-1c65bbe18572,EVT-003196,USER-00023,search,2026-01-02T04:32:10.711242,SES-1fe77057,desktop,Chrome,social,,,,,0.0,gaming laptop,0,0,0,
495a7c9a-4340-45d6-9274-fed5e0724b9f,EVT-003197,USER-00155,search,2025-12-19T06:34:42.826767,SES-c282ae74,mobile,Firefox,social,,,,,0.0,wireless headphones,0,0,0,
f52329bd-d0d5-42d8-8043-508715ad7ccd,EVT-003198,USER-00218,click,2025-11-19T05:32:13.264828,SES-38f60a19,desktop,Safari,email,PROD-00003,Penfolds Grange,Red Wine,Wine,390.13,,276,0,0,
4f3beb6c-1794-4400-b1bd-2d4a4bc00c8a,EVT-003199,USER-00107,search,2025-12-15T16:39:54.918381,SES-2a261306,desktop,Firefox,organic,,,,,0.0,home office chair,0,0,0,
674aa973-af3e-444a-ab37-f5733e61823c,EVT-003200,USER-00147,add_to_cart,2025-10-27T06:43:07.702904,SES-46044780,mobile,Chrome,email,PROD-01416,REI Flash 55 Pack,Outdoor Gear,Sports,517.67,,0,1,0,
9d10f984-4453-426e-a129-e57083501b05,EVT-003201,USER-00048,wishlist,2026-01-19T16:05:30.599676,SES-6de2e2d3,tablet,Safari,organic,PROD-01844,Samsung Galaxy Watch 6,Smartwatches,Electronics,790.52,,0,0,0,
70d83a5f-ab37-492c-a255-81d5402ac193,EVT-003202,USER-00154,search,2025-11-10T21:06:41.570402,SES-ff434dfd,tablet,Chrome,organic,,,,,0.0,red wine gift,0,0,0,
09cc2f2b-2615-4354-9b1a-7de886446399,EVT-003203,USER-00144,view,2025-12-21T04:31:10.043989,SES-17bfa4b3,tablet,Edge,direct,PROD-01196,Oral-B iO Series 9,Personal Care,Healthcare,285.71,,125,0,0,
26b8dac9-8c5e-49ab-9612-40fa53b0993e,EVT-003204,USER-00001,view,2025-11-17T13:15:34.307819,SES-659eaab4,desktop,Safari,direct,PROD-00512,Dom Pérignon Rosé 2009,Champagne,Wine,415.51,,398,0,0,
a4256035-c947-408c-9634-1365005ae514,EVT-003205,USER-00023,search,2025-11-02T02:25:08.022972,SES-bebb2817,desktop,Chrome,social,,,,,0.0,gaming laptop,0,0,0,
16f2f208-a4e7-477d-b15b-088a4490c8b9,EVT-003206,USER-00155,search,2025-11-12T19:22:34.606411,SES-f05d5310,mobile,Firefox,social,,,,,0.0,wireless headphones,0,0,0,
5bb931ea-9597-4d21-94e1-b690dab94368,EVT-003207,USER-00218,click,2026-01-19T16:58:28.594297,SES-7e334dad,desktop,Safari,email,PROD-00003,Penfolds Grange,Red Wine,Wine,390.13,,276,0,0,
ca9b1ac0-1b37-444e-b122-daf50e54a908,EVT-003208,USER-00107,search,2025-12-12T03:21:58.658807,SES-3f031f69,desktop,Firefox,organic,,,,,0.0,home office chair,0,0,0,
7f1720b5-3606-4813-81da-7d0ca78013e5,EVT-003209,USER-00147,add_to_cart,2025-11-21T05:53:05.500724,SES-a773b5c5,mobile,Chrome,email,PROD-01416,REI Flash 55 Pack,Outdoor Gear,Sports,517.67,,0,1,0,
bb8b2f65-4099-4475-9bf1-7a488c1a86c1,EVT-003210,USER-00048,wishlist,2025-12-10T17:28:21.868199,SES-2c16b5cb,tablet,Safari,organic,PROD-01844,Samsung Galaxy Watch 6,Smartwatches,Electronics,790.52,,0,0,0,
acb42273-cc19-44f0-8df0-b25e80517cfb,EVT-003211,USER-00154,search,2025-11-09T16:41:29.037898,SES-f5bf9996,tablet,Chrome,organic,,,,,0.0,red wine gift,0,0,0,
d66d3698-534e-4c04-92ea-38ee05e64ea2,EVT-003212,USER-00144,view,2025-12-23T07:55:03.500349,SES-1ba15331,tablet,Edge,direct,PROD-01196,Oral-B iO Series 9,Personal Care,Healthcare,285.71,,125,0,0,
3084bc5f-1145-4123-9cca-fed35e7b6750,EVT-003213,USER-00001,view,2025-10-29T20:14:17.507003,SES-0b744d34,desktop,Safari,direct,PROD-00512,Dom Pérignon Rosé 2009,Champagne,Wine,415.51,,398,0,0,
25959e09-b691-44d7-88d0-d16b4f5be3a4,EVT-003214,USER-00023,search,2025-12-19T21:19:01.018114,SES-9715fdfd,desktop,Chrome,social,,,,,0.0,gaming laptop,0,0,0,
fdbd1c07-0178-49bf-b2f9-92500742f8d9,EVT-003215,USER-00155,search,2026-01-15T20:44:44.869997,SES-242d17eb,mobile,Firefox,social,,,,,0.0,wireless headphones,0,0,0,
00bcf139-502c-4d2c-b003-b70e1549bb8d,EVT-003216,USER-00218,click,2025-10-24T12:49:42.410080,SES-3b7f33c1,desktop,Safari,email,PROD-00003,Penfolds Grange,Red Wine,Wine,390.13,,276,0,0,
4ab75345-e621-4fa1-98d7-53808c930985,EVT-003217,USER-00107,search,2025-11-03T08:40:17.264035,SES-65e980d6,desktop,Firefox,organic,,,,,0.0,home office chair,0,0,0,
1c31bebd-2375-4085-ae86-899d83146607,EVT-003218,USER-00147,add_to_cart,2025-12-29T02:51:44.082917,SES-4674072a,mobile,Chrome,email,PROD-01416,REI Flash 55 Pack,Outdoor Gear,Sports,517.67,,0,1,0,
0ec41694-7c61-4004-91d7-f78432663c3c,EVT-003219,USER-00048,wishlist,2025-11-14T21:50:00.466879,SES-5b0b77eb,tablet,Safari,organic,PROD-01844,Samsung Galaxy Watch 6,Smartwatches,Electronics,790.52,,0,0,0,
4fd76cb5-abf3-4da2-8608-352c51224aed,EVT-003220,USER-00154,search,2025-12-20T20:14:36.935242,SES-df020bc2,tablet,Chrome,organic,,,,,0.0,red wine gift,0,0,0,
5139bdf7-a1d9-4d04-88b7-e343adc7dd58,EVT-003221,USER-00144,view,2025-12-22T03:14:51.304262,SES-5af11271,tablet,Edge,direct,PROD-01196,Oral-B iO Series 9,Personal Care,Healthcare,285.71,,125,0,0,
bcf4d378-70cb-4681-aaa6-b03528d2a108,EVT-003222,USER-00001,view,2025-11-29T01:46:46.231616,SES-491dd851,desktop,Safari,direct,PROD-00512,Dom Pérignon Rosé 2009,Champagne,Wine,415.51,,398,0,0,
34f0f798-dd2e-4968-b041-80fbb3ff0233,EVT-003223,USER-00023,search,2026-01-12T04:59:52.526004,SES-a6d35bb8,desktop,Chrome,social,,,,,0.0,gaming laptop,0,0,0,
b3bc3b1e-0713-49e5-a04c-6f164ad5b6a1,EVT-003224,USER-00155,search,2025-11-10T00:58:39.715344,SES-1e2cc711,mobile,Firefox,social,,,,,0.0,wireless headphones,0,0,0,
0ee69a78-e5fd-49b5-89ec-90ea52654e8d,EVT-003225,USER-00218,click,2025-11-06T10:10:33.162066,SES-1f2ced38,desktop,Safari,email,PROD-00003,Penfolds Grange,Red Wine,Wine,390.13,,276,0,0,
6276585e-3198-4f41-bbf8-2ced14da84ae,EVT-003226,USER-00107,search,2025-10-31T10:57:41.116523,SES-6ac61f80,desktop,Firefox,organic,,,,,0.0,home office chair,0,0,0,
ced6b157-1ab6-44af-83e2-aaf4cbbee2b6,EVT-003227,USER-00147,add_to_cart,2026-01-14T12:41:51.676629,SES-33755385,mobile,Chrome,email,PROD-01416,REI Flash 55 Pack,Outdoor Gear,Sports,517.67,,0,1,0,
17e55369-2d29-44fe-a66f-5e69912ef9a1,EVT-003228,USER-00048,wishlist,2025-11-19T12:38:23.089916,SES-112ef947,tablet,Safari,organic,PROD-01844,Samsung Galaxy Watch 6,Smartwatches,Electronics,790.52,,0,0,0,
f19536bf-88c1-49bf-9165-010740684da1,EVT-003229,USER-00154,search,2025-12-10T11:32:46.753628,SES-bfdd8554,tablet,Chrome,organic,,,,,0.0,red wine gift,0,0,0,
c5028d5d-b06e-4c84-be98-27e75eee1c4a,EVT-003230,USER-00144,view,2025-12-11T01:17:10.873356,SES-92e1d165,tablet,Edge,direct,PROD-01196,Oral-B iO Series 9,Personal Care,Healthcare,285.71,,125,0,0,
17bdd992-a340-44dc-9d5d-988ae34bfe5f,EVT-003231,USER-00001,view,2025-10-28T20:17:24.050523,SES-579e514a,desktop,Safari,direct,PROD-00512,Dom Pérignon Rosé 2009,Champagne,Wine,415.51,,398,0,0,
a0048381-b0dd-445b-a569-61da6e5b4307,EVT-003232,USER-00023,search,2026-01-19T03:00:48.595086,SES-e2529999,desktop,Chrome,social,,,,,0.0,gaming laptop,0,0,0,
ae789981-999d-4bdc-a070-faa6d7083865,EVT-003233,USER-00155,search,2026-01-09T06:17:37.739275,SES-282bde39,mobile,Firefox,social,,,,,0.0,wireless headphones,0,0,0,
37b54a00-30e7-4687-a5b0-33a55ff07045,EVT-003234,USER-00218,click,2026-01-07T10:40:53.505963,SES-2e5b1339,desktop,Safari,email,PROD-00003,Penfolds Grange,Red Wine,Wine,390.13,,276,0,0,
bea17c63-e1a7-4c7a-b39f-30df08983e39,EVT-003235,USER-00107,search,2025-10-22T23:19:30.228691,SES-b1df5c40,desktop,Firefox,organic,,,,,0.0,home office chair,0,0,0,
79d0963f-28fb-4c96-8048-4050dbda70f8,EVT-003236,USER-00147,add_to_cart,2025-11-13T05:34:01.826533,SES-fa4d7ab7,mobile,Chrome,email,PROD-01416,REI Flash 55 Pack,Outdoor Gear,Sports,517.67,,0,1,0,
5f84ca56-6b31-4e0f-b854-026d4da38155,EVT-003237,USER-00048,wishlist,2025-12-31T18:03:08.031757,SES-1609a96f,tablet,Safari,organic,PROD-01844,Samsung Galaxy Watch 6,Smartwatches,Electronics,790.52,,0,0,0,
0f8c6364-fd5d-4525-985c-d81b91541026,EVT-003238,USER-00154,search,2026-01-02T04:05:50.630012,SES-47a9ee07,tablet,Chrome,organic,,,,,0.0,red wine gift,0,0,0,
3128cb00-fd34-4537-9b38-5a135c20f7d8,EVT-003239,USER-00144,view,2026-01-15T15:57:43.698383,SES-89b7c06b,tablet,Edge,direct,PROD-01196,Oral-B iO Series 9,Personal Care,Healthcare,285.71,,125,0,0,
899ed7ea-ceac-484b-bbfb-3049803f3d0a,EVT-003240,USER-00001,view,2026-01-17T12:50:47.212565,SES-854b5e01,desktop,Safari,direct,PROD-00512,Dom Pérignon Rosé 2009,Champagne,Wine,415.51,,398,0,0,
e6bb55cb-4d37-43bf-b118-5c5564375197,EVT-003241,USER-00023,search,2025-11-01T21:01:01.026056,SES-bd2961df,desktop,Chrome,social,,,,,0.0,gaming laptop,0,0,0,
c7d86bf9-51c7-41d7-91bd-18fe613c5de6,EVT-003242,USER-00155,search,2025-12-02T06:55:33.430619,SES-937f4349,mobile,Firefox,social,,,,,0.0,wireless headphones,0,0,0,
2389e3af-62f1-4bcf-b11a-2d57283ddea1,EVT-003243,USER-00218,click,2025-11-02T14:26:40.001758,SES-74e5a1ac,desktop,Safari,email,PROD-00003,Penfolds Grange,Red Wine,Wine,390.13,,276,0,0,
4a5097ba-67f7-46d4-9374-a0d46d0e2217,EVT-003244,USER-00107,search,2025-12-30T14:41:44.388645,SES-52be7a91,desktop,Firefox,organic,,,,,0.0,home office chair,0,0,0,
403f2ff4-9271-4f96-881a-ace45f6fb6b0,EVT-003245,USER-00147,add_to_cart,2025-12-31T19:56:13.796622,SES-c911533f,mobile,Chrome,email,PROD-01416,REI Flash 55 Pack,Outdoor Gear,Sports,517.67,,0,1,0,
40ce6ce9-8ce0-459e-8826-88b310d79603,EVT-003246,USER-00048,wishlist,2025-12-03T13:10:41.228933,SES-4cf3395f,tablet,Safari,organic,PROD-01844,Samsung Galaxy Watch 6,Smartwatches,Electronics,790.52,,0,0,0,
8876cb52-bd6c-4d1b-99fb-4b542fb99b68,EVT-003247,USER-00154,search,2025-11-02T15:52:00.243240,SES-474cc411,tablet,Chrome,organic,,,,,0.0,red wine gift,0,0,0,
99cd738d-4dd0-434f-b637-78b33001e68d,EVT-003248,USER-00144,view,2025-12-21T19:00:45.387995,SES-3352af7d,tablet,Edge,direct,PROD-01196,Oral-B iO Series 9,Personal Care,Healthcare,285.71,,125,0,0,
196c18da-5a71-4ce7-b275-f7d8065ebf1d,EVT-003249,USER-00001,view,2025-11-16T17:15:55.207929,SES-2ebdf4ce,desktop,Safari,direct,PROD-00512,Dom Pérignon Rosé 2009,Champagne,Wine,415.51,,398,0,0,
79ae18ad-dee5-4b4a-a780-e0ca7991c0cf,EVT-003250,USER-00023,search,2025-10-30T03:59:42.754834,SES-7d9195c7,desktop,Chrome,social,,,,,0.0,gaming laptop,0,0,0,
4dd469bf-aadf-444b-8357-21650ef149cf,EVT-003251,USER-00155,search,2026-01-01T16:22:34.214364,SES-408a5522,mobile,Firefox,social,,,,,0.0,wireless headphones,0,0,0,
917879dd-3f06-4099-bc1b-a2fc4a9c0cd9,EVT-003252,USER-00218,click,2025-11-23T11:08:05.510975,SES-d71c53dd,desktop,Safari,email,PROD-00003,Penfolds Grange,Red Wine,Wine,390.13,,276,0,0,
267b115a-4ab2-4234-815c-c9d4bfb73c82,EVT-003253,USER-00107,search,2025-11-26T13:57:30.179378,SES-d4731c67,desktop,Firefox,organic,,,,,0.0,home office chair,0,0,0,
d0931bd2-ef0e-442f-bbb9-5795ee15ef47,EVT-003254,USER-00147,add_to_cart,2025-11-08T17:01:28.053434,SES-fba13960,mobile,Chrome,email,PROD-01416,REI Flash 55 Pack,Outdoor Gear,Sports,517.67,,0,1,0,
f88c3380-b72c-4347-b58b-2ff9a3816966,EVT-003255,USER-00048,wishlist,2026-01-15T17:12:29.022335,SES-7e94c553,tablet,Safari,organic,PROD-01844,Samsung Galaxy Watch 6,Smartwatches,Electronics,790.52,,0,0,0,
0c2a4495-cf52-4e80-90ae-d613b67ef678,EVT-003256,USER-00154,search,2025-12-26T22:49:01.330669,SES-58480605,tablet,Chrome,organic,,,,,0.0,red wine gift,0,0,0,
34fc9d80-9f2e-4176-8944-77ccbb491840,EVT-003257,USER-00144,view,2026-01-12T15:43:23.405770,SES-90b50bc3,tablet,Edge,direct,PROD-01196,Oral-B iO Series 9,Personal Care,Healthcare,285.71,,125,0,0,
b2503972-9609-468e-acdc-53ba8881400b,EVT-003258,USER-00001,view,2025-12-17T12:04:29.159179,SES-07e0ac73,desktop,Safari,direct,PROD-00512,Dom Pérignon Rosé 2009,Champagne,Wine,415.51,,398,0,0,
e3e9676d-793d-414d-afc9-02100c0983d1,EVT-003259,USER-00023,search,2026-01-17T22:05:16.368850,SES-f96577d8,desktop,Chrome,social,,,,,0.0,gaming laptop,0,0,0,
9ed99810-48bf-48a3-a036-b4fb52b93b17,EVT-003260,USER-00155,search,2025-12-30T15:44:29.008007,SES-a7e4cefb,mobile,Firefox,social,,,,,0.0,wireless headphones,0,0,0,
65c7b860-37f7-474e-82f2-3102b8b03e57,EVT-003261,USER-00218,click,2026-01-19T23:07:18.280385,SES-482978ee,desktop,Safari,email,PROD-00003,Penfolds Grange,Red Wine,Wine,390.13,,276,0,0,
e803d768-5c3c-4eb2-95de-e866a76b6e2a,EVT-003262,USER-00107,search,2025-11-06T06:41:13.613594,SES-e7a3361b,desktop,Firefox,organic,,,,,0.0,home office chair,0,0,0,
de68791f-b7f3-4c9e-8638-307d4d50d3d5,EVT-003263,USER-00147,add_to_cart,2025-11-22T11:04:28.835622,SES-1562e2c8,mobile,Chrome,email,PROD-01416,REI Flash 55 Pack,Outdoor Gear,Sports,517.67,,0,1,0,
42c54793-e2ed-424b-a56e-577645c8edf1,EVT-003264,USER-00048,wishlist,2025-12-08T15:50:36.244215,SES-7b06eae8,tablet,Safari,organic,PROD-01844,Samsung Galaxy Watch 6,Smartwatches,Electronics,790.52,,0,0,0,
4cf845bc-5afb-4006-9a77-353c5e8a02c6,EVT-003265,USER-00154,search,2025-12-23T17:31:13.747425,SES-b9ddd4b6,tablet,Chrome,organic,,,,,0.0,red wine gift,0,0,0,
8401cdb0-9737-4001-a560-fb97306ec09c,EVT-003266,USER-00144,view,2025-11-09T03:32:39.351702,SES-1ce9a9c1,tablet,Edge,direct,PROD-01196,Oral-B iO Series 9,Personal Care,Healthcare,285.71,,125,0,0,
c0a66b58-81e6-44e2-a60d-b31e3fdc88be,EVT-003267,USER-00001,view,2026-01-19T20:56:28.852040,SES-f37c7393,desktop,Safari,direct,PROD-00512,Dom Pérignon Rosé 2009,Champagne,Wine,415.51,,398,0,0,
eb1b8c9f-0af4-4ce5-8e4f-7792d71af19d,EVT-003268,USER-00023,search,2025-12-29T19:56:06.454704,SES-a445bcfc,desktop,Chrome,social,,,,,0.0,gaming laptop,0,0,0,
d2aa5c12-e2b4-442a-ae2e-624f68e88712,EVT-003269,USER-00155,search,2025-11-23T07:07:20.970087,SES-611201fb,mobile,Firefox,social,,,,,0.0,wireless headphones,0,0,0,
c8d976ec-fd9f-4da5-81a8-5f1f1462150b,EVT-003270,USER-00218,click,2025-11-22T06:55:35.713568,SES-3641903a,desktop,Safari,email,PROD-00003,Penfolds Grange,Red Wine,Wine,390.13,,276,0,0,
834e0cd0-84c4-4e37-8e8a-b2234dbe7ac2,EVT-003271,USER-00107,search,2025-11-26T16:58:37.354388,SES-f6c96f86,desktop,Firefox,organic,,,,,0.0,home office chair,0,0,0,
4cb0051f-0e6f-4a32-a4f2-00b4100c9eb1,EVT-003272,USER-00147,add_to_cart,2025-12-29T18:43:47.116068,SES-e1c7e635,mobile,Chrome,email,PROD-01416,REI Flash 55 Pack,Outdoor Gear,Sports,517.67,,0,1,0,
f091d957-6727-4f8c-850b-041bfeb7a74b,EVT-003273,USER-00048,wishlist,2025-10-31T23:50:45.552952,SES-19289e65,tablet,Safari,organic,PROD-01844,Samsung Galaxy Watch 6,Smartwatches,Electronics,790.52,,0,0,0,
625ea4e2-5ebd-4390-88c5-60000a16e613,EVT-003274,USER-00154,search,2025-12-07T18:57:45.984606,SES-3ae2af4b,tablet,Chrome,organic,,,,,0.0,red wine gift,0,0,0,
95f0b540-317a-48c4-ae21-ae69893e6233,EVT-003275,USER-00144,view,2026-01-03T17:38:40.135726,SES-1a3da0ba,tablet,Edge,direct,PROD-01196,Oral-B iO Series 9,Personal Care,Healthcare,285.71,,125,0,0,
0ae0efba-c395-44cd-8d69-ffea28fee3ef,EVT-003276,USER-00001,view,2025-11-10T18:50:01.212232,SES-77ed01e4,desktop,Safari,direct,PROD-00512,Dom Pérignon Rosé 2009,Champagne,Wine,415.51,,398,0,0,
3c140bbc-2b25-433a-b75b-94b6f0b2dc8a,EVT-003277,USER-00023,search,2025-11-08T18:50:47.307701,SES-7c35b252,desktop,Chrome,social,,,,,0.0,gaming laptop,0,0,0,
efb9fac7-85fb-41a5-a5f8-941f1d8706f9,EVT-003278,USER-00155,search,2025-12-19T01:06:46.276138,SES-628dd74f,mobile,Firefox,social,,,,,0.0,wireless headphones,0,0,0,
9fa5b51c-1abc-4a1e-80ed-73b2d1c8128d,EVT-003279,USER-00218,click,2025-12-31T06:49:01.244708,SES-cd760e53,desktop,Safari,email,PROD-00003,Penfolds Grange,Red Wine,Wine,390.13,,276,0,0,
807aaf68-3ff8-48fb-b873-ec1ec5d8e6ed,EVT-003280,USER-00107,search,2025-12-28T23:14:32.253041,SES-3e7a1079,desktop,Firefox,organic,,,,,0.0,home office chair,0,0,0,
78147f0f-11ca-4747-918f-7b84429b19b0,EVT-003281,USER-00147,add_to_cart,2025-10-28T16:38:28.801546,SES-f341158f,mobile,Chrome,email,PROD-01416,REI Flash 55 Pack,Outdoor Gear,Sports,517.67,,0,1,0,
ec531823-9ab9-45cb-b861-45798a9f4c6a,EVT-003282,USER-00048,wishlist,2026-01-20T01:03:50.986812,SES-de563ade,tablet,Safari,organic,PROD-01844,Samsung Galaxy Watch 6,Smartwatches,Electronics,790.52,,0,0,0,
3d3af360-80a5-47b3-ad83-65a81727e3fc,EVT-003283,USER-00154,search,2025-11-12T01:55:07.328259,SES-297a635c,tablet,Chrome,organic,,,,,0.0,red wine gift,0,0,0,
327070d4-f266-4886-a8c9-7f81e2b53ecc,EVT-003284,USER-00144,view,2025-12-20T19:18:41.973103,SES-1c357c65,tablet,Edge,direct,PROD-01196,Oral-B iO Series 9,Personal Care,Healthcare,285.71,,125,0,0,
2d693f64-b650-458d-bb6f-77464b21f3c0,EVT-003285,USER-00001,view,2026-01-12T19:57:46.330358,SES-e1660437,desktop,Safari,direct,PROD-00512,Dom Pérignon Rosé 2009,Champagne,Wine,415.51,,398,0,0,
ff59af8b-4069-43c3-8c7c-54ba59d073df,EVT-003286,USER-00023,search,2025-12-06T03:59:11.348596,SES-f821f6be,desktop,Chrome,social,,,,,0.0,gaming laptop,0,0,0,
f646dfb3-9f2f-417d-b903-a71d8d6def0e,EVT-003287,USER-00155,search,2025-12-31T01:08:54.192852,SES-fcd68dbe,mobile,Firefox,social,,,,,0.0,wireless headphones,0,0,0,
35a4ff68-9357-4179-a7f2-13e467077ac5,EVT-003288,USER-00218,click,2025-11-26T12:39:05.076050,SES-8938197f,desktop,Safari,email,PROD-00003,Penfolds Grange,Red Wine,Wine,390.13,,276,0,0,
70b023c7-8cca-4a3f-8d9f-32694b7064d6,EVT-003289,USER-00107,search,2025-12-19T11:59:42.921218,SES-ae682c57,desktop,Firefox,organic,,,,,0.0,home office chair,0,0,0,
7fc8855a-7b69-4a6d-86cc-71ae332a4236,EVT-003290,USER-00147,add_to_cart,2025-11-09T14:13:13.291963,SES-78395b7a,mobile,Chrome,email,PROD-01416,REI Flash 55 Pack,Outdoor Gear,Sports,517.67,,0,1,0,
13eb8abc-fa4c-4de8-8b83-34225b60cb33,EVT-003291,USER-00048,wishlist,2025-10-26T10:46:46.947899,SES-aa016ff4,tablet,Safari,organic,PROD-01844,Samsung Galaxy Watch 6,Smartwatches,Electronics,790.52,,0,0,0,
e6bf8ffe-28e4-472f-ae6d-328b9f838fe7,EVT-003292,USER-00154,search,2025-12-02T10:25:13.640991,SES-5f0c3e07,tablet,Chrome,organic,,,,,0.0,red wine gift,0,0,0,
a6bd5a2c-aabd-400e-a9fa-9bd0b1d1f463,EVT-003293,USER-00144,view,2025-10-23T00:10:30.255103,SES-4585a6c1,tablet,Edge,direct,PROD-01196,Oral-B iO Series 9,Personal Care,Healthcare,285.71,,125,0,0,
214fb6ba-0078-4897-b178-9dec7667a726,EVT-003294,USER-00001,view,2025-11-23T15:50:47.283010,SES-05e7b944,desktop,Safari,direct,PROD-00512,Dom Pérignon Rosé 2009,Champagne,Wine,415.51,,398,0,0,
379de0f9-af8a-4ad9-89c3-936ca651c036,EVT-003295,USER-00023,search,2026-01-19T13:29:12.782167,SES-7f850d69,desktop,Chrome,social,,,,,0.0,gaming laptop,0,0,0,
9137cb92-a403-46b7-9fe1-a503d4868d06,EVT-003296,USER-00155,search,2026-01-14T17:24:12.316210,SES-7d17b447,mobile,Firefox,social,,,,,0.0,wireless headphones,0,0,0,
dd8f88e1-5551-42a8-bcea-0e5e36d6f43a,EVT-003297,USER-00218,click,2025-12-20T01:21:52.029569,SES-69248025,desktop,Safari,email,PROD-00003,Penfolds Grange,Red Wine,Wine,390.13,,276,0,0,
febe6717-7db5-4b95-bb2b-94c498f72f30,EVT-003298,USER-00107,search,2025-11-29T01:41:19.913794,SES-824258f2,desktop,Firefox,organic,,,,,0.0,home office chair,0,0,0,
9fd31ff9-8a78-4b47-a62b-40f6406e90f1,EVT-003299,USER-00147,add_to_cart,2026-01-06T01:10:38.651888,SES-e019a0ef,mobile,Chrome,email,PROD-01416,REI Flash 55 Pack,Outdoor Gear,Sports,517.67,,0,1,0,
fe8792f0-8782-47fd-9d8c-719a064a13a9,EVT-003300,USER-00048,wishlist,2026-01-17T22:26:13.082673,SES-528583bb,tablet,Safari,organic,PROD-01844,Samsung Galaxy Watch 6,Smartwatches,Electronics,790.52,,0,0,0,
2e3e9007-fcb7-40e9-a711-3f0d4583a547,EVT-003301,USER-00154,search,2026-01-08T06:04:15.238720,SES-37db252e,tablet,Chrome,organic,,,,,0.0,red wine gift,0,0,0,
15f399e2-fa61-497c-879e-fc0e5a18fb67,EVT-003302,USER-00144,view,2025-10-30T08:13:21.643119,SES-40d95d5c,tablet,Edge,direct,PROD-01196,Oral-B iO Series 9,Personal Care,Healthcare,285.71,,125,0,0,
d8c5b7b3-82af-488c-b816-22677e9ede82,EVT-003303,USER-00001,view,2026-01-06T13:03:52.061596,SES-18919ad1,desktop,Safari,direct,PROD-00512,Dom Pérignon Rosé 2009,Champagne,Wine,415.51,,398,0,0,
8f7efdd3-0d62-4daa-a1ee-ed4fd09ebf1b,EVT-003304,USER-00023,search,2025-12-15T04:34:36.671802,SES-5a7f62d1,desktop,Chrome,social,,,,,0.0,gaming laptop,0,0,0,
573ecbb3-1dc5-425e-bcc3-9218209ec879,EVT-003305,USER-00155,search,2025-12-12T04:47:11.951458,SES-a3c20ab0,mobile,Firefox,social,,,,,0.0,wireless headphones,0,0,0,
a8e7fc22-205b-4a37-8d4e-d160cae49519,EVT-003306,USER-00218,click,2025-11-02T03:45:46.508987,SES-132434b4,desktop,Safari,email,PROD-00003,Penfolds Grange,Red Wine,Wine,390.13,,276,0,0,
932aacff-cfbc-4761-9cda-f7b4bdf760ba,EVT-003307,USER-00107,search,2025-11-03T21:23:59.868880,SES-e906f8a9,desktop,Firefox,organic,,,,,0.0,home office chair,0,0,0,
b0d42a58-2690-4455-8eef-1d9f2959805e,EVT-003308,USER-00147,add_to_cart,2025-12-06T03:55:19.895191,SES-898401eb,mobile,Chrome,email,PROD-01416,REI Flash 55 Pack,Outdoor Gear,Sports,517.67,,0,1,0,
270f443f-a88d-4664-a731-5d1fa39490f7,EVT-003309,USER-00048,wishlist,2026-01-20T07:47:21.036224,SES-db8ebd69,tablet,Safari,organic,PROD-01844,Samsung Galaxy Watch 6,Smartwatches,Electronics,790.52,,0,0,0,
a634139a-a386-4dfa-a046-be3e6b66b574,EVT-003310,USER-00154,search,2025-12-27T00:05:17.020613,SES-bb75d0ef,tablet,Chrome,organic,,,,,0.0,red wine gift,0,0,0,
3ae67ba3-9c7e-45f2-b45c-99754f25f410,EVT-003311,USER-00144,view,2025-11-22T08:03:19.108281,SES-e1d78424,tablet,Edge,direct,PROD-01196,Oral-B iO Series 9,Personal Care,Healthcare,285.71,,125,0,0,
cb305770-6678-42ee-a0dc-65057eeb9f7f,EVT-003312,USER-00001,view,2025-12-17T22:01:14.358223,SES-b1ae2bbd,desktop,Safari,direct,PROD-00512,Dom Pérignon Rosé 2009,Champagne,Wine,415.51,,398,0,0,
5e3eb75e-b5c1-4e9b-8bd2-88b7946865b6,EVT-003313,USER-00023,search,2025-10-25T14:17:35.232047,SES-85ad12b5,desktop,Chrome,social,,,,,0.0,gaming laptop,0,0,0,
47f5f4c6-bc10-4008-b274-d58890494462,EVT-003314,USER-00155,search,2026-01-05T20:13:32.911848,SES-e4fae97a,mobile,Firefox,social,,,,,0.0,wireless headphones,0,0,0,
4b437a92-70de-4473-abdd-8875b9123634,EVT-003315,USER-00218,click,2025-11-20T05:00:02.289950,SES-76c9a836,desktop,Safari,email,PROD-00003,Penfolds Grange,Red Wine,Wine,390.13,,276,0,0,
9d370be9-b0bf-4d5b-a740-29adb52472eb,EVT-003316,USER-00107,search,2025-11-19T18:10:54.385298,SES-d1380ec1,desktop,Firefox,organic,,,,,0.0,home office chair,0,0,0,
28958eea-4099-418b-89d0-eacf925ef4ef,EVT-003317,USER-00147,add_to_cart,2026-01-04T16:00:41.742561,SES-cedf2a43,mobile,Chrome,email,PROD-01416,REI Flash 55 Pack,Outdoor Gear,Sports,517.67,,0,1,0,
3b1feaee-3aa0-4c5f-9c43-e8f76cc313ff,EVT-003318,USER-00048,wishlist,2025-11-18T01:59:27.440563,SES-6b488dbe,tablet,Safari,organic,PROD-01844,Samsung Galaxy Watch 6,Smartwatches,Electronics,790.52,,0,0,0,
e4d006a0-4c55-4032-b32e-4a526fd7078b,EVT-003319,USER-00154,search,2026-01-07T22:50:06.161990,SES-b7590782,tablet,Chrome,organic,,,,,0.0,red wine gift,0,0,0,
e14939a3-dd98-4a93-a3bb-87c0f7c4e4fd,EVT-003320,USER-00144,view,2025-10-27T14:44:53.536746,SES-fc5ab546,tablet,Edge,direct,PROD-01196,Oral-B iO Series 9,Personal Care,Healthcare,285.71,,125,0,0,
c22a5f72-2e6c-4e51-81eb-b757f7dc7a27,EVT-003321,USER-00001,view,2025-11-18T16:34:44.985569,SES-713d65f1,desktop,Safari,direct,PROD-00512,Dom Pérignon Rosé 2009,Champagne,Wine,415.51,,398,0,0,
35c3e61f-6d9a-45e1-939d-cabf654d476d,EVT-003322,USER-00023,search,2026-01-17T10:32:40.540956,SES-74f84efb,desktop,Chrome,social,,,,,0.0,gaming laptop,0,0,0,
38e05e19-803e-4a44-bf3a-a3e167caa0bb,EVT-003323,USER-00155,search,2025-11-03T23:52:55.886408,SES-115fe47f,mobile,Firefox,social,,,,,0.0,wireless headphones,0,0,0,
7cd070c5-0567-4303-9027-0184de84c07b,EVT-003324,USER-00218,click,2025-11-14T22:01:26.173528,SES-357286ce,desktop,Safari,email,PROD-00003,Penfolds Grange,Red Wine,Wine,390.13,,276,0,0,
d94d50c1-b79c-4703-b651-69a15594a561,EVT-003325,USER-00107,search,2025-11-25T20:01:53.106676,SES-d505fea3,desktop,Firefox,organic,,,,,0.0,home office chair,0,0,0,
b611455a-6184-4dc9-b1a3-c7868dc20026,EVT-003326,USER-00147,add_to_cart,2025-11-05T10:41:43.848830,SES-699db6a2,mobile,Chrome,email,PROD-01416,REI Flash 55 Pack,Outdoor Gear,Sports,517.67,,0,1,0,
6ae1dec6-e3f2-46f1-b287-813c26f2547f,EVT-003327,USER-00048,wishlist,2025-11-22T06:24:32.732507,SES-0dd69997,tablet,Safari,organic,PROD-01844,Samsung Galaxy Watch 6,Smartwatches,Electronics,790.52,,0,0,0,
e1765bda-4e76-4e46-a74d-5e4c86a6391d,EVT-003328,USER-00154,search,2025-11-28T18:07:13.977227,SES-b78b92c9,tablet,Chrome,organic,,,,,0.0,red wine gift,0,0,0,
9fc84300-7fb0-4bde-9828-41c2d88651f8,EVT-003329,USER-00144,view,2025-10-29T08:50:03.022412,SES-556bc497,tablet,Edge,direct,PROD-01196,Oral-B iO Series 9,Personal Care,Healthcare,285.71,,125,0,0,
e088f47b-04ae-42b7-9166-457fcdabf43c,EVT-003330,USER-00001,view,2025-12-09T11:00:53.065195,SES-ae0fdef3,desktop,Safari,direct,PROD-00512,Dom Pérignon Rosé 2009,Champagne,Wine,415.51,,398,0,0,
a4f58755-6070-4199-97ac-86b2a33ce96e,EVT-003331,USER-00023,search,2025-10-29T10:22:38.276664,SES-5813df57,desktop,Chrome,social,,,,,0.0,gaming laptop,0,0,0,
e1d9dcdb-d1ae-42eb-9a65-18f532eb129c,EVT-003332,USER-00155,search,2025-11-19T10:14:52.784845,SES-fb60fc01,mobile,Firefox,social,,,,,0.0,wireless headphones,0,0,0,
0d513ff6-9067-4893-8d75-e09d17ee8e9a,EVT-003333,USER-00218,click,2025-11-18T15:44:51.374309,SES-dacd3181,desktop,Safari,email,PROD-00003,Penfolds Grange,Red Wine,Wine,390.13,,276,0,0,
6a739d35-f17e-4243-a118-5fb71e98a4be,EVT-003334,USER-00107,search,2025-10-24T17:14:15.864695,SES-90aee949,desktop,Firefox,organic,,,,,0.0,home office chair,0,0,0,
a6e5dade-716c-4ffc-808b-cc0b670b2b78,EVT-003335,USER-00147,add_to_cart,2026-01-18T23:38:40.050395,SES-ea463a0f,mobile,Chrome,email,PROD-01416,REI Flash 55 Pack,Outdoor Gear,Sports,517.67,,0,1,0,
37b9e844-257f-4ffc-881d-bfdcabd506c5,EVT-003336,USER-00048,wishlist,2025-11-21T04:05:03.885141,SES-3660228f,tablet,Safari,organic,PROD-01844,Samsung Galaxy Watch 6,Smartwatches,Electronics,790.52,,0,0,0,
cf87b3ac-1ecb-41be-a72e-03ec8ce4e913,EVT-003337,USER-00154,search,2025-12-25T17:37:29.192900,SES-170d23ba,tablet,Chrome,organic,,,,,0.0,red wine gift,0,0,0,
9c35a9c9-b9cb-45e3-b174-993f47651156,EVT-003338,USER-00144,view,2026-01-08T22:15:59.985054,SES-07728755,tablet,Edge,direct,PROD-01196,Oral-B iO Series 9,Personal Care,Healthcare,285.71,,125,0,0,
09a35a03-9044-4120-b6d8-93c4b2344f35,EVT-003339,USER-00001,view,2026-01-14T11:58:56.621600,SES-7ebbd8d7,desktop,Safari,direct,PROD-00512,Dom Pérignon Rosé 2009,Champagne,Wine,415.51,,398,0,0,
5355549d-23b6-46e2-b519-6ccfb13442b0,EVT-003340,USER-00023,search,2025-12-15T22:24:50.247214,SES-8d0f5947,desktop,Chrome,social,,,,,0.0,gaming laptop,0,0,0,
debf34aa-4a05-4967-8975-70d61e4202b8,EVT-003341,USER-00155,search,2026-01-07T07:31:37.478030,SES-a7580ff0,mobile,Firefox,social,,,,,0.0,wireless headphones,0,0,0,
488ceb33-2882-4d7f-8355-3d1245d708a2,EVT-003342,USER-00218,click,2025-11-24T07:12:20.091875,SES-21b41792,desktop,Safari,email,PROD-00003,Penfolds Grange,Red Wine,Wine,390.13,,276,0,0,
4be91b2d-696b-45f6-b0da-77639f25979c,EVT-003343,USER-00107,search,2025-10-31T05:40:32.896327,SES-7aee8e35,desktop,Firefox,organic,,,,,0.0,home office chair,0,0,0,
76b056d8-1cac-4938-800b-3a3ae97682c9,EVT-003344,USER-00147,add_to_cart,2025-11-15T10:48:28.043047,SES-a17d8295,mobile,Chrome,email,PROD-01416,REI Flash 55 Pack,Outdoor Gear,Sports,517.67,,0,1,0,
ddc555bb-b7e6-41a0-b5f6-7d5309f6f073,EVT-003345,USER-00048,wishlist,2025-11-21T17:06:43.375366,SES-aee66930,tablet,Safari,organic,PROD-01844,Samsung Galaxy Watch 6,Smartwatches,Electronics,790.52,,0,0,0,
253103f5-4cc6-4a69-ac96-fd8a021ff0a9,EVT-003346,USER-00154,search,2026-01-10T15:05:53.610617,SES-951439f8,tablet,Chrome,organic,,,,,0.0,red wine gift,0,0,0,
9fb22ab0-e27b-4ff1-98ea-b6d9e8d3b1dc,EVT-003347,USER-00144,view,2025-11-08T02:35:35.014159,SES-9ab270fa,tablet,Edge,direct,PROD-01196,Oral-B iO Series 9,Personal Care,Healthcare,285.71,,125,0,0,
59128ed9-96a0-42ab-bc98-c09b8b329d67,EVT-003348,USER-00001,view,2025-11-10T18:43:36.195498,SES-ffd72040,desktop,Safari,direct,PROD-00512,Dom Pérignon Rosé 2009,Champagne,Wine,415.51,,398,0,0,
931c4a03-f2cc-456c-90fc-7845c60ead34,EVT-003349,USER-00023,search,2026-01-02T16:56:19.467229,SES-a3b143d5,desktop,Chrome,social,,,,,0.0,gaming laptop,0,0,0,
737e8b50-b6f0-4ae0-af34-47d0803ecddb,EVT-003350,USER-00155,search,2025-11-12T12:13:04.691783,SES-2401def4,mobile,Firefox,social,,,,,0.0,wireless headphones,0,0,0,
f93c980d-388b-47ef-a1a2-63037f459103,EVT-003351,USER-00218,click,2025-11-16T13:24:29.843591,SES-24b125c6,desktop,Safari,email,PROD-00003,Penfolds Grange,Red Wine,Wine,390.13,,276,0,0,
850ab6de-44cb-479e-8d63-e45f7f7d7479,EVT-003352,USER-00107,search,2026-01-06T09:42:18.888691,SES-53b43c2a,desktop,Firefox,organic,,,,,0.0,home office chair,0,0,0,
6edcad28-a5b6-492f-af44-3dc661bd0dee,EVT-003353,USER-00147,add_to_cart,2025-12-11T04:35:10.424563,SES-d1375f0c,mobile,Chrome,email,PROD-01416,REI Flash 55 Pack,Outdoor Gear,Sports,517.67,,0,1,0,
a16c3a71-104b-465f-ac9d-03b6ba1ba6bb,EVT-003354,USER-00048,wishlist,2025-12-10T09:21:28.030675,SES-de79d978,tablet,Safari,organic,PROD-01844,Samsung Galaxy Watch 6,Smartwatches,Electronics,790.52,,0,0,0,
57f423fc-4296-49df-af55-7567b059633f,EVT-003355,USER-00154,search,2026-01-08T00:07:18.062887,SES-b383e0d3,tablet,Chrome,organic,,,,,0.0,red wine gift,0,0,0,
4a3a00e3-8690-41e6-974a-bf78b19d8a55,EVT-003356,USER-00144,view,2026-01-03T17:08:33.544315,SES-3d7f1287,tablet,Edge,direct,PROD-01196,Oral-B iO Series 9,Personal Care,Healthcare,285.71,,125,0,0,
eee5488e-a54a-4b3f-9944-16d28bd5bc35,EVT-003357,USER-00001,view,2025-12-11T01:50:20.229153,SES-bb181d03,desktop,Safari,direct,PROD-00512,Dom Pérignon Rosé 2009,Champagne,Wine,415.51,,398,0,0,
25da2c0b-c68b-4ed5-8344-bb9db55834b1,EVT-003358,USER-00023,search,2025-12-13T15:14:15.984841,SES-46404819,desktop,Chrome,social,,,,,0.0,gaming laptop,0,0,0,
727a06be-2247-4127-b183-8f824f42b462,EVT-003359,USER-00155,search,2025-12-23T19:34:39.728426,SES-f81a913e,mobile,Firefox,social,,,,,0.0,wireless headphones,0,0,0,
ad5c0b16-0877-4df1-9f89-0cec581e4cca,EVT-003360,USER-00218,click,2025-11-18T10:06:06.975163,SES-6be83866,desktop,Safari,email,PROD-00003,Penfolds Grange,Red Wine,Wine,390.13,,276,0,0,
d1bb08b1-aec9-446d-a026-19d4711851bd,EVT-003361,USER-00107,search,2025-12-11T09:14:53.816144,SES-d465d90a,desktop,Firefox,organic,,,,,0.0,home office chair,0,0,0,
43ffce61-b911-455b-bfb5-c9f9a48450da,EVT-003362,USER-00147,add_to_cart,2025-11-18T10:50:08.159772,SES-9e0e59c5,mobile,Chrome,email,PROD-01416,REI Flash 55 Pack,Outdoor Gear,Sports,517.67,,0,1,0,
af4312a8-5ac3-4136-beee-ae7700867f33,EVT-003363,USER-00048,wishlist,2026-01-11T06:02:23.519747,SES-4d4bc42d,tablet,Safari,organic,PROD-01844,Samsung Galaxy Watch 6,Smartwatches,Electronics,790.52,,0,0,0,
4fe5f1ef-f954-4d11-bca8-8e98829f7838,EVT-003364,USER-00154,search,2025-12-29T09:06:29.814410,SES-fd5072b1,tablet,Chrome,organic,,,,,0.0,red wine gift,0,0,0,
028d5451-3f9c-49b8-9008-c7441cc2c794,EVT-003365,USER-00144,view,2025-10-26T08:07:44.256418,SES-f4b3f856,tablet,Edge,direct,PROD-01196,Oral-B iO Series 9,Personal Care,Healthcare,285.71,,125,0,0,
c6a1e9a9-5997-4c39-88c7-098160e922f9,EVT-003366,USER-00001,view,2026-01-13T08:49:36.728131,SES-7b6be9a6,desktop,Safari,direct,PROD-00512,Dom Pérignon Rosé 2009,Champagne,Wine,415.51,,398,0,0,
a2214745-7432-4931-853b-73f5a3d74a4e,EVT-003367,USER-00023,search,2025-11-29T11:42:20.918529,SES-46d08c13,desktop,Chrome,social,,,,,0.0,gaming laptop,0,0,0,
18309605-a8a9-458c-b884-a543c0945a0e,EVT-003368,USER-00155,search,2025-12-20T21:11:41.054226,SES-ee678ccc,mobile,Firefox,social,,,,,0.0,wireless headphones,0,0,0,
94b4cbf9-2cf7-4b17-95fd-b2f0e58b9fef,EVT-003369,USER-00218,click,2025-11-15T21:16:48.722936,SES-9386d94b,desktop,Safari,email,PROD-00003,Penfolds Grange,Red Wine,Wine,390.13,,276,0,0,
7d7eb6f4-09f6-4692-87d1-46c1783f1628,EVT-003370,USER-00107,search,2025-10-27T08:34:17.762963,SES-b79d6647,desktop,Firefox,organic,,,,,0.0,home office chair,0,0,0,
76724e29-a069-4a3b-b8ab-d3a004c4dd2f,EVT-003371,USER-00147,add_to_cart,2025-10-28T20:37:50.956201,SES-191f6aff,mobile,Chrome,email,PROD-01416,REI Flash 55 Pack,Outdoor Gear,Sports,517.67,,0,1,0,
20767643-9fa6-4d74-8b83-d3d738d3cd9f,EVT-003372,USER-00048,wishlist,2026-01-16T01:56:28.225775,SES-f89735db,tablet,Safari,organic,PROD-01844,Samsung Galaxy Watch 6,Smartwatches,Electronics,790.52,,0,0,0,
6fcdecfa-e1c8-40cb-b8d4-4bce5dbecea8,EVT-003373,USER-00154,search,2025-12-14T14:52:23.917306,SES-b338a478,tablet,Chrome,organic,,,,,0.0,red wine gift,0,0,0,
8c32bf8f-c67c-4f6c-8769-71587989bdf2,EVT-003374,USER-00144,view,2025-11-01T06:53:09.941781,SES-74234af6,tablet,Edge,direct,PROD-01196,Oral-B iO Series 9,Personal Care,Healthcare,285.71,,125,0,0,
7971a130-5a42-4ad3-a737-4d14c8949ae7,EVT-003375,USER-00001,view,2025-12-04T14:24:23.835310,SES-9730df07,desktop,Safari,direct,PROD-00512,Dom Pérignon Rosé 2009,Champagne,Wine,415.51,,398,0,0,
d926984a-0e58-4cd4-bd36-eab3364f4a63,EVT-003376,USER-00023,search,2025-12-03T21:39:28.964784,SES-58c82535,desktop,Chrome,social,,,,,0.0,gaming laptop,0,0,0,
1ed03c80-9e93-4f54-9587-5900455a059b,EVT-003377,USER-00155,search,2025-11-24T04:10:22.876552,SES-b69753ac,mobile,Firefox,social,,,,,0.0,wireless headphones,0,0,0,
3fe8b848-eb05-4b74-a159-1fe3ed580d2f,EVT-003378,USER-00218,click,2025-12-10T10:46:45.271848,SES-23d9c3d1,desktop,Safari,email,PROD-00003,Penfolds Grange,Red Wine,Wine,390.13,,276,0,0,
98107ec8-f11b-4d23-8f2e-fe940c5444ee,EVT-003379,USER-00107,search,2025-11-15T10:59:08.776758,SES-fc009ef3,desktop,Firefox,organic,,,,,0.0,home office chair,0,0,0,
b7cae7d1-2a94-4f6b-853d-3fec3e84637e,EVT-003380,USER-00147,add_to_cart,2025-12-14T20:22:49.573092,SES-f8e5898a,mobile,Chrome,email,PROD-01416,REI Flash 55 Pack,Outdoor Gear,Sports,517.67,,0,1,0,
96c86372-3ec5-48c7-a345-e6101b2b4398,EVT-003381,USER-00048,wishlist,2025-12-12T04:18:27.096827,SES-59b2aa72,tablet,Safari,organic,PROD-01844,Samsung Galaxy Watch 6,Smartwatches,Electronics,790.52,,0,0,0,
c762f199-4726-44e1-8b39-1f1167a546a8,EVT-003382,USER-00154,search,2026-01-02T03:24:26.954260,SES-f684f566,tablet,Chrome,organic,,,,,0.0,red wine gift,0,0,0,
5970932e-c4c9-4c63-bce1-70baf844b4c9,EVT-003383,USER-00144,view,2025-10-30T01:16:31.038403,SES-e20492c5,tablet,Edge,direct,PROD-01196,Oral-B iO Series 9,Personal Care,Healthcare,285.71,,125,0,0,
635d5ae8-8614-4243-94a9-fa5ba34508b9,EVT-003384,USER-00001,view,2025-11-06T19:50:11.382042,SES-09c8e748,desktop,Safari,direct,PROD-00512,Dom Pérignon Rosé 2009,Champagne,Wine,415.51,,398,0,0,
e8103458-33d7-42b7-ae05-efbf98fc615e,EVT-003385,USER-00023,search,2025-12-20T00:51:55.244883,SES-955cf529,desktop,Chrome,social,,,,,0.0,gaming laptop,0,0,0,
76f9cfe8-08ea-4513-9bcc-090fcc511a14,EVT-003386,USER-00155,search,2025-12-12T21:12:32.389819,SES-846f0b54,mobile,Firefox,social,,,,,0.0,wireless headphones,0,0,0,
dd7f4c75-e3ec-423a-b825-c78dcf992cab,EVT-003387,USER-00218,click,2026-01-08T16:11:28.497639,SES-ff3e5854,desktop,Safari,email,PROD-00003,Penfolds Grange,Red Wine,Wine,390.13,,276,0,0,
35c324c9-2d8b-4643-a0d6-5595f4643eb2,EVT-003388,USER-00107,search,2025-12-18T10:44:53.107971,SES-e26f1123,desktop,Firefox,organic,,,,,0.0,home office chair,0,0,0,
83187f63-eea8-4f0d-b324-08fd3f80d6ef,EVT-003389,USER-00147,add_to_cart,2025-10-24T04:31:20.534612,SES-c0b878dc,mobile,Chrome,email,PROD-01416,REI Flash 55 Pack,Outdoor Gear,Sports,517.67,,0,1,0,
050f5496-56e4-4a5b-bf91-2ca727eb04be,EVT-003390,USER-00048,wishlist,2025-11-11T07:55:07.441865,SES-f834f76c,tablet,Safari,organic,PROD-01844,Samsung Galaxy Watch 6,Smartwatches,Electronics,790.52,,0,0,0,
f66c7861-3342-470b-b719-beec6ba3c72a,EVT-003391,USER-00154,search,2025-12-25T09:45:53.797326,SES-fec0bd5d,tablet,Chrome,organic,,,,,0.0,red wine gift,0,0,0,
5468d323-61c1-479b-80c6-f2d869a2ef2d,EVT-003392,USER-00144,view,2025-11-06T21:58:27.884088,SES-72ba1bbd,tablet,Edge,direct,PROD-01196,Oral-B iO Series 9,Personal Care,Healthcare,285.71,,125,0,0,
6fda53b7-fe56-4bbb-99a7-de023c4d6872,EVT-003393,USER-00001,view,2026-01-16T19:53:09.147699,SES-fdeb93ff,desktop,Safari,direct,PROD-00512,Dom Pérignon Rosé 2009,Champagne,Wine,415.51,,398,0,0,
b3366cc6-a32b-400a-bf6e-d69afe872746,EVT-003394,USER-00023,search,2026-01-08T09:59:55.505427,SES-a7d70d66,desktop,Chrome,social,,,,,0.0,gaming laptop,0,0,0,
dd1b1d7b-c299-460c-a58f-f3cb6300aaa0,EVT-003395,USER-00155,search,2025-12-07T13:03:16.304211,SES-2122294e,mobile,Firefox,social,,,,,0.0,wireless headphones,0,0,0,
85523d0c-530a-412f-ab74-3221ac77c34f,EVT-003396,USER-00218,click,2026-01-19T17:46:23.886977,SES-082c580d,desktop,Safari,email,PROD-00003,Penfolds Grange,Red Wine,Wine,390.13,,276,0,0,
0ad12ee7-2b03-4020-ab67-9dcf19795f69,EVT-003397,USER-00107,search,2025-10-23T03:33:17.746502,SES-3bf1afd7,desktop,Firefox,organic,,,,,0.0,home office chair,0,0,0,
e7f7f151-b5a5-43e4-8484-e9c361595f3d,EVT-003398,USER-00147,add_to_cart,2025-12-08T17:45:44.560242,SES-d3b4b3ec,mobile,Chrome,email,PROD-01416,REI Flash 55 Pack,Outdoor Gear,Sports,517.67,,0,1,0,
20eb07d7-eccc-4416-bb4f-a534f25cf3d4,EVT-003399,USER-00048,wishlist,2025-11-16T06:29:42.877468,SES-0ed5bc31,tablet,Safari,organic,PROD-01844,Samsung Galaxy Watch 6,Smartwatches,Electronics,790.52,,0,0,0,
723e9581-4253-43ba-abb2-7a02e8181c42,EVT-003400,USER-00154,search,2026-01-02T04:36:14.039105,SES-396e1e92,tablet,Chrome,organic,,,,,0.0,red wine gift,0,0,0,
3e6d54d8-1957-4594-87e2-a085827f328c,EVT-003401,USER-00144,view,2025-12-31T12:51:45.737716,SES-045d92a7,tablet,Edge,direct,PROD-01196,Oral-B iO Series 9,Personal Care,Healthcare,285.71,,125,0,0,
621add32-9675-44c6-baef-9b7ddf0ee74c,EVT-003402,USER-00001,view,2025-11-08T13:14:38.429574,SES-6e3ab928,desktop,Safari,direct,PROD-00512,Dom Pérignon Rosé 2009,Champagne,Wine,415.51,,398,0,0,
52254b29-acdb-4d3f-8621-1c3f79d15ac0,EVT-003403,USER-00023,search,2025-12-10T22:52:25.880931,SES-4f398f43,desktop,Chrome,social,,,,,0.0,gaming laptop,0,0,0,
b46816f9-5985-4f56-aeac-0197cd255025,EVT-003404,USER-00155,search,2025-10-28T00:22:44.034935,SES-bc847d32,mobile,Firefox,social,,,,,0.0,wireless headphones,0,0,0,
64d8b039-1f33-4c5d-b732-a80e54b1525e,EVT-003405,USER-00218,click,2025-11-10T15:54:44.457441,SES-bbef565e,desktop,Safari,email,PROD-00003,Penfolds Grange,Red Wine,Wine,390.13,,276,0,0,
b682a344-036e-424b-b41e-ce1d19d01d76,EVT-003406,USER-00107,search,2025-12-21T16:36:06.662777,SES-27d7e307,desktop,Firefox,organic,,,,,0.0,home office chair,0,0,0,
4fef20ff-7942-4885-8c7a-7c05a8f1835d,EVT-003407,USER-00147,add_to_cart,2025-11-08T23:52:30.666104,SES-44d70909,mobile,Chrome,email,PROD-01416,REI Flash 55 Pack,Outdoor Gear,Sports,517.67,,0,1,0,
cc38dac2-9eed-4273-aee9-f7be046768c6,EVT-003408,USER-00048,wishlist,2025-12-09T04:08:36.191027,SES-a23624a4,tablet,Safari,organic,PROD-01844,Samsung Galaxy Watch 6,Smartwatches,Electronics,790.52,,0,0,0,
9de2499b-1b69-486e-bf87-30f3151a47dd,EVT-003409,USER-00154,search,2025-11-22T15:45:16.945615,SES-782777c3,tablet,Chrome,organic,,,,,0.0,red wine gift,0,0,0,
a30c0f7c-969a-4d2c-a0cf-17c3128d0aea,EVT-003410,USER-00144,view,2025-11-28T01:54:02.134183,SES-b79792da,tablet,Edge,direct,PROD-01196,Oral-B iO Series 9,Personal Care,Healthcare,285.71,,125,0,0,
f8fa572b-11f9-4418-a526-8c6c579e8fa0,EVT-003411,USER-00001,view,2025-12-14T20:11:58.518869,SES-ff8d0289,desktop,Safari,direct,PROD-00512,Dom Pérignon Rosé 2009,Champagne,Wine,415.51,,398,0,0,
52faf8f8-1daa-489a-b4ca-e609f65a0222,EVT-003412,USER-00023,search,2026-01-12T15:20:52.731012,SES-1f008d21,desktop,Chrome,social,,,,,0.0,gaming laptop,0,0,0,
2de88e58-1d78-4dbb-89c7-e1cf8dd1434a,EVT-003413,USER-00155,search,2025-11-17T13:29:15.574945,SES-da20c5fc,mobile,Firefox,social,,,,,0.0,wireless headphones,0,0,0,
143c63ae-44a8-4ed5-bdf6-0a3e44ce8ee8,EVT-003414,USER-00218,click,2025-11-14T02:02:32.541290,SES-e071865b,desktop,Safari,email,PROD-00003,Penfolds Grange,Red Wine,Wine,390.13,,276,0,0,
0fc7be9c-37d1-4abc-b268-ac57a498cd30,EVT-003415,USER-00107,search,2026-01-07T17:23:54.480077,SES-513bf031,desktop,Firefox,organic,,,,,0.0,home office chair,0,0,0,
ea03ca08-af4b-49f6-8663-d60c063f5179,EVT-003416,USER-00147,add_to_cart,2025-11-02T21:22:39.125170,SES-910667eb,mobile,Chrome,email,PROD-01416,REI Flash 55 Pack,Outdoor Gear,Sports,517.67,,0,1,0,
7e6b42be-f0fb-495a-9b31-5d203967c5de,EVT-003417,USER-00048,wishlist,2025-11-29T11:49:13.256398,SES-8da7bc5c,tablet,Safari,organic,PROD-01844,Samsung Galaxy Watch 6,Smartwatches,Electronics,790.52,,0,0,0,
2fe4def2-3a7c-4315-849f-f084437077be,EVT-003418,USER-00154,search,2025-12-20T00:32:43.290939,SES-83e28378,tablet,Chrome,organic,,,,,0.0,red wine gift,0,0,0,
a2e7a6aa-ccf7-451c-900f-f5ecce8bfd33,EVT-003419,USER-00144,view,2025-12-06T11:07:08.193405,SES-74cb1aa7,tablet,Edge,direct,PROD-01196,Oral-B iO Series 9,Personal Care,Healthcare,285.71,,125,0,0,
f7840f4b-85cb-48e5-920a-a18035a2ffff,EVT-003420,USER-00001,view,2026-01-18T16:13:06.010506,SES-15da2eb9,desktop,Safari,direct,PROD-00512,Dom Pérignon Rosé 2009,Champagne,Wine,415.51,,398,0,0,
04b54e65-2148-4c5e-8726-45148d8e949f,EVT-003421,USER-00023,search,2025-11-28T04:06:47.635476,SES-607daee0,desktop,Chrome,social,,,,,0.0,gaming laptop,0,0,0,
8150c39a-c5a4-486c-abfc-4065518218cb,EVT-003422,USER-00155,search,2025-11-08T21:03:08.563401,SES-1270e4d6,mobile,Firefox,social,,,,,0.0,wireless headphones,0,0,0,
90ac7854-bb19-4a82-bb2a-77c2cb28a454,EVT-003423,USER-00218,click,2025-11-14T10:28:41.983801,SES-90d90d17,desktop,Safari,email,PROD-00003,Penfolds Grange,Red Wine,Wine,390.13,,276,0,0,
9b727963-5b1e-42bf-b453-b626b8aae7ef,EVT-003424,USER-00107,search,2025-11-03T05:01:43.494472,SES-004ab318,desktop,Firefox,organic,,,,,0.0,home office chair,0,0,0,
95060936-677e-4855-98dd-a3112ba2ba0b,EVT-003425,USER-00147,add_to_cart,2025-11-08T06:20:57.281702,SES-f224a37a,mobile,Chrome,email,PROD-01416,REI Flash 55 Pack,Outdoor Gear,Sports,517.67,,0,1,0,
8d287c83-577d-49e6-a73b-d32dfffa186d,EVT-003426,USER-00048,wishlist,2025-12-19T08:18:30.672319,SES-9256dc63,tablet,Safari,organic,PROD-01844,Samsung Galaxy Watch 6,Smartwatches,Electronics,790.52,,0,0,0,
957d781a-7374-46ef-b989-774ccd331a2e,EVT-003427,USER-00154,search,2025-11-02T11:17:12.983633,SES-9744d4cd,tablet,Chrome,organic,,,,,0.0,red wine gift,0,0,0,
ac8b11d9-f96c-43f2-898a-5a132cc8396b,EVT-003428,USER-00144,view,2025-12-22T01:32:50.859006,SES-26d4ce49,tablet,Edge,direct,PROD-01196,Oral-B iO Series 9,Personal Care,Healthcare,285.71,,125,0,0,
696ceb74-d710-41d3-88f6-7f89d28563d8,EVT-003429,USER-00001,view,2025-11-03T14:13:30.113275,SES-d123164f,desktop,Safari,direct,PROD-00512,Dom Pérignon Rosé 2009,Champagne,Wine,415.51,,398,0,0,
0152434f-a10a-48c5-9dd6-903d45affe47,EVT-003430,USER-00023,search,2025-10-26T06:58:53.377327,SES-4aa23711,desktop,Chrome,social,,,,,0.0,gaming laptop,0,0,0,
87cee54d-1e1d-471c-aaf5-254b65beff1d,EVT-003431,USER-00155,search,2026-01-20T12:07:45.354039,SES-9c882069,mobile,Firefox,social,,,,,0.0,wireless headphones,0,0,0,
515a169e-f41a-4838-8582-844eaa7e770c,EVT-003432,USER-00218,click,2025-12-28T17:04:38.027934,SES-0739424d,desktop,Safari,email,PROD-00003,Penfolds Grange,Red Wine,Wine,390.13,,276,0,0,
36bb74af-af7e-4b52-8911-edbc08c5a1a4,EVT-003433,USER-00107,search,2025-12-27T11:38:29.319950,SES-c481c58c,desktop,Firefox,organic,,,,,0.0,home office chair,0,0,0,
85e6b464-fdf1-4aff-b875-fb520161b8ae,EVT-003434,USER-00147,add_to_cart,2025-12-23T05:43:24.079503,SES-54ce7018,mobile,Chrome,email,PROD-01416,REI Flash 55 Pack,Outdoor Gear,Sports,517.67,,0,1,0,
9f7ccaa9-ec9b-47fa-9569-6ed58a48f91d,EVT-003435,USER-00048,wishlist,2025-11-03T15:20:03.057458,SES-08dbe590,tablet,Safari,organic,PROD-01844,Samsung Galaxy Watch 6,Smartwatches,Electronics,790.52,,0,0,0,
7c798ad2-99f6-4264-a644-c9908d336644,EVT-003436,USER-00154,search,2025-11-11T07:18:32.984600,SES-454b5445,tablet,Chrome,organic,,,,,0.0,red wine gift,0,0,0,
5a491df3-6c1a-433b-b7dd-aaba9afc83b5,EVT-003437,USER-00144,view,2026-01-17T00:26:22.944041,SES-d96c4b1d,tablet,Edge,direct,PROD-01196,Oral-B iO Series 9,Personal Care,Healthcare,285.71,,125,0,0,
ee2a707c-49ff-46c3-a4fa-bf024a27d3fb,EVT-003438,USER-00001,view,2025-12-13T09:13:03.052741,SES-40c9ccb8,desktop,Safari,direct,PROD-00512,Dom Pérignon Rosé 2009,Champagne,Wine,415.51,,398,0,0,
19c7e6ce-25ca-4882-8f5d-45f9ddc17c05,EVT-003439,USER-00023,search,2025-12-20T08:08:18.902521,SES-33a5e108,desktop,Chrome,social,,,,,0.0,gaming laptop,0,0,0,
542e766f-4dd4-455b-8c23-fc43fc26a2b1,EVT-003440,USER-00155,search,2025-12-26T05:22:01.061201,SES-7d9f2c28,mobile,Firefox,social,,,,,0.0,wireless headphones,0,0,0,
8a605bdf-0f45-4b04-b720-a49494044b45,EVT-003441,USER-00218,click,2026-01-05T08:52:22.223201,SES-b7ac8e99,desktop,Safari,email,PROD-00003,Penfolds Grange,Red Wine,Wine,390.13,,276,0,0,
a27aa816-642b-400a-b027-1d55450334a5,EVT-003442,USER-00107,search,2025-10-23T21:51:27.150289,SES-45c42b76,desktop,Firefox,organic,,,,,0.0,home office chair,0,0,0,
a6a03246-c974-4bf0-83e0-2ad70bacc642,EVT-003443,USER-00147,add_to_cart,2025-11-01T07:09:21.607721,SES-ba216fd6,mobile,Chrome,email,PROD-01416,REI Flash 55 Pack,Outdoor Gear,Sports,517.67,,0,1,0,
017183f1-4cd5-44ef-bbd2-62909b85413c,EVT-003444,USER-00048,wishlist,2025-11-10T05:48:58.882732,SES-9260123f,tablet,Safari,organic,PROD-01844,Samsung Galaxy Watch 6,Smartwatches,Electronics,790.52,,0,0,0,
6b9ab6ab-2b8b-4e01-9a7e-9019f65c68a5,EVT-003445,USER-00154,search,2025-11-04T16:00:17.649621,SES-029c9538,tablet,Chrome,organic,,,,,0.0,red wine gift,0,0,0,
154cb027-dd94-48d7-8ec7-06200e554648,EVT-003446,USER-00144,view,2025-12-26T20:39:17.298330,SES-f4370037,tablet,Edge,direct,PROD-01196,Oral-B iO Series 9,Personal Care,Healthcare,285.71,,125,0,0,
8875cca7-b7e0-4703-9976-b234597fd48c,EVT-003447,USER-00001,view,2026-01-01T09:01:36.018102,SES-e6fb520b,desktop,Safari,direct,PROD-00512,Dom Pérignon Rosé 2009,Champagne,Wine,415.51,,398,0,0,
29eb7bbf-1f6c-4b51-8b19-df3674337148,EVT-003448,USER-00023,search,2026-01-08T20:44:47.680523,SES-3a872be0,desktop,Chrome,social,,,,,0.0,gaming laptop,0,0,0,
477688c2-c21a-457d-9223-739a93549983,EVT-003449,USER-00155,search,2025-11-20T22:22:37.898863,SES-032a6432,mobile,Firefox,social,,,,,0.0,wireless headphones,0,0,0,
bb85c26e-364d-4b9d-9685-b6b565febbc9,EVT-003450,USER-00218,click,2025-11-28T16:10:12.307498,SES-d4a537b3,desktop,Safari,email,PROD-00003,Penfolds Grange,Red Wine,Wine,390.13,,276,0,0,
b3908128-4ac5-4f38-93b5-a28819413ae5,EVT-003451,USER-00107,search,2025-12-21T00:41:59.289838,SES-3c923111,desktop,Firefox,organic,,,,,0.0,home office chair,0,0,0,
17062d3f-827f-4cc9-9fa1-ac198750b45e,EVT-003452,USER-00147,add_to_cart,2025-12-22T21:36:55.769816,SES-555fd459,mobile,Chrome,email,PROD-01416,REI Flash 55 Pack,Outdoor Gear,Sports,517.67,,0,1,0,
44dffc24-7f2e-4b56-b5d9-b090502c323b,EVT-003453,USER-00048,wishlist,2025-12-01T13:54:19.942364,SES-ca02c878,tablet,Safari,organic,PROD-01844,Samsung Galaxy Watch 6,Smartwatches,Electronics,790.52,,0,0,0,
71e8c513-0020-4404-87e4-26c5b5a22b52,EVT-003454,USER-00154,search,2025-11-09T19:28:54.560345,SES-3f55602b,tablet,Chrome,organic,,,,,0.0,red wine gift,0,0,0,
4f247fd4-9228-4550-a815-7f8763bc3691,EVT-003455,USER-00144,view,2025-12-18T19:50:51.023249,SES-a68f9936,tablet,Edge,direct,PROD-01196,Oral-B iO Series 9,Personal Care,Healthcare,285.71,,125,0,0,
e2ca0eb2-109f-453e-95bd-9c8d06b314e9,EVT-003456,USER-00001,view,2025-11-10T06:47:02.669777,SES-b37ddef3,desktop,Safari,direct,PROD-00512,Dom Pérignon Rosé 2009,Champagne,Wine,415.51,,398,0,0,
835ba628-be1d-48bb-8e8f-f4c06e3d3710,EVT-003457,USER-00023,search,2025-11-23T11:00:03.602372,SES-626eb7f5,desktop,Chrome,social,,,,,0.0,gaming laptop,0,0,0,
4747d44e-213a-4349-9177-e34ade67ba3a,EVT-003458,USER-00155,search,2026-01-08T23:13:49.553881,SES-82a94669,mobile,Firefox,social,,,,,0.0,wireless headphones,0,0,0,
fcaba31c-287d-4da0-a278-27e7e1bb16ba,EVT-003459,USER-00218,click,2026-01-07T21:39:41.248671,SES-679b59f5,desktop,Safari,email,PROD-00003,Penfolds Grange,Red Wine,Wine,390.13,,276,0,0,
dc606b1f-168f-4653-9195-79469f9ec327,EVT-003460,USER-00107,search,2025-12-21T06:42:42.434662,SES-597f2ea4,desktop,Firefox,organic,,,,,0.0,home office chair,0,0,0,
74161a3c-9246-4c3b-92df-8d353ae9a2d0,EVT-003461,USER-00147,add_to_cart,2025-12-05T18:20:56.078378,SES-d6e7be0d,mobile,Chrome,email,PROD-01416,REI Flash 55 Pack,Outdoor Gear,Sports,517.67,,0,1,0,
d9b71bef-159a-4db0-85a7-e1631dc32438,EVT-003462,USER-00048,wishlist,2026-01-16T02:17:06.041393,SES-68dfa404,tablet,Safari,organic,PROD-01844,Samsung Galaxy Watch 6,Smartwatches,Electronics,790.52,,0,0,0,
a5f98ec7-37ab-41df-993e-a9c24cd09658,EVT-003463,USER-00154,search,2025-12-01T01:01:47.569182,SES-6d8a2f0c,tablet,Chrome,organic,,,,,0.0,red wine gift,0,0,0,
a9efc95e-e0f0-422e-8f39-42e31316817e,EVT-003464,USER-00144,view,2025-11-14T08:41:47.185722,SES-934cad24,tablet,Edge,direct,PROD-01196,Oral-B iO Series 9,Personal Care,Healthcare,285.71,,125,0,0,
f93f3488-6bb4-4985-8a90-9e04d81a505f,EVT-003465,USER-00001,view,2025-11-30T16:02:59.406455,SES-536aa798,desktop,Safari,direct,PROD-00512,Dom Pérignon Rosé 2009,Champagne,Wine,415.51,,398,0,0,
a6e5ebed-90f1-48c7-af75-eac887f47946,EVT-003466,USER-00023,search,2025-11-05T22:43:23.251238,SES-f85ca841,desktop,Chrome,social,,,,,0.0,gaming laptop,0,0,0,
07f5d1df-b8d6-4bef-ac27-48ab67abca78,EVT-003467,USER-00155,search,2025-12-31T23:56:42.648967,SES-5d9cfc75,mobile,Firefox,social,,,,,0.0,wireless headphones,0,0,0,
0dbd8fc5-a4ee-4a8c-b28e-67b39da30b94,EVT-003468,USER-00218,click,2026-01-05T16:54:23.753042,SES-9446f838,desktop,Safari,email,PROD-00003,Penfolds Grange,Red Wine,Wine,390.13,,276,0,0,
909bdb14-9a57-4f60-a776-3f8cfd9d805a,EVT-003469,USER-00107,search,2025-12-29T00:30:59.878787,SES-aab75739,desktop,Firefox,organic,,,,,0.0,home office chair,0,0,0,
f8dfb533-9df6-4ef7-846c-c8499e757f64,EVT-003470,USER-00147,add_to_cart,2025-12-08T20:35:06.798269,SES-62c4ef16,mobile,Chrome,email,PROD-01416,REI Flash 55 Pack,Outdoor Gear,Sports,517.67,,0,1,0,
7c217e24-8b25-450d-8231-d2edf2f5c8ba,EVT-003471,USER-00048,wishlist,2025-11-10T00:25:48.897843,SES-c1f1e448,tablet,Safari,organic,PROD-01844,Samsung Galaxy Watch 6,Smartwatches,Electronics,790.52,,0,0,0,
9c2282ed-11c9-4bca-8a21-cc16d1922a54,EVT-003472,USER-00154,search,2025-11-01T14:38:08.594942,SES-a8b20804,tablet,Chrome,organic,,,,,0.0,red wine gift,0,0,0,
9bdbf970-bbe9-4ce9-9b7e-5dc99797434f,EVT-003473,USER-00144,view,2025-11-17T12:30:34.466493,SES-643fdea9,tablet,Edge,direct,PROD-01196,Oral-B iO Series 9,Personal Care,Healthcare,285.71,,125,0,0,
8fd3fd55-99b3-4095-a356-d5cebb439206,EVT-003474,USER-00001,view,2025-11-17T04:22:47.437133,SES-fe9e4101,desktop,Safari,direct,PROD-00512,Dom Pérignon Rosé 2009,Champagne,Wine,415.51,,398,0,0,
7b6cb30a-f125-4ce9-b8b9-d45b432ffba8,EVT-003475,USER-00023,search,2025-11-07T14:35:09.168700,SES-6ec3d263,desktop,Chrome,social,,,,,0.0,gaming laptop,0,0,0,
280b4431-73d7-42fd-a952-13e88599ddb6,EVT-003476,USER-00155,search,2025-12-30T21:17:30.510384,SES-ffd6bdc2,mobile,Firefox,social,,,,,0.0,wireless headphones,0,0,0,
d69529e9-c0b7-47ff-a74b-b699ef00f661,EVT-003477,USER-00218,click,2025-12-04T06:19:17.322904,SES-6da246d3,desktop,Safari,email,PROD-00003,Penfolds Grange,Red Wine,Wine,390.13,,276,0,0,
8a3d4401-ae5a-486b-b68e-771e2704a371,EVT-003478,USER-00107,search,2025-12-30T07:25:26.813472,SES-cc22d4b5,desktop,Firefox,organic,,,,,0.0,home office chair,0,0,0,
eebdfd3a-57a1-4d8b-92b1-d2174b43bfd8,EVT-003479,USER-00147,add_to_cart,2025-10-28T13:10:24.153871,SES-ee8d241e,mobile,Chrome,email,PROD-01416,REI Flash 55 Pack,Outdoor Gear,Sports,517.67,,0,1,0,
6cfd4bd2-9ad1-44ad-87eb-253c504eb482,EVT-003480,USER-00048,wishlist,2025-12-02T13:42:10.334493,SES-eb58f2bf,tablet,Safari,organic,PROD-01844,Samsung Galaxy Watch 6,Smartwatches,Electronics,790.52,,0,0,0,
55a68e5f-192c-4cce-98bc-40df52a13246,EVT-003481,USER-00154,search,2025-11-18T23:02:19.685038,SES-aca4e2f1,tablet,Chrome,organic,,,,,0.0,red wine gift,0,0,0,
b93b632d-2614-41c4-a55c-d723818117e1,EVT-003482,USER-00144,view,2025-11-11T20:39:29.163644,SES-a6f82d76,tablet,Edge,direct,PROD-01196,Oral-B iO Series 9,Personal Care,Healthcare,285.71,,125,0,0,
775f99c3-0a37-4204-a254-f90192ad5ad3,EVT-003483,USER-00001,view,2025-11-09T18:07:55.076592,SES-70411947,desktop,Safari,direct,PROD-00512,Dom Pérignon Rosé 2009,Champagne,Wine,415.51,,398,0,0,
7e9f1f5a-3369-4cda-b99e-ca1358cfa38e,EVT-003484,USER-00023,search,2026-01-08T10:02:50.563587,SES-ab654aee,desktop,Chrome,social,,,,,0.0,gaming laptop,0,0,0,
23beaa7a-16aa-4ed0-b1ed-94d8e547176e,EVT-003485,USER-00155,search,2026-01-06T05:23:12.923982,SES-386d1e47,mobile,Firefox,social,,,,,0.0,wireless headphones,0,0,0,
bef053aa-29e7-48f3-904b-524795ec56fb,EVT-003486,USER-00218,click,2026-01-17T09:18:49.582280,SES-c09a88a3,desktop,Safari,email,PROD-00003,Penfolds Grange,Red Wine,Wine,390.13,,276,0,0,
5163346f-6493-43ec-b5a2-6a07b5f484af,EVT-003487,USER-00107,search,2025-11-15T22:33:26.699360,SES-268b5954,desktop,Firefox,organic,,,,,0.0,home office chair,0,0,0,
df46b078-efc5-43b8-b0fb-5d6a6d072e93,EVT-003488,USER-00147,add_to_cart,2025-12-04T21:41:33.834914,SES-d18c0d67,mobile,Chrome,email,PROD-01416,REI Flash 55 Pack,Outdoor Gear,Sports,517.67,,0,1,0,
f745193f-e359-4e68-b419-5be89bc05484,EVT-003489,USER-00048,wishlist,2025-12-01T02:29:43.360822,SES-2f182f45,tablet,Safari,organic,PROD-01844,Samsung Galaxy Watch 6,Smartwatches,Electronics,790.52,,0,0,0,
4c34bb70-b39e-40b4-8a2e-2914ab7a23b7,EVT-003490,USER-00154,search,2025-11-03T16:28:02.835561,SES-7fe524fe,tablet,Chrome,organic,,,,,0.0,red wine gift,0,0,0,
38ac8141-b634-4d4e-b2f5-82c716208ec1,EVT-003491,USER-00144,view,2025-12-31T23:06:46.755239,SES-e19cd9c6,tablet,Edge,direct,PROD-01196,Oral-B iO Series 9,Personal Care,Healthcare,285.71,,125,0,0,
17147440-e407-4ac0-9caa-cd86252d43f4,EVT-003492,USER-00001,view,2025-12-19T17:48:43.502406,SES-bf3b5d1f,desktop,Safari,direct,PROD-00512,Dom Pérignon Rosé 2009,Champagne,Wine,415.51,,398,0,0,
f6142584-4d16-4a6d-b1c3-f6848e8b8b98,EVT-003493,USER-00023,search,2025-11-26T06:49:56.906077,SES-45064e12,desktop,Chrome,social,,,,,0.0,gaming laptop,0,0,0,
8f99a1ec-e810-4829-bb47-b853c703aaed,EVT-003494,USER-00155,search,2026-01-19T10:57:40.483420,SES-38a753f8,mobile,Firefox,social,,,,,0.0,wireless headphones,0,0,0,
190740a6-b0f5-4284-a8e8-54d8cd2e05f1,EVT-003495,USER-00218,click,2025-12-11T07:54:31.238665,SES-ce034ca0,desktop,Safari,email,PROD-00003,Penfolds Grange,Red Wine,Wine,390.13,,276,0,0,
8e2a937b-1a11-4ba4-b951-34ab93a90afc,EVT-003496,USER-00107,search,2025-12-19T10:36:54.966420,SES-e6e2e42d,desktop,Firefox,organic,,,,,0.0,home office chair,0,0,0,
55694883-e3d4-4a0b-b0a1-5c3b7d8baac9,EVT-003497,USER-00147,add_to_cart,2025-11-04T16:40:16.301929,SES-54c7e356,mobile,Chrome,email,PROD-01416,REI Flash 55 Pack,Outdoor Gear,Sports,517.67,,0,1,0,
741a3380-e25c-443f-8a75-5ccc0e28ed0d,EVT-003498,USER-00048,wishlist,2025-11-15T18:18:56.963134,SES-cd3817ee,tablet,Safari,organic,PROD-01844,Samsung Galaxy Watch 6,Smartwatches,Electronics,790.52,,0,0,0,
932658dc-7295-4f9f-9f29-f4e8dd9cbb49,EVT-003499,USER-00154,search,2025-11-25T01:08:15.796779,SES-55bc976a,tablet,Chrome,organic,,,,,0.0,red wine gift,0,0,0,
ce7d076f-3832-4c75-b753-5bca2b6cf133,EVT-003500,USER-00144,view,2025-11-14T14:31:41.738073,SES-a1f619e2,tablet,Edge,direct,PROD-01196,Oral-B iO Series 9,Personal Care,Healthcare,285.71,,125,0,0,
b7753aff-8427-45b3-8a50-dad68aa9ac04,EVT-003501,USER-00001,view,2025-10-31T13:37:07.838709,SES-7882c353,desktop,Safari,direct,PROD-00512,Dom Pérignon Rosé 2009,Champagne,Wine,415.51,,398,0,0,
17585fca-e228-4007-b4d2-10523112ddc8,EVT-003502,USER-00023,search,2026-01-08T06:03:40.720321,SES-15292caa,desktop,Chrome,social,,,,,0.0,gaming laptop,0,0,0,
f9f7f186-7db8-4c97-be50-8f12cfde0e21,EVT-003503,USER-00155,search,2025-12-08T03:44:02.572696,SES-c96767db,mobile,Firefox,social,,,,,0.0,wireless headphones,0,0,0,
dcf6b98b-4fdb-43e0-8eab-636570758675,EVT-003504,USER-00218,click,2025-11-19T14:12:18.771996,SES-113534c7,desktop,Safari,email,PROD-00003,Penfolds Grange,Red Wine,Wine,390.13,,276,0,0,
03d49e5a-9d56-46d1-a650-558c70cbf039,EVT-003505,USER-00107,search,2025-11-28T00:09:35.809978,SES-6537c015,desktop,Firefox,organic,,,,,0.0,home office chair,0,0,0,
769111b6-9d00-414c-9283-910ccedefb52,EVT-003506,USER-00147,add_to_cart,2025-10-28T08:08:47.410836,SES-7493b18d,mobile,Chrome,email,PROD-01416,REI Flash 55 Pack,Outdoor Gear,Sports,517.67,,0,1,0,
f91a19a2-cda0-4cf3-a862-117f9498bc70,EVT-003507,USER-00048,wishlist,2026-01-16T19:35:20.527069,SES-600aed61,tablet,Safari,organic,PROD-01844,Samsung Galaxy Watch 6,Smartwatches,Electronics,790.52,,0,0,0,
e3e0edb1-98fc-428a-b58a-3115eda06af1,EVT-003508,USER-00154,search,2025-11-01T07:30:48.527951,SES-b34122bc,tablet,Chrome,organic,,,,,0.0,red wine gift,0,0,0,
27073bda-c86a-4163-a12c-16f95897bda7,EVT-003509,USER-00144,view,2026-01-11T13:29:29.602605,SES-4aeb3945,tablet,Edge,direct,PROD-01196,Oral-B iO Series 9,Personal Care,Healthcare,285.71,,125,0,0,
34461f89-8538-4c24-b205-6e1d6c344145,EVT-003510,USER-00001,view,2025-11-14T08:40:10.016327,SES-0d67110f,desktop,Safari,direct,PROD-00512,Dom Pérignon Rosé 2009,Champagne,Wine,415.51,,398,0,0,
0b1d789a-7233-40a6-98df-ee49b0302437,EVT-003511,USER-00023,search,2025-11-13T15:48:41.656916,SES-87520372,desktop,Chrome,social,,,,,0.0,gaming laptop,0,0,0,
b6f322e0-9eb0-44c9-9093-00a72e362a23,EVT-003512,USER-00155,search,2026-01-16T20:43:21.622151,SES-f6287bfe,mobile,Firefox,social,,,,,0.0,wireless headphones,0,0,0,
0ce7f81c-eb8b-4ec4-aed3-037860b52f9b,EVT-003513,USER-00218,click,2026-01-14T11:53:55.763230,SES-966737e0,desktop,Safari,email,PROD-00003,Penfolds Grange,Red Wine,Wine,390.13,,276,0,0,
fbff9ea5-880b-43c6-a53c-3ca7b7175f07,EVT-003514,USER-00107,search,2026-01-07T16:46:20.822721,SES-a28344fa,desktop,Firefox,organic,,,,,0.0,home office chair,0,0,0,
8f89053a-3039-485a-b983-a85e2322bcd5,EVT-003515,USER-00147,add_to_cart,2025-12-13T08:52:10.702523,SES-231c4dc3,mobile,Chrome,email,PROD-01416,REI Flash 55 Pack,Outdoor Gear,Sports,517.67,,0,1,0,
35e24d3e-1ea7-48eb-9a4e-98a28be5b08b,EVT-003516,USER-00048,wishlist,2026-01-13T20:54:22.907822,SES-4c68db6f,tablet,Safari,organic,PROD-01844,Samsung Galaxy Watch 6,Smartwatches,Electronics,790.52,,0,0,0,
badc89b9-8ada-4dec-a656-4809923d2604,EVT-003517,USER-00154,search,2026-01-13T15:17:00.496611,SES-60465fb4,tablet,Chrome,organic,,,,,0.0,red wine gift,0,0,0,
1d13a997-c19b-4744-89b4-3f645bf58c2a,EVT-003518,USER-00144,view,2025-12-18T03:34:40.353436,SES-26763dd5,tablet,Edge,direct,PROD-01196,Oral-B iO Series 9,Personal Care,Healthcare,285.71,,125,0,0,
f73af841-0bef-4e3f-ac6a-4152a8e54f50,EVT-003519,USER-00001,view,2026-01-18T15:25:54.774033,SES-a52a3852,desktop,Safari,direct,PROD-00512,Dom Pérignon Rosé 2009,Champagne,Wine,415.51,,398,0,0,
65ec0245-d3ad-4fe3-b61a-2fa038b58728,EVT-003520,USER-00023,search,2025-10-22T23:25:01.632307,SES-cfedffa9,desktop,Chrome,social,,,,,0.0,gaming laptop,0,0,0,
fe499e62-ea3d-4d36-9bbd-5031d04f153a,EVT-003521,USER-00155,search,2026-01-16T22:45:30.915956,SES-0249badc,mobile,Firefox,social,,,,,0.0,wireless headphones,0,0,0,
6635acb4-e0fd-45c9-9c7b-6dfd72448f8d,EVT-003522,USER-00218,click,2025-11-21T03:16:11.039272,SES-59f19f2f,desktop,Safari,email,PROD-00003,Penfolds Grange,Red Wine,Wine,390.13,,276,0,0,
40e07281-c1b6-4c8f-8b6f-f8670e07fde3,EVT-003523,USER-00107,search,2025-12-23T17:45:13.365410,SES-f2f6b3b5,desktop,Firefox,organic,,,,,0.0,home office chair,0,0,0,
a161b13d-73d6-48fe-940c-15f92e8d99a7,EVT-003524,USER-00147,add_to_cart,2025-12-11T12:30:01.683319,SES-e51c0e01,mobile,Chrome,email,PROD-01416,REI Flash 55 Pack,Outdoor Gear,Sports,517.67,,0,1,0,
c649e8e7-7763-4ce5-b2ce-ae3501ff0c58,EVT-003525,USER-00048,wishlist,2025-12-12T18:54:37.468799,SES-67f96ba9,tablet,Safari,organic,PROD-01844,Samsung Galaxy Watch 6,Smartwatches,Electronics,790.52,,0,0,0,
9bff48a6-9ab2-48cf-b51d-30ba9f6fd9e0,EVT-003526,USER-00154,search,2025-10-22T19:17:26.992218,SES-654c4df4,tablet,Chrome,organic,,,,,0.0,red wine gift,0,0,0,
5f8b2d4b-0aef-4798-b3aa-8ec023065be6,EVT-003527,USER-00144,view,2025-11-09T01:55:17.213223,SES-4866f5f0,tablet,Edge,direct,PROD-01196,Oral-B iO Series 9,Personal Care,Healthcare,285.71,,125,0,0,
705534cf-231d-4464-b69e-3e1a71a401b6,EVT-003528,USER-00001,view,2025-11-01T10:25:23.449513,SES-a688e012,desktop,Safari,direct,PROD-00512,Dom Pérignon Rosé 2009,Champagne,Wine,415.51,,398,0,0,
26d70ee0-5df4-4479-bd28-eee9ef5636a5,EVT-003529,USER-00023,search,2025-11-19T05:49:34.714454,SES-cc8da19f,desktop,Chrome,social,,,,,0.0,gaming laptop,0,0,0,
aa617943-6bbb-489c-9d08-751d5bae95ce,EVT-003530,USER-00155,search,2025-12-30T10:43:35.389871,SES-4301dcc3,mobile,Firefox,social,,,,,0.0,wireless headphones,0,0,0,
f7869bd6-cdec-4c12-88d7-83d26fa41164,EVT-003531,USER-00218,click,2025-11-14T06:39:30.131086,SES-731e3b33,desktop,Safari,email,PROD-00003,Penfolds Grange,Red Wine,Wine,390.13,,276,0,0,
26b0a411-81d2-4a66-bcdb-a6119ace0139,EVT-003532,USER-00107,search,2026-01-03T02:03:26.665478,SES-59f8a686,desktop,Firefox,organic,,,,,0.0,home office chair,0,0,0,
68b3599f-1a4f-4243-9878-f3e712f621e7,EVT-003533,USER-00147,add_to_cart,2025-12-14T10:18:41.760614,SES-a666b522,mobile,Chrome,email,PROD-01416,REI Flash 55 Pack,Outdoor Gear,Sports,517.67,,0,1,0,
664ff09b-1b97-4399-8394-3595a6ca9964,EVT-003534,USER-00048,wishlist,2025-12-18T06:26:44.608163,SES-8810f86e,tablet,Safari,organic,PROD-01844,Samsung Galaxy Watch 6,Smartwatches,Electronics,790.52,,0,0,0,
033f76c1-ebe4-415d-8577-a573b44d07db,EVT-003535,USER-00154,search,2025-12-21T22:58:56.925350,SES-83827d36,tablet,Chrome,organic,,,,,0.0,red wine gift,0,0,0,
b84a90ae-7165-41cf-b89a-ecd229c1d002,EVT-003536,USER-00144,view,2026-01-17T03:08:55.407100,SES-5e64f343,tablet,Edge,direct,PROD-01196,Oral-B iO Series 9,Personal Care,Healthcare,285.71,,125,0,0,
66a65e11-363c-4325-b65f-aa4c78813536,EVT-003537,USER-00001,view,2025-12-12T13:00:07.079272,SES-3854fdaf,desktop,Safari,direct,PROD-00512,Dom Pérignon Rosé 2009,Champagne,Wine,415.51,,398,0,0,
62c5821a-accc-4811-90f7-772b7004e068,EVT-003538,USER-00023,search,2025-11-23T19:00:47.240236,SES-b52e64e3,desktop,Chrome,social,,,,,0.0,gaming laptop,0,0,0,
a3fa5155-9d92-42a6-b958-8bbbd50dc6f6,EVT-003539,USER-00155,search,2025-11-25T20:45:59.695440,SES-8a892b66,mobile,Firefox,social,,,,,0.0,wireless headphones,0,0,0,
e3aa641a-c9a6-4aae-a0ed-3cea029a5f9a,EVT-003540,USER-00218,click,2025-12-17T21:18:49.090799,SES-14b77062,desktop,Safari,email,PROD-00003,Penfolds Grange,Red Wine,Wine,390.13,,276,0,0,
6646d961-0a56-41ae-9dec-3c00eb0752e9,EVT-003541,USER-00107,search,2026-01-10T19:05:28.974787,SES-44b58477,desktop,Firefox,organic,,,,,0.0,home office chair,0,0,0,
94606d47-1226-46b6-b1cc-9871ec1854aa,EVT-003542,USER-00147,add_to_cart,2025-11-20T21:31:14.274418,SES-8ce4acea,mobile,Chrome,email,PROD-01416,REI Flash 55 Pack,Outdoor Gear,Sports,517.67,,0,1,0,
8d1d4da3-7884-43f9-a952-1025655349bc,EVT-003543,USER-00048,wishlist,2026-01-07T20:58:35.121661,SES-48c5a6c3,tablet,Safari,organic,PROD-01844,Samsung Galaxy Watch 6,Smartwatches,Electronics,790.52,,0,0,0,
fc247986-35f7-4e61-a316-54e3b5e2eed0,EVT-003544,USER-00154,search,2025-11-23T18:59:53.961121,SES-e0b91fea,tablet,Chrome,organic,,,,,0.0,red wine gift,0,0,0,
bf23faf7-d251-4247-bffa-145acaa713f4,EVT-003545,USER-00144,view,2025-12-29T23:25:02.677909,SES-a5794a21,tablet,Edge,direct,PROD-01196,Oral-B iO Series 9,Personal Care,Healthcare,285.71,,125,0,0,
3ff8e0fa-e471-4db5-af1e-bf9b16586769,EVT-003546,USER-00001,view,2025-12-09T14:18:21.032968,SES-149b3bd9,desktop,Safari,direct,PROD-00512,Dom Pérignon Rosé 2009,Champagne,Wine,415.51,,398,0,0,
b9003bf8-86c4-4aec-b2c4-da685fdf4cf8,EVT-003547,USER-00023,search,2025-12-06T01:20:28.667798,SES-3bd897c5,desktop,Chrome,social,,,,,0.0,gaming laptop,0,0,0,
d7bc134c-b7b5-4357-b495-55b1a7775781,EVT-003548,USER-00155,search,2025-11-30T10:42:51.138533,SES-68e799d6,mobile,Firefox,social,,,,,0.0,wireless headphones,0,0,0,
268b46f1-114a-43c3-ab8e-14d82e18d2d7,EVT-003549,USER-00218,click,2025-12-12T06:59:46.713398,SES-348d8a95,desktop,Safari,email,PROD-00003,Penfolds Grange,Red Wine,Wine,390.13,,276,0,0,
bf91ff84-b56b-45b7-b09c-7a91e600d7f4,EVT-003550,USER-00107,search,2025-12-23T17:57:05.007556,SES-05053302,desktop,Firefox,organic,,,,,0.0,home office chair,0,0,0,
0f7ade6d-c5db-42d7-9fa7-a66039ffe853,EVT-003551,USER-00147,add_to_cart,2025-10-31T23:01:54.223503,SES-fd218386,mobile,Chrome,email,PROD-01416,REI Flash 55 Pack,Outdoor Gear,Sports,517.67,,0,1,0,
818a7369-4cce-4f3b-b4ac-187b614fc5f9,EVT-003552,USER-00048,wishlist,2026-01-11T07:20:05.185711,SES-b4b48247,tablet,Safari,organic,PROD-01844,Samsung Galaxy Watch 6,Smartwatches,Electronics,790.52,,0,0,0,
ea35543f-6b62-4362-bb9f-526c82c7ccf6,EVT-003553,USER-00154,search,2025-11-12T11:45:13.267367,SES-852a5b57,tablet,Chrome,organic,,,,,0.0,red wine gift,0,0,0,
3850eb41-93d0-4264-b0b8-3c3c773ecfea,EVT-003554,USER-00144,view,2026-01-08T15:53:14.899612,SES-f5f8e2ef,tablet,Edge,direct,PROD-01196,Oral-B iO Series 9,Personal Care,Healthcare,285.71,,125,0,0,
f86b54d4-6a2b-4cf0-937e-7b6e2b4b6055,EVT-003555,USER-00001,view,2025-11-10T02:50:53.915897,SES-e460d0e9,desktop,Safari,direct,PROD-00512,Dom Pérignon Rosé 2009,Champagne,Wine,415.51,,398,0,0,
ec97db09-1350-4e4b-b8ba-1100300d2eb8,EVT-003556,USER-00023,search,2025-11-28T18:50:00.387659,SES-3ac38ca4,desktop,Chrome,social,,,,,0.0,gaming laptop,0,0,0,
8d7384ef-26b0-4497-9ef8-058fbbf26229,EVT-003557,USER-00155,search,2026-01-20T07:24:04.274913,SES-af462bc2,mobile,Firefox,social,,,,,0.0,wireless headphones,0,0,0,
ad68b83b-b1b6-4076-8bcc-efd1e20cc1d3,EVT-003558,USER-00218,click,2025-10-29T04:57:38.424686,SES-e58656ef,desktop,Safari,email,PROD-00003,Penfolds Grange,Red Wine,Wine,390.13,,276,0,0,
2a4ade2a-4c8d-434c-9f63-0a130a1af998,EVT-003559,USER-00107,search,2025-12-22T23:00:40.807503,SES-6ee91289,desktop,Firefox,organic,,,,,0.0,home office chair,0,0,0,
be333971-f6cf-46c8-9831-f6f5d8a56e39,EVT-003560,USER-00147,add_to_cart,2026-01-18T12:08:20.432745,SES-290b592b,mobile,Chrome,email,PROD-01416,REI Flash 55 Pack,Outdoor Gear,Sports,517.67,,0,1,0,
aecb73d6-185d-4d00-8af1-4bed7bc57f22,EVT-003561,USER-00048,wishlist,2025-12-01T09:18:12.416844,SES-f644ef20,tablet,Safari,organic,PROD-01844,Samsung Galaxy Watch 6,Smartwatches,Electronics,790.52,,0,0,0,
a7382c1e-295e-4339-b219-2e6f082747b5,EVT-003562,USER-00154,search,2025-11-03T21:17:38.405494,SES-24c5414d,tablet,Chrome,organic,,,,,0.0,red wine gift,0,0,0,
a8c9b41c-2406-4168-832c-1562109e5ec8,EVT-003563,USER-00144,view,2025-12-28T02:16:08.315957,SES-804ae707,tablet,Edge,direct,PROD-01196,Oral-B iO Series 9,Personal Care,Healthcare,285.71,,125,0,0,
082af5a1-3d5c-4f43-bac8-e93a1e6acf08,EVT-003564,USER-00001,view,2025-11-11T08:01:56.273471,SES-f0a0cdb4,desktop,Safari,direct,PROD-00512,Dom Pérignon Rosé 2009,Champagne,Wine,415.51,,398,0,0,
65ea0155-34f6-46b8-acc1-dfd7ee63bc16,EVT-003565,USER-00023,search,2025-10-31T09:20:43.691267,SES-a2961e09,desktop,Chrome,social,,,,,0.0,gaming laptop,0,0,0,
a6b7135c-e313-4f52-bde0-1a023cfdd564,EVT-003566,USER-00155,search,2025-11-14T18:04:56.048213,SES-c0661ea5,mobile,Firefox,social,,,,,0.0,wireless headphones,0,0,0,
a27c42cb-2249-4c03-91f5-b7286ce1abf2,EVT-003567,USER-00218,click,2026-01-13T07:27:20.066987,SES-8e3241ca,desktop,Safari,email,PROD-00003,Penfolds Grange,Red Wine,Wine,390.13,,276,0,0,
b1ecdfbf-3a93-4b6b-8c01-2f4ac10a02d8,EVT-003568,USER-00107,search,2025-11-28T11:52:28.497102,SES-90587f74,desktop,Firefox,organic,,,,,0.0,home office chair,0,0,0,
0a5169a3-19dd-4768-8e63-9f2751976444,EVT-003569,USER-00147,add_to_cart,2026-01-19T21:22:39.973359,SES-1f61d5eb,mobile,Chrome,email,PROD-01416,REI Flash 55 Pack,Outdoor Gear,Sports,517.67,,0,1,0,
6a895ed9-4345-4048-bf4e-991193675c7c,EVT-003570,USER-00048,wishlist,2025-12-19T13:03:27.502221,SES-9fd7aa8f,tablet,Safari,organic,PROD-01844,Samsung Galaxy Watch 6,Smartwatches,Electronics,790.52,,0,0,0,
31317726-804c-4d64-83d2-0d76759c5e20,EVT-003571,USER-00154,search,2026-01-10T18:06:26.970870,SES-d5ce6a20,tablet,Chrome,organic,,,,,0.0,red wine gift,0,0,0,
54e92623-dec5-4f4f-a0a6-773160765e75,EVT-003572,USER-00144,view,2026-01-11T01:14:16.881659,SES-64edf905,tablet,Edge,direct,PROD-01196,Oral-B iO Series 9,Personal Care,Healthcare,285.71,,125,0,0,
6c4894ab-422c-48cc-b572-53d272dec2c7,EVT-003573,USER-00001,view,2025-10-31T02:03:33.487858,SES-12a889e9,desktop,Safari,direct,PROD-00512,Dom Pérignon Rosé 2009,Champagne,Wine,415.51,,398,0,0,
3e720c3d-932d-4146-8172-2bb68063c2cf,EVT-003574,USER-00023,search,2026-01-13T19:02:28.257370,SES-315b5462,desktop,Chrome,social,,,,,0.0,gaming laptop,0,0,0,
9bf7eb05-b11d-498f-a7b6-8733d59f776f,EVT-003575,USER-00155,search,2025-12-16T17:34:04.901472,SES-820e18ea,mobile,Firefox,social,,,,,0.0,wireless headphones,0,0,0,
36890e0c-b9d2-4b40-8894-aa37da7389bf,EVT-003576,USER-00218,click,2025-10-31T02:07:04.980134,SES-91c822a1,desktop,Safari,email,PROD-00003,Penfolds Grange,Red Wine,Wine,390.13,,276,0,0,
25681b47-46a9-4035-b124-7acc94820526,EVT-003577,USER-00107,search,2025-11-14T04:49:12.487516,SES-5806cea4,desktop,Firefox,organic,,,,,0.0,home office chair,0,0,0,
ccc0272c-56ad-46da-afa2-d5bb904dee95,EVT-003578,USER-00147,add_to_cart,2025-12-15T12:30:53.290230,SES-630eb00d,mobile,Chrome,email,PROD-01416,REI Flash 55 Pack,Outdoor Gear,Sports,517.67,,0,1,0,
0549a897-5ad1-4f78-8f95-4a365a635ad2,EVT-003579,USER-00048,wishlist,2025-12-28T20:23:54.313067,SES-d2f3ef7d,tablet,Safari,organic,PROD-01844,Samsung Galaxy Watch 6,Smartwatches,Electronics,790.52,,0,0,0,
d686a39c-aa09-4408-937d-6ab6990c1e3e,EVT-003580,USER-00154,search,2026-01-15T02:48:10.851608,SES-8ecb7de7,tablet,Chrome,organic,,,,,0.0,red wine gift,0,0,0,
36e4b458-68ba-4128-8bfe-f6d305602d3a,EVT-003581,USER-00144,view,2025-11-13T09:08:58.952659,SES-2b0f085a,tablet,Edge,direct,PROD-01196,Oral-B iO Series 9,Personal Care,Healthcare,285.71,,125,0,0,
04157fe2-4867-4c25-8dc8-b33631e7b6c9,EVT-003582,USER-00001,view,2025-12-04T12:19:22.935778,SES-73d4fc34,desktop,Safari,direct,PROD-00512,Dom Pérignon Rosé 2009,Champagne,Wine,415.51,,398,0,0,
b65a86c6-01f1-4777-a46b-47a1b502437c,EVT-003583,USER-00023,search,2025-11-16T14:37:55.752125,SES-7fcd49d0,desktop,Chrome,social,,,,,0.0,gaming laptop,0,0,0,
4a7dfd2f-1e7c-4f11-b987-6fb64623b8cc,EVT-003584,USER-00155,search,2025-11-06T16:56:15.391169,SES-74e01b1d,mobile,Firefox,social,,,,,0.0,wireless headphones,0,0,0,
8ddf534f-a2b9-45b7-ba99-f9f5c5897baa,EVT-003585,USER-00218,click,2025-12-29T19:57:40.082544,SES-ff2f6164,desktop,Safari,email,PROD-00003,Penfolds Grange,Red Wine,Wine,390.13,,276,0,0,
255ab153-3e87-4766-b940-90e45d1d814d,EVT-003586,USER-00107,search,2025-12-27T06:03:05.867049,SES-f116304e,desktop,Firefox,organic,,,,,0.0,home office chair,0,0,0,
09e85151-0da9-4933-bbd6-ea884815a3ee,EVT-003587,USER-00147,add_to_cart,2026-01-14T00:47:20.612311,SES-42e31478,mobile,Chrome,email,PROD-01416,REI Flash 55 Pack,Outdoor Gear,Sports,517.67,,0,1,0,
cd9a83e5-1381-420a-a9bb-fcbf539abe5c,EVT-003588,USER-00048,wishlist,2025-12-05T17:33:46.517083,SES-cb6bc745,tablet,Safari,organic,PROD-01844,Samsung Galaxy Watch 6,Smartwatches,Electronics,790.52,,0,0,0,
f64176f6-f276-422e-95b7-bb033fc333f0,EVT-003589,USER-00154,search,2026-01-19T23:24:40.089267,SES-63f6b3c4,tablet,Chrome,organic,,,,,0.0,red wine gift,0,0,0,
5dcb947b-f833-41ec-8316-29e573d200df,EVT-003590,USER-00144,view,2026-01-02T06:53:46.499755,SES-d89e4649,tablet,Edge,direct,PROD-01196,Oral-B iO Series 9,Personal Care,Healthcare,285.71,,125,0,0,
e15d705f-6643-4ef4-9e05-7900eeb08785,EVT-003591,USER-00001,view,2026-01-10T13:04:03.294127,SES-b4381dc4,desktop,Safari,direct,PROD-00512,Dom Pérignon Rosé 2009,Champagne,Wine,415.51,,398,0,0,
5b13fed3-4935-464a-b8a1-819f9d2cdc78,EVT-003592,USER-00023,search,2025-10-31T16:20:17.399625,SES-bf23f553,desktop,Chrome,social,,,,,0.0,gaming laptop,0,0,0,
930ab35c-8d6f-48f7-9e09-c7b3d4e854f1,EVT-003593,USER-00155,search,2025-12-07T00:07:44.733458,SES-6402308b,mobile,Firefox,social,,,,,0.0,wireless headphones,0,0,0,
806ae611-500d-4fa8-ab57-4c2b178ab6aa,EVT-003594,USER-00218,click,2025-11-12T07:29:14.075691,SES-31c1db5c,desktop,Safari,email,PROD-00003,Penfolds Grange,Red Wine,Wine,390.13,,276,0,0,
829c9ed0-34c5-49ea-a92a-2246a90825d0,EVT-003595,USER-00107,search,2025-12-13T11:35:37.219008,SES-7a791cf8,desktop,Firefox,organic,,,,,0.0,home office chair,0,0,0,
fc54ef81-169a-41dc-ac01-3773b3827005,EVT-003596,USER-00147,add_to_cart,2025-10-22T16:20:12.483107,SES-3168991e,mobile,Chrome,email,PROD-01416,REI Flash 55 Pack,Outdoor Gear,Sports,517.67,,0,1,0,
537d521e-6c81-4548-82a8-b631743ed895,EVT-003597,USER-00048,wishlist,2025-12-24T08:18:53.749522,SES-148a1137,tablet,Safari,organic,PROD-01844,Samsung Galaxy Watch 6,Smartwatches,Electronics,790.52,,0,0,0,
aa165fad-43c5-4438-8020-573cdebee5c0,EVT-003598,USER-00154,search,2026-01-14T18:59:25.935489,SES-a44a9ca9,tablet,Chrome,organic,,,,,0.0,red wine gift,0,0,0,
dab8fd78-78b7-460a-9fac-4befea2d47ba,EVT-003599,USER-00144,view,2025-12-29T11:19:23.768788,SES-05c6bc65,tablet,Edge,direct,PROD-01196,Oral-B iO Series 9,Personal Care,Healthcare,285.71,,125,0,0,
0f9bee0a-edd6-4e43-a6dc-fcc9fd7f59d6,EVT-003600,USER-00001,view,2025-12-11T17:42:56.636713,SES-c2563dc4,desktop,Safari,direct,PROD-00512,Dom Pérignon Rosé 2009,Champagne,Wine,415.51,,398,0,0,
ca32f7f8-419b-436a-a0cd-e5b785043d0f,EVT-003601,USER-00023,search,2025-11-06T11:00:42.903065,SES-d3f5e942,desktop,Chrome,social,,,,,0.0,gaming laptop,0,0,0,
957c95a6-5866-42ce-851f-0336b3ef9b81,EVT-003602,USER-00155,search,2025-12-28T04:09:41.838907,SES-c14e2bab,mobile,Firefox,social,,,,,0.0,wireless headphones,0,0,0,
1cf64167-50ee-4c7e-8b05-6d98adb44a8c,EVT-003603,USER-00218,click,2026-01-18T22:27:31.308816,SES-c5e4df2f,desktop,Safari,email,PROD-00003,Penfolds Grange,Red Wine,Wine,390.13,,276,0,0,
1c1a95cb-0033-4e4d-9455-442476f8b1b9,EVT-003604,USER-00107,search,2025-12-13T03:01:02.045133,SES-113766e2,desktop,Firefox,organic,,,,,0.0,home office chair,0,0,0,
def62442-e43a-44df-95f4-49b584187f18,EVT-003605,USER-00147,add_to_cart,2025-12-21T17:30:03.872215,SES-e8b728d4,mobile,Chrome,email,PROD-01416,REI Flash 55 Pack,Outdoor Gear,Sports,517.67,,0,1,0,
1a07c77c-0906-4bb3-9e54-fb4490bb6d5c,EVT-003606,USER-00048,wishlist,2025-11-09T00:01:57.007821,SES-cc7af13c,tablet,Safari,organic,PROD-01844,Samsung Galaxy Watch 6,Smartwatches,Electronics,790.52,,0,0,0,
2ba29b13-5bb7-484e-9dd4-e163a371115a,EVT-003607,USER-00154,search,2026-01-04T16:20:03.859496,SES-d23a4580,tablet,Chrome,organic,,,,,0.0,red wine gift,0,0,0,
4d481aa1-1410-442c-9d7b-2a3e1db893b6,EVT-003608,USER-00144,view,2025-11-12T18:03:01.271974,SES-49c5b60e,tablet,Edge,direct,PROD-01196,Oral-B iO Series 9,Personal Care,Healthcare,285.71,,125,0,0,
cf7f362d-c193-4f82-ab91-17f2c135e1e9,EVT-003609,USER-00001,view,2025-10-26T17:46:37.610794,SES-dda77632,desktop,Safari,direct,PROD-00512,Dom Pérignon Rosé 2009,Champagne,Wine,415.51,,398,0,0,
98abadcc-d73c-47b8-8eb7-d6eca3e4f634,EVT-003610,USER-00023,search,2025-11-07T19:37:18.804758,SES-4ac3eea2,desktop,Chrome,social,,,,,0.0,gaming laptop,0,0,0,
0bf4ca80-d186-4d57-b84a-be3b8d6fb9e4,EVT-003611,USER-00155,search,2026-01-05T03:03:19.534884,SES-978ed88e,mobile,Firefox,social,,,,,0.0,wireless headphones,0,0,0,
45b459fa-0af4-4c99-bee1-d965f7165789,EVT-003612,USER-00218,click,2025-11-09T11:02:54.929235,SES-769051f7,desktop,Safari,email,PROD-00003,Penfolds Grange,Red Wine,Wine,390.13,,276,0,0,
1d82b2ec-5401-4c38-b202-eff270ab521a,EVT-003613,USER-00107,search,2025-11-18T05:20:09.750926,SES-562991ea,desktop,Firefox,organic,,,,,0.0,home office chair,0,0,0,
a99939d6-50cb-4494-85f9-911f1b541b30,EVT-003614,USER-00147,add_to_cart,2025-10-28T04:29:25.638577,SES-9c3d433b,mobile,Chrome,email,PROD-01416,REI Flash 55 Pack,Outdoor Gear,Sports,517.67,,0,1,0,
79d4f595-2164-4076-aafe-cb1fb2a9176f,EVT-003615,USER-00048,wishlist,2025-12-02T02:59:05.489022,SES-53887c9d,tablet,Safari,organic,PROD-01844,Samsung Galaxy Watch 6,Smartwatches,Electronics,790.52,,0,0,0,
46eec8e0-e0b0-4536-9756-8127662b7040,EVT-003616,USER-00154,search,2025-12-17T08:24:42.951700,SES-2a4bf657,tablet,Chrome,organic,,,,,0.0,red wine gift,0,0,0,
fe5fd3f4-2abe-4495-a88a-537762e8b82c,EVT-003617,USER-00144,view,2025-10-25T12:09:23.242293,SES-bd5945e1,tablet,Edge,direct,PROD-01196,Oral-B iO Series 9,Personal Care,Healthcare,285.71,,125,0,0,
8b4d94a8-7fe3-416b-87bc-821ae95eeee9,EVT-003618,USER-00001,view,2025-12-26T23:44:34.134454,SES-69f79d0d,desktop,Safari,direct,PROD-00512,Dom Pérignon Rosé 2009,Champagne,Wine,415.51,,398,0,0,
bdd235df-d51d-48fb-9228-fa31ac44e5b1,EVT-003619,USER-00023,search,2025-12-26T20:06:35.279639,SES-23a29f80,desktop,Chrome,social,,,,,0.0,gaming laptop,0,0,0,
8f405c90-6b4c-4ce3-abcd-6d5548837f8d,EVT-003620,USER-00155,search,2025-11-24T16:05:01.401509,SES-31f444d4,mobile,Firefox,social,,,,,0.0,wireless headphones,0,0,0,
e05007dd-9e17-4ee8-acd0-d86c23a928f8,EVT-003621,USER-00218,click,2025-12-29T18:22:09.092321,SES-2c73183c,desktop,Safari,email,PROD-00003,Penfolds Grange,Red Wine,Wine,390.13,,276,0,0,
0171145e-65b6-48db-aaee-ab7cc0f46d42,EVT-003622,USER-00107,search,2025-12-30T04:05:46.099892,SES-8c3d4810,desktop,Firefox,organic,,,,,0.0,home office chair,0,0,0,
e50c6355-e2ee-49f1-8b60-f338b8e2712c,EVT-003623,USER-00147,add_to_cart,2026-01-05T19:11:17.972947,SES-2e838e2f,mobile,Chrome,email,PROD-01416,REI Flash 55 Pack,Outdoor Gear,Sports,517.67,,0,1,0,
d3872a48-7fea-4fd6-a998-2a621b6beb42,EVT-003624,USER-00048,wishlist,2025-11-30T12:52:21.951457,SES-682695bb,tablet,Safari,organic,PROD-01844,Samsung Galaxy Watch 6,Smartwatches,Electronics,790.52,,0,0,0,
f6c34895-e08e-49ca-8ea6-5ea1a779cdf0,EVT-003625,USER-00154,search,2025-12-23T14:02:13.592590,SES-c7ddc196,tablet,Chrome,organic,,,,,0.0,red wine gift,0,0,0,
840a84ba-0265-459b-a235-5ea03aea716c,EVT-003626,USER-00144,view,2026-01-05T16:45:16.541038,SES-4670ecca,tablet,Edge,direct,PROD-01196,Oral-B iO Series 9,Personal Care,Healthcare,285.71,,125,0,0,
d6f02e8b-a837-447a-b670-4fe7db5c9d3c,EVT-003627,USER-00001,view,2025-11-05T23:43:29.541625,SES-2dd0bec7,desktop,Safari,direct,PROD-00512,Dom Pérignon Rosé 2009,Champagne,Wine,415.51,,398,0,0,
17f98035-71d5-4297-a796-899261429f37,EVT-003628,USER-00023,search,2025-11-25T16:48:07.842515,SES-001bff94,desktop,Chrome,social,,,,,0.0,gaming laptop,0,0,0,
2c3fdd81-8627-402b-bd70-4098e2f067d4,EVT-003629,USER-00155,search,2025-11-07T02:18:23.172534,SES-e6321b99,mobile,Firefox,social,,,,,0.0,wireless headphones,0,0,0,
1532f5e0-79a9-477e-b935-57bcee699c0f,EVT-003630,USER-00218,click,2025-10-25T20:00:57.041666,SES-e97e8b3f,desktop,Safari,email,PROD-00003,Penfolds Grange,Red Wine,Wine,390.13,,276,0,0,
5f91628a-86fa-4ea5-aed0-aeb49a9579a7,EVT-003631,USER-00107,search,2025-11-07T10:20:34.490413,SES-62f3cfe0,desktop,Firefox,organic,,,,,0.0,home office chair,0,0,0,
c6427a94-e51b-4ce6-8aac-2b3fa3d762ec,EVT-003632,USER-00147,add_to_cart,2026-01-06T12:49:00.361246,SES-5a5e0474,mobile,Chrome,email,PROD-01416,REI Flash 55 Pack,Outdoor Gear,Sports,517.67,,0,1,0,
96c231f0-5abc-48f9-9d7b-fd9463dab996,EVT-003633,USER-00048,wishlist,2025-11-29T12:06:23.344920,SES-f47f3c97,tablet,Safari,organic,PROD-01844,Samsung Galaxy Watch 6,Smartwatches,Electronics,790.52,,0,0,0,
50303a51-2e8b-4875-9046-c45fbeba2281,EVT-003634,USER-00154,search,2025-10-30T07:21:47.159308,SES-9d8dead4,tablet,Chrome,organic,,,,,0.0,red wine gift,0,0,0,
5841055f-4c63-4069-a503-ec1d4770266f,EVT-003635,USER-00144,view,2025-11-05T20:24:36.912838,SES-4a8a838a,tablet,Edge,direct,PROD-01196,Oral-B iO Series 9,Personal Care,Healthcare,285.71,,125,0,0,
df5d4da8-bddc-483e-a34c-d195eb4fac1e,EVT-003636,USER-00001,view,2025-10-29T06:16:34.498520,SES-b78a730a,desktop,Safari,direct,PROD-00512,Dom Pérignon Rosé 2009,Champagne,Wine,415.51,,398,0,0,
0ad35e58-d70a-45a4-85cf-0bfdb7ac7df8,EVT-003637,USER-00023,search,2025-11-29T00:39:00.879419,SES-5b485bdf,desktop,Chrome,social,,,,,0.0,gaming laptop,0,0,0,
3677d0c2-dc3c-42ed-9bf4-53c21ddc2cd9,EVT-003638,USER-00155,search,2025-11-30T18:54:43.143871,SES-a15046dc,mobile,Firefox,social,,,,,0.0,wireless headphones,0,0,0,
56c74e32-77db-467c-a204-ffb45445b330,EVT-003639,USER-00218,click,2025-12-24T15:27:40.304313,SES-fbd60cb1,desktop,Safari,email,PROD-00003,Penfolds Grange,Red Wine,Wine,390.13,,276,0,0,
6fd53bc9-eeb3-44c2-8b57-ab9974d6e4da,EVT-003640,USER-00107,search,2025-11-06T15:06:17.069958,SES-2abc6dd2,desktop,Firefox,organic,,,,,0.0,home office chair,0,0,0,
2ba66fc0-e14f-4563-9606-c61d022e18fd,EVT-003641,USER-00147,add_to_cart,2025-12-25T21:43:17.970482,SES-b9ee76c3,mobile,Chrome,email,PROD-01416,REI Flash 55 Pack,Outdoor Gear,Sports,517.67,,0,1,0,
21b473bf-2142-4b51-bf7e-d5db91d73486,EVT-003642,USER-00048,wishlist,2025-12-25T21:46:34.664246,SES-ae3e830c,tablet,Safari,organic,PROD-01844,Samsung Galaxy Watch 6,Smartwatches,Electronics,790.52,,0,0,0,
4ff0c7eb-1279-4fda-b51b-268bd08fb46f,EVT-003643,USER-00154,search,2026-01-10T05:12:21.485811,SES-3266240c,tablet,Chrome,organic,,,,,0.0,red wine gift,0,0,0,
0867cf53-9fcb-46a4-b400-03bfe8cf84ed,EVT-003644,USER-00144,view,2025-12-09T10:48:22.484036,SES-18cd79be,tablet,Edge,direct,PROD-01196,Oral-B iO Series 9,Personal Care,Healthcare,285.71,,125,0,0,
2b393bde-03e4-4740-9821-1c18e9ed160e,EVT-003645,USER-00001,view,2026-01-11T18:06:36.147501,SES-1fc7964f,desktop,Safari,direct,PROD-00512,Dom Pérignon Rosé 2009,Champagne,Wine,415.51,,398,0,0,
eb10a6be-7340-4723-913d-7ec201fd59c2,EVT-003646,USER-00023,search,2025-12-14T22:10:16.367390,SES-b8b14387,desktop,Chrome,social,,,,,0.0,gaming laptop,0,0,0,
185a4fa4-35c1-45ad-99da-64156d625344,EVT-003647,USER-00155,search,2026-01-17T05:49:15.245262,SES-29bd1600,mobile,Firefox,social,,,,,0.0,wireless headphones,0,0,0,
38691681-9bcf-4d50-b730-b7c57aef5670,EVT-003648,USER-00218,click,2025-12-14T09:04:34.776500,SES-6bcb5fd4,desktop,Safari,email,PROD-00003,Penfolds Grange,Red Wine,Wine,390.13,,276,0,0,
fde5884e-a7c1-40e5-8d2a-c2b2bc274546,EVT-003649,USER-00107,search,2025-11-21T09:02:33.282202,SES-72368ab8,desktop,Firefox,organic,,,,,0.0,home office chair,0,0,0,
5764c8c5-6254-43f3-851a-35a00daeae03,EVT-003650,USER-00147,add_to_cart,2025-12-02T10:44:06.919729,SES-6765d009,mobile,Chrome,email,PROD-01416,REI Flash 55 Pack,Outdoor Gear,Sports,517.67,,0,1,0,
34e0162b-ba3d-42a9-b5d0-ea201ddf6f6e,EVT-003651,USER-00048,wishlist,2026-01-05T06:17:28.598834,SES-43f949e0,tablet,Safari,organic,PROD-01844,Samsung Galaxy Watch 6,Smartwatches,Electronics,790.52,,0,0,0,
bc5db5d9-6d13-4b8a-a129-d44d0e1a8fb3,EVT-003652,USER-00154,search,2025-12-15T03:45:30.351744,SES-e74703c5,tablet,Chrome,organic,,,,,0.0,red wine gift,0,0,0,
c303c8e9-1715-4877-a7fa-5a9579ed5e47,EVT-003653,USER-00144,view,2025-12-21T02:51:07.267516,SES-8b754ef9,tablet,Edge,direct,PROD-01196,Oral-B iO Series 9,Personal Care,Healthcare,285.71,,125,0,0,
a9c9e8e6-abf2-476d-94da-296ee9921586,EVT-003654,USER-00001,view,2025-11-11T01:48:19.067328,SES-14ae373c,desktop,Safari,direct,PROD-00512,Dom Pérignon Rosé 2009,Champagne,Wine,415.51,,398,0,0,
8a36b0c6-14ae-446e-b9a6-b5a5f1ffd645,EVT-003655,USER-00023,search,2025-12-02T02:06:09.464685,SES-c38da30a,desktop,Chrome,social,,,,,0.0,gaming laptop,0,0,0,
221d1c7d-102b-4541-9d86-4a0cbc9e7fa3,EVT-003656,USER-00155,search,2025-11-07T03:56:51.875968,SES-cf368edb,mobile,Firefox,social,,,,,0.0,wireless headphones,0,0,0,
67a2305a-257d-4366-9194-bf4e74bdc299,EVT-003657,USER-00218,click,2026-01-05T23:23:11.669101,SES-d84dcdf5,desktop,Safari,email,PROD-00003,Penfolds Grange,Red Wine,Wine,390.13,,276,0,0,
70541166-8937-476a-b4fe-ee820c56ded8,EVT-003658,USER-00107,search,2025-12-01T17:29:59.340582,SES-ad06bc9d,desktop,Firefox,organic,,,,,0.0,home office chair,0,0,0,
287e0f0a-6b0b-4b13-a7ef-10e49c826a79,EVT-003659,USER-00147,add_to_cart,2025-11-20T02:06:48.044194,SES-da811e05,mobile,Chrome,email,PROD-01416,REI Flash 55 Pack,Outdoor Gear,Sports,517.67,,0,1,0,
cdcc5dd2-b40f-46da-98ad-c0e36a5a0859,EVT-003660,USER-00048,wishlist,2025-12-16T05:42:13.481454,SES-dde0a282,tablet,Safari,organic,PROD-01844,Samsung Galaxy Watch 6,Smartwatches,Electronics,790.52,,0,0,0,
631d1528-ea9f-4149-8439-e6bf87db026c,EVT-003661,USER-00154,search,2026-01-14T00:45:23.170323,SES-b1a4d1cc,tablet,Chrome,organic,,,,,0.0,red wine gift,0,0,0,
e688971a-e7e0-4325-8d9c-726d3bddaba2,EVT-003662,USER-00144,view,2026-01-02T12:28:07.225320,SES-84acaa4b,tablet,Edge,direct,PROD-01196,Oral-B iO Series 9,Personal Care,Healthcare,285.71,,125,0,0,
f872b2e0-81ae-4fd2-acb0-b30abd17026a,EVT-003663,USER-00001,view,2026-01-05T21:04:59.922663,SES-146ce44d,desktop,Safari,direct,PROD-00512,Dom Pérignon Rosé 2009,Champagne,Wine,415.51,,398,0,0,
bf2a2fe7-dbb3-482f-8eb9-0040d0d77829,EVT-003664,USER-00023,search,2025-11-09T08:04:42.793039,SES-191cbc34,desktop,Chrome,social,,,,,0.0,gaming laptop,0,0,0,
4d6fecfd-4987-413f-ab4a-bb418e29317f,EVT-003665,USER-00155,search,2025-11-18T06:29:24.084342,SES-deea482b,mobile,Firefox,social,,,,,0.0,wireless headphones,0,0,0,
0c62d5f1-7ef6-4b99-81da-7f57eb5b592d,EVT-003666,USER-00218,click,2025-12-31T04:51:41.530999,SES-73259e29,desktop,Safari,email,PROD-00003,Penfolds Grange,Red Wine,Wine,390.13,,276,0,0,
fbb463c9-8cba-4198-ac1f-24e9c46b6178,EVT-003667,USER-00107,search,2025-12-03T12:15:06.589194,SES-4bb4c85d,desktop,Firefox,organic,,,,,0.0,home office chair,0,0,0,
6c0b3b55-3eeb-4a9c-9c15-1cefb19234df,EVT-003668,USER-00147,add_to_cart,2025-10-30T20:44:58.440818,SES-a896adbc,mobile,Chrome,email,PROD-01416,REI Flash 55 Pack,Outdoor Gear,Sports,517.67,,0,1,0,
f57c8942-dfb8-486c-ba06-72eda35fafd2,EVT-003669,USER-00048,wishlist,2025-12-13T23:57:55.985524,SES-567c432f,tablet,Safari,organic,PROD-01844,Samsung Galaxy Watch 6,Smartwatches,Electronics,790.52,,0,0,0,
5d5f9877-fa6d-4e17-a3f8-fe6954bcaeef,EVT-003670,USER-00154,search,2026-01-02T08:47:45.595514,SES-ddae1f02,tablet,Chrome,organic,,,,,0.0,red wine gift,0,0,0,
b97a4e5d-0f08-4eac-886b-81a62634e5cd,EVT-003671,USER-00144,view,2025-11-03T01:58:43.073116,SES-eb58f837,tablet,Edge,direct,PROD-01196,Oral-B iO Series 9,Personal Care,Healthcare,285.71,,125,0,0,
4b246137-0ee4-41fe-8504-1fa274d38461,EVT-003672,USER-00001,view,2025-10-27T12:19:38.110215,SES-b26b059f,desktop,Safari,direct,PROD-00512,Dom Pérignon Rosé 2009,Champagne,Wine,415.51,,398,0,0,
21ec546e-6e4f-484c-96f8-31f7b6a1daee,EVT-003673,USER-00023,search,2025-12-28T00:03:49.818660,SES-78b11789,desktop,Chrome,social,,,,,0.0,gaming laptop,0,0,0,
6daebecf-0db9-4f4d-8b97-4d575977399d,EVT-003674,USER-00155,search,2025-12-09T16:35:19.539476,SES-47ae5ae9,mobile,Firefox,social,,,,,0.0,wireless headphones,0,0,0,
08851aa6-0408-4bbd-8479-d428515cf87f,EVT-003675,USER-00218,click,2026-01-07T19:38:09.005770,SES-b942a325,desktop,Safari,email,PROD-00003,Penfolds Grange,Red Wine,Wine,390.13,,276,0,0,
57e561f0-fce5-4d48-8a1f-4dc306788246,EVT-003676,USER-00107,search,2025-12-12T01:52:34.260834,SES-f1c208e8,desktop,Firefox,organic,,,,,0.0,home office chair,0,0,0,
8a2b039a-cc17-4602-bfa5-3fcbaba70df3,EVT-003677,USER-00147,add_to_cart,2025-11-27T04:29:14.432709,SES-26aa8964,mobile,Chrome,email,PROD-01416,REI Flash 55 Pack,Outdoor Gear,Sports,517.67,,0,1,0,
297acba7-6435-4669-8892-5607385ac4d1,EVT-003678,USER-00048,wishlist,2025-12-20T03:23:29.452405,SES-ecaa58f1,tablet,Safari,organic,PROD-01844,Samsung Galaxy Watch 6,Smartwatches,Electronics,790.52,,0,0,0,
6f5880ba-8911-45c2-99cd-8d883646956e,EVT-003679,USER-00154,search,2025-12-25T19:01:33.229437,SES-a8ccbaf9,tablet,Chrome,organic,,,,,0.0,red wine gift,0,0,0,
a6fe5ede-247b-4c76-9d56-57cd22da40fa,EVT-003680,USER-00144,view,2026-01-04T04:13:03.015780,SES-1407dbcd,tablet,Edge,direct,PROD-01196,Oral-B iO Series 9,Personal Care,Healthcare,285.71,,125,0,0,
ed88d543-c161-4511-a0a6-bc247fbbbf4f,EVT-003681,USER-00001,view,2025-10-27T10:15:09.286314,SES-88f6839c,desktop,Safari,direct,PROD-00512,Dom Pérignon Rosé 2009,Champagne,Wine,415.51,,398,0,0,
885193df-5438-4a25-a6aa-b48c294a202a,EVT-003682,USER-00023,search,2025-11-07T20:29:17.214485,SES-54324848,desktop,Chrome,social,,,,,0.0,gaming laptop,0,0,0,
16eacfe0-4e14-47c2-9849-4b45092effb6,EVT-003683,USER-00155,search,2026-01-09T11:51:43.676769,SES-2d44a85d,mobile,Firefox,social,,,,,0.0,wireless headphones,0,0,0,
fd6ea3ae-e8cc-4052-952e-b6c3c148261e,EVT-003684,USER-00218,click,2026-01-02T13:51:09.949074,SES-b1abdc14,desktop,Safari,email,PROD-00003,Penfolds Grange,Red Wine,Wine,390.13,,276,0,0,
e866879e-a50b-4b4e-ba30-4bda149ef1aa,EVT-003685,USER-00107,search,2025-11-13T07:34:45.114242,SES-fed8b1cf,desktop,Firefox,organic,,,,,0.0,home office chair,0,0,0,
38626fb1-d3fa-4dec-9e95-9bd8668e0888,EVT-003686,USER-00147,add_to_cart,2025-10-27T05:46:25.544611,SES-76b81132,mobile,Chrome,email,PROD-01416,REI Flash 55 Pack,Outdoor Gear,Sports,517.67,,0,1,0,
91e70c81-48c4-40e8-9536-6db01e3e4203,EVT-003687,USER-00048,wishlist,2026-01-07T22:04:15.345306,SES-e648de71,tablet,Safari,organic,PROD-01844,Samsung Galaxy Watch 6,Smartwatches,Electronics,790.52,,0,0,0,
8c5a0917-c617-4fc6-82af-84e2886abb91,EVT-003688,USER-00154,search,2025-12-10T14:27:51.900338,SES-23c2c025,tablet,Chrome,organic,,,,,0.0,red wine gift,0,0,0,
41267207-fe8e-4478-9902-37d02d3dd539,EVT-003689,USER-00144,view,2025-10-29T08:20:58.709346,SES-e1c3e31c,tablet,Edge,direct,PROD-01196,Oral-B iO Series 9,Personal Care,Healthcare,285.71,,125,0,0,
e1bfee69-0117-4982-97fd-1512c0e70fe2,EVT-003690,USER-00001,view,2025-12-10T04:22:56.430407,SES-96a6290e,desktop,Safari,direct,PROD-00512,Dom Pérignon Rosé 2009,Champagne,Wine,415.51,,398,0,0,
ad667fec-086b-4ebd-8413-31eea28c3114,EVT-003691,USER-00023,search,2025-10-30T04:38:33.855258,SES-2fe18057,desktop,Chrome,social,,,,,0.0,gaming laptop,0,0,0,
6452d207-0f55-4146-ae58-6336c7c956f0,EVT-003692,USER-00155,search,2025-12-08T22:17:59.978940,SES-143bb545,mobile,Firefox,social,,,,,0.0,wireless headphones,0,0,0,
dc9ecc09-4f4d-45c6-86cc-0a85e52ea8e8,EVT-003693,USER-00218,click,2025-10-31T02:10:30.040945,SES-60947b74,desktop,Safari,email,PROD-00003,Penfolds Grange,Red Wine,Wine,390.13,,276,0,0,
b9b64a2d-26b6-45bc-816c-6387d87c94d4,EVT-003694,USER-00107,search,2025-11-15T04:11:56.137184,SES-5a6e25d7,desktop,Firefox,organic,,,,,0.0,home office chair,0,0,0,
0b1d8b74-3bb3-4787-9f65-d3a84b9b0d96,EVT-003695,USER-00147,add_to_cart,2025-12-11T01:46:34.175637,SES-6737c23d,mobile,Chrome,email,PROD-01416,REI Flash 55 Pack,Outdoor Gear,Sports,517.67,,0,1,0,
204f5af2-ac6e-4a1c-86e5-de7215e4de65,EVT-003696,USER-00048,wishlist,2026-01-05T04:51:14.196837,SES-9f427c7d,tablet,Safari,organic,PROD-01844,Samsung Galaxy Watch 6,Smartwatches,Electronics,790.52,,0,0,0,
715ac79f-c11b-4dd3-a80d-57f26e2b131d,EVT-003697,USER-00154,search,2025-10-26T15:12:58.340792,SES-28f044de,tablet,Chrome,organic,,,,,0.0,red wine gift,0,0,0,
e1d0f7a1-2cf9-4d9b-9305-0b9a6f9e6796,EVT-003698,USER-00144,view,2025-12-05T19:38:02.961361,SES-c810f2c7,tablet,Edge,direct,PROD-01196,Oral-B iO Series 9,Personal Care,Healthcare,285.71,,125,0,0,
38f4fee9-72d1-4f4c-89b9-ec98154abd8e,EVT-003699,USER-00001,view,2026-01-06T02:00:11.518681,SES-1c0b326a,desktop,Safari,direct,PROD-00512,Dom Pérignon Rosé 2009,Champagne,Wine,415.51,,398,0,0,
39b48101-0c2f-4c49-88df-fa00d78a0fb9,EVT-003700,USER-00023,search,2025-11-04T05:54:53.848433,SES-9c5ba44c,desktop,Chrome,social,,,,,0.0,gaming laptop,0,0,0,
135fdd34-925b-44f5-be30-1d1ed72a5907,EVT-003701,USER-00155,search,2026-01-01T18:35:48.771082,SES-e1d1cbfc,mobile,Firefox,social,,,,,0.0,wireless headphones,0,0,0,
92e9e86b-8603-4e25-afd2-9bce6bbe57eb,EVT-003702,USER-00218,click,2025-12-24T13:29:28.441193,SES-d313c7b3,desktop,Safari,email,PROD-00003,Penfolds Grange,Red Wine,Wine,390.13,,276,0,0,
a663c565-593a-4b94-9d96-21deacde249f,EVT-003703,USER-00107,search,2025-10-30T17:12:12.922703,SES-6a23063e,desktop,Firefox,organic,,,,,0.0,home office chair,0,0,0,
a8254489-9f4b-4ba7-ac0b-09dab42070b1,EVT-003704,USER-00147,add_to_cart,2025-11-04T23:25:55.589007,SES-85b624b9,mobile,Chrome,email,PROD-01416,REI Flash 55 Pack,Outdoor Gear,Sports,517.67,,0,1,0,
95091e07-cdba-4032-b8a8-01a3e3825d3f,EVT-003705,USER-00048,wishlist,2025-12-01T11:36:25.297565,SES-1f5196f9,tablet,Safari,organic,PROD-01844,Samsung Galaxy Watch 6,Smartwatches,Electronics,790.52,,0,0,0,
02c6adb0-8fdb-4b6c-9263-e99eaba70dad,EVT-003706,USER-00154,search,2025-11-29T15:55:13.855110,SES-94291bbe,tablet,Chrome,organic,,,,,0.0,red wine gift,0,0,0,
c525c4e6-e849-4660-a0cd-b2a2a9da3a33,EVT-003707,USER-00144,view,2025-12-18T17:15:42.399314,SES-dec82410,tablet,Edge,direct,PROD-01196,Oral-B iO Series 9,Personal Care,Healthcare,285.71,,125,0,0,
8b884b54-23b0-4c7e-9a3c-2c360ba8e3ab,EVT-003708,USER-00001,view,2025-10-29T21:16:29.923246,SES-4f9f81db,desktop,Safari,direct,PROD-00512,Dom Pérignon Rosé 2009,Champagne,Wine,415.51,,398,0,0,
dbd11cb5-94d1-4f66-b731-586fa89c8333,EVT-003709,USER-00023,search,2025-12-30T02:02:15.485975,SES-a3ec53eb,desktop,Chrome,social,,,,,0.0,gaming laptop,0,0,0,
418748d0-b981-4326-ba45-9377fc87c428,EVT-003710,USER-00155,search,2025-12-03T03:40:42.219965,SES-95c714db,mobile,Firefox,social,,,,,0.0,wireless headphones,0,0,0,
611808d1-532d-47a8-b2bd-de1fce79bde6,EVT-003711,USER-00218,click,2025-12-22T23:49:41.583048,SES-989b85a7,desktop,Safari,email,PROD-00003,Penfolds Grange,Red Wine,Wine,390.13,,276,0,0,
e71e96e5-0a62-460d-9870-cc61d660494b,EVT-003712,USER-00107,search,2026-01-20T00:28:48.679475,SES-71dbe6fa,desktop,Firefox,organic,,,,,0.0,home office chair,0,0,0,
a68428f3-02ac-448e-acb7-e13ba25c3d09,EVT-003713,USER-00147,add_to_cart,2025-11-22T01:31:41.246223,SES-8f44fa5a,mobile,Chrome,email,PROD-01416,REI Flash 55 Pack,Outdoor Gear,Sports,517.67,,0,1,0,
f743776a-363d-4d1e-becb-063191ca1200,EVT-003714,USER-00048,wishlist,2025-10-25T15:38:43.221343,SES-0600cf9a,tablet,Safari,organic,PROD-01844,Samsung Galaxy Watch 6,Smartwatches,Electronics,790.52,,0,0,0,
38a064c7-aa4f-4027-a7a0-519f2a70a8f3,EVT-003715,USER-00154,search,2025-10-23T17:02:24.289139,SES-1d90c8bd,tablet,Chrome,organic,,,,,0.0,red wine gift,0,0,0,
4751cc83-f5c7-495c-85fd-4aea32e76f9a,EVT-003716,USER-00144,view,2025-10-25T03:09:04.366302,SES-66f79990,tablet,Edge,direct,PROD-01196,Oral-B iO Series 9,Personal Care,Healthcare,285.71,,125,0,0,
1132a4f8-f49e-4fd3-a19f-e09c9d99277c,EVT-003717,USER-00001,view,2025-12-21T12:16:53.490068,SES-71c21998,desktop,Safari,direct,PROD-00512,Dom Pérignon Rosé 2009,Champagne,Wine,415.51,,398,0,0,
0a9bc752-7ff0-4fa7-91a2-a0ebaf20edc7,EVT-003718,USER-00023,search,2025-10-24T20:25:25.272808,SES-5d0e87df,desktop,Chrome,social,,,,,0.0,gaming laptop,0,0,0,
3deb7e17-f295-4845-9cea-9d13bc974f21,EVT-003719,USER-00155,search,2026-01-03T12:52:00.025509,SES-efc82051,mobile,Firefox,social,,,,,0.0,wireless headphones,0,0,0,
e838a8e9-6a28-4f5a-8e04-e84fb8807a7a,EVT-003720,USER-00218,click,2025-10-25T09:41:11.440621,SES-a0373e6d,desktop,Safari,email,PROD-00003,Penfolds Grange,Red Wine,Wine,390.13,,276,0,0,
089404d2-8f53-4155-8344-50d0a1c6bcbb,EVT-003721,USER-00107,search,2025-11-20T16:43:43.632583,SES-3fcb83ef,desktop,Firefox,organic,,,,,0.0,home office chair,0,0,0,
35990bd6-230c-4853-8217-f58ba75b3cec,EVT-003722,USER-00147,add_to_cart,2025-12-29T20:27:45.072421,SES-ee3ef3f4,mobile,Chrome,email,PROD-01416,REI Flash 55 Pack,Outdoor Gear,Sports,517.67,,0,1,0,
a34e2c78-5e36-4e0a-ae5c-1e99ae215563,EVT-003723,USER-00048,wishlist,2026-01-03T09:21:21.344357,SES-e16bef24,tablet,Safari,organic,PROD-01844,Samsung Galaxy Watch 6,Smartwatches,Electronics,790.52,,0,0,0,
a6bb5755-2a56-46e5-a1c5-0436153001ca,EVT-003724,USER-00154,search,2025-12-14T09:33:06.029305,SES-5e7d17e6,tablet,Chrome,organic,,,,,0.0,red wine gift,0,0,0,
d5313e91-f78a-4ec3-bc2d-2cb362073d26,EVT-003725,USER-00144,view,2025-10-30T02:37:21.147264,SES-58042def,tablet,Edge,direct,PROD-01196,Oral-B iO Series 9,Personal Care,Healthcare,285.71,,125,0,0,
97f0be92-462f-4d9b-8732-c80821a30995,EVT-003726,USER-00001,view,2025-11-08T19:26:51.604068,SES-e208d523,desktop,Safari,direct,PROD-00512,Dom Pérignon Rosé 2009,Champagne,Wine,415.51,,398,0,0,
e0ce633b-5d05-4048-a404-225e8b844250,EVT-003727,USER-00023,search,2026-01-16T10:48:27.378308,SES-eb4db58a,desktop,Chrome,social,,,,,0.0,gaming laptop,0,0,0,
6abc845e-b9ff-4133-9c3c-8d2a3aded235,EVT-003728,USER-00155,search,2025-10-31T12:22:44.422997,SES-27c7b23f,mobile,Firefox,social,,,,,0.0,wireless headphones,0,0,0,
dbc371aa-5cbb-48a8-916f-98879760ce54,EVT-003729,USER-00218,click,2026-01-01T04:49:09.928874,SES-7767d17f,desktop,Safari,email,PROD-00003,Penfolds Grange,Red Wine,Wine,390.13,,276,0,0,
aa8f5112-731b-463a-926b-6e7c9d739b46,EVT-003730,USER-00107,search,2025-12-10T04:26:37.692421,SES-74b04b81,desktop,Firefox,organic,,,,,0.0,home office chair,0,0,0,
f2d93005-8037-412e-b72f-b7099225cf61,EVT-003731,USER-00147,add_to_cart,2025-11-25T02:39:41.123321,SES-38f9b85e,mobile,Chrome,email,PROD-01416,REI Flash 55 Pack,Outdoor Gear,Sports,517.67,,0,1,0,
bcea22c8-060b-41f0-bda2-ba7f9bc40552,EVT-003732,USER-00048,wishlist,2026-01-01T13:03:43.949398,SES-d22b7b06,tablet,Safari,organic,PROD-01844,Samsung Galaxy Watch 6,Smartwatches,Electronics,790.52,,0,0,0,
161466d4-f378-4248-9cc5-c470bbebd0d1,EVT-003733,USER-00154,search,2025-12-29T00:50:06.282315,SES-cbdd65e5,tablet,Chrome,organic,,,,,0.0,red wine gift,0,0,0,
5173db67-caef-4809-bdcc-202bec583a97,EVT-003734,USER-00144,view,2025-12-16T02:39:25.138969,SES-7b0c7b63,tablet,Edge,direct,PROD-01196,Oral-B iO Series 9,Personal Care,Healthcare,285.71,,125,0,0,
9fdf30ee-e906-4eaf-b5cf-f6cb68bb1a1d,EVT-003735,USER-00001,view,2025-12-26T09:39:46.770762,SES-947dbc88,desktop,Safari,direct,PROD-00512,Dom Pérignon Rosé 2009,Champagne,Wine,415.51,,398,0,0,
2c970061-e277-4f8f-aeb9-8d3654fdf9d4,EVT-003736,USER-00023,search,2026-01-19T15:05:10.994821,SES-1c484d69,desktop,Chrome,social,,,,,0.0,gaming laptop,0,0,0,
78b045fb-45c0-47ad-beb2-1c93846f1999,EVT-003737,USER-00155,search,2025-11-19T19:52:45.145652,SES-959921f8,mobile,Firefox,social,,,,,0.0,wireless headphones,0,0,0,
3e2497d4-a1c3-4f99-b331-ea67bbc1082f,EVT-003738,USER-00218,click,2025-12-22T04:02:30.481497,SES-2921079c,desktop,Safari,email,PROD-00003,Penfolds Grange,Red Wine,Wine,390.13,,276,0,0,
38bfcf7e-03ba-4244-ba3d-3b74fa0ec0cd,EVT-003739,USER-00107,search,2026-01-02T04:39:56.059448,SES-b36fa09b,desktop,Firefox,organic,,,,,0.0,home office chair,0,0,0,
e4b35135-2913-40b2-9dba-92af141eacf5,EVT-003740,USER-00147,add_to_cart,2025-12-07T00:49:10.237189,SES-c3c40f3d,mobile,Chrome,email,PROD-01416,REI Flash 55 Pack,Outdoor Gear,Sports,517.67,,0,1,0,
f6415c3b-d482-4f08-ac77-0be6fd08474b,EVT-003741,USER-00048,wishlist,2025-11-17T18:14:15.329138,SES-729f0ecf,tablet,Safari,organic,PROD-01844,Samsung Galaxy Watch 6,Smartwatches,Electronics,790.52,,0,0,0,
12bb5d1b-a5b6-4372-b7cb-fc0934e075a0,EVT-003742,USER-00154,search,2025-11-17T23:09:14.545625,SES-7f0a7640,tablet,Chrome,organic,,,,,0.0,red wine gift,0,0,0,
16c10026-95c6-4c40-980b-e56a3ed82482,EVT-003743,USER-00144,view,2025-11-06T00:10:08.139282,SES-56205716,tablet,Edge,direct,PROD-01196,Oral-B iO Series 9,Personal Care,Healthcare,285.71,,125,0,0,
0cb81eeb-b8f3-4e2f-900b-48f3cd5a87bd,EVT-003744,USER-00001,view,2025-12-10T19:00:38.214174,SES-867b9be5,desktop,Safari,direct,PROD-00512,Dom Pérignon Rosé 2009,Champagne,Wine,415.51,,398,0,0,
1c1f23d7-5ad1-4e70-a264-f57371248ef2,EVT-003745,USER-00023,search,2025-11-04T23:41:39.534189,SES-7a27a871,desktop,Chrome,social,,,,,0.0,gaming laptop,0,0,0,
8aa699e5-9e91-4526-987b-273f01c4531c,EVT-003746,USER-00155,search,2025-12-21T19:19:34.379068,SES-7c463e41,mobile,Firefox,social,,,,,0.0,wireless headphones,0,0,0,
8a898e7e-b093-4543-99a8-2eeeafdccd80,EVT-003747,USER-00218,click,2025-12-10T06:33:53.841471,SES-0ec9e8df,desktop,Safari,email,PROD-00003,Penfolds Grange,Red Wine,Wine,390.13,,276,0,0,
6330b112-3e4f-4a94-99d8-3dd08fb7edeb,EVT-003748,USER-00107,search,2025-11-17T12:27:11.248309,SES-ee557480,desktop,Firefox,organic,,,,,0.0,home office chair,0,0,0,
008d3b7a-63b8-41e6-b95c-d6ebde994c02,EVT-003749,USER-00147,add_to_cart,2025-12-08T16:08:09.521015,SES-66b88b4e,mobile,Chrome,email,PROD-01416,REI Flash 55 Pack,Outdoor Gear,Sports,517.67,,0,1,0,
32a29590-d4b5-4da3-9f2c-f0ff6ca1bd9e,EVT-003750,USER-00048,wishlist,2025-12-30T18:59:17.711691,SES-178418ce,tablet,Safari,organic,PROD-01844,Samsung Galaxy Watch 6,Smartwatches,Electronics,790.52,,0,0,0,
1bb8f955-eb9c-4565-a115-479c5d9360d3,EVT-003751,USER-00154,search,2025-11-05T05:22:58.683963,SES-92f25ff9,tablet,Chrome,organic,,,,,0.0,red wine gift,0,0,0,
ef221018-908a-4328-8a0f-6c26ad6d8354,EVT-003752,USER-00144,view,2026-01-04T20:44:50.215212,SES-2af2671c,tablet,Edge,direct,PROD-01196,Oral-B iO Series 9,Personal Care,Healthcare,285.71,,125,0,0,
159f46ba-aaf7-4949-96fc-4fdbc778f190,EVT-003753,USER-00001,view,2025-11-17T16:19:36.665116,SES-73ae9e33,desktop,Safari,direct,PROD-00512,Dom Pérignon Rosé 2009,Champagne,Wine,415.51,,398,0,0,
d3bf18cd-4cdc-4315-a636-4eaceb1e54a8,EVT-003754,USER-00023,search,2025-12-17T14:54:38.995447,SES-a0fe4472,desktop,Chrome,social,,,,,0.0,gaming laptop,0,0,0,
28ac0cec-2e85-48c5-b9c6-9d4ad269fa0b,EVT-003755,USER-00155,search,2025-10-26T11:50:57.661269,SES-379ec236,mobile,Firefox,social,,,,,0.0,wireless headphones,0,0,0,
95b0e9ec-7b99-40fc-a421-4a74533aceef,EVT-003756,USER-00218,click,2025-11-25T19:44:16.328510,SES-1bfb5c76,desktop,Safari,email,PROD-00003,Penfolds Grange,Red Wine,Wine,390.13,,276,0,0,
ce3bc0f5-742f-4b2a-8d04-cae9811edce4,EVT-003757,USER-00107,search,2025-10-26T07:21:49.482430,SES-01f0e442,desktop,Firefox,organic,,,,,0.0,home office chair,0,0,0,
8daeca92-2efd-4721-a94c-31162ca1e476,EVT-003758,USER-00147,add_to_cart,2025-11-30T19:03:58.819103,SES-911072ec,mobile,Chrome,email,PROD-01416,REI Flash 55 Pack,Outdoor Gear,Sports,517.67,,0,1,0,
6a4fc936-dbc8-45fa-81fd-0e2dd5f4fd10,EVT-003759,USER-00048,wishlist,2025-10-25T00:50:20.526001,SES-70d26f70,tablet,Safari,organic,PROD-01844,Samsung Galaxy Watch 6,Smartwatches,Electronics,790.52,,0,0,0,
614487a8-6890-4a52-a3cb-a8df72eca2c2,EVT-003760,USER-00154,search,2025-12-15T14:25:59.778507,SES-c9234ae6,tablet,Chrome,organic,,,,,0.0,red wine gift,0,0,0,
46839cfb-50de-45a7-b269-a28da05d036f,EVT-003761,USER-00144,view,2025-10-22T22:10:28.503426,SES-214f7981,tablet,Edge,direct,PROD-01196,Oral-B iO Series 9,Personal Care,Healthcare,285.71,,125,0,0,
61df2126-82df-499e-b309-b5186d38dd52,EVT-003762,USER-00001,view,2025-11-15T04:30:44.467308,SES-bcd15fff,desktop,Safari,direct,PROD-00512,Dom Pérignon Rosé 2009,Champagne,Wine,415.51,,398,0,0,
9ce44bca-bda5-47ca-90c1-461c49859351,EVT-003763,USER-00023,search,2025-11-13T18:39:35.445316,SES-56b4690b,desktop,Chrome,social,,,,,0.0,gaming laptop,0,0,0,
988b3afd-581c-4627-8523-1019516f5ef0,EVT-003764,USER-00155,search,2025-11-22T18:05:48.417108,SES-3e998edb,mobile,Firefox,social,,,,,0.0,wireless headphones,0,0,0,
3901864d-655b-4169-91f8-ac1451525184,EVT-003765,USER-00218,click,2025-11-22T09:45:09.586313,SES-e6602e98,desktop,Safari,email,PROD-00003,Penfolds Grange,Red Wine,Wine,390.13,,276,0,0,
adf8c4c8-2197-4e29-8d12-c3f71254ea9a,EVT-003766,USER-00107,search,2025-11-24T04:54:15.377976,SES-ebb5c202,desktop,Firefox,organic,,,,,0.0,home office chair,0,0,0,
b6ab5c96-4e51-4b6b-b3e1-c70336eee442,EVT-003767,USER-00147,add_to_cart,2025-12-08T02:27:36.119395,SES-fe8f8665,mobile,Chrome,email,PROD-01416,REI Flash 55 Pack,Outdoor Gear,Sports,517.67,,0,1,0,
34200dbd-1f56-4c4a-92ac-3cb4fc958424,EVT-003768,USER-00048,wishlist,2025-12-09T09:00:43.880081,SES-e3e5e989,tablet,Safari,organic,PROD-01844,Samsung Galaxy Watch 6,Smartwatches,Electronics,790.52,,0,0,0,
6295fe96-26a2-4f13-bebe-f10dcce04ce5,EVT-003769,USER-00154,search,2025-11-28T03:19:55.713221,SES-1b1188af,tablet,Chrome,organic,,,,,0.0,red wine gift,0,0,0,
17889fd1-39b0-46e3-a0f8-09f2cec06118,EVT-003770,USER-00144,view,2025-12-12T08:13:09.718016,SES-2837b75c,tablet,Edge,direct,PROD-01196,Oral-B iO Series 9,Personal Care,Healthcare,285.71,,125,0,0,
5ccc71cf-00cd-4c53-871f-5a7a5339a648,EVT-003771,USER-00001,view,2025-11-12T21:28:04.597424,SES-fbd95466,desktop,Safari,direct,PROD-00512,Dom Pérignon Rosé 2009,Champagne,Wine,415.51,,398,0,0,
3da22ebf-1975-490a-bf17-b3121ba83854,EVT-003772,USER-00023,search,2025-11-05T02:33:57.304878,SES-2d580645,desktop,Chrome,social,,,,,0.0,gaming laptop,0,0,0,
a69138e9-ef07-445c-b3b5-9573ec1b18fb,EVT-003773,USER-00155,search,2025-11-15T22:03:36.564059,SES-8560afcf,mobile,Firefox,social,,,,,0.0,wireless headphones,0,0,0,
274dc4d6-6fc0-4881-9bf6-c262f573735a,EVT-003774,USER-00218,click,2025-11-12T04:16:50.793899,SES-bd975380,desktop,Safari,email,PROD-00003,Penfolds Grange,Red Wine,Wine,390.13,,276,0,0,
0eb791db-1a8a-4c94-9bb5-dd890094ed36,EVT-003775,USER-00107,search,2025-11-20T14:52:45.903846,SES-92f36a1a,desktop,Firefox,organic,,,,,0.0,home office chair,0,0,0,
317d674c-ae15-4046-9e0d-b6f873b50f2b,EVT-003776,USER-00147,add_to_cart,2025-12-21T04:35:44.688050,SES-ac899993,mobile,Chrome,email,PROD-01416,REI Flash 55 Pack,Outdoor Gear,Sports,517.67,,0,1,0,
9b851884-3373-487f-a379-83e66f849f08,EVT-003777,USER-00048,wishlist,2025-11-24T15:09:03.950539,SES-af6be2e1,tablet,Safari,organic,PROD-01844,Samsung Galaxy Watch 6,Smartwatches,Electronics,790.52,,0,0,0,
75cebd76-1a23-490c-9832-3b6c0f8ae931,EVT-003778,USER-00154,search,2026-01-04T14:44:42.187015,SES-e63d0f9b,tablet,Chrome,organic,,,,,0.0,red wine gift,0,0,0,
30301b82-f698-4fb9-9de1-6b3d6a80aebc,EVT-003779,USER-00144,view,2026-01-01T08:02:17.922461,SES-cacf69f8,tablet,Edge,direct,PROD-01196,Oral-B iO Series 9,Personal Care,Healthcare,285.71,,125,0,0,
c8d31366-8cfd-424f-a0b3-3f9ffb0448a8,EVT-003780,USER-00001,view,2025-11-25T10:50:21.311582,SES-19cbb425,desktop,Safari,direct,PROD-00512,Dom Pérignon Rosé 2009,Champagne,Wine,415.51,,398,0,0,
676545f5-d99c-4016-b769-d3372ab76d98,EVT-003781,USER-00023,search,2025-10-26T10:34:55.643098,SES-85cb07bd,desktop,Chrome,social,,,,,0.0,gaming laptop,0,0,0,
2d48376e-e0dd-435e-88b8-de52173d297a,EVT-003782,USER-00155,search,2025-12-25T22:59:54.330484,SES-81b707ae,mobile,Firefox,social,,,,,0.0,wireless headphones,0,0,0,
fb04acbc-2987-4978-93fe-82e44e013c04,EVT-003783,USER-00218,click,2025-12-17T22:10:21.483353,SES-67d3ccc1,desktop,Safari,email,PROD-00003,Penfolds Grange,Red Wine,Wine,390.13,,276,0,0,
fa049a6b-c499-4405-90dd-cbfce288a8c7,EVT-003784,USER-00107,search,2025-10-27T10:41:43.554868,SES-06cebdb0,desktop,Firefox,organic,,,,,0.0,home office chair,0,0,0,
3461bdcd-4f94-4cdd-9c81-c1312c0461ed,EVT-003785,USER-00147,add_to_cart,2025-11-10T09:14:08.819679,SES-987a23bf,mobile,Chrome,email,PROD-01416,REI Flash 55 Pack,Outdoor Gear,Sports,517.67,,0,1,0,
49543c32-b5bd-4c20-ab63-ce2cb7558f3c,EVT-003786,USER-00048,wishlist,2025-11-28T14:07:56.616113,SES-bbe3b7a6,tablet,Safari,organic,PROD-01844,Samsung Galaxy Watch 6,Smartwatches,Electronics,790.52,,0,0,0,
ac92b773-a5eb-4149-9f46-28f0ca1be4df,EVT-003787,USER-00154,search,2026-01-07T17:09:05.208839,SES-cee6a16f,tablet,Chrome,organic,,,,,0.0,red wine gift,0,0,0,
10a9a490-f314-46a3-91bb-2a76bd5f0e5f,EVT-003788,USER-00144,view,2025-12-11T21:58:58.219868,SES-361d1c03,tablet,Edge,direct,PROD-01196,Oral-B iO Series 9,Personal Care,Healthcare,285.71,,125,0,0,
a5fa894a-ff1e-4d2c-af05-7d4a1e7ada15,EVT-003789,USER-00001,view,2025-12-17T07:12:46.406117,SES-9e60d3c4,desktop,Safari,direct,PROD-00512,Dom Pérignon Rosé 2009,Champagne,Wine,415.51,,398,0,0,
c4395606-c16c-4041-8bd7-46b014df7b21,EVT-003790,USER-00023,search,2026-01-01T11:01:34.581378,SES-072f1701,desktop,Chrome,social,,,,,0.0,gaming laptop,0,0,0,
96572ac2-45ce-4ea9-9e11-3857efd8ff47,EVT-003791,USER-00155,search,2025-10-24T04:50:38.165628,SES-a275d96c,mobile,Firefox,social,,,,,0.0,wireless headphones,0,0,0,
a89d6f77-d8e1-4a77-bc66-191533fc7092,EVT-003792,USER-00218,click,2025-12-17T20:50:09.940139,SES-6314a342,desktop,Safari,email,PROD-00003,Penfolds Grange,Red Wine,Wine,390.13,,276,0,0,
6e08d938-216a-4eb6-9443-cd169e44c57d,EVT-003793,USER-00107,search,2025-12-18T22:25:30.923120,SES-1067cca3,desktop,Firefox,organic,,,,,0.0,home office chair,0,0,0,
dbd8f512-f251-410a-a8e9-f4d0521f9420,EVT-003794,USER-00147,add_to_cart,2026-01-15T03:30:20.446302,SES-a6766317,mobile,Chrome,email,PROD-01416,REI Flash 55 Pack,Outdoor Gear,Sports,517.67,,0,1,0,
ed062463-291f-4ead-85c1-7b061a5a2134,EVT-003795,USER-00048,wishlist,2026-01-13T21:21:48.977112,SES-e03f7333,tablet,Safari,organic,PROD-01844,Samsung Galaxy Watch 6,Smartwatches,Electronics,790.52,,0,0,0,
470a34f2-2040-4712-b367-9b8facfb60ac,EVT-003796,USER-00154,search,2025-11-08T07:13:53.741169,SES-78d54d19,tablet,Chrome,organic,,,,,0.0,red wine gift,0,0,0,
63981dd6-6fbb-4dd4-abdf-bca408fd17b0,EVT-003797,USER-00144,view,2025-10-28T11:29:14.893807,SES-c0f1b5b5,tablet,Edge,direct,PROD-01196,Oral-B iO Series 9,Personal Care,Healthcare,285.71,,125,0,0,
c37cfa5a-65f3-4d28-b973-956cf5b23956,EVT-003798,USER-00001,view,2025-11-15T18:36:25.893928,SES-eb3e4830,desktop,Safari,direct,PROD-00512,Dom Pérignon Rosé 2009,Champagne,Wine,415.51,,398,0,0,
05168423-1d05-49b5-bf64-66086c8c0d61,EVT-003799,USER-00023,search,2025-10-26T21:37:37.814908,SES-71f80d81,desktop,Chrome,social,,,,,0.0,gaming laptop,0,0,0,
e47e38b4-5271-470a-b8e7-c627ef44d4d5,EVT-003800,USER-00155,search,2025-11-02T16:32:33.739313,SES-4cc39bbd,mobile,Firefox,social,,,,,0.0,wireless headphones,0,0,0,
8ca2bb86-0e12-403d-8113-3eda486e8a25,EVT-003801,USER-00218,click,2025-11-26T22:09:26.945551,SES-c42c25a9,desktop,Safari,email,PROD-00003,Penfolds Grange,Red Wine,Wine,390.13,,276,0,0,
bccdea0d-7441-4e6d-8791-2c0e3545312a,EVT-003802,USER-00107,search,2026-01-05T19:30:58.519841,SES-4832f105,desktop,Firefox,organic,,,,,0.0,home office chair,0,0,0,
54665e2b-fd6b-46f0-941f-071dc7e32e32,EVT-003803,USER-00147,add_to_cart,2025-11-02T20:32:50.406075,SES-9d07b75b,mobile,Chrome,email,PROD-01416,REI Flash 55 Pack,Outdoor Gear,Sports,517.67,,0,1,0,
3d93e460-c91d-4af1-8ac7-7ab4a6ac3e74,EVT-003804,USER-00048,wishlist,2025-12-11T16:38:59.798775,SES-a4f8a9fb,tablet,Safari,organic,PROD-01844,Samsung Galaxy Watch 6,Smartwatches,Electronics,790.52,,0,0,0,
d5391dc1-3608-484d-b13e-bf413232e4ad,EVT-003805,USER-00154,search,2025-12-09T07:24:06.171335,SES-60b8507d,tablet,Chrome,organic,,,,,0.0,red wine gift,0,0,0,
2c690444-2d3c-429c-86e4-3ad4b664f355,EVT-003806,USER-00144,view,2025-10-23T02:52:30.169976,SES-db7dc003,tablet,Edge,direct,PROD-01196,Oral-B iO Series 9,Personal Care,Healthcare,285.71,,125,0,0,
8dac70d9-2677-42f8-8c71-a22530e3e187,EVT-003807,USER-00001,view,2025-12-17T23:23:07.707889,SES-72031c4f,desktop,Safari,direct,PROD-00512,Dom Pérignon Rosé 2009,Champagne,Wine,415.51,,398,0,0,
5cd92e4f-355c-4a6e-be13-8b16505efa41,EVT-003808,USER-00023,search,2025-11-14T22:50:42.815343,SES-422f6edb,desktop,Chrome,social,,,,,0.0,gaming laptop,0,0,0,
4f3668bd-28f4-436c-99b4-966d199c9c9b,EVT-003809,USER-00155,search,2026-01-07T19:08:20.213384,SES-eb0b18e4,mobile,Firefox,social,,,,,0.0,wireless headphones,0,0,0,
ac9fbaaa-e7fb-499c-8f6e-de3a8c0ac6db,EVT-003810,USER-00218,click,2025-11-07T15:25:02.887916,SES-356d99fe,desktop,Safari,email,PROD-00003,Penfolds Grange,Red Wine,Wine,390.13,,276,0,0,
dff424c2-6796-41eb-a895-660cc45eac25,EVT-003811,USER-00107,search,2026-01-16T00:46:40.025667,SES-a69601bd,desktop,Firefox,organic,,,,,0.0,home office chair,0,0,0,
d5551784-3dda-4149-ba55-072dc22bb64e,EVT-003812,USER-00147,add_to_cart,2025-12-06T12:46:55.610769,SES-4bae33d7,mobile,Chrome,email,PROD-01416,REI Flash 55 Pack,Outdoor Gear,Sports,517.67,,0,1,0,
469ace8e-a5bc-4811-bfb2-3863e1d4eec2,EVT-003813,USER-00048,wishlist,2026-01-14T10:52:46.734569,SES-a16adc01,tablet,Safari,organic,PROD-01844,Samsung Galaxy Watch 6,Smartwatches,Electronics,790.52,,0,0,0,
30c86d2f-36f6-44f3-8312-040e8ef26b8c,EVT-003814,USER-00154,search,2025-12-08T01:58:08.206355,SES-ec6ff325,tablet,Chrome,organic,,,,,0.0,red wine gift,0,0,0,
d928ddbe-1651-46ee-8777-2acae84a891f,EVT-003815,USER-00144,view,2025-11-25T16:48:21.672382,SES-1e194b30,tablet,Edge,direct,PROD-01196,Oral-B iO Series 9,Personal Care,Healthcare,285.71,,125,0,0,
671308fb-86ec-44ea-9a04-11c9deab6561,EVT-003816,USER-00001,view,2025-12-30T10:03:29.537641,SES-8f43518e,desktop,Safari,direct,PROD-00512,Dom Pérignon Rosé 2009,Champagne,Wine,415.51,,398,0,0,
755fa70c-6554-44ee-9b6e-3a1a6e2e5771,EVT-003817,USER-00023,search,2025-12-09T05:18:36.435042,SES-118823e3,desktop,Chrome,social,,,,,0.0,gaming laptop,0,0,0,
8baa867e-c2d8-4165-b6dd-22c99d012ee1,EVT-003818,USER-00155,search,2025-10-28T10:44:04.217226,SES-70a05333,mobile,Firefox,social,,,,,0.0,wireless headphones,0,0,0,
349f57c5-148e-4dbb-93b2-b9951daeb8a7,EVT-003819,USER-00218,click,2025-11-15T18:34:58.436504,SES-0214d25b,desktop,Safari,email,PROD-00003,Penfolds Grange,Red Wine,Wine,390.13,,276,0,0,
469bed1b-3f2e-4d95-b101-93e17f9abdc8,EVT-003820,USER-00107,search,2025-11-05T14:38:08.620209,SES-b07f2cb3,desktop,Firefox,organic,,,,,0.0,home office chair,0,0,0,
97e3e659-8ca3-4f72-b2d4-2bc34c0ae335,EVT-003821,USER-00147,add_to_cart,2025-10-28T13:40:55.591904,SES-4033d01f,mobile,Chrome,email,PROD-01416,REI Flash 55 Pack,Outdoor Gear,Sports,517.67,,0,1,0,
a6aac50c-c130-4bd0-999b-a973d2f39c15,EVT-003822,USER-00048,wishlist,2025-12-24T08:53:17.944064,SES-05ff471d,tablet,Safari,organic,PROD-01844,Samsung Galaxy Watch 6,Smartwatches,Electronics,790.52,,0,0,0,
e24e22e8-a33d-4485-8046-4c455136514b,EVT-003823,USER-00154,search,2025-12-17T09:20:14.750264,SES-9b5f0256,tablet,Chrome,organic,,,,,0.0,red wine gift,0,0,0,
550b3a62-883b-440e-b301-f77a90766812,EVT-003824,USER-00144,view,2025-11-18T05:39:45.050195,SES-eef5acdf,tablet,Edge,direct,PROD-01196,Oral-B iO Series 9,Personal Care,Healthcare,285.71,,125,0,0,
1c5ba53b-385c-40d9-ad28-490a404f7f2f,EVT-003825,USER-00001,view,2025-11-07T01:13:03.945832,SES-e12bb4b4,desktop,Safari,direct,PROD-00512,Dom Pérignon Rosé 2009,Champagne,Wine,415.51,,398,0,0,
5fc41655-2821-4fc1-bb01-37ceaa20889a,EVT-003826,USER-00023,search,2025-12-13T02:24:15.251966,SES-967da5a4,desktop,Chrome,social,,,,,0.0,gaming laptop,0,0,0,
f23a8269-aa3a-4544-8dfd-be7023da9403,EVT-003827,USER-00155,search,2025-12-21T22:14:44.502324,SES-905fe605,mobile,Firefox,social,,,,,0.0,wireless headphones,0,0,0,
35fddf62-b4e5-45c9-9000-c35cce2a3a79,EVT-003828,USER-00218,click,2025-12-27T10:07:40.595484,SES-ab0cd186,desktop,Safari,email,PROD-00003,Penfolds Grange,Red Wine,Wine,390.13,,276,0,0,
48b57957-d045-4299-b5f9-03db0cabf1ca,EVT-003829,USER-00107,search,2025-11-28T08:38:28.063572,SES-dc9d150e,desktop,Firefox,organic,,,,,0.0,home office chair,0,0,0,
ef5f1a7c-7623-4ab2-93d4-01035157028b,EVT-003830,USER-00147,add_to_cart,2025-11-05T22:41:48.118437,SES-e9a3050d,mobile,Chrome,email,PROD-01416,REI Flash 55 Pack,Outdoor Gear,Sports,517.67,,0,1,0,
6df70b9e-13a1-445c-87cb-bb3ef605f4f1,EVT-003831,USER-00048,wishlist,2025-11-13T12:24:11.343075,SES-e6822479,tablet,Safari,organic,PROD-01844,Samsung Galaxy Watch 6,Smartwatches,Electronics,790.52,,0,0,0,
73e60969-1652-45b8-9b30-b764ec9a5584,EVT-003832,USER-00154,search,2025-11-29T10:54:12.571913,SES-ba43cca9,tablet,Chrome,organic,,,,,0.0,red wine gift,0,0,0,
c444f2f7-4710-4562-b270-d18e66a53a01,EVT-003833,USER-00144,view,2025-12-26T04:50:12.949580,SES-77d063db,tablet,Edge,direct,PROD-01196,Oral-B iO Series 9,Personal Care,Healthcare,285.71,,125,0,0,
53aa422b-b972-411d-9cc5-36773923762b,EVT-003834,USER-00001,view,2025-11-24T19:34:12.658192,SES-9f1fab04,desktop,Safari,direct,PROD-00512,Dom Pérignon Rosé 2009,Champagne,Wine,415.51,,398,0,0,
e06132f5-32ee-4756-96ef-e9be2d2a3294,EVT-003835,USER-00023,search,2025-12-26T22:37:47.180659,SES-6cc9e316,desktop,Chrome,social,,,,,0.0,gaming laptop,0,0,0,
56fcb795-4200-44e3-adc3-1eedb1d0b6ef,EVT-003836,USER-00155,search,2025-12-09T05:18:34.452664,SES-3c9162c0,mobile,Firefox,social,,,,,0.0,wireless headphones,0,0,0,
c1681766-98b4-4d3c-8476-c2d8316b0aba,EVT-003837,USER-00218,click,2025-11-10T22:06:16.700510,SES-2f7823f5,desktop,Safari,email,PROD-00003,Penfolds Grange,Red Wine,Wine,390.13,,276,0,0,
e6167517-c405-4bb7-8ea2-8c972a0a694e,EVT-003838,USER-00107,search,2025-11-19T12:50:23.228700,SES-4c4ec7d1,desktop,Firefox,organic,,,,,0.0,home office chair,0,0,0,
0fb1c8bd-283e-4f94-8bed-87d0b55fbf10,EVT-003839,USER-00147,add_to_cart,2025-12-31T17:15:10.682383,SES-ba8b4feb,mobile,Chrome,email,PROD-01416,REI Flash 55 Pack,Outdoor Gear,Sports,517.67,,0,1,0,
c2f1fede-14a2-48af-b366-3cda619ac007,EVT-003840,USER-00048,wishlist,2025-10-30T01:37:10.522494,SES-dedc5825,tablet,Safari,organic,PROD-01844,Samsung Galaxy Watch 6,Smartwatches,Electronics,790.52,,0,0,0,
07216b70-fc58-4732-b72f-f23f9a26815b,EVT-003841,USER-00154,search,2026-01-09T06:46:32.040221,SES-fab9799a,tablet,Chrome,organic,,,,,0.0,red wine gift,0,0,0,
81c2d5b0-989c-4bdc-a80f-c878c5dffe4f,EVT-003842,USER-00144,view,2026-01-04T15:44:09.069971,SES-25788615,tablet,Edge,direct,PROD-01196,Oral-B iO Series 9,Personal Care,Healthcare,285.71,,125,0,0,
f238cca1-57be-45af-baa7-f3b68d631366,EVT-003843,USER-00001,view,2025-11-17T22:02:48.492247,SES-4b3e5686,desktop,Safari,direct,PROD-00512,Dom Pérignon Rosé 2009,Champagne,Wine,415.51,,398,0,0,
8e3fd84c-f803-475a-aa5a-abe98af897ce,EVT-003844,USER-00023,search,2026-01-19T01:42:22.446625,SES-9b96c412,desktop,Chrome,social,,,,,0.0,gaming laptop,0,0,0,
20979bb5-2a83-45a1-b9f7-c61f75a67874,EVT-003845,USER-00155,search,2025-11-26T18:16:43.505762,SES-0dd09e53,mobile,Firefox,social,,,,,0.0,wireless headphones,0,0,0,
ce2b333b-e5b9-4b32-8837-394f7d8c383a,EVT-003846,USER-00218,click,2025-11-23T14:14:11.216190,SES-78f62a49,desktop,Safari,email,PROD-00003,Penfolds Grange,Red Wine,Wine,390.13,,276,0,0,
ae62b79f-bc6b-4306-b0b1-e3a32b5cbd9d,EVT-003847,USER-00107,search,2025-12-29T04:46:08.111887,SES-e3e00795,desktop,Firefox,organic,,,,,0.0,home office chair,0,0,0,
53109a26-d8aa-4f92-b803-bf5e6bbdd757,EVT-003848,USER-00147,add_to_cart,2025-12-29T20:40:38.661856,SES-44a825da,mobile,Chrome,email,PROD-01416,REI Flash 55 Pack,Outdoor Gear,Sports,517.67,,0,1,0,
d0117543-2336-44b0-befb-48e5059ceddc,EVT-003849,USER-00048,wishlist,2026-01-08T15:17:12.381251,SES-5d92b8fe,tablet,Safari,organic,PROD-01844,Samsung Galaxy Watch 6,Smartwatches,Electronics,790.52,,0,0,0,
55e1dcf6-8b14-4b3c-b48d-5194d2429a8c,EVT-003850,USER-00154,search,2025-10-26T11:32:44.059329,SES-81bea345,tablet,Chrome,organic,,,,,0.0,red wine gift,0,0,0,
ec6804dc-ad19-46a6-baa4-4e9a09dbb1d2,EVT-003851,USER-00144,view,2025-11-27T23:13:08.932611,SES-028f30af,tablet,Edge,direct,PROD-01196,Oral-B iO Series 9,Personal Care,Healthcare,285.71,,125,0,0,
af6b749f-99f2-4a35-b4c7-aa2900ddd7fc,EVT-003852,USER-00001,view,2025-11-12T06:56:48.756397,SES-f67afbf0,desktop,Safari,direct,PROD-00512,Dom Pérignon Rosé 2009,Champagne,Wine,415.51,,398,0,0,
8cc970ce-4e6b-4477-b8c0-b9bef6b56f0d,EVT-003853,USER-00023,search,2025-12-22T11:45:29.049215,SES-9cb3f05a,desktop,Chrome,social,,,,,0.0,gaming laptop,0,0,0,
aa4d7b76-0b31-46a3-83c3-4ae0bd04d171,EVT-003854,USER-00155,search,2025-11-22T06:23:11.257149,SES-077883a4,mobile,Firefox,social,,,,,0.0,wireless headphones,0,0,0,
924de51e-ed88-4078-80db-737f18e3d0ba,EVT-003855,USER-00218,click,2025-12-23T03:48:44.085472,SES-b3dd13bd,desktop,Safari,email,PROD-00003,Penfolds Grange,Red Wine,Wine,390.13,,276,0,0,
e0e8182d-c263-4e02-bb4c-fcd458dd9d8c,EVT-003856,USER-00107,search,2025-11-18T02:48:56.191305,SES-0d0cad02,desktop,Firefox,organic,,,,,0.0,home office chair,0,0,0,
0c86de56-5c7d-450b-b351-d6d306a508cf,EVT-003857,USER-00147,add_to_cart,2026-01-17T00:02:52.484748,SES-aebc14b9,mobile,Chrome,email,PROD-01416,REI Flash 55 Pack,Outdoor Gear,Sports,517.67,,0,1,0,
a8bda926-4d21-43aa-b1a2-32867d6e9957,EVT-003858,USER-00048,wishlist,2026-01-12T16:49:52.616646,SES-fc20401c,tablet,Safari,organic,PROD-01844,Samsung Galaxy Watch 6,Smartwatches,Electronics,790.52,,0,0,0,
eb88b905-4478-4633-93b4-d9125ca9eb31,EVT-003859,USER-00154,search,2025-10-24T18:23:11.642915,SES-284a14fe,tablet,Chrome,organic,,,,,0.0,red wine gift,0,0,0,
670e7d40-0421-4051-a4ee-b195cfe79d0d,EVT-003860,USER-00144,view,2025-10-30T06:53:12.940314,SES-fd7a5ad6,tablet,Edge,direct,PROD-01196,Oral-B iO Series 9,Personal Care,Healthcare,285.71,,125,0,0,
94e8e596-b2a3-43ba-900b-b68532d591c8,EVT-003861,USER-00001,view,2025-11-25T15:02:30.330004,SES-8682904c,desktop,Safari,direct,PROD-00512,Dom Pérignon Rosé 2009,Champagne,Wine,415.51,,398,0,0,
8c60918c-46b8-40dd-ad43-612403996325,EVT-003862,USER-00023,search,2025-11-28T16:18:36.082487,SES-c95cf104,desktop,Chrome,social,,,,,0.0,gaming laptop,0,0,0,
713169dd-ca90-42ba-8a78-fd4a2a924f69,EVT-003863,USER-00155,search,2025-11-16T20:28:38.717596,SES-f955329c,mobile,Firefox,social,,,,,0.0,wireless headphones,0,0,0,
a8b720e2-a02a-49eb-97a8-c8ff3f4f9345,EVT-003864,USER-00218,click,2025-11-17T19:50:01.553253,SES-f30fdad3,desktop,Safari,email,PROD-00003,Penfolds Grange,Red Wine,Wine,390.13,,276,0,0,
65431a5b-a396-485e-a126-0aafff047b73,EVT-003865,USER-00107,search,2025-12-13T11:40:06.369932,SES-09cfeb1f,desktop,Firefox,organic,,,,,0.0,home office chair,0,0,0,
0486e43a-0926-425f-be27-568a6559907d,EVT-003866,USER-00147,add_to_cart,2026-01-03T23:56:07.735442,SES-41657d3e,mobile,Chrome,email,PROD-01416,REI Flash 55 Pack,Outdoor Gear,Sports,517.67,,0,1,0,
c88a4302-0972-440d-b9b7-4ea03baf5482,EVT-003867,USER-00048,wishlist,2025-12-07T03:24:12.237419,SES-474aefbe,tablet,Safari,organic,PROD-01844,Samsung Galaxy Watch 6,Smartwatches,Electronics,790.52,,0,0,0,
2bdee210-67e0-4eed-98ed-5d66fe07eb71,EVT-003868,USER-00154,search,2026-01-13T07:07:37.971865,SES-d1ee784b,tablet,Chrome,organic,,,,,0.0,red wine gift,0,0,0,
1f1f8015-45e8-4c93-ba25-1b940ef5340c,EVT-003869,USER-00144,view,2025-12-31T03:44:08.909818,SES-5338690c,tablet,Edge,direct,PROD-01196,Oral-B iO Series 9,Personal Care,Healthcare,285.71,,125,0,0,
b3011493-c377-435f-85ad-0461ef1823df,EVT-003870,USER-00001,view,2025-12-27T10:37:15.850153,SES-e7edc9dd,desktop,Safari,direct,PROD-00512,Dom Pérignon Rosé 2009,Champagne,Wine,415.51,,398,0,0,
074b5f7e-3b0c-4137-9716-df6bd8a805f3,EVT-003871,USER-00023,search,2025-11-24T19:49:09.069650,SES-266eace9,desktop,Chrome,social,,,,,0.0,gaming laptop,0,0,0,
e14c8a1f-a26f-43a2-a895-68022071346e,EVT-003872,USER-00155,search,2025-12-11T17:17:28.350580,SES-08e12e32,mobile,Firefox,social,,,,,0.0,wireless headphones,0,0,0,
c55df244-0e4b-47b8-9165-792a2e594e32,EVT-003873,USER-00218,click,2025-12-06T18:13:51.406168,SES-7234f754,desktop,Safari,email,PROD-00003,Penfolds Grange,Red Wine,Wine,390.13,,276,0,0,
e6f5e3d9-1732-4512-a0eb-d8a48e391c52,EVT-003874,USER-00107,search,2025-11-07T17:35:53.193653,SES-379f82b8,desktop,Firefox,organic,,,,,0.0,home office chair,0,0,0,
6f954fe8-da6a-4390-8cf7-d4d08f0d9706,EVT-003875,USER-00147,add_to_cart,2026-01-19T01:54:14.340050,SES-f63396e7,mobile,Chrome,email,PROD-01416,REI Flash 55 Pack,Outdoor Gear,Sports,517.67,,0,1,0,
ab30a628-7567-4bc1-9743-b00d353b1d7d,EVT-003876,USER-00048,wishlist,2025-11-21T12:17:12.359804,SES-7b3d1405,tablet,Safari,organic,PROD-01844,Samsung Galaxy Watch 6,Smartwatches,Electronics,790.52,,0,0,0,
fa774968-23e8-4f6d-8565-9ad291b0097c,EVT-003877,USER-00154,search,2026-01-18T04:41:04.296003,SES-6a18413e,tablet,Chrome,organic,,,,,0.0,red wine gift,0,0,0,
c1f8a494-5853-4443-9c36-c1204d0f4eca,EVT-003878,USER-00144,view,2025-12-03T14:00:38.654760,SES-70050854,tablet,Edge,direct,PROD-01196,Oral-B iO Series 9,Personal Care,Healthcare,285.71,,125,0,0,
92346631-0e93-49f4-ab7a-da3822d0434b,EVT-003879,USER-00001,view,2026-01-05T12:43:24.154104,SES-d30a008c,desktop,Safari,direct,PROD-00512,Dom Pérignon Rosé 2009,Champagne,Wine,415.51,,398,0,0,
6953131c-3feb-4e54-af16-f36d109396ca,EVT-003880,USER-00023,search,2025-10-28T05:02:27.909752,SES-34a78124,desktop,Chrome,social,,,,,0.0,gaming laptop,0,0,0,
7ee65bf0-cbce-4cb1-ae54-e89f1af80a47,EVT-003881,USER-00155,search,2025-12-23T14:46:18.779546,SES-98242fd1,mobile,Firefox,social,,,,,0.0,wireless headphones,0,0,0,
fa5004a9-7b3e-47e8-9e7b-671ecfe0744c,EVT-003882,USER-00218,click,2025-10-26T01:13:28.674802,SES-6d6e605b,desktop,Safari,email,PROD-00003,Penfolds Grange,Red Wine,Wine,390.13,,276,0,0,
ac5bf107-bda6-4817-bad3-c0d9360fd1aa,EVT-003883,USER-00107,search,2025-12-23T11:41:00.295929,SES-14c3402c,desktop,Firefox,organic,,,,,0.0,home office chair,0,0,0,
bd2cbb54-36a1-42fa-bd7e-642b375bd54b,EVT-003884,USER-00147,add_to_cart,2025-10-27T20:23:12.186568,SES-a24fcf74,mobile,Chrome,email,PROD-01416,REI Flash 55 Pack,Outdoor Gear,Sports,517.67,,0,1,0,
c71a2987-55c5-487b-bf29-555f215a89f2,EVT-003885,USER-00048,wishlist,2026-01-07T10:32:28.848477,SES-b5ccc8b2,tablet,Safari,organic,PROD-01844,Samsung Galaxy Watch 6,Smartwatches,Electronics,790.52,,0,0,0,
73ce7f15-11fe-499c-85c9-bf32770f90f7,EVT-003886,USER-00154,search,2025-11-13T03:58:51.806394,SES-b56e249e,tablet,Chrome,organic,,,,,0.0,red wine gift,0,0,0,
9dfc242d-7ec8-490e-9990-38b4cd9df071,EVT-003887,USER-00144,view,2026-01-13T03:44:44.414835,SES-3de73c6f,tablet,Edge,direct,PROD-01196,Oral-B iO Series 9,Personal Care,Healthcare,285.71,,125,0,0,
43d2abd5-7836-40d4-a826-98fc472c2094,EVT-003888,USER-00001,view,2025-11-10T11:26:25.475494,SES-74755c48,desktop,Safari,direct,PROD-00512,Dom Pérignon Rosé 2009,Champagne,Wine,415.51,,398,0,0,
d8ec2821-433f-4cfc-ade2-07a09895bc52,EVT-003889,USER-00023,search,2025-12-30T12:38:11.049809,SES-8276cb01,desktop,Chrome,social,,,,,0.0,gaming laptop,0,0,0,
6aa23766-50db-4513-bc4a-9f7d1f1d0d4b,EVT-003890,USER-00155,search,2025-11-23T15:04:23.482185,SES-2e84db4d,mobile,Firefox,social,,,,,0.0,wireless headphones,0,0,0,
0dd588ca-e383-4f77-8383-d254a9a6c513,EVT-003891,USER-00218,click,2026-01-05T05:45:04.886253,SES-7d01639d,desktop,Safari,email,PROD-00003,Penfolds Grange,Red Wine,Wine,390.13,,276,0,0,
6d08ac7b-ed68-407d-844a-0b83795a77aa,EVT-003892,USER-00107,search,2025-11-14T20:48:18.109253,SES-67535db1,desktop,Firefox,organic,,,,,0.0,home office chair,0,0,0,
15dfe69c-e837-4793-a343-069eb3c15fd5,EVT-003893,USER-00147,add_to_cart,2025-11-20T00:41:43.943836,SES-50941762,mobile,Chrome,email,PROD-01416,REI Flash 55 Pack,Outdoor Gear,Sports,517.67,,0,1,0,
e86d740a-2b70-472a-84a5-73e2551056ca,EVT-003894,USER-00048,wishlist,2025-12-25T11:18:45.764430,SES-4889f584,tablet,Safari,organic,PROD-01844,Samsung Galaxy Watch 6,Smartwatches,Electronics,790.52,,0,0,0,
2e9f3254-72f1-4010-9c1b-ff2f81330033,EVT-003895,USER-00154,search,2025-11-27T04:43:52.727664,SES-7ec68bcd,tablet,Chrome,organic,,,,,0.0,red wine gift,0,0,0,
aeb5182b-f51b-4e6b-b7b0-089be059f7f1,EVT-003896,USER-00144,view,2025-11-11T15:23:39.744584,SES-1f5307bb,tablet,Edge,direct,PROD-01196,Oral-B iO Series 9,Personal Care,Healthcare,285.71,,125,0,0,
4c40c609-d86c-4408-ae5e-c4eccb6a994d,EVT-003897,USER-00001,view,2025-11-04T09:35:41.429139,SES-e9f0ccd6,desktop,Safari,direct,PROD-00512,Dom Pérignon Rosé 2009,Champagne,Wine,415.51,,398,0,0,
52751747-757a-4d97-92b6-204073e7871f,EVT-003898,USER-00023,search,2025-10-31T20:50:07.940732,SES-be233d7a,desktop,Chrome,social,,,,,0.0,gaming laptop,0,0,0,
029eab1e-a62c-4776-aeac-c89914ef1de4,EVT-003899,USER-00155,search,2025-10-31T04:25:04.335930,SES-7ddd4bda,mobile,Firefox,social,,,,,0.0,wireless headphones,0,0,0,
cd8b43cf-178a-4b18-abcb-65db192e81b2,EVT-003900,USER-00218,click,2025-12-15T15:49:23.941446,SES-41ef8077,desktop,Safari,email,PROD-00003,Penfolds Grange,Red Wine,Wine,390.13,,276,0,0,
1afedfd6-90ea-48e4-9aad-c464814b2834,EVT-003901,USER-00107,search,2025-12-09T00:45:09.957101,SES-39b4c7c0,desktop,Firefox,organic,,,,,0.0,home office chair,0,0,0,
aa389583-12f2-4fa2-9468-b5331f075cfc,EVT-003902,USER-00147,add_to_cart,2025-12-26T14:02:23.415513,SES-511df719,mobile,Chrome,email,PROD-01416,REI Flash 55 Pack,Outdoor Gear,Sports,517.67,,0,1,0,
95186779-3ffa-414e-abe4-41850696c575,EVT-003903,USER-00048,wishlist,2026-01-01T12:51:43.083858,SES-9f69887e,tablet,Safari,organic,PROD-01844,Samsung Galaxy Watch 6,Smartwatches,Electronics,790.52,,0,0,0,
bf90ff50-f7eb-4fc9-a01b-b91f40ac5542,EVT-003904,USER-00154,search,2025-12-10T15:59:32.674204,SES-9dedf86e,tablet,Chrome,organic,,,,,0.0,red wine gift,0,0,0,
c6c1d81f-16f7-48dc-8602-31b514c43082,EVT-003905,USER-00144,view,2025-12-16T06:04:55.710093,SES-dd6c5224,tablet,Edge,direct,PROD-01196,Oral-B iO Series 9,Personal Care,Healthcare,285.71,,125,0,0,
8cc7b16e-2ce6-48e9-ad1e-f445e801c1cd,EVT-003906,USER-00001,view,2025-11-09T13:09:10.435769,SES-2a54ac68,desktop,Safari,direct,PROD-00512,Dom Pérignon Rosé 2009,Champagne,Wine,415.51,,398,0,0,
9226a1ee-9626-42e0-ba58-cd740af2018c,EVT-003907,USER-00023,search,2025-12-15T01:42:08.459257,SES-5cd2d5df,desktop,Chrome,social,,,,,0.0,gaming laptop,0,0,0,
8603fe4a-0825-4e6f-895c-2eca396d76d6,EVT-003908,USER-00155,search,2025-12-18T10:49:23.080669,SES-cd642d24,mobile,Firefox,social,,,,,0.0,wireless headphones,0,0,0,
3b8b4cea-cd21-45d3-90c4-8a67308184f3,EVT-003909,USER-00218,click,2025-11-09T11:47:41.429180,SES-986e0572,desktop,Safari,email,PROD-00003,Penfolds Grange,Red Wine,Wine,390.13,,276,0,0,
d6d194ad-edd2-4184-89c0-637b2a0e20ae,EVT-003910,USER-00107,search,2025-11-11T04:23:08.837932,SES-933b4e50,desktop,Firefox,organic,,,,,0.0,home office chair,0,0,0,
12302ff5-ae13-4ad1-86b7-ce714537b163,EVT-003911,USER-00147,add_to_cart,2025-11-28T02:55:27.290025,SES-2a58c6cf,mobile,Chrome,email,PROD-01416,REI Flash 55 Pack,Outdoor Gear,Sports,517.67,,0,1,0,
72b5fd6c-a95f-4671-8d04-f049038a63bd,EVT-003912,USER-00048,wishlist,2025-11-20T17:51:34.823605,SES-686f26be,tablet,Safari,organic,PROD-01844,Samsung Galaxy Watch 6,Smartwatches,Electronics,790.52,,0,0,0,
ceb1d020-826f-42df-8ec2-21d45ada6f3e,EVT-003913,USER-00154,search,2025-11-11T23:41:10.092222,SES-114b7afa,tablet,Chrome,organic,,,,,0.0,red wine gift,0,0,0,
bcd16a55-f4ed-4aba-a41c-a1f0877ac6ce,EVT-003914,USER-00144,view,2026-01-10T02:04:58.465341,SES-56978983,tablet,Edge,direct,PROD-01196,Oral-B iO Series 9,Personal Care,Healthcare,285.71,,125,0,0,
7aff10a3-0a1f-4495-9be0-95b14efce86c,EVT-003915,USER-00001,view,2026-01-07T14:32:00.019390,SES-9353ce38,desktop,Safari,direct,PROD-00512,Dom Pérignon Rosé 2009,Champagne,Wine,415.51,,398,0,0,
92ec7d8e-859f-40ae-9939-fb2b231ffdae,EVT-003916,USER-00023,search,2025-12-26T18:35:43.695314,SES-c883022b,desktop,Chrome,social,,,,,0.0,gaming laptop,0,0,0,
ba2fc6dc-3585-4603-ab02-9271753a7f59,EVT-003917,USER-00155,search,2026-01-16T17:33:03.559689,SES-4d37a4f3,mobile,Firefox,social,,,,,0.0,wireless headphones,0,0,0,
09cecc2b-a04c-47a6-a5ea-8a5711f379d9,EVT-003918,USER-00218,click,2026-01-13T07:17:51.958785,SES-89fec8ca,desktop,Safari,email,PROD-00003,Penfolds Grange,Red Wine,Wine,390.13,,276,0,0,
5008f3ee-5773-4908-8c9d-8b4dc984727b,EVT-003919,USER-00107,search,2025-12-16T17:47:11.300156,SES-f6e25e9e,desktop,Firefox,organic,,,,,0.0,home office chair,0,0,0,
52173056-1907-41e0-af6b-030c6cb72200,EVT-003920,USER-00147,add_to_cart,2025-12-07T02:41:26.993468,SES-cc7477fd,mobile,Chrome,email,PROD-01416,REI Flash 55 Pack,Outdoor Gear,Sports,517.67,,0,1,0,
f1f74e34-1d26-4882-a585-5d0d788f0881,EVT-003921,USER-00048,wishlist,2025-12-29T22:16:35.598901,SES-be124362,tablet,Safari,organic,PROD-01844,Samsung Galaxy Watch 6,Smartwatches,Electronics,790.52,,0,0,0,
90945a59-62f9-4aa4-9b58-bad33d7d11de,EVT-003922,USER-00154,search,2025-11-21T03:24:31.732635,SES-094eafcb,tablet,Chrome,organic,,,,,0.0,red wine gift,0,0,0,
6745b79a-e40f-4cc0-a1c7-c21c57ce4c2c,EVT-003923,USER-00144,view,2025-11-26T17:06:43.047018,SES-8b3fb6ed,tablet,Edge,direct,PROD-01196,Oral-B iO Series 9,Personal Care,Healthcare,285.71,,125,0,0,
1b8b43e4-baf7-4c61-9249-417eaea55224,EVT-003924,USER-00001,view,2025-12-03T05:26:11.279435,SES-5d95aff9,desktop,Safari,direct,PROD-00512,Dom Pérignon Rosé 2009,Champagne,Wine,415.51,,398,0,0,
e2d97eca-4e7b-4253-ae8a-b54d48552159,EVT-003925,USER-00023,search,2025-12-06T17:36:44.956328,SES-0ef327a8,desktop,Chrome,social,,,,,0.0,gaming laptop,0,0,0,
3b5c0142-8ec9-4f2d-9d02-72a92b23945c,EVT-003926,USER-00155,search,2025-11-28T07:40:57.729968,SES-39fe30e7,mobile,Firefox,social,,,,,0.0,wireless headphones,0,0,0,
bc5df272-0c8d-4a7c-be8c-68e5cf3a93bc,EVT-003927,USER-00218,click,2025-12-11T09:38:37.416141,SES-b2abd9e7,desktop,Safari,email,PROD-00003,Penfolds Grange,Red Wine,Wine,390.13,,276,0,0,
293bf28a-1016-48dd-adc9-06a1349d27be,EVT-003928,USER-00107,search,2026-01-08T10:24:37.433922,SES-b5fd7982,desktop,Firefox,organic,,,,,0.0,home office chair,0,0,0,
06f14642-fc56-49a1-9042-5b729c19b575,EVT-003929,USER-00147,add_to_cart,2026-01-10T22:28:32.610149,SES-bb401f43,mobile,Chrome,email,PROD-01416,REI Flash 55 Pack,Outdoor Gear,Sports,517.67,,0,1,0,
66659d2e-ad58-4586-b0a5-fd1acddf56b0,EVT-003930,USER-00048,wishlist,2025-10-23T15:11:15.026955,SES-e55a6b06,tablet,Safari,organic,PROD-01844,Samsung Galaxy Watch 6,Smartwatches,Electronics,790.52,,0,0,0,
e5c92a84-73b4-45e1-b1be-4a20180681c7,EVT-003931,USER-00154,search,2025-11-08T07:21:58.841714,SES-8a9778a0,tablet,Chrome,organic,,,,,0.0,red wine gift,0,0,0,
85c4e2a1-8d47-42a3-9974-a16392e2d635,EVT-003932,USER-00144,view,2026-01-04T12:05:22.727827,SES-fe852384,tablet,Edge,direct,PROD-01196,Oral-B iO Series 9,Personal Care,Healthcare,285.71,,125,0,0,
492811ff-604f-43c0-8be2-f9426fe3391d,EVT-003933,USER-00001,view,2026-01-20T10:13:27.941522,SES-f077e460,desktop,Safari,direct,PROD-00512,Dom Pérignon Rosé 2009,Champagne,Wine,415.51,,398,0,0,
26ee1cc6-b71c-41df-a5e1-2d625a16d16b,EVT-003934,USER-00023,search,2025-10-25T07:38:10.575547,SES-42b266e0,desktop,Chrome,social,,,,,0.0,gaming laptop,0,0,0,
293f2b72-ad7e-4abf-90cd-d3a725eb0ffa,EVT-003935,USER-00155,search,2025-11-01T06:42:25.258824,SES-0dcdd2b5,mobile,Firefox,social,,,,,0.0,wireless headphones,0,0,0,
91903b24-88db-429e-afe7-bb98f4e81f79,EVT-003936,USER-00218,click,2025-12-31T17:59:00.335992,SES-558c7896,desktop,Safari,email,PROD-00003,Penfolds Grange,Red Wine,Wine,390.13,,276,0,0,
5bf6183d-b734-4ed0-bdf8-5561bf7a1510,EVT-003937,USER-00107,search,2025-11-01T18:05:15.728604,SES-8e831992,desktop,Firefox,organic,,,,,0.0,home office chair,0,0,0,
0a018afb-7799-411a-9bba-caf049498e48,EVT-003938,USER-00147,add_to_cart,2025-11-03T04:24:54.942211,SES-61f6adc0,mobile,Chrome,email,PROD-01416,REI Flash 55 Pack,Outdoor Gear,Sports,517.67,,0,1,0,
653577c0-1620-4449-9561-d5648164a624,EVT-003939,USER-00048,wishlist,2025-12-15T10:04:51.265788,SES-324f66c8,tablet,Safari,organic,PROD-01844,Samsung Galaxy Watch 6,Smartwatches,Electronics,790.52,,0,0,0,
07b1d95d-0b6a-453c-946b-3e3ae3e80046,EVT-003940,USER-00154,search,2026-01-13T20:40:52.704846,SES-6eb68202,tablet,Chrome,organic,,,,,0.0,red wine gift,0,0,0,
b77c8574-7140-4949-baee-f357ee287e61,EVT-003941,USER-00144,view,2025-11-13T16:00:34.262190,SES-00195860,tablet,Edge,direct,PROD-01196,Oral-B iO Series 9,Personal Care,Healthcare,285.71,,125,0,0,
ff9d6408-a933-41d8-80d0-5199cbaee3ef,EVT-003942,USER-00001,view,2025-11-25T15:05:05.773040,SES-28552be3,desktop,Safari,direct,PROD-00512,Dom Pérignon Rosé 2009,Champagne,Wine,415.51,,398,0,0,
0f77be08-a477-4e44-9aac-a3d79ed58418,EVT-003943,USER-00023,search,2025-12-04T04:14:44.939602,SES-5f6bbddb,desktop,Chrome,social,,,,,0.0,gaming laptop,0,0,0,
dc852395-46b2-401a-8bf3-18980eabe64b,EVT-003944,USER-00155,search,2025-12-24T22:16:02.979940,SES-8541abb3,mobile,Firefox,social,,,,,0.0,wireless headphones,0,0,0,
5ce2aadc-af01-40fa-a289-866e756afdcb,EVT-003945,USER-00218,click,2025-11-15T10:07:56.478856,SES-cb3cdc64,desktop,Safari,email,PROD-00003,Penfolds Grange,Red Wine,Wine,390.13,,276,0,0,
ef0915f2-a321-4082-b400-36d511a35347,EVT-003946,USER-00107,search,2025-11-17T04:49:06.043052,SES-86562493,desktop,Firefox,organic,,,,,0.0,home office chair,0,0,0,
bcd1bb03-feaa-4ece-9b8d-aef181ef8e70,EVT-003947,USER-00147,add_to_cart,2026-01-18T18:46:47.550241,SES-36187a9e,mobile,Chrome,email,PROD-01416,REI Flash 55 Pack,Outdoor Gear,Sports,517.67,,0,1,0,
886579d8-235e-43f5-969e-ce12f3f32919,EVT-003948,USER-00048,wishlist,2025-11-02T10:41:24.553130,SES-ab34ad40,tablet,Safari,organic,PROD-01844,Samsung Galaxy Watch 6,Smartwatches,Electronics,790.52,,0,0,0,
e939ed37-ddcb-4dad-b27a-a82140c777e4,EVT-003949,USER-00154,search,2025-12-26T21:39:20.914848,SES-b957bf5d,tablet,Chrome,organic,,,,,0.0,red wine gift,0,0,0,
c09b7157-ecb7-4792-a7be-da2be16d388e,EVT-003950,USER-00144,view,2025-11-29T01:38:22.813986,SES-ad1207ca,tablet,Edge,direct,PROD-01196,Oral-B iO Series 9,Personal Care,Healthcare,285.71,,125,0,0,
4096eacd-60f6-41d7-abb6-7e2bd58c064d,EVT-003951,USER-00001,view,2025-10-22T22:46:34.269074,SES-6bb291ae,desktop,Safari,direct,PROD-00512,Dom Pérignon Rosé 2009,Champagne,Wine,415.51,,398,0,0,
c99424e7-dc0e-46c0-a16a-9c6bc93eb1c8,EVT-003952,USER-00023,search,2025-12-17T13:37:17.817008,SES-42e64bc4,desktop,Chrome,social,,,,,0.0,gaming laptop,0,0,0,
ade311f0-af7e-4f6b-b7b9-25fc2418728a,EVT-003953,USER-00155,search,2025-11-10T21:43:54.926023,SES-9bb6c21e,mobile,Firefox,social,,,,,0.0,wireless headphones,0,0,0,
9fc4efa8-a32c-4113-800a-86ad429661a6,EVT-003954,USER-00218,click,2025-11-24T18:48:38.085939,SES-e25ca594,desktop,Safari,email,PROD-00003,Penfolds Grange,Red Wine,Wine,390.13,,276,0,0,
076970b6-3a45-4acc-ba42-0f1c05098544,EVT-003955,USER-00107,search,2026-01-01T23:02:03.798511,SES-95640c7e,desktop,Firefox,organic,,,,,0.0,home office chair,0,0,0,
e937bc22-971a-4066-9691-d12728550e5a,EVT-003956,USER-00147,add_to_cart,2025-11-03T17:25:00.919254,SES-4e7871ef,mobile,Chrome,email,PROD-01416,REI Flash 55 Pack,Outdoor Gear,Sports,517.67,,0,1,0,
7834f5ab-d7ad-431d-a923-4f9dd6eb88a7,EVT-003957,USER-00048,wishlist,2025-10-27T21:17:50.657608,SES-da7899be,tablet,Safari,organic,PROD-01844,Samsung Galaxy Watch 6,Smartwatches,Electronics,790.52,,0,0,0,
1a5edf7b-b5a1-4a73-84ca-1208e1b51e16,EVT-003958,USER-00154,search,2025-11-19T16:23:17.801365,SES-e7fbb68f,tablet,Chrome,organic,,,,,0.0,red wine gift,0,0,0,
2cd7cf13-56da-4185-a2d9-0e1c867a9232,EVT-003959,USER-00144,view,2025-10-29T01:18:27.058341,SES-f38cc26a,tablet,Edge,direct,PROD-01196,Oral-B iO Series 9,Personal Care,Healthcare,285.71,,125,0,0,
1576ae5a-78a6-4cba-b90c-3f833bdd369d,EVT-003960,USER-00001,view,2025-11-02T18:11:28.268703,SES-6e31b4ec,desktop,Safari,direct,PROD-00512,Dom Pérignon Rosé 2009,Champagne,Wine,415.51,,398,0,0,
cd3ea4bf-d692-40df-b655-28730b5f5b12,EVT-003961,USER-00023,search,2025-12-09T00:12:45.992142,SES-2f99035a,desktop,Chrome,social,,,,,0.0,gaming laptop,0,0,0,
91d3d2cf-a615-4774-8a91-6eec30869590,EVT-003962,USER-00155,search,2025-12-31T03:22:11.008409,SES-7b2aad0f,mobile,Firefox,social,,,,,0.0,wireless headphones,0,0,0,
833ed859-afd6-4f5b-ae12-b902635f780f,EVT-003963,USER-00218,click,2025-11-17T11:42:08.061584,SES-d8fcbdd3,desktop,Safari,email,PROD-00003,Penfolds Grange,Red Wine,Wine,390.13,,276,0,0,
d9829e73-16cc-4743-bd6a-fab641fbf144,EVT-003964,USER-00107,search,2025-12-10T04:52:17.255520,SES-dfdf07cf,desktop,Firefox,organic,,,,,0.0,home office chair,0,0,0,
edd55728-8089-4e9f-a029-d104a133a2af,EVT-003965,USER-00147,add_to_cart,2025-11-11T23:57:33.620047,SES-adcd11ca,mobile,Chrome,email,PROD-01416,REI Flash 55 Pack,Outdoor Gear,Sports,517.67,,0,1,0,
46e8a939-9860-436e-aeaa-fa41a8c8881b,EVT-003966,USER-00048,wishlist,2025-11-27T09:39:38.599387,SES-23adf5c2,tablet,Safari,organic,PROD-01844,Samsung Galaxy Watch 6,Smartwatches,Electronics,790.52,,0,0,0,
bde53069-c972-4090-8e76-f154490c49e7,EVT-003967,USER-00154,search,2025-12-04T15:12:19.376044,SES-cca500be,tablet,Chrome,organic,,,,,0.0,red wine gift,0,0,0,
ec9509d6-cc48-410d-95da-72c307a44d19,EVT-003968,USER-00144,view,2026-01-06T02:21:25.225003,SES-2b83e82b,tablet,Edge,direct,PROD-01196,Oral-B iO Series 9,Personal Care,Healthcare,285.71,,125,0,0,
51b27174-c0d3-4650-ac1f-6256f3fb7922,EVT-003969,USER-00001,view,2025-12-14T11:05:57.884171,SES-86e4ae93,desktop,Safari,direct,PROD-00512,Dom Pérignon Rosé 2009,Champagne,Wine,415.51,,398,0,0,
cf6d11ac-a002-4532-bec8-2621c7e8e75a,EVT-003970,USER-00023,search,2025-12-29T18:13:18.755554,SES-16ffa2d7,desktop,Chrome,social,,,,,0.0,gaming laptop,0,0,0,
2d2801ef-59b2-4343-a4dd-aa3a1550e792,EVT-003971,USER-00155,search,2025-11-28T07:51:31.686648,SES-6ad2da81,mobile,Firefox,social,,,,,0.0,wireless headphones,0,0,0,
b9362491-cfec-4041-a35e-7b5e2ae9049b,EVT-003972,USER-00218,click,2025-11-07T00:38:00.954311,SES-669bcc2f,desktop,Safari,email,PROD-00003,Penfolds Grange,Red Wine,Wine,390.13,,276,0,0,
40a863f0-fb17-463d-b9df-70c47f5753ff,EVT-003973,USER-00107,search,2025-12-26T17:43:00.699653,SES-45a2823d,desktop,Firefox,organic,,,,,0.0,home office chair,0,0,0,
fefe6386-2cb7-4d43-a114-e6cbf0a07ce5,EVT-003974,USER-00147,add_to_cart,2026-01-15T09:59:32.673594,SES-305df424,mobile,Chrome,email,PROD-01416,REI Flash 55 Pack,Outdoor Gear,Sports,517.67,,0,1,0,
b6706dc1-dca3-41de-83f9-46e8f4835f15,EVT-003975,USER-00048,wishlist,2025-12-16T06:19:25.361461,SES-f659dfdd,tablet,Safari,organic,PROD-01844,Samsung Galaxy Watch 6,Smartwatches,Electronics,790.52,,0,0,0,
d871abeb-b645-43ea-af6e-a76e87e21e9d,EVT-003976,USER-00154,search,2025-12-07T04:46:39.729131,SES-20909dfb,tablet,Chrome,organic,,,,,0.0,red wine gift,0,0,0,
260e0611-93aa-42c0-a696-1063a73f2333,EVT-003977,USER-00144,view,2025-10-29T06:53:58.064078,SES-4e56c458,tablet,Edge,direct,PROD-01196,Oral-B iO Series 9,Personal Care,Healthcare,285.71,,125,0,0,
86a5512f-1c27-4db6-80fa-ce4617fc7164,EVT-003978,USER-00001,view,2025-12-02T06:55:36.092041,SES-fa413bbf,desktop,Safari,direct,PROD-00512,Dom Pérignon Rosé 2009,Champagne,Wine,415.51,,398,0,0,
ab4c2d6c-a96f-421d-8b8b-8d4d42844d35,EVT-003979,USER-00023,search,2025-11-21T20:08:57.294250,SES-e8e9b5c3,desktop,Chrome,social,,,,,0.0,gaming laptop,0,0,0,
4e16dcd6-0f19-459a-ab59-1f1434089130,EVT-003980,USER-00155,search,2025-11-29T07:35:49.582007,SES-48eed0a7,mobile,Firefox,social,,,,,0.0,wireless headphones,0,0,0,
dae016eb-7f7d-4502-84ec-b80cecd1e753,EVT-003981,USER-00218,click,2025-10-30T23:20:29.589072,SES-0808ed1b,desktop,Safari,email,PROD-00003,Penfolds Grange,Red Wine,Wine,390.13,,276,0,0,
4e2a5d60-86a0-4b91-83d9-fac4d8e418b3,EVT-003982,USER-00107,search,2026-01-14T17:05:46.767431,SES-b8ee6909,desktop,Firefox,organic,,,,,0.0,home office chair,0,0,0,
45a809cb-965e-4ec5-b77b-5de02d214b2e,EVT-003983,USER-00147,add_to_cart,2025-12-24T06:14:13.228913,SES-69d1d01a,mobile,Chrome,email,PROD-01416,REI Flash 55 Pack,Outdoor Gear,Sports,517.67,,0,1,0,
0fad1a6f-0611-4df8-bd56-878fabcc01ad,EVT-003984,USER-00048,wishlist,2026-01-07T19:51:18.125984,SES-c68f499f,tablet,Safari,organic,PROD-01844,Samsung Galaxy Watch 6,Smartwatches,Electronics,790.52,,0,0,0,
2809619f-0d3e-4141-9f08-a53b75228c3c,EVT-003985,USER-00154,search,2025-11-18T03:03:52.627049,SES-e345036c,tablet,Chrome,organic,,,,,0.0,red wine gift,0,0,0,
e7ab698e-5303-49ad-a919-4da8ed0c407a,EVT-003986,USER-00144,view,2025-12-08T10:38:43.571547,SES-dcb1ec9d,tablet,Edge,direct,PROD-01196,Oral-B iO Series 9,Personal Care,Healthcare,285.71,,125,0,0,
ed89234e-7bf2-4761-93d0-a6eadea983cd,EVT-003987,USER-00001,view,2025-11-28T07:47:29.906192,SES-ae78e0ce,desktop,Safari,direct,PROD-00512,Dom Pérignon Rosé 2009,Champagne,Wine,415.51,,398,0,0,
ddbf8c3d-1bb2-42ae-aa1c-aa99369e148f,EVT-003988,USER-00023,search,2025-12-28T21:58:11.991323,SES-06019748,desktop,Chrome,social,,,,,0.0,gaming laptop,0,0,0,
69cf9b9d-ad76-4798-b275-6be95ee3225f,EVT-003989,USER-00155,search,2026-01-05T08:02:07.982688,SES-9ba27ab4,mobile,Firefox,social,,,,,0.0,wireless headphones,0,0,0,
f2ca6a8c-f4f5-4274-8b3c-59bbe09dd122,EVT-003990,USER-00218,click,2025-12-18T09:58:06.598188,SES-76fa5879,desktop,Safari,email,PROD-00003,Penfolds Grange,Red Wine,Wine,390.13,,276,0,0,
1f07d0d1-436c-4dbc-9c2d-cf261f4b6b2f,EVT-003991,USER-00107,search,2025-12-31T16:39:21.414534,SES-7ce12abf,desktop,Firefox,organic,,,,,0.0,home office chair,0,0,0,
dca066df-512c-46c0-9bf1-7224b8394c03,EVT-003992,USER-00147,add_to_cart,2025-11-22T01:07:06.330831,SES-25a1f910,mobile,Chrome,email,PROD-01416,REI Flash 55 Pack,Outdoor Gear,Sports,517.67,,0,1,0,
e136c7b3-92a3-46da-9abc-07682bc90b66,EVT-003993,USER-00048,wishlist,2025-12-05T23:40:02.119901,SES-e5fedc93,tablet,Safari,organic,PROD-01844,Samsung Galaxy Watch 6,Smartwatches,Electronics,790.52,,0,0,0,
b1637a23-69de-477d-bd39-6eba6903d0fd,EVT-003994,USER-00154,search,2025-11-27T06:24:31.176035,SES-2d0e5f59,tablet,Chrome,organic,,,,,0.0,red wine gift,0,0,0,
3cd9344b-4b34-4629-a7e6-fb8da8b6b5bc,EVT-003995,USER-00144,view,2025-11-30T20:32:16.837379,SES-ca7ee146,tablet,Edge,direct,PROD-01196,Oral-B iO Series 9,Personal Care,Healthcare,285.71,,125,0,0,
daa893b1-00eb-46eb-9e66-ea4e592e366b,EVT-003996,USER-00001,view,2026-01-01T20:07:01.351074,SES-d12d5c71,desktop,Safari,direct,PROD-00512,Dom Pérignon Rosé 2009,Champagne,Wine,415.51,,398,0,0,
9aa43cb4-8edd-4a61-bc1b-08a89923c416,EVT-003997,USER-00023,search,2025-10-26T20:16:12.941437,SES-50ed2cac,desktop,Chrome,social,,,,,0.0,gaming laptop,0,0,0,
e2cddb8d-b4e4-4fc6-919c-9219515c21e0,EVT-003998,USER-00155,search,2025-12-24T02:29:54.898530,SES-d38c010e,mobile,Firefox,social,,,,,0.0,wireless headphones,0,0,0,
64fbc5bc-6ece-4788-8485-1d49e6de0851,EVT-003999,USER-00218,click,2025-11-02T03:48:12.342072,SES-0d77e4d4,desktop,Safari,email,PROD-00003,Penfolds Grange,Red Wine,Wine,390.13,,276,0,0,
395da4e4-9faa-4dc6-82d9-0e9bd2fff9e8,EVT-004000,USER-00107,search,2025-11-03T06:18:53.418418,SES-38026992,desktop,Firefox,organic,,,,,0.0,home office chair,0,0,0,
71e3bae0-63c2-4a62-b143-900258cecbf8,EVT-004001,USER-00147,add_to_cart,2025-12-31T21:35:55.387561,SES-b1dc04ea,mobile,Chrome,email,PROD-01416,REI Flash 55 Pack,Outdoor Gear,Sports,517.67,,0,1,0,
29b8fee3-47cd-407b-b183-1ce10baeaaea,EVT-004002,USER-00048,wishlist,2025-10-24T06:56:55.645337,SES-b4d12ef7,tablet,Safari,organic,PROD-01844,Samsung Galaxy Watch 6,Smartwatches,Electronics,790.52,,0,0,0,
87e73890-b88b-47e8-af06-5aafe4abc7ef,EVT-004003,USER-00154,search,2025-10-26T11:11:54.661578,SES-2668071d,tablet,Chrome,organic,,,,,0.0,red wine gift,0,0,0,
d2d8b684-faf6-4b17-8f27-8beb793def95,EVT-004004,USER-00144,view,2025-11-09T00:53:00.341516,SES-a5c4f0a1,tablet,Edge,direct,PROD-01196,Oral-B iO Series 9,Personal Care,Healthcare,285.71,,125,0,0,
6b5d7c85-2d03-41a7-9fe3-598941ccc269,EVT-004005,USER-00001,view,2026-01-19T19:05:38.245110,SES-7169edbf,desktop,Safari,direct,PROD-00512,Dom Pérignon Rosé 2009,Champagne,Wine,415.51,,398,0,0,
31e09f27-6141-4a21-83c1-690cf261064b,EVT-004006,USER-00023,search,2025-12-08T11:53:25.035162,SES-dc025ebd,desktop,Chrome,social,,,,,0.0,gaming laptop,0,0,0,
51da7998-21ac-461b-bab4-bf6ad7699199,EVT-004007,USER-00155,search,2025-11-09T23:00:34.851351,SES-dbbfdb5a,mobile,Firefox,social,,,,,0.0,wireless headphones,0,0,0,
2b4fbc4f-6df9-487d-93f9-a93ddb919ff4,EVT-004008,USER-00218,click,2025-11-26T19:48:35.813311,SES-f38e0e4a,desktop,Safari,email,PROD-00003,Penfolds Grange,Red Wine,Wine,390.13,,276,0,0,
8fef7132-9f4c-4658-825f-99b6659a80c5,EVT-004009,USER-00107,search,2026-01-10T06:44:29.939414,SES-587aaba2,desktop,Firefox,organic,,,,,0.0,home office chair,0,0,0,
ff93ed85-5dd2-4d44-9f85-dde8bb514d79,EVT-004010,USER-00147,add_to_cart,2025-10-30T15:02:10.911201,SES-79a6a017,mobile,Chrome,email,PROD-01416,REI Flash 55 Pack,Outdoor Gear,Sports,517.67,,0,1,0,
fa5541a1-22cc-41dc-8ee2-16be2657a030,EVT-004011,USER-00048,wishlist,2026-01-09T02:00:14.895798,SES-c24789a4,tablet,Safari,organic,PROD-01844,Samsung Galaxy Watch 6,Smartwatches,Electronics,790.52,,0,0,0,
f2225a5c-0d5e-485b-aceb-7a67d5c59d2a,EVT-004012,USER-00154,search,2025-10-25T03:02:17.808854,SES-44f550ca,tablet,Chrome,organic,,,,,0.0,red wine gift,0,0,0,
33008d89-c029-481a-8316-7a87f801f39f,EVT-004013,USER-00144,view,2025-11-05T12:45:30.361841,SES-6254a242,tablet,Edge,direct,PROD-01196,Oral-B iO Series 9,Personal Care,Healthcare,285.71,,125,0,0,
0e527394-3f3b-49d6-b671-e962a08080cc,EVT-004014,USER-00001,view,2025-12-02T16:17:39.185272,SES-78c002df,desktop,Safari,direct,PROD-00512,Dom Pérignon Rosé 2009,Champagne,Wine,415.51,,398,0,0,
76a8febd-1d1b-4c6e-963a-b3e0d71a5533,EVT-004015,USER-00023,search,2025-11-20T12:09:10.989546,SES-a70ece35,desktop,Chrome,social,,,,,0.0,gaming laptop,0,0,0,
1eacf377-8345-48dc-8f70-312a19125500,EVT-004016,USER-00155,search,2025-12-28T17:41:04.241763,SES-a17dfa6b,mobile,Firefox,social,,,,,0.0,wireless headphones,0,0,0,
4175ade6-cc61-4951-816f-889c18414153,EVT-004017,USER-00218,click,2025-10-31T16:01:08.120977,SES-5de07d0c,desktop,Safari,email,PROD-00003,Penfolds Grange,Red Wine,Wine,390.13,,276,0,0,
46d042af-a0fc-4c04-afb0-36cfa9640f2f,EVT-004018,USER-00107,search,2025-11-07T11:14:01.410848,SES-de7ca6f3,desktop,Firefox,organic,,,,,0.0,home office chair,0,0,0,
eb8a7796-3c83-4b28-a31c-fdf48ad2e839,EVT-004019,USER-00147,add_to_cart,2025-11-11T08:19:15.285809,SES-9dcb5788,mobile,Chrome,email,PROD-01416,REI Flash 55 Pack,Outdoor Gear,Sports,517.67,,0,1,0,
4373719a-adcd-4a93-a782-8cb84a6e30df,EVT-004020,USER-00048,wishlist,2026-01-11T10:43:20.433710,SES-7db3abf5,tablet,Safari,organic,PROD-01844,Samsung Galaxy Watch 6,Smartwatches,Electronics,790.52,,0,0,0,
0afc9b20-0b5b-4135-8982-1b6ed9d4ba51,EVT-004021,USER-00154,search,2025-11-23T16:39:14.557135,SES-c7e5cfd3,tablet,Chrome,organic,,,,,0.0,red wine gift,0,0,0,
fb01a251-7a3e-4fa3-adba-72d420b1cee7,EVT-004022,USER-00144,view,2026-01-04T05:42:54.356651,SES-975f09f7,tablet,Edge,direct,PROD-01196,Oral-B iO Series 9,Personal Care,Healthcare,285.71,,125,0,0,
6e76c457-4e6a-466a-85f7-c24e6a50c938,EVT-004023,USER-00001,view,2025-12-07T11:44:23.553734,SES-dabae680,desktop,Safari,direct,PROD-00512,Dom Pérignon Rosé 2009,Champagne,Wine,415.51,,398,0,0,
94ec8708-9569-4d4a-b29f-dc79903a9847,EVT-004024,USER-00023,search,2025-11-08T04:17:18.707391,SES-ce678483,desktop,Chrome,social,,,,,0.0,gaming laptop,0,0,0,
319ddda5-7fbd-408f-9c93-11065aefc63d,EVT-004025,USER-00155,search,2025-12-13T03:44:44.742067,SES-9b03c635,mobile,Firefox,social,,,,,0.0,wireless headphones,0,0,0,
16c47acd-ce63-4520-a6b2-4102a6c5ecfc,EVT-004026,USER-00218,click,2025-12-05T08:34:12.492135,SES-bdb70a38,desktop,Safari,email,PROD-00003,Penfolds Grange,Red Wine,Wine,390.13,,276,0,0,
117754d4-1752-4f18-babc-4d1b5808f6f4,EVT-004027,USER-00107,search,2026-01-06T22:35:19.019480,SES-729b56be,desktop,Firefox,organic,,,,,0.0,home office chair,0,0,0,
07cbd02a-6d8d-49c9-84b9-52776b828272,EVT-004028,USER-00147,add_to_cart,2025-11-29T20:59:56.399303,SES-956bfade,mobile,Chrome,email,PROD-01416,REI Flash 55 Pack,Outdoor Gear,Sports,517.67,,0,1,0,
4435060a-8b6e-4acd-a1ec-8f8cfc3cae46,EVT-004029,USER-00048,wishlist,2025-12-12T04:41:49.821818,SES-9c3e89a1,tablet,Safari,organic,PROD-01844,Samsung Galaxy Watch 6,Smartwatches,Electronics,790.52,,0,0,0,
ab66539d-9e5a-4941-8b95-20ee7d521e72,EVT-004030,USER-00154,search,2026-01-11T21:21:31.294816,SES-8baf8a01,tablet,Chrome,organic,,,,,0.0,red wine gift,0,0,0,
a0ac6aa2-4ed3-4833-a5cf-40b347cc326a,EVT-004031,USER-00144,view,2025-12-17T13:52:55.305557,SES-1bcfbec5,tablet,Edge,direct,PROD-01196,Oral-B iO Series 9,Personal Care,Healthcare,285.71,,125,0,0,
08bec396-0c25-494c-ade1-8c6f5af29bcd,EVT-004032,USER-00001,view,2026-01-19T05:24:10.969317,SES-731c74cd,desktop,Safari,direct,PROD-00512,Dom Pérignon Rosé 2009,Champagne,Wine,415.51,,398,0,0,
9ba32d35-ab19-48b3-b6ff-ee7189109a3b,EVT-004033,USER-00023,search,2026-01-05T11:56:30.596881,SES-58e4a1e4,desktop,Chrome,social,,,,,0.0,gaming laptop,0,0,0,
e202aa8b-8d0f-48fe-ab6d-bef67a16e600,EVT-004034,USER-00155,search,2025-11-17T19:24:06.804125,SES-ed38a09e,mobile,Firefox,social,,,,,0.0,wireless headphones,0,0,0,
e34abe88-9705-4a67-93f7-622e208f28a2,EVT-004035,USER-00218,click,2026-01-17T08:29:41.561080,SES-ec23f9db,desktop,Safari,email,PROD-00003,Penfolds Grange,Red Wine,Wine,390.13,,276,0,0,
1bc52f27-4751-48dc-9aaf-b389f642d72f,EVT-004036,USER-00107,search,2025-11-02T02:19:32.945211,SES-d4a29002,desktop,Firefox,organic,,,,,0.0,home office chair,0,0,0,
3290a1d6-68c2-4863-b82c-571551be4adb,EVT-004037,USER-00147,add_to_cart,2025-11-19T00:47:22.178434,SES-66939c30,mobile,Chrome,email,PROD-01416,REI Flash 55 Pack,Outdoor Gear,Sports,517.67,,0,1,0,
3c50374a-783f-4f94-98d7-c5ba37fc50b4,EVT-004038,USER-00048,wishlist,2025-12-11T13:55:20.859042,SES-dcbf1ead,tablet,Safari,organic,PROD-01844,Samsung Galaxy Watch 6,Smartwatches,Electronics,790.52,,0,0,0,
bb7d83e4-a951-49e1-96fe-ea40cf044104,EVT-004039,USER-00154,search,2026-01-02T02:46:07.212300,SES-2dfb4d8e,tablet,Chrome,organic,,,,,0.0,red wine gift,0,0,0,
74bd1bbd-9394-4d99-9f71-90cf7094cf03,EVT-004040,USER-00144,view,2026-01-19T08:03:12.281839,SES-d9eb26d4,tablet,Edge,direct,PROD-01196,Oral-B iO Series 9,Personal Care,Healthcare,285.71,,125,0,0,
47086d3c-79f1-488a-9ef8-c3819298c38f,EVT-004041,USER-00001,view,2025-12-31T21:27:41.621599,SES-e290d033,desktop,Safari,direct,PROD-00512,Dom Pérignon Rosé 2009,Champagne,Wine,415.51,,398,0,0,
bf76f1f1-129f-48b5-890e-8c3404047e6f,EVT-004042,USER-00023,search,2025-11-22T12:10:19.769688,SES-813a3b27,desktop,Chrome,social,,,,,0.0,gaming laptop,0,0,0,
b9f27b19-771e-4951-8874-3a02ab7c62a5,EVT-004043,USER-00155,search,2025-11-13T00:58:32.037765,SES-cd8ae6d2,mobile,Firefox,social,,,,,0.0,wireless headphones,0,0,0,
148bd8e9-3fdb-4e9c-b5d6-133e71536a92,EVT-004044,USER-00218,click,2026-01-08T07:51:24.724395,SES-01413110,desktop,Safari,email,PROD-00003,Penfolds Grange,Red Wine,Wine,390.13,,276,0,0,
cd9a80ba-7b3e-4d3c-97fd-0481577d8935,EVT-004045,USER-00107,search,2026-01-12T19:37:13.966417,SES-fac7c857,desktop,Firefox,organic,,,,,0.0,home office chair,0,0,0,
271ef780-d1c7-4e48-ba5e-e3ef6510c840,EVT-004046,USER-00147,add_to_cart,2025-12-27T23:19:03.524584,SES-d8472754,mobile,Chrome,email,PROD-01416,REI Flash 55 Pack,Outdoor Gear,Sports,517.67,,0,1,0,
f6cb95c2-10eb-43bb-8e63-c7853d07aa59,EVT-004047,USER-00048,wishlist,2025-12-09T05:55:45.482046,SES-9dd54f6e,tablet,Safari,organic,PROD-01844,Samsung Galaxy Watch 6,Smartwatches,Electronics,790.52,,0,0,0,
7013690e-37ef-48f7-85fd-02ed6cf1b4fc,EVT-004048,USER-00154,search,2025-11-28T08:14:37.558271,SES-65a34166,tablet,Chrome,organic,,,,,0.0,red wine gift,0,0,0,
e7ce445e-808c-42c3-b934-d525a6f44b94,EVT-004049,USER-00144,view,2025-11-10T17:58:16.788731,SES-c4c4dc7d,tablet,Edge,direct,PROD-01196,Oral-B iO Series 9,Personal Care,Healthcare,285.71,,125,0,0,
b5456cdc-81af-4f38-b840-0fda097c5b5d,EVT-004050,USER-00001,view,2025-12-19T17:37:44.245442,SES-876a69db,desktop,Safari,direct,PROD-00512,Dom Pérignon Rosé 2009,Champagne,Wine,415.51,,398,0,0,
88c9f9a0-8226-43f3-a10b-6b42d3037152,EVT-004051,USER-00023,search,2025-12-16T23:28:28.444609,SES-9e1ae0f0,desktop,Chrome,social,,,,,0.0,gaming laptop,0,0,0,
0e9e5d4d-7bab-4d09-8ae8-bf89042555e6,EVT-004052,USER-00155,search,2025-11-02T20:16:20.294165,SES-06a7df79,mobile,Firefox,social,,,,,0.0,wireless headphones,0,0,0,
29fa2193-f7c7-4136-af07-79cb50453580,EVT-004053,USER-00218,click,2025-10-31T21:28:53.571684,SES-aee1b709,desktop,Safari,email,PROD-00003,Penfolds Grange,Red Wine,Wine,390.13,,276,0,0,
0ae9a2ea-9db9-4662-8c2b-0025a3ec056d,EVT-004054,USER-00107,search,2025-11-25T00:33:06.527129,SES-121a6d10,desktop,Firefox,organic,,,,,0.0,home office chair,0,0,0,
53ae5e41-f4e8-418c-9261-22ff9f50418e,EVT-004055,USER-00147,add_to_cart,2025-12-23T20:55:44.077538,SES-4aad8c31,mobile,Chrome,email,PROD-01416,REI Flash 55 Pack,Outdoor Gear,Sports,517.67,,0,1,0,
1fa41eb1-e7a5-45e6-a341-7109beb91bb3,EVT-004056,USER-00048,wishlist,2025-10-24T07:07:59.279647,SES-98012d22,tablet,Safari,organic,PROD-01844,Samsung Galaxy Watch 6,Smartwatches,Electronics,790.52,,0,0,0,
b063bbe8-8d35-4a81-b449-b46b616ad2aa,EVT-004057,USER-00154,search,2026-01-04T16:12:39.370351,SES-b07f11e6,tablet,Chrome,organic,,,,,0.0,red wine gift,0,0,0,
e2935a26-1ac5-461e-88a7-500070f1903f,EVT-004058,USER-00144,view,2025-12-07T08:07:08.297053,SES-9dd972f5,tablet,Edge,direct,PROD-01196,Oral-B iO Series 9,Personal Care,Healthcare,285.71,,125,0,0,
23a3152d-27a9-4297-a6ff-9351a86fd772,EVT-004059,USER-00001,view,2026-01-20T01:25:39.338618,SES-206f85d0,desktop,Safari,direct,PROD-00512,Dom Pérignon Rosé 2009,Champagne,Wine,415.51,,398,0,0,
015920cb-9a96-498f-9bbe-a7e861bf8225,EVT-004060,USER-00023,search,2025-12-13T22:45:30.030130,SES-82fc1061,desktop,Chrome,social,,,,,0.0,gaming laptop,0,0,0,
74001fe5-b683-4816-82a0-a39aaa99f901,EVT-004061,USER-00155,search,2025-10-28T12:11:25.279169,SES-26c800ef,mobile,Firefox,social,,,,,0.0,wireless headphones,0,0,0,
025288fc-cf48-45fc-a636-a0f84a9bea10,EVT-004062,USER-00218,click,2025-11-17T17:07:52.511387,SES-c7bdd2b2,desktop,Safari,email,PROD-00003,Penfolds Grange,Red Wine,Wine,390.13,,276,0,0,
2b130905-4a2d-438f-81ca-1d209d251225,EVT-004063,USER-00107,search,2025-12-13T08:09:54.357045,SES-3a4902f2,desktop,Firefox,organic,,,,,0.0,home office chair,0,0,0,
8db81526-c31f-495a-8f30-d299c67e3606,EVT-004064,USER-00147,add_to_cart,2026-01-14T19:39:11.360844,SES-bfa2c4a1,mobile,Chrome,email,PROD-01416,REI Flash 55 Pack,Outdoor Gear,Sports,517.67,,0,1,0,
882a464d-416c-45cb-be16-ebc2d9b4521f,EVT-004065,USER-00048,wishlist,2025-12-25T23:47:09.933556,SES-0726df6c,tablet,Safari,organic,PROD-01844,Samsung Galaxy Watch 6,Smartwatches,Electronics,790.52,,0,0,0,
bd61225c-9821-44fd-bbf0-123070f6c671,EVT-004066,USER-00154,search,2025-12-02T10:50:57.326744,SES-30ace409,tablet,Chrome,organic,,,,,0.0,red wine gift,0,0,0,
f439eae3-72db-49aa-810d-c6901573f609,EVT-004067,USER-00144,view,2025-11-14T15:27:47.449285,SES-4eea6952,tablet,Edge,direct,PROD-01196,Oral-B iO Series 9,Personal Care,Healthcare,285.71,,125,0,0,
4b9e0d10-56ed-41ef-b765-39192c381096,EVT-004068,USER-00001,view,2026-01-03T07:57:28.035956,SES-cc8d6cca,desktop,Safari,direct,PROD-00512,Dom Pérignon Rosé 2009,Champagne,Wine,415.51,,398,0,0,
65ffb0dd-bc43-447c-a3bf-49870bbfee46,EVT-004069,USER-00023,search,2025-11-27T22:18:10.998106,SES-6fcf5efc,desktop,Chrome,social,,,,,0.0,gaming laptop,0,0,0,
8fa8fdc3-69cb-4064-a3df-0a656aff856a,EVT-004070,USER-00155,search,2025-12-15T11:29:34.440088,SES-1e4123e6,mobile,Firefox,social,,,,,0.0,wireless headphones,0,0,0,
651a2195-65b6-4f4b-b8ae-7653bd980bb7,EVT-004071,USER-00218,click,2025-12-13T05:21:24.658369,SES-51c0241b,desktop,Safari,email,PROD-00003,Penfolds Grange,Red Wine,Wine,390.13,,276,0,0,
690352bf-5a12-4a7c-9829-2619eab1116e,EVT-004072,USER-00107,search,2026-01-15T12:07:57.220456,SES-1df4face,desktop,Firefox,organic,,,,,0.0,home office chair,0,0,0,
3499445e-0fec-46f2-a195-e4ffd3ecf981,EVT-004073,USER-00147,add_to_cart,2025-11-29T12:55:48.069442,SES-08a104f1,mobile,Chrome,email,PROD-01416,REI Flash 55 Pack,Outdoor Gear,Sports,517.67,,0,1,0,
71b1b293-6a53-49e3-a12d-f883803b60fe,EVT-004074,USER-00048,wishlist,2025-12-17T21:01:16.826222,SES-bdf3c04f,tablet,Safari,organic,PROD-01844,Samsung Galaxy Watch 6,Smartwatches,Electronics,790.52,,0,0,0,
d7e94684-8dd7-4f93-b376-3b2b0bcdabe5,EVT-004075,USER-00154,search,2026-01-03T09:34:02.778324,SES-5aa9c72d,tablet,Chrome,organic,,,,,0.0,red wine gift,0,0,0,
da69e75e-85d3-4f14-ac90-325b0132f739,EVT-004076,USER-00144,view,2026-01-08T22:25:44.014317,SES-7e243fd5,tablet,Edge,direct,PROD-01196,Oral-B iO Series 9,Personal Care,Healthcare,285.71,,125,0,0,
f435a1c6-c33f-4a8a-a443-e4465065364d,EVT-004077,USER-00001,view,2025-12-20T18:45:42.852160,SES-5f2a4019,desktop,Safari,direct,PROD-00512,Dom Pérignon Rosé 2009,Champagne,Wine,415.51,,398,0,0,
051d8b50-e2ee-4e43-93c5-175950f9467a,EVT-004078,USER-00023,search,2026-01-05T09:32:44.275376,SES-534c3346,desktop,Chrome,social,,,,,0.0,gaming laptop,0,0,0,
8a51766c-69f6-458b-975f-31b2f8b51387,EVT-004079,USER-00155,search,2025-12-19T10:18:52.708190,SES-bfa11d01,mobile,Firefox,social,,,,,0.0,wireless headphones,0,0,0,
edeb226f-354a-40d3-b806-b26bbc055ce6,EVT-004080,USER-00218,click,2025-12-30T00:38:40.354899,SES-eb02b22b,desktop,Safari,email,PROD-00003,Penfolds Grange,Red Wine,Wine,390.13,,276,0,0,
ffa659a7-47b3-4c1f-8992-016f67e2174b,EVT-004081,USER-00107,search,2025-12-28T19:32:13.831189,SES-eb140bd3,desktop,Firefox,organic,,,,,0.0,home office chair,0,0,0,
1923a288-cca1-4f09-be10-c6c84ce17b93,EVT-004082,USER-00147,add_to_cart,2025-12-22T12:05:55.392404,SES-dd6dcb97,mobile,Chrome,email,PROD-01416,REI Flash 55 Pack,Outdoor Gear,Sports,517.67,,0,1,0,
f8842230-78f0-4eb0-8aa3-92578e011a35,EVT-004083,USER-00048,wishlist,2025-12-30T04:04:42.294226,SES-89daf677,tablet,Safari,organic,PROD-01844,Samsung Galaxy Watch 6,Smartwatches,Electronics,790.52,,0,0,0,
da875049-6987-4f39-81d6-8d38504a278b,EVT-004084,USER-00154,search,2026-01-07T13:12:46.012863,SES-fcf53188,tablet,Chrome,organic,,,,,0.0,red wine gift,0,0,0,
ff98c633-28ef-4bf2-a1cb-94284153cfe5,EVT-004085,USER-00144,view,2025-10-30T17:47:24.816881,SES-768e7bcf,tablet,Edge,direct,PROD-01196,Oral-B iO Series 9,Personal Care,Healthcare,285.71,,125,0,0,
8b744023-7c5d-4fc9-ab1a-710956772ed3,EVT-004086,USER-00001,view,2025-12-08T16:06:53.763422,SES-7c507ce8,desktop,Safari,direct,PROD-00512,Dom Pérignon Rosé 2009,Champagne,Wine,415.51,,398,0,0,
711ec7c5-1532-4b04-a83c-1955dc061c02,EVT-004087,USER-00023,search,2025-11-04T17:43:37.836435,SES-5ec25b5b,desktop,Chrome,social,,,,,0.0,gaming laptop,0,0,0,
e45ca61a-af9c-4608-a37b-8e07c1172f47,EVT-004088,USER-00155,search,2026-01-01T04:33:45.186334,SES-18610414,mobile,Firefox,social,,,,,0.0,wireless headphones,0,0,0,
2389b193-288b-4c04-a987-7004e735a5fc,EVT-004089,USER-00218,click,2025-12-13T19:22:48.030285,SES-aadc1fc1,desktop,Safari,email,PROD-00003,Penfolds Grange,Red Wine,Wine,390.13,,276,0,0,
bf3eec2f-1086-438e-b49a-81a739aa2880,EVT-004090,USER-00107,search,2025-12-18T23:34:27.996569,SES-f8479e8c,desktop,Firefox,organic,,,,,0.0,home office chair,0,0,0,
672ff8da-5786-488b-b6a8-ca5bf3fef312,EVT-004091,USER-00147,add_to_cart,2025-12-12T20:39:37.103346,SES-be778770,mobile,Chrome,email,PROD-01416,REI Flash 55 Pack,Outdoor Gear,Sports,517.67,,0,1,0,
e7cc8d00-bc94-4cfb-a8a8-b36a0efeccec,EVT-004092,USER-00048,wishlist,2025-11-04T21:30:32.080230,SES-e6462efa,tablet,Safari,organic,PROD-01844,Samsung Galaxy Watch 6,Smartwatches,Electronics,790.52,,0,0,0,
4b0149f5-fe10-48ec-8d8e-ae16699f29bb,EVT-004093,USER-00154,search,2025-12-12T13:16:12.840923,SES-ede4de81,tablet,Chrome,organic,,,,,0.0,red wine gift,0,0,0,
90e628ec-3514-411b-8ddb-cf0fab170392,EVT-004094,USER-00144,view,2025-11-18T04:03:22.735359,SES-1f1f0052,tablet,Edge,direct,PROD-01196,Oral-B iO Series 9,Personal Care,Healthcare,285.71,,125,0,0,
1e2de377-a13f-42e0-9832-012a06315a81,EVT-004095,USER-00001,view,2025-12-31T04:18:10.927927,SES-6c165b0c,desktop,Safari,direct,PROD-00512,Dom Pérignon Rosé 2009,Champagne,Wine,415.51,,398,0,0,
5d54e9eb-ac2c-4fa3-bcb8-c95de2e81b17,EVT-004096,USER-00023,search,2026-01-10T12:47:13.473394,SES-e0ec55df,desktop,Chrome,social,,,,,0.0,gaming laptop,0,0,0,
853996c3-eafd-4b63-8bcf-eae9119b524e,EVT-004097,USER-00155,search,2025-12-12T22:12:58.407651,SES-6225d196,mobile,Firefox,social,,,,,0.0,wireless headphones,0,0,0,
ddcad906-3aef-461d-aa55-f8c70de56abb,EVT-004098,USER-00218,click,2026-01-01T23:30:03.565132,SES-5efe8811,desktop,Safari,email,PROD-00003,Penfolds Grange,Red Wine,Wine,390.13,,276,0,0,
1575f3d1-5cd4-4355-b3c1-11af83f7c25e,EVT-004099,USER-00107,search,2026-01-07T18:53:56.134103,SES-c56f6bd3,desktop,Firefox,organic,,,,,0.0,home office chair,0,0,0,
8ab574fb-d66e-4e92-a846-d936f644644a,EVT-004100,USER-00147,add_to_cart,2026-01-16T11:14:21.235598,SES-4dbef1b8,mobile,Chrome,email,PROD-01416,REI Flash 55 Pack,Outdoor Gear,Sports,517.67,,0,1,0,
96f1261d-fa16-4766-9c03-4ea9c3e6d67e,EVT-004101,USER-00048,wishlist,2026-01-10T19:42:06.531224,SES-4897c7be,tablet,Safari,organic,PROD-01844,Samsung Galaxy Watch 6,Smartwatches,Electronics,790.52,,0,0,0,
d6553473-a224-49c9-a4bb-7d635e7637d0,EVT-004102,USER-00154,search,2025-11-01T10:10:57.452656,SES-3d85eec2,tablet,Chrome,organic,,,,,0.0,red wine gift,0,0,0,
d33841e0-33d0-470f-91bb-1a21a4888b14,EVT-004103,USER-00144,view,2026-01-06T04:46:43.261228,SES-e83fa1c0,tablet,Edge,direct,PROD-01196,Oral-B iO Series 9,Personal Care,Healthcare,285.71,,125,0,0,
ccccf0e7-3f1f-43c2-a12c-73dfd1fe717e,EVT-004104,USER-00001,view,2026-01-03T07:25:23.970810,SES-5d6d41fb,desktop,Safari,direct,PROD-00512,Dom Pérignon Rosé 2009,Champagne,Wine,415.51,,398,0,0,
5cfd5ec9-af5e-44b3-82e8-dbc760e8c515,EVT-004105,USER-00023,search,2025-11-11T17:52:35.024316,SES-01dfe465,desktop,Chrome,social,,,,,0.0,gaming laptop,0,0,0,
16aa8f42-36e5-45fb-9df7-7526fa7fea52,EVT-004106,USER-00155,search,2025-12-31T22:04:36.616786,SES-6599a06d,mobile,Firefox,social,,,,,0.0,wireless headphones,0,0,0,
8ce41563-2ce0-4cf0-97a6-ae5018c2341a,EVT-004107,USER-00218,click,2025-12-31T12:52:36.033290,SES-997ec2d3,desktop,Safari,email,PROD-00003,Penfolds Grange,Red Wine,Wine,390.13,,276,0,0,
2c443dc2-9998-4534-b2b6-338e8f3d4996,EVT-004108,USER-00107,search,2025-11-30T08:39:54.847151,SES-b3ffdea4,desktop,Firefox,organic,,,,,0.0,home office chair,0,0,0,
15ae0bdd-c9db-4c23-8bc7-0dbaacf18a07,EVT-004109,USER-00147,add_to_cart,2025-12-12T10:11:34.110347,SES-d7468faa,mobile,Chrome,email,PROD-01416,REI Flash 55 Pack,Outdoor Gear,Sports,517.67,,0,1,0,
057eee88-6850-49d8-a627-b161b1b7043b,EVT-004110,USER-00048,wishlist,2026-01-17T03:05:33.578534,SES-dd3d61ba,tablet,Safari,organic,PROD-01844,Samsung Galaxy Watch 6,Smartwatches,Electronics,790.52,,0,0,0,
94bbe7e2-9f22-4797-9f14-81ee98dae8ef,EVT-004111,USER-00154,search,2025-10-27T14:26:41.128068,SES-5abb2ef7,tablet,Chrome,organic,,,,,0.0,red wine gift,0,0,0,
470b62e1-3538-454d-9515-0ee994909431,EVT-004112,USER-00144,view,2025-12-17T16:07:36.149431,SES-c63b4f51,tablet,Edge,direct,PROD-01196,Oral-B iO Series 9,Personal Care,Healthcare,285.71,,125,0,0,
95420807-8b76-4362-9361-edacc74dbc73,EVT-004113,USER-00001,view,2025-10-24T17:43:52.171616,SES-87684f76,desktop,Safari,direct,PROD-00512,Dom Pérignon Rosé 2009,Champagne,Wine,415.51,,398,0,0,
d587c9c6-6224-4df2-a5ee-c5d42d6af047,EVT-004114,USER-00023,search,2025-12-11T21:13:06.853527,SES-fb162990,desktop,Chrome,social,,,,,0.0,gaming laptop,0,0,0,
423d8235-572d-4090-8ef1-1c5b73185641,EVT-004115,USER-00155,search,2025-11-05T14:56:16.347321,SES-12f4aa3d,mobile,Firefox,social,,,,,0.0,wireless headphones,0,0,0,
9ff18171-5ee6-4d07-907b-3e85a591aa3d,EVT-004116,USER-00218,click,2025-12-19T07:03:12.123262,SES-57c171fb,desktop,Safari,email,PROD-00003,Penfolds Grange,Red Wine,Wine,390.13,,276,0,0,
dc1f32c8-b214-42fa-9f84-1beb258bd86e,EVT-004117,USER-00107,search,2025-12-02T19:38:53.317938,SES-8b3b4146,desktop,Firefox,organic,,,,,0.0,home office chair,0,0,0,
623f18cf-5d8f-4ab7-8dc9-c722918b98bf,EVT-004118,USER-00147,add_to_cart,2025-11-29T06:22:33.645668,SES-9f72ea03,mobile,Chrome,email,PROD-01416,REI Flash 55 Pack,Outdoor Gear,Sports,517.67,,0,1,0,
c59b649c-0071-4e90-9491-f76068673676,EVT-004119,USER-00048,wishlist,2026-01-10T22:00:29.868597,SES-a8f29d55,tablet,Safari,organic,PROD-01844,Samsung Galaxy Watch 6,Smartwatches,Electronics,790.52,,0,0,0,
30e70d22-6bbe-4371-af8a-6786d5e53680,EVT-004120,USER-00154,search,2025-12-19T10:43:03.988419,SES-3ba968af,tablet,Chrome,organic,,,,,0.0,red wine gift,0,0,0,
cb09548b-8bf8-4e86-a328-5c5a90cb02c9,EVT-004121,USER-00144,view,2025-11-07T07:47:30.119122,SES-0f6a58ff,tablet,Edge,direct,PROD-01196,Oral-B iO Series 9,Personal Care,Healthcare,285.71,,125,0,0,
9416af9d-3861-4f8e-bcd8-802c89eff48a,EVT-004122,USER-00001,view,2025-11-11T02:29:41.691258,SES-83715902,desktop,Safari,direct,PROD-00512,Dom Pérignon Rosé 2009,Champagne,Wine,415.51,,398,0,0,
32f79c72-f4cb-42c1-9a02-e5383fafacea,EVT-004123,USER-00023,search,2025-12-12T05:19:15.485372,SES-8feb791d,desktop,Chrome,social,,,,,0.0,gaming laptop,0,0,0,
a13d0545-127b-4d4c-beef-cdc399b4adc4,EVT-004124,USER-00155,search,2026-01-20T04:40:14.031694,SES-a8b256d0,mobile,Firefox,social,,,,,0.0,wireless headphones,0,0,0,
c60e4d4d-c7ed-45bc-a133-cc9dbeb26585,EVT-004125,USER-00218,click,2025-11-12T04:51:16.116924,SES-02cc7c77,desktop,Safari,email,PROD-00003,Penfolds Grange,Red Wine,Wine,390.13,,276,0,0,
8cc9a88f-555f-445f-8b96-adca1a13623a,EVT-004126,USER-00107,search,2025-12-16T06:40:30.829171,SES-c688e2da,desktop,Firefox,organic,,,,,0.0,home office chair,0,0,0,
cd0b6dd4-3034-4db2-bf50-20cc336625d2,EVT-004127,USER-00147,add_to_cart,2025-11-20T23:49:00.404560,SES-77e60005,mobile,Chrome,email,PROD-01416,REI Flash 55 Pack,Outdoor Gear,Sports,517.67,,0,1,0,
785e2cdd-8bbf-4964-b8e8-ebacfe669bc2,EVT-004128,USER-00048,wishlist,2025-12-21T07:13:46.884733,SES-9c8a825d,tablet,Safari,organic,PROD-01844,Samsung Galaxy Watch 6,Smartwatches,Electronics,790.52,,0,0,0,
a6a808df-e089-4e30-804b-cc6b2568216a,EVT-004129,USER-00154,search,2026-01-12T09:06:49.465427,SES-9b2cada6,tablet,Chrome,organic,,,,,0.0,red wine gift,0,0,0,
2d4decd4-c6b9-460a-ab5d-757d0b5f4561,EVT-004130,USER-00144,view,2025-12-20T04:32:44.234744,SES-518a03f9,tablet,Edge,direct,PROD-01196,Oral-B iO Series 9,Personal Care,Healthcare,285.71,,125,0,0,
b327a31a-5807-4c46-8f7d-d24204b408b4,EVT-004131,USER-00001,view,2026-01-11T12:56:36.292883,SES-d6df603f,desktop,Safari,direct,PROD-00512,Dom Pérignon Rosé 2009,Champagne,Wine,415.51,,398,0,0,
69c37540-605f-4fed-aaea-99d149be2072,EVT-004132,USER-00023,search,2025-12-08T11:47:11.480365,SES-06005ad5,desktop,Chrome,social,,,,,0.0,gaming laptop,0,0,0,
2f83c002-a762-4594-9dfd-f050b58de7d6,EVT-004133,USER-00155,search,2025-12-20T19:48:57.386595,SES-a355670f,mobile,Firefox,social,,,,,0.0,wireless headphones,0,0,0,
fd184789-2bde-4962-b613-4cb0bde8c54a,EVT-004134,USER-00218,click,2025-12-12T04:13:37.989615,SES-91463363,desktop,Safari,email,PROD-00003,Penfolds Grange,Red Wine,Wine,390.13,,276,0,0,
d7cb6e4a-4ab6-461b-b040-e22d8c85a256,EVT-004135,USER-00107,search,2025-10-24T05:56:04.356828,SES-b56d9153,desktop,Firefox,organic,,,,,0.0,home office chair,0,0,0,
accf4d73-87f9-4d66-bade-b64a760b3d8d,EVT-004136,USER-00147,add_to_cart,2026-01-04T08:41:08.742163,SES-c1321e24,mobile,Chrome,email,PROD-01416,REI Flash 55 Pack,Outdoor Gear,Sports,517.67,,0,1,0,
91e2059d-1631-4018-8b1c-ba48ac93f4fc,EVT-004137,USER-00048,wishlist,2025-11-17T07:05:28.304331,SES-8d666a5b,tablet,Safari,organic,PROD-01844,Samsung Galaxy Watch 6,Smartwatches,Electronics,790.52,,0,0,0,
97ffa9a7-1199-4f73-ae3c-ed2d6c97c7c7,EVT-004138,USER-00154,search,2025-10-22T22:46:19.728077,SES-368eb7fa,tablet,Chrome,organic,,,,,0.0,red wine gift,0,0,0,
f1d72560-3327-4673-b9ba-3f6f9269d381,EVT-004139,USER-00144,view,2025-11-22T16:39:04.128524,SES-31d98ee9,tablet,Edge,direct,PROD-01196,Oral-B iO Series 9,Personal Care,Healthcare,285.71,,125,0,0,
9fce2ea3-cf0a-4bd4-9df4-659c1b2e1d9c,EVT-004140,USER-00001,view,2025-11-28T08:16:33.652241,SES-b25ed2ff,desktop,Safari,direct,PROD-00512,Dom Pérignon Rosé 2009,Champagne,Wine,415.51,,398,0,0,
20f5007d-bd7f-4eef-aed6-83688530c794,EVT-004141,USER-00023,search,2025-12-21T09:28:30.511061,SES-e383c832,desktop,Chrome,social,,,,,0.0,gaming laptop,0,0,0,
4839c9f2-d3ba-48d2-a279-87d0379c91c2,EVT-004142,USER-00155,search,2026-01-19T00:23:16.440405,SES-861cbb54,mobile,Firefox,social,,,,,0.0,wireless headphones,0,0,0,
3d9546a7-ab40-4748-87ba-e4db3c8de971,EVT-004143,USER-00218,click,2026-01-11T20:59:34.390097,SES-9410df2d,desktop,Safari,email,PROD-00003,Penfolds Grange,Red Wine,Wine,390.13,,276,0,0,
5c211bf3-d918-478e-810a-83a53dc8c8c8,EVT-004144,USER-00107,search,2025-12-12T15:16:28.705633,SES-a12ed7e1,desktop,Firefox,organic,,,,,0.0,home office chair,0,0,0,
aa8353c8-690e-4a5d-acf2-4be5214c46ff,EVT-004145,USER-00147,add_to_cart,2025-11-30T17:53:46.479794,SES-90e98896,mobile,Chrome,email,PROD-01416,REI Flash 55 Pack,Outdoor Gear,Sports,517.67,,0,1,0,
8c350f2d-763d-47c8-b352-023456163e55,EVT-004146,USER-00048,wishlist,2025-10-25T08:48:22.615745,SES-f599e8c7,tablet,Safari,organic,PROD-01844,Samsung Galaxy Watch 6,Smartwatches,Electronics,790.52,,0,0,0,
6cdf2fda-00ac-4ef1-b4a9-6b3c70d431fa,EVT-004147,USER-00154,search,2026-01-03T02:02:24.997373,SES-4fdad6fb,tablet,Chrome,organic,,,,,0.0,red wine gift,0,0,0,
c93a22ed-d7db-4f6d-b2fa-5f330341e834,EVT-004148,USER-00144,view,2026-01-01T05:44:25.372739,SES-d9a11c45,tablet,Edge,direct,PROD-01196,Oral-B iO Series 9,Personal Care,Healthcare,285.71,,125,0,0,
378d58be-eda3-49d5-9177-67bbcdf0f704,EVT-004149,USER-00001,view,2025-11-28T05:35:41.718782,SES-f1153b9f,desktop,Safari,direct,PROD-00512,Dom Pérignon Rosé 2009,Champagne,Wine,415.51,,398,0,0,
65c1d84d-5961-4c0a-a17a-a2a7f2d49c39,EVT-004150,USER-00023,search,2025-12-30T08:26:36.567614,SES-2757438b,desktop,Chrome,social,,,,,0.0,gaming laptop,0,0,0,
46e16234-33f4-4e32-afd0-bff40563077a,EVT-004151,USER-00155,search,2025-12-10T16:15:25.289622,SES-85b750cc,mobile,Firefox,social,,,,,0.0,wireless headphones,0,0,0,
6314f5cf-b6b0-41b7-b0a4-b4d2dc9d4088,EVT-004152,USER-00218,click,2025-11-04T20:49:06.991696,SES-c0cbe6a6,desktop,Safari,email,PROD-00003,Penfolds Grange,Red Wine,Wine,390.13,,276,0,0,
0e119467-51d3-4862-babf-5c783507b9a9,EVT-004153,USER-00107,search,2025-12-21T03:43:13.113615,SES-ca2c81b3,desktop,Firefox,organic,,,,,0.0,home office chair,0,0,0,
bc26ccf3-d41e-46ee-be64-18e2c67e646c,EVT-004154,USER-00147,add_to_cart,2025-10-31T02:05:25.734991,SES-7e1801e1,mobile,Chrome,email,PROD-01416,REI Flash 55 Pack,Outdoor Gear,Sports,517.67,,0,1,0,
0ae0cb03-44b4-4790-8490-41c5e6d5af8e,EVT-004155,USER-00048,wishlist,2025-12-11T05:27:44.075682,SES-cd8ef020,tablet,Safari,organic,PROD-01844,Samsung Galaxy Watch 6,Smartwatches,Electronics,790.52,,0,0,0,
384f8488-f5f8-412e-ba83-883d011ab9ca,EVT-004156,USER-00154,search,2025-12-13T05:37:43.641855,SES-c48239dc,tablet,Chrome,organic,,,,,0.0,red wine gift,0,0,0,
8e2415a6-1bb0-49c6-88ce-1a40acd08d5e,EVT-004157,USER-00144,view,2025-11-22T16:43:32.686454,SES-3e414bf4,tablet,Edge,direct,PROD-01196,Oral-B iO Series 9,Personal Care,Healthcare,285.71,,125,0,0,
9f341a16-7078-4039-b6a2-38d59af10769,EVT-004158,USER-00001,view,2025-12-18T09:41:53.628781,SES-5f80436d,desktop,Safari,direct,PROD-00512,Dom Pérignon Rosé 2009,Champagne,Wine,415.51,,398,0,0,
64d4cafd-9c64-44b2-b248-0c52a5264430,EVT-004159,USER-00023,search,2026-01-13T18:48:46.010098,SES-70fd1523,desktop,Chrome,social,,,,,0.0,gaming laptop,0,0,0,
2dd30571-f5b8-42be-abdf-5f50676ad190,EVT-004160,USER-00155,search,2025-11-11T04:03:41.252534,SES-bc47a3c6,mobile,Firefox,social,,,,,0.0,wireless headphones,0,0,0,
20ebf6d7-b7b3-4ee2-b280-63da1d4aa583,EVT-004161,USER-00218,click,2025-12-12T05:36:40.618951,SES-c9db4e4e,desktop,Safari,email,PROD-00003,Penfolds Grange,Red Wine,Wine,390.13,,276,0,0,
0872c651-ec26-4486-82df-5606b2032b53,EVT-004162,USER-00107,search,2026-01-03T11:01:08.872372,SES-700f534e,desktop,Firefox,organic,,,,,0.0,home office chair,0,0,0,
b67aa532-73d9-4a06-8bf8-8e9c0ca5c6b6,EVT-004163,USER-00147,add_to_cart,2025-10-31T12:21:43.603997,SES-daf111c7,mobile,Chrome,email,PROD-01416,REI Flash 55 Pack,Outdoor Gear,Sports,517.67,,0,1,0,
d4c6ee38-5be4-4930-b4aa-1e9b2581d107,EVT-004164,USER-00048,wishlist,2026-01-05T10:15:45.898528,SES-edf52dba,tablet,Safari,organic,PROD-01844,Samsung Galaxy Watch 6,Smartwatches,Electronics,790.52,,0,0,0,
4036d360-3b70-4cb6-8d85-9f42e8576f1a,EVT-004165,USER-00154,search,2026-01-10T01:52:32.759640,SES-e82d5752,tablet,Chrome,organic,,,,,0.0,red wine gift,0,0,0,
b6533704-fe6d-48ff-9e42-4d8f99cd93f7,EVT-004166,USER-00144,view,2025-12-30T15:45:24.052954,SES-c9ed2da7,tablet,Edge,direct,PROD-01196,Oral-B iO Series 9,Personal Care,Healthcare,285.71,,125,0,0,
f0282847-bbff-4c24-b984-9acc862555f1,EVT-004167,USER-00001,view,2026-01-03T07:45:29.654118,SES-a5479f0b,desktop,Safari,direct,PROD-00512,Dom Pérignon Rosé 2009,Champagne,Wine,415.51,,398,0,0,
0465cab7-3754-4a2a-85e9-a3bb055b90df,EVT-004168,USER-00023,search,2025-11-19T21:42:59.851159,SES-b608b0a5,desktop,Chrome,social,,,,,0.0,gaming laptop,0,0,0,
df913e3f-47d5-4b0a-adb7-5b3b41a16ae0,EVT-004169,USER-00155,search,2025-11-21T23:44:14.968122,SES-77cf2458,mobile,Firefox,social,,,,,0.0,wireless headphones,0,0,0,
148b7363-8563-4593-906d-bdf5df5bfe62,EVT-004170,USER-00218,click,2026-01-13T19:36:00.915926,SES-2e1a774c,desktop,Safari,email,PROD-00003,Penfolds Grange,Red Wine,Wine,390.13,,276,0,0,
56ea4908-5a23-4c4f-81d3-2ee0d5181d3f,EVT-004171,USER-00107,search,2025-11-02T11:44:15.837435,SES-639f1aa5,desktop,Firefox,organic,,,,,0.0,home office chair,0,0,0,
7a6c9c96-9e14-4562-9428-59117835ab37,EVT-004172,USER-00147,add_to_cart,2026-01-06T13:40:51.758200,SES-af216fbe,mobile,Chrome,email,PROD-01416,REI Flash 55 Pack,Outdoor Gear,Sports,517.67,,0,1,0,
5c0a7bca-61b0-461d-a07c-31a6daeb3341,EVT-004173,USER-00048,wishlist,2025-12-31T14:55:41.927207,SES-f24a66c1,tablet,Safari,organic,PROD-01844,Samsung Galaxy Watch 6,Smartwatches,Electronics,790.52,,0,0,0,
5fad40be-ca72-49fd-9877-a8df36313790,EVT-004174,USER-00154,search,2025-11-27T13:15:51.739105,SES-7633e908,tablet,Chrome,organic,,,,,0.0,red wine gift,0,0,0,
b9865f40-5ed3-48d0-ab6a-ddbde8b2deb2,EVT-004175,USER-00144,view,2025-11-05T01:52:21.054398,SES-72620257,tablet,Edge,direct,PROD-01196,Oral-B iO Series 9,Personal Care,Healthcare,285.71,,125,0,0,
cb0ffce6-f372-4ba5-95d2-be6293bb798b,EVT-004176,USER-00001,view,2025-12-14T13:22:34.783024,SES-ad56514c,desktop,Safari,direct,PROD-00512,Dom Pérignon Rosé 2009,Champagne,Wine,415.51,,398,0,0,
78ec60af-5b58-4afd-858a-d0d3ae29d966,EVT-004177,USER-00023,search,2025-12-31T06:07:44.361064,SES-3ab5ac53,desktop,Chrome,social,,,,,0.0,gaming laptop,0,0,0,
504571c8-6085-4796-81e4-fdb14036dda4,EVT-004178,USER-00155,search,2026-01-07T03:37:31.277364,SES-71e951e4,mobile,Firefox,social,,,,,0.0,wireless headphones,0,0,0,
155523c3-d885-4174-bda4-9744d09907b8,EVT-004179,USER-00218,click,2025-11-16T03:26:35.719645,SES-99f3a2ef,desktop,Safari,email,PROD-00003,Penfolds Grange,Red Wine,Wine,390.13,,276,0,0,
62a08b11-64a7-41df-b1c3-9ab29693df77,EVT-004180,USER-00107,search,2026-01-11T13:57:46.583590,SES-bcc25a08,desktop,Firefox,organic,,,,,0.0,home office chair,0,0,0,
d51461f2-efb7-4c02-ad84-fe1785fc0007,EVT-004181,USER-00147,add_to_cart,2026-01-07T14:09:06.710901,SES-2277465d,mobile,Chrome,email,PROD-01416,REI Flash 55 Pack,Outdoor Gear,Sports,517.67,,0,1,0,
69c8d427-b1ff-4c03-be47-d1424970781e,EVT-004182,USER-00048,wishlist,2026-01-05T14:24:02.982638,SES-175587ae,tablet,Safari,organic,PROD-01844,Samsung Galaxy Watch 6,Smartwatches,Electronics,790.52,,0,0,0,
19e40932-4e5e-4269-8e8a-e8cd89dfe890,EVT-004183,USER-00154,search,2025-11-06T10:54:22.697128,SES-0d47b668,tablet,Chrome,organic,,,,,0.0,red wine gift,0,0,0,
a2780436-01c0-4e37-9259-a5fe9800edf5,EVT-004184,USER-00144,view,2025-12-29T09:10:30.206663,SES-32d1566d,tablet,Edge,direct,PROD-01196,Oral-B iO Series 9,Personal Care,Healthcare,285.71,,125,0,0,
d167e75c-e4f9-464d-822e-e0d7a002ddbd,EVT-004185,USER-00001,view,2025-10-22T18:14:56.322428,SES-5a433789,desktop,Safari,direct,PROD-00512,Dom Pérignon Rosé 2009,Champagne,Wine,415.51,,398,0,0,
8baa4325-16d2-451c-a450-83a7ce1c5437,EVT-004186,USER-00023,search,2025-12-21T18:24:12.245294,SES-dceb8fd7,desktop,Chrome,social,,,,,0.0,gaming laptop,0,0,0,
1800e243-fd50-43f7-8ed3-ba39e71b3a0e,EVT-004187,USER-00155,search,2025-12-07T22:09:25.566893,SES-cf29b8f9,mobile,Firefox,social,,,,,0.0,wireless headphones,0,0,0,
f80d20de-e3b8-4313-a455-3394c8bb0131,EVT-004188,USER-00218,click,2025-12-15T16:59:01.624187,SES-7d44c49f,desktop,Safari,email,PROD-00003,Penfolds Grange,Red Wine,Wine,390.13,,276,0,0,
7c72382b-ab31-4deb-bef3-1dd5f1d79c84,EVT-004189,USER-00107,search,2026-01-12T07:59:18.225029,SES-3c5d1c0e,desktop,Firefox,organic,,,,,0.0,home office chair,0,0,0,
d33d9ce0-f9e1-4663-b194-66450ea57f1c,EVT-004190,USER-00147,add_to_cart,2025-11-26T16:59:40.172342,SES-cd9763bf,mobile,Chrome,email,PROD-01416,REI Flash 55 Pack,Outdoor Gear,Sports,517.67,,0,1,0,
d2445ed0-5ab6-412a-aac5-074c28331aeb,EVT-004191,USER-00048,wishlist,2026-01-20T12:46:26.595097,SES-c65e32b6,tablet,Safari,organic,PROD-01844,Samsung Galaxy Watch 6,Smartwatches,Electronics,790.52,,0,0,0,
7c67b035-0a10-40e0-9e8a-8609761a0c9e,EVT-004192,USER-00154,search,2025-11-02T04:23:21.960314,SES-cee08aba,tablet,Chrome,organic,,,,,0.0,red wine gift,0,0,0,
66ae1984-c11c-478c-a9e3-f3be2396c3c9,EVT-004193,USER-00144,view,2026-01-18T20:10:52.659900,SES-072e7cc1,tablet,Edge,direct,PROD-01196,Oral-B iO Series 9,Personal Care,Healthcare,285.71,,125,0,0,
f2bf144b-7aa5-450d-9887-9df2801fc7c6,EVT-004194,USER-00001,view,2025-11-26T12:27:39.475328,SES-e4c4e215,desktop,Safari,direct,PROD-00512,Dom Pérignon Rosé 2009,Champagne,Wine,415.51,,398,0,0,
0f0f07c0-7ed5-4ec8-b101-3e1d36c55de7,EVT-004195,USER-00023,search,2025-11-09T20:34:58.244858,SES-7e82e5e8,desktop,Chrome,social,,,,,0.0,gaming laptop,0,0,0,
2ab425e8-1aad-4118-b121-88cdc73e43d9,EVT-004196,USER-00155,search,2025-10-29T23:33:30.881272,SES-b4d50b46,mobile,Firefox,social,,,,,0.0,wireless headphones,0,0,0,
cdd3d276-5484-4855-8291-9d076fd57616,EVT-004197,USER-00218,click,2025-11-09T01:44:06.585712,SES-893e164b,desktop,Safari,email,PROD-00003,Penfolds Grange,Red Wine,Wine,390.13,,276,0,0,
5a8e6300-8e9e-4a6f-87db-7e87c9495f42,EVT-004198,USER-00107,search,2025-12-16T17:49:05.582611,SES-3cf4627b,desktop,Firefox,organic,,,,,0.0,home office chair,0,0,0,
8ac61694-6113-4c08-ae52-a2059c4fffc2,EVT-004199,USER-00147,add_to_cart,2026-01-04T19:01:36.783387,SES-4883dfa4,mobile,Chrome,email,PROD-01416,REI Flash 55 Pack,Outdoor Gear,Sports,517.67,,0,1,0,
fc155f65-0568-4c0f-9ed8-875fa4a6920e,EVT-004200,USER-00048,wishlist,2026-01-04T18:31:03.516901,SES-b987b412,tablet,Safari,organic,PROD-01844,Samsung Galaxy Watch 6,Smartwatches,Electronics,790.52,,0,0,0,
4073a658-e3c6-4ce3-ad5b-06078422d57f,EVT-004201,USER-00154,search,2025-10-24T23:11:03.923646,SES-970b3a1c,tablet,Chrome,organic,,,,,0.0,red wine gift,0,0,0,
54051a04-1453-46ba-8b49-d111cd356ff4,EVT-004202,USER-00144,view,2026-01-15T18:04:41.190217,SES-9fb975b6,tablet,Edge,direct,PROD-01196,Oral-B iO Series 9,Personal Care,Healthcare,285.71,,125,0,0,
ea5494a0-0369-43a0-9844-6a034c1994de,EVT-004203,USER-00001,view,2025-11-25T10:32:58.630833,SES-7428613b,desktop,Safari,direct,PROD-00512,Dom Pérignon Rosé 2009,Champagne,Wine,415.51,,398,0,0,
96202813-0f94-480a-b73e-81329192140e,EVT-004204,USER-00023,search,2025-10-27T17:03:59.099572,SES-68edb46e,desktop,Chrome,social,,,,,0.0,gaming laptop,0,0,0,
fc12e7c2-d987-4cfa-ad96-b2428fac2862,EVT-004205,USER-00155,search,2025-12-20T00:25:55.694298,SES-b2eedea0,mobile,Firefox,social,,,,,0.0,wireless headphones,0,0,0,
27000b84-dd5f-41af-a7e4-8193156a09d5,EVT-004206,USER-00218,click,2025-10-29T21:09:42.087986,SES-8e867c76,desktop,Safari,email,PROD-00003,Penfolds Grange,Red Wine,Wine,390.13,,276,0,0,
132a7a0d-809a-45f5-a2e5-15f0da7b4110,EVT-004207,USER-00107,search,2025-12-18T08:38:17.086560,SES-f9593f0c,desktop,Firefox,organic,,,,,0.0,home office chair,0,0,0,
64ebb39d-8982-44dc-9cd9-49cbe9dffdd6,EVT-004208,USER-00147,add_to_cart,2025-10-29T06:10:03.936723,SES-9a02f43e,mobile,Chrome,email,PROD-01416,REI Flash 55 Pack,Outdoor Gear,Sports,517.67,,0,1,0,
18c5b45f-c430-44e9-848a-ebe14915fe3e,EVT-004209,USER-00048,wishlist,2025-12-28T01:38:01.193938,SES-8d63be1f,tablet,Safari,organic,PROD-01844,Samsung Galaxy Watch 6,Smartwatches,Electronics,790.52,,0,0,0,
7e9ba3e7-1b64-46b8-b5ec-8fcd11a37650,EVT-004210,USER-00154,search,2025-10-27T13:28:29.808653,SES-3bc5e541,tablet,Chrome,organic,,,,,0.0,red wine gift,0,0,0,
b03ac56e-d8e9-40ca-89be-0f53a1313763,EVT-004211,USER-00144,view,2025-11-28T08:57:53.178377,SES-4b9f3d23,tablet,Edge,direct,PROD-01196,Oral-B iO Series 9,Personal Care,Healthcare,285.71,,125,0,0,
01f37720-ed0a-4b21-9274-4a095a43fe95,EVT-004212,USER-00001,view,2025-11-07T14:51:53.277875,SES-5e780bfa,desktop,Safari,direct,PROD-00512,Dom Pérignon Rosé 2009,Champagne,Wine,415.51,,398,0,0,
e8e1be09-1d64-42c2-8ceb-52209eac7eae,EVT-004213,USER-00023,search,2025-12-18T07:56:11.547975,SES-15346f14,desktop,Chrome,social,,,,,0.0,gaming laptop,0,0,0,
703eb367-1e63-45f4-8fd8-7fadd5215935,EVT-004214,USER-00155,search,2025-11-09T07:16:44.631666,SES-cbd5b0ac,mobile,Firefox,social,,,,,0.0,wireless headphones,0,0,0,
d2f8cfd1-a004-4f30-b21e-b2a11acb9714,EVT-004215,USER-00218,click,2025-12-14T02:15:17.910688,SES-31ac9aa7,desktop,Safari,email,PROD-00003,Penfolds Grange,Red Wine,Wine,390.13,,276,0,0,
f1b9e425-aec3-4596-ae2f-9b3cd7e338f1,EVT-004216,USER-00107,search,2025-12-01T13:41:36.696039,SES-d1b33a90,desktop,Firefox,organic,,,,,0.0,home office chair,0,0,0,
0ea158dd-b39c-40b6-9ccb-9d09e996005a,EVT-004217,USER-00147,add_to_cart,2025-11-28T16:11:15.471810,SES-0cb3e48e,mobile,Chrome,email,PROD-01416,REI Flash 55 Pack,Outdoor Gear,Sports,517.67,,0,1,0,
eccc3195-ed6a-4d94-b90f-316804380929,EVT-004218,USER-00048,wishlist,2025-11-04T14:24:57.766777,SES-54d2a00a,tablet,Safari,organic,PROD-01844,Samsung Galaxy Watch 6,Smartwatches,Electronics,790.52,,0,0,0,
3c21d863-146b-47b9-988a-da5485f54311,EVT-004219,USER-00154,search,2025-12-27T08:53:06.339634,SES-d57b3c82,tablet,Chrome,organic,,,,,0.0,red wine gift,0,0,0,
f851d364-4631-4e47-a96f-238c94d12ba3,EVT-004220,USER-00144,view,2025-11-11T12:26:21.752651,SES-2dd516f3,tablet,Edge,direct,PROD-01196,Oral-B iO Series 9,Personal Care,Healthcare,285.71,,125,0,0,
01779174-8e44-481e-be34-8a9ad8547deb,EVT-004221,USER-00001,view,2025-11-16T20:30:16.536665,SES-bcfa4d06,desktop,Safari,direct,PROD-00512,Dom Pérignon Rosé 2009,Champagne,Wine,415.51,,398,0,0,
ae3f641a-0f34-40b4-9609-db313212b2e3,EVT-004222,USER-00023,search,2025-10-24T04:27:46.023307,SES-bc144b9e,desktop,Chrome,social,,,,,0.0,gaming laptop,0,0,0,
eabbf105-0227-4b44-83b3-8293ed1f8115,EVT-004223,USER-00155,search,2025-12-06T05:55:00.151453,SES-d2b42699,mobile,Firefox,social,,,,,0.0,wireless headphones,0,0,0,
95408ac4-8135-4f8d-b5a1-b147f35129f4,EVT-004224,USER-00218,click,2025-12-01T12:21:25.885591,SES-ca7cd08a,desktop,Safari,email,PROD-00003,Penfolds Grange,Red Wine,Wine,390.13,,276,0,0,
e95227e7-4faa-4a1b-b850-2349734324ec,EVT-004225,USER-00107,search,2025-11-17T00:10:41.413381,SES-0a0c3724,desktop,Firefox,organic,,,,,0.0,home office chair,0,0,0,
f0450b4e-fe34-45ac-b314-4924a12c3313,EVT-004226,USER-00147,add_to_cart,2025-11-06T06:43:50.324625,SES-59442170,mobile,Chrome,email,PROD-01416,REI Flash 55 Pack,Outdoor Gear,Sports,517.67,,0,1,0,
524300e7-d77f-4081-ae25-3c01056ab1ad,EVT-004227,USER-00048,wishlist,2025-12-25T23:03:26.311677,SES-41916c91,tablet,Safari,organic,PROD-01844,Samsung Galaxy Watch 6,Smartwatches,Electronics,790.52,,0,0,0,
35aba09d-7918-4891-9e49-bb70a6e87a38,EVT-004228,USER-00154,search,2025-12-02T02:01:49.070330,SES-6ea3f7c5,tablet,Chrome,organic,,,,,0.0,red wine gift,0,0,0,
b2e69c3b-30bb-49cb-b0d6-ba9b1a225e29,EVT-004229,USER-00144,view,2025-11-04T05:57:14.396024,SES-e653e509,tablet,Edge,direct,PROD-01196,Oral-B iO Series 9,Personal Care,Healthcare,285.71,,125,0,0,
a4e3cc76-44e9-481f-afc8-69a3562ecd0f,EVT-004230,USER-00001,view,2025-11-27T23:05:22.722426,SES-89a4f17e,desktop,Safari,direct,PROD-00512,Dom Pérignon Rosé 2009,Champagne,Wine,415.51,,398,0,0,
5024d814-939e-4450-b996-18591e9be11d,EVT-004231,USER-00023,search,2026-01-08T08:15:04.771898,SES-082bd7d4,desktop,Chrome,social,,,,,0.0,gaming laptop,0,0,0,
8bcc3fd6-a5fc-4a3b-a882-c69c64fac917,EVT-004232,USER-00155,search,2025-12-22T02:20:45.274677,SES-49c87d5c,mobile,Firefox,social,,,,,0.0,wireless headphones,0,0,0,
b25cc815-9474-4030-a587-7ce40f956fba,EVT-004233,USER-00218,click,2025-12-15T08:10:12.188363,SES-aa5895f2,desktop,Safari,email,PROD-00003,Penfolds Grange,Red Wine,Wine,390.13,,276,0,0,
919fbddf-7036-4c79-a548-b1f31998eb3a,EVT-004234,USER-00107,search,2025-11-22T16:21:54.556381,SES-f9d92f60,desktop,Firefox,organic,,,,,0.0,home office chair,0,0,0,
62f9b37b-896b-44e8-ac31-e96646e12298,EVT-004235,USER-00147,add_to_cart,2025-12-11T15:56:21.872281,SES-96fe80e8,mobile,Chrome,email,PROD-01416,REI Flash 55 Pack,Outdoor Gear,Sports,517.67,,0,1,0,
ed3e32e6-e221-4f17-824d-e3d0496c8bf8,EVT-004236,USER-00048,wishlist,2025-10-30T23:00:22.584821,SES-274e4038,tablet,Safari,organic,PROD-01844,Samsung Galaxy Watch 6,Smartwatches,Electronics,790.52,,0,0,0,
220139c5-4d61-486b-8db0-4caf4eec1985,EVT-004237,USER-00154,search,2026-01-09T04:37:28.320803,SES-d8931e9d,tablet,Chrome,organic,,,,,0.0,red wine gift,0,0,0,
3e81f33f-9437-4e8f-9e95-0780ef38bfdf,EVT-004238,USER-00144,view,2025-12-26T22:06:37.987969,SES-7a8da15c,tablet,Edge,direct,PROD-01196,Oral-B iO Series 9,Personal Care,Healthcare,285.71,,125,0,0,
f5795b86-6fe9-4ea2-b4d1-606c697c8741,EVT-004239,USER-00001,view,2026-01-05T00:18:32.878460,SES-5f25c19e,desktop,Safari,direct,PROD-00512,Dom Pérignon Rosé 2009,Champagne,Wine,415.51,,398,0,0,
4d30359d-a6e9-4b70-89f2-4e55b46ac3ee,EVT-004240,USER-00023,search,2026-01-13T17:26:47.531831,SES-1935834a,desktop,Chrome,social,,,,,0.0,gaming laptop,0,0,0,
bdefe75a-e33d-4f54-ac38-d464bc354fdf,EVT-004241,USER-00155,search,2026-01-13T18:00:38.274992,SES-e0cc049a,mobile,Firefox,social,,,,,0.0,wireless headphones,0,0,0,
b5833b92-84b0-4fcd-acb0-7cfad11305e4,EVT-004242,USER-00218,click,2026-01-19T01:13:05.576743,SES-a4aea19f,desktop,Safari,email,PROD-00003,Penfolds Grange,Red Wine,Wine,390.13,,276,0,0,
6a0e83d6-6e1e-4b6e-9fa4-4fae74449d5f,EVT-004243,USER-00107,search,2025-12-12T13:26:46.576320,SES-53d1b352,desktop,Firefox,organic,,,,,0.0,home office chair,0,0,0,
646fe7ab-15ca-45f4-a8b5-d6e39ccf4bd6,EVT-004244,USER-00147,add_to_cart,2026-01-14T14:18:14.664001,SES-1fad6a9a,mobile,Chrome,email,PROD-01416,REI Flash 55 Pack,Outdoor Gear,Sports,517.67,,0,1,0,
970d8a09-7ac1-485c-a6d3-e070d346e881,EVT-004245,USER-00048,wishlist,2025-10-28T16:24:41.004060,SES-bf58a650,tablet,Safari,organic,PROD-01844,Samsung Galaxy Watch 6,Smartwatches,Electronics,790.52,,0,0,0,
df758e65-4646-4cd7-89bc-a36e1deef939,EVT-004246,USER-00154,search,2025-12-31T16:03:15.283413,SES-3aeb3ac2,tablet,Chrome,organic,,,,,0.0,red wine gift,0,0,0,
3fc8652d-d0fb-4f04-b865-834559efd7bb,EVT-004247,USER-00144,view,2025-10-24T17:14:37.901768,SES-a1168748,tablet,Edge,direct,PROD-01196,Oral-B iO Series 9,Personal Care,Healthcare,285.71,,125,0,0,
ac340dce-7969-4ef0-87a6-153f59869602,EVT-004248,USER-00001,view,2026-01-14T23:08:13.140003,SES-cadd0492,desktop,Safari,direct,PROD-00512,Dom Pérignon Rosé 2009,Champagne,Wine,415.51,,398,0,0,
59d23cf2-f8ed-4684-b42c-ded345075614,EVT-004249,USER-00023,search,2025-12-22T09:20:31.691315,SES-b17e931f,desktop,Chrome,social,,,,,0.0,gaming laptop,0,0,0,
a10179b1-1f62-4e1f-8d64-304d29288047,EVT-004250,USER-00155,search,2025-11-15T07:46:55.624590,SES-8263cbcb,mobile,Firefox,social,,,,,0.0,wireless headphones,0,0,0,
0f6be6dd-302c-4972-adcd-14dd8ea88ff5,EVT-004251,USER-00218,click,2026-01-17T23:58:39.261696,SES-f0b097fa,desktop,Safari,email,PROD-00003,Penfolds Grange,Red Wine,Wine,390.13,,276,0,0,
c14fc8d9-bbbb-4ecd-85b0-f9bea769458a,EVT-004252,USER-00107,search,2025-11-09T12:45:53.603460,SES-ab92e052,desktop,Firefox,organic,,,,,0.0,home office chair,0,0,0,
403beeb2-7db9-4c60-a904-8538aed1cb81,EVT-004253,USER-00147,add_to_cart,2025-12-02T12:29:15.428162,SES-923fc476,mobile,Chrome,email,PROD-01416,REI Flash 55 Pack,Outdoor Gear,Sports,517.67,,0,1,0,
869c25c7-ef42-4e89-82e9-f5fcd0f57b0d,EVT-004254,USER-00048,wishlist,2025-10-30T16:46:46.920269,SES-ea8811f6,tablet,Safari,organic,PROD-01844,Samsung Galaxy Watch 6,Smartwatches,Electronics,790.52,,0,0,0,
8cfdcf47-93fc-40dc-83dd-20fd235f1227,EVT-004255,USER-00154,search,2025-11-03T14:41:38.258216,SES-61516583,tablet,Chrome,organic,,,,,0.0,red wine gift,0,0,0,
6de8d8ee-5e8e-4811-81c8-61faabb96711,EVT-004256,USER-00144,view,2026-01-14T11:55:52.373817,SES-7d23ed37,tablet,Edge,direct,PROD-01196,Oral-B iO Series 9,Personal Care,Healthcare,285.71,,125,0,0,
f8550849-8b1d-4e9e-85b6-76c373120a76,EVT-004257,USER-00001,view,2025-11-23T21:09:16.607839,SES-cd4c4410,desktop,Safari,direct,PROD-00512,Dom Pérignon Rosé 2009,Champagne,Wine,415.51,,398,0,0,
18223e1b-e772-413a-9bef-c558e43f9cda,EVT-004258,USER-00023,search,2026-01-14T10:15:21.489375,SES-4d158018,desktop,Chrome,social,,,,,0.0,gaming laptop,0,0,0,
e686e7f0-0336-4b90-b7b3-f39890e62247,EVT-004259,USER-00155,search,2025-11-09T21:47:32.013572,SES-143ed40a,mobile,Firefox,social,,,,,0.0,wireless headphones,0,0,0,
6b0910c4-b9f2-430b-9935-16e8679cda34,EVT-004260,USER-00218,click,2026-01-13T02:18:21.528951,SES-306f5013,desktop,Safari,email,PROD-00003,Penfolds Grange,Red Wine,Wine,390.13,,276,0,0,
6c2a2efe-c726-423f-8ed9-0275a7ee4680,EVT-004261,USER-00107,search,2025-11-27T18:58:14.443888,SES-482c67d0,desktop,Firefox,organic,,,,,0.0,home office chair,0,0,0,
ea3f3fb3-bf71-4023-891b-9540afb5a66c,EVT-004262,USER-00147,add_to_cart,2025-12-03T17:16:21.119566,SES-68394639,mobile,Chrome,email,PROD-01416,REI Flash 55 Pack,Outdoor Gear,Sports,517.67,,0,1,0,
b574760c-5949-4df1-aa57-4e69f578156c,EVT-004263,USER-00048,wishlist,2026-01-14T02:48:59.077710,SES-7e2bff7b,tablet,Safari,organic,PROD-01844,Samsung Galaxy Watch 6,Smartwatches,Electronics,790.52,,0,0,0,
1daf8a8d-ac3e-4191-b591-b0b4c66fd611,EVT-004264,USER-00154,search,2025-12-03T10:55:37.152182,SES-de8b92f3,tablet,Chrome,organic,,,,,0.0,red wine gift,0,0,0,
a25b53d9-a2c5-4a8e-a1dd-c88c8ad61bc6,EVT-004265,USER-00144,view,2025-11-10T02:45:24.921131,SES-3208a9dc,tablet,Edge,direct,PROD-01196,Oral-B iO Series 9,Personal Care,Healthcare,285.71,,125,0,0,
8f2f6d83-c91f-457a-afcf-c2eb29f50059,EVT-004266,USER-00001,view,2026-01-20T07:44:08.072492,SES-b2865163,desktop,Safari,direct,PROD-00512,Dom Pérignon Rosé 2009,Champagne,Wine,415.51,,398,0,0,
7c55198a-59c0-4f5e-8859-aa92642e9017,EVT-004267,USER-00023,search,2026-01-12T08:38:02.448263,SES-37fd92ed,desktop,Chrome,social,,,,,0.0,gaming laptop,0,0,0,
06d47390-4c2f-4938-a1e6-062ce579a9b6,EVT-004268,USER-00155,search,2025-12-22T16:41:12.251907,SES-fdaf3ffd,mobile,Firefox,social,,,,,0.0,wireless headphones,0,0,0,
d2c34953-3cdb-4eeb-ab2d-885b67ad8712,EVT-004269,USER-00218,click,2025-10-29T17:54:01.491287,SES-2a982bcd,desktop,Safari,email,PROD-00003,Penfolds Grange,Red Wine,Wine,390.13,,276,0,0,
baa587c8-3e19-404f-8929-a464273c2f96,EVT-004270,USER-00107,search,2025-11-06T09:02:34.756516,SES-e1fad07a,desktop,Firefox,organic,,,,,0.0,home office chair,0,0,0,
3dbfd24c-d614-4701-be74-d65becda76ee,EVT-004271,USER-00147,add_to_cart,2025-11-25T20:34:04.574100,SES-7f255c79,mobile,Chrome,email,PROD-01416,REI Flash 55 Pack,Outdoor Gear,Sports,517.67,,0,1,0,
b5549495-852d-40fc-adcb-4253808eaa5d,EVT-004272,USER-00048,wishlist,2025-11-11T08:53:51.440900,SES-80a7061f,tablet,Safari,organic,PROD-01844,Samsung Galaxy Watch 6,Smartwatches,Electronics,790.52,,0,0,0,
6db93214-228b-451c-b209-467c38b6ace8,EVT-004273,USER-00154,search,2025-11-29T15:26:20.969903,SES-f52c969f,tablet,Chrome,organic,,,,,0.0,red wine gift,0,0,0,
71dbf168-0052-4ea6-8930-6a2aa2728d30,EVT-004274,USER-00144,view,2026-01-04T22:29:51.462872,SES-e1d71156,tablet,Edge,direct,PROD-01196,Oral-B iO Series 9,Personal Care,Healthcare,285.71,,125,0,0,
4fc370d7-ac26-4d09-9d51-8d6260b29330,EVT-004275,USER-00001,view,2026-01-18T19:57:05.795956,SES-96f6669e,desktop,Safari,direct,PROD-00512,Dom Pérignon Rosé 2009,Champagne,Wine,415.51,,398,0,0,
c567a55c-f90f-4604-82ab-d0dccc89e9a2,EVT-004276,USER-00023,search,2025-11-20T06:29:20.178262,SES-61e2e349,desktop,Chrome,social,,,,,0.0,gaming laptop,0,0,0,
3223a44d-0bf9-4fce-b7f2-6ac8a1448789,EVT-004277,USER-00155,search,2025-12-03T18:25:40.669305,SES-31868569,mobile,Firefox,social,,,,,0.0,wireless headphones,0,0,0,
4ebd6f6c-888b-47a7-a181-0d287a8f321a,EVT-004278,USER-00218,click,2025-12-10T19:44:23.035799,SES-140c7180,desktop,Safari,email,PROD-00003,Penfolds Grange,Red Wine,Wine,390.13,,276,0,0,
6cb2485e-1aae-4e8c-91ca-f522358c922e,EVT-004279,USER-00107,search,2026-01-18T13:13:53.850428,SES-88c10c05,desktop,Firefox,organic,,,,,0.0,home office chair,0,0,0,
d125bd66-beb9-42e4-b8f9-09c22c46277b,EVT-004280,USER-00147,add_to_cart,2025-11-25T12:15:19.097811,SES-9e0352f8,mobile,Chrome,email,PROD-01416,REI Flash 55 Pack,Outdoor Gear,Sports,517.67,,0,1,0,
e7ee9ff9-64b2-48d4-987e-f2a565735d15,EVT-004281,USER-00048,wishlist,2025-11-08T19:22:20.855264,SES-57964101,tablet,Safari,organic,PROD-01844,Samsung Galaxy Watch 6,Smartwatches,Electronics,790.52,,0,0,0,
38baf1df-72fb-4ef2-9dc5-581e7479f97f,EVT-004282,USER-00154,search,2025-12-01T22:42:47.197948,SES-8ce092cd,tablet,Chrome,organic,,,,,0.0,red wine gift,0,0,0,
c0c68bb3-9527-40ef-ac04-717a8b3345db,EVT-004283,USER-00144,view,2026-01-10T21:33:40.625175,SES-3aa23bed,tablet,Edge,direct,PROD-01196,Oral-B iO Series 9,Personal Care,Healthcare,285.71,,125,0,0,
8af17e52-f0cb-4b45-87d4-c16880a13626,EVT-004284,USER-00001,view,2025-12-10T17:44:38.064171,SES-ebcbeec0,desktop,Safari,direct,PROD-00512,Dom Pérignon Rosé 2009,Champagne,Wine,415.51,,398,0,0,
53d1e255-ecad-4c94-842b-4e674e30ebc1,EVT-004285,USER-00023,search,2025-11-19T07:28:05.984864,SES-84bee1ee,desktop,Chrome,social,,,,,0.0,gaming laptop,0,0,0,
cb1edcf2-5d64-48c1-82f6-1c20bf5d5d1c,EVT-004286,USER-00155,search,2025-12-15T00:03:17.867373,SES-2f53543f,mobile,Firefox,social,,,,,0.0,wireless headphones,0,0,0,
21a30f40-a916-40d8-bcbb-e9ec47da39ce,EVT-004287,USER-00218,click,2025-12-27T00:16:02.146363,SES-8bb51177,desktop,Safari,email,PROD-00003,Penfolds Grange,Red Wine,Wine,390.13,,276,0,0,
ae136f66-20e5-4f2f-a68e-a61b0f7ca519,EVT-004288,USER-00107,search,2025-11-06T20:30:51.268160,SES-7ebef96a,desktop,Firefox,organic,,,,,0.0,home office chair,0,0,0,
5943f189-1fef-4b0d-8f23-159f96b2ab7c,EVT-004289,USER-00147,add_to_cart,2025-12-13T18:21:29.514412,SES-dfd15ae2,mobile,Chrome,email,PROD-01416,REI Flash 55 Pack,Outdoor Gear,Sports,517.67,,0,1,0,
9a67cd29-c52f-4346-bee4-74f682deee47,EVT-004290,USER-00048,wishlist,2025-10-26T23:21:11.027085,SES-1464e755,tablet,Safari,organic,PROD-01844,Samsung Galaxy Watch 6,Smartwatches,Electronics,790.52,,0,0,0,
62880af6-1ce7-4cc1-8d3e-8b6c5e2cc175,EVT-004291,USER-00154,search,2026-01-08T10:38:29.093639,SES-d743868b,tablet,Chrome,organic,,,,,0.0,red wine gift,0,0,0,
32ee26a5-05ec-4788-9dba-7d97dfa0acc4,EVT-004292,USER-00144,view,2025-11-18T03:12:42.355317,SES-60485cab,tablet,Edge,direct,PROD-01196,Oral-B iO Series 9,Personal Care,Healthcare,285.71,,125,0,0,
a57e1930-b8cc-4281-ae4a-73ad5affcf29,EVT-004293,USER-00001,view,2025-10-26T13:01:07.771964,SES-7885d20d,desktop,Safari,direct,PROD-00512,Dom Pérignon Rosé 2009,Champagne,Wine,415.51,,398,0,0,
c75b0822-7958-41f1-97c2-f7618ef373fb,EVT-004294,USER-00023,search,2026-01-04T05:51:09.224102,SES-c559b211,desktop,Chrome,social,,,,,0.0,gaming laptop,0,0,0,
22fbea03-d247-413f-bea0-d20cc98b9555,EVT-004295,USER-00155,search,2025-11-30T11:26:28.171120,SES-9bbb4bc3,mobile,Firefox,social,,,,,0.0,wireless headphones,0,0,0,
b3b94be0-73ef-46c5-8723-04841347bf57,EVT-004296,USER-00218,click,2025-11-17T07:13:08.613255,SES-3310f596,desktop,Safari,email,PROD-00003,Penfolds Grange,Red Wine,Wine,390.13,,276,0,0,
d15fd3dc-301d-498b-b153-42ca797e9bad,EVT-004297,USER-00107,search,2025-10-27T10:24:01.351612,SES-cdeecab7,desktop,Firefox,organic,,,,,0.0,home office chair,0,0,0,
c859c6fd-22c6-41d9-95ed-7322596f2b03,EVT-004298,USER-00147,add_to_cart,2025-12-02T07:53:29.681689,SES-a3992662,mobile,Chrome,email,PROD-01416,REI Flash 55 Pack,Outdoor Gear,Sports,517.67,,0,1,0,
605fcf3b-057e-4401-9111-b655f5399dd5,EVT-004299,USER-00048,wishlist,2025-12-23T01:21:41.001201,SES-37613772,tablet,Safari,organic,PROD-01844,Samsung Galaxy Watch 6,Smartwatches,Electronics,790.52,,0,0,0,
fb3815ec-2ce7-4ba6-80f9-3f67a0c8e5b6,EVT-004300,USER-00154,search,2026-01-05T13:15:25.267900,SES-611a5ed2,tablet,Chrome,organic,,,,,0.0,red wine gift,0,0,0,
80f9c201-629f-437a-a85c-1e6018c71d9b,EVT-004301,USER-00144,view,2025-11-27T12:35:34.077613,SES-39d1f7f1,tablet,Edge,direct,PROD-01196,Oral-B iO Series 9,Personal Care,Healthcare,285.71,,125,0,0,
d1b73fc0-5695-49a0-b8b2-be7afca5a756,EVT-004302,USER-00001,view,2025-12-09T17:58:07.825888,SES-ec640dbd,desktop,Safari,direct,PROD-00512,Dom Pérignon Rosé 2009,Champagne,Wine,415.51,,398,0,0,
d6c10309-49cc-4b7f-80cc-b0483f82a58c,EVT-004303,USER-00023,search,2026-01-14T03:56:00.399297,SES-6765a92d,desktop,Chrome,social,,,,,0.0,gaming laptop,0,0,0,
aba85c48-d498-44d8-8be3-6553c77ab747,EVT-004304,USER-00155,search,2026-01-12T03:01:42.760916,SES-787bdb27,mobile,Firefox,social,,,,,0.0,wireless headphones,0,0,0,
251ca3bc-54d7-4e2c-8272-7699798daaf2,EVT-004305,USER-00218,click,2025-12-28T08:30:56.386699,SES-a4633f59,desktop,Safari,email,PROD-00003,Penfolds Grange,Red Wine,Wine,390.13,,276,0,0,
074576f1-589f-46b3-b8ae-20cef4d2bd36,EVT-004306,USER-00107,search,2025-12-06T15:23:52.990911,SES-bd6faf85,desktop,Firefox,organic,,,,,0.0,home office chair,0,0,0,
efcc4e92-8d22-49d9-bb7c-aed62185cc64,EVT-004307,USER-00147,add_to_cart,2025-12-07T21:03:36.769158,SES-9330fe98,mobile,Chrome,email,PROD-01416,REI Flash 55 Pack,Outdoor Gear,Sports,517.67,,0,1,0,
37ff7e23-3af1-47b4-8720-5eb6326dc010,EVT-004308,USER-00048,wishlist,2026-01-13T00:54:16.036500,SES-a211a32b,tablet,Safari,organic,PROD-01844,Samsung Galaxy Watch 6,Smartwatches,Electronics,790.52,,0,0,0,
324f0eb3-6c48-445a-9bde-866748f62803,EVT-004309,USER-00154,search,2025-10-29T10:31:18.511325,SES-13cb3b24,tablet,Chrome,organic,,,,,0.0,red wine gift,0,0,0,
18f28bf9-cbd5-4dcd-9b43-d19b9300ace3,EVT-004310,USER-00144,view,2026-01-05T17:29:06.316147,SES-0593a04a,tablet,Edge,direct,PROD-01196,Oral-B iO Series 9,Personal Care,Healthcare,285.71,,125,0,0,
ad572c5d-18a7-4c6d-903b-85a8176d5406,EVT-004311,USER-00001,view,2025-12-19T04:30:39.727254,SES-2a198eab,desktop,Safari,direct,PROD-00512,Dom Pérignon Rosé 2009,Champagne,Wine,415.51,,398,0,0,
cbd22779-12d4-489d-9ab2-bc1ccf7feed8,EVT-004312,USER-00023,search,2026-01-09T17:00:29.215959,SES-d24997d4,desktop,Chrome,social,,,,,0.0,gaming laptop,0,0,0,
2a26d028-75c2-40ca-abd7-9ca79183c073,EVT-004313,USER-00155,search,2026-01-11T03:45:04.216236,SES-19bcee39,mobile,Firefox,social,,,,,0.0,wireless headphones,0,0,0,
615da88e-acfb-43a4-9ba7-26e0784a3f46,EVT-004314,USER-00218,click,2025-12-14T16:21:40.162904,SES-2d27fee3,desktop,Safari,email,PROD-00003,Penfolds Grange,Red Wine,Wine,390.13,,276,0,0,
63d7681d-19ee-40d7-a6fe-0c2664eecbae,EVT-004315,USER-00107,search,2026-01-05T03:09:11.956291,SES-e5dcb997,desktop,Firefox,organic,,,,,0.0,home office chair,0,0,0,
344c8327-e2c1-4395-9dff-b33e37fb9af9,EVT-004316,USER-00147,add_to_cart,2025-10-31T21:11:09.985587,SES-b300038f,mobile,Chrome,email,PROD-01416,REI Flash 55 Pack,Outdoor Gear,Sports,517.67,,0,1,0,
27a78781-892e-4699-9e9c-70c4cdf660af,EVT-004317,USER-00048,wishlist,2025-11-09T01:50:54.826643,SES-5ad69e2d,tablet,Safari,organic,PROD-01844,Samsung Galaxy Watch 6,Smartwatches,Electronics,790.52,,0,0,0,
1945b6cb-769c-41d9-be49-f7cfb9707b15,EVT-004318,USER-00154,search,2025-12-08T10:05:34.835122,SES-027c4899,tablet,Chrome,organic,,,,,0.0,red wine gift,0,0,0,
572a7d17-ddc8-4f7d-bf1b-70d7b794f868,EVT-004319,USER-00144,view,2026-01-18T07:16:53.167092,SES-4010ee82,tablet,Edge,direct,PROD-01196,Oral-B iO Series 9,Personal Care,Healthcare,285.71,,125,0,0,
4a0a7c5e-758d-41c1-8560-3481ba6540ef,EVT-004320,USER-00001,view,2025-11-07T02:50:04.170676,SES-03c314c4,desktop,Safari,direct,PROD-00512,Dom Pérignon Rosé 2009,Champagne,Wine,415.51,,398,0,0,
4e79aa3c-df6d-46c7-921f-9eed3bb03384,EVT-004321,USER-00023,search,2025-12-10T19:45:58.558276,SES-f5e8e1e0,desktop,Chrome,social,,,,,0.0,gaming laptop,0,0,0,
c49a053a-a846-4e63-b95b-bd81e2555bee,EVT-004322,USER-00155,search,2025-12-27T18:45:35.025689,SES-06e5d528,mobile,Firefox,social,,,,,0.0,wireless headphones,0,0,0,
f67b3b65-9a5f-4127-add0-c867f6286329,EVT-004323,USER-00218,click,2025-12-05T21:21:24.280579,SES-916ad252,desktop,Safari,email,PROD-00003,Penfolds Grange,Red Wine,Wine,390.13,,276,0,0,
b1a910f8-54c1-4d6d-9525-7a8bc2c86071,EVT-004324,USER-00107,search,2025-12-27T11:35:23.034298,SES-3e1199ac,desktop,Firefox,organic,,,,,0.0,home office chair,0,0,0,
27205410-3576-428f-b2d2-9f6387d30b89,EVT-004325,USER-00147,add_to_cart,2025-12-16T06:09:48.022560,SES-00966913,mobile,Chrome,email,PROD-01416,REI Flash 55 Pack,Outdoor Gear,Sports,517.67,,0,1,0,
38b1b697-9146-40c6-85a1-978e414f0c06,EVT-004326,USER-00048,wishlist,2025-11-12T17:17:00.462543,SES-5653cbba,tablet,Safari,organic,PROD-01844,Samsung Galaxy Watch 6,Smartwatches,Electronics,790.52,,0,0,0,
bcf79a32-e107-415b-b823-9892402dd0c4,EVT-004327,USER-00154,search,2025-11-30T00:20:25.423942,SES-2aee3068,tablet,Chrome,organic,,,,,0.0,red wine gift,0,0,0,
b780aaf3-8883-45d7-86c5-9de693cd111a,EVT-004328,USER-00144,view,2026-01-05T01:01:01.050951,SES-becc2949,tablet,Edge,direct,PROD-01196,Oral-B iO Series 9,Personal Care,Healthcare,285.71,,125,0,0,
105098f8-438e-4d83-8c0a-57d9b80009f4,EVT-004329,USER-00001,view,2026-01-09T09:33:35.775260,SES-83c9ddb9,desktop,Safari,direct,PROD-00512,Dom Pérignon Rosé 2009,Champagne,Wine,415.51,,398,0,0,
dea07793-8612-4cf9-b570-4d78b89cceb1,EVT-004330,USER-00023,search,2025-12-10T05:09:12.576069,SES-13a41837,desktop,Chrome,social,,,,,0.0,gaming laptop,0,0,0,
26194ec4-8c29-4013-be38-deac6bad433f,EVT-004331,USER-00155,search,2026-01-09T13:41:06.453958,SES-45f3d48c,mobile,Firefox,social,,,,,0.0,wireless headphones,0,0,0,
cbcd44ef-48ea-4fe2-aaaf-17ee6b7a1567,EVT-004332,USER-00218,click,2026-01-06T23:58:49.533572,SES-53346e77,desktop,Safari,email,PROD-00003,Penfolds Grange,Red Wine,Wine,390.13,,276,0,0,
418cfec5-4a65-4cf8-a0e6-200338d6a980,EVT-004333,USER-00107,search,2025-11-07T14:55:26.346930,SES-08d2b0a9,desktop,Firefox,organic,,,,,0.0,home office chair,0,0,0,
f400e029-5db8-4571-aff4-1b564b30bf55,EVT-004334,USER-00147,add_to_cart,2025-12-23T00:14:40.827228,SES-1f9a0d69,mobile,Chrome,email,PROD-01416,REI Flash 55 Pack,Outdoor Gear,Sports,517.67,,0,1,0,
5c41b466-7841-4b6f-b08b-40057074b792,EVT-004335,USER-00048,wishlist,2025-11-20T07:58:12.133953,SES-de0d5c51,tablet,Safari,organic,PROD-01844,Samsung Galaxy Watch 6,Smartwatches,Electronics,790.52,,0,0,0,
963d7838-a7de-4e8a-af6c-20ba626b3d9c,EVT-004336,USER-00154,search,2025-10-25T07:06:54.486887,SES-08b4e919,tablet,Chrome,organic,,,,,0.0,red wine gift,0,0,0,
f07d547d-9c4c-417b-b89c-f58e507ef061,EVT-004337,USER-00144,view,2025-11-12T06:34:40.861201,SES-d366d220,tablet,Edge,direct,PROD-01196,Oral-B iO Series 9,Personal Care,Healthcare,285.71,,125,0,0,
9cb9c4c3-9f88-46d4-a23d-15928cbce0b0,EVT-004338,USER-00001,view,2025-12-29T04:43:19.059873,SES-f76efbc6,desktop,Safari,direct,PROD-00512,Dom Pérignon Rosé 2009,Champagne,Wine,415.51,,398,0,0,
1d81ed0d-cb7a-4617-8137-3264ef37b27d,EVT-004339,USER-00023,search,2026-01-17T01:14:01.180869,SES-58823ff3,desktop,Chrome,social,,,,,0.0,gaming laptop,0,0,0,
71a200b8-1ea1-4b0c-8797-6f4725b6d23b,EVT-004340,USER-00155,search,2025-10-24T17:38:25.675058,SES-63ba7940,mobile,Firefox,social,,,,,0.0,wireless headphones,0,0,0,
d12ad40a-eaa6-41d2-baa7-7b3552336e45,EVT-004341,USER-00218,click,2026-01-01T09:02:55.365673,SES-51406c29,desktop,Safari,email,PROD-00003,Penfolds Grange,Red Wine,Wine,390.13,,276,0,0,
ba1e0182-5b6d-45a9-9a31-f425adde023b,EVT-004342,USER-00107,search,2025-12-14T15:32:13.738922,SES-16b36a4c,desktop,Firefox,organic,,,,,0.0,home office chair,0,0,0,
68df18f4-d73a-43d7-8973-95720f414523,EVT-004343,USER-00147,add_to_cart,2025-12-26T09:34:16.449524,SES-66b4e023,mobile,Chrome,email,PROD-01416,REI Flash 55 Pack,Outdoor Gear,Sports,517.67,,0,1,0,
0af63420-9e56-4106-8257-0f1f2e11882f,EVT-004344,USER-00048,wishlist,2025-11-30T06:06:17.216920,SES-6942030f,tablet,Safari,organic,PROD-01844,Samsung Galaxy Watch 6,Smartwatches,Electronics,790.52,,0,0,0,
c7e8445e-31e2-4815-887b-5205dde942fb,EVT-004345,USER-00154,search,2025-12-22T22:32:45.534746,SES-3c82b2fb,tablet,Chrome,organic,,,,,0.0,red wine gift,0,0,0,
3787e985-15ed-4d53-9f4c-9ce6e0aa593a,EVT-004346,USER-00144,view,2026-01-20T04:11:10.768899,SES-b652fdb9,tablet,Edge,direct,PROD-01196,Oral-B iO Series 9,Personal Care,Healthcare,285.71,,125,0,0,
4a26eae2-bfbf-4a86-83cf-fa8dcea0ac78,EVT-004347,USER-00001,view,2025-12-02T11:51:19.264067,SES-732e6d10,desktop,Safari,direct,PROD-00512,Dom Pérignon Rosé 2009,Champagne,Wine,415.51,,398,0,0,
b4f0c472-8f10-44d5-88c9-0fb6cb5bfc1b,EVT-004348,USER-00023,search,2025-12-24T16:22:37.382299,SES-4c1d5999,desktop,Chrome,social,,,,,0.0,gaming laptop,0,0,0,
b2e40bd9-ccb3-4d4b-ad32-b54904b0cb1a,EVT-004349,USER-00155,search,2025-11-27T21:52:49.032946,SES-addf65cf,mobile,Firefox,social,,,,,0.0,wireless headphones,0,0,0,
7e513235-c757-4550-bad8-0294e43aad19,EVT-004350,USER-00218,click,2026-01-15T02:38:09.521504,SES-7b6edc43,desktop,Safari,email,PROD-00003,Penfolds Grange,Red Wine,Wine,390.13,,276,0,0,
6203f439-3395-44b8-8334-a8149747d8d4,EVT-004351,USER-00107,search,2025-11-12T21:47:16.561474,SES-fa3beb46,desktop,Firefox,organic,,,,,0.0,home office chair,0,0,0,
3e908de4-a5b2-4c86-a08f-a8251611d032,EVT-004352,USER-00147,add_to_cart,2025-11-28T03:07:08.536630,SES-b87c160c,mobile,Chrome,email,PROD-01416,REI Flash 55 Pack,Outdoor Gear,Sports,517.67,,0,1,0,
70d502d2-da17-4738-9bf6-08ca3be3fcfd,EVT-004353,USER-00048,wishlist,2025-12-31T20:41:22.480909,SES-ddba593b,tablet,Safari,organic,PROD-01844,Samsung Galaxy Watch 6,Smartwatches,Electronics,790.52,,0,0,0,
f1530200-b946-4489-9aca-6b6ab2c89367,EVT-004354,USER-00154,search,2025-11-04T20:40:17.483941,SES-189eea8b,tablet,Chrome,organic,,,,,0.0,red wine gift,0,0,0,
fd4e33f0-c597-4bbd-8ec6-d2264789ea2a,EVT-004355,USER-00144,view,2026-01-01T23:43:43.589591,SES-4c64b44a,tablet,Edge,direct,PROD-01196,Oral-B iO Series 9,Personal Care,Healthcare,285.71,,125,0,0,
f6860bad-875f-467a-8cda-a87548a6a5bd,EVT-004356,USER-00001,view,2025-11-24T12:43:21.129900,SES-afa3c7f8,desktop,Safari,direct,PROD-00512,Dom Pérignon Rosé 2009,Champagne,Wine,415.51,,398,0,0,
62eec750-8dd5-4af0-9257-e8c5c489069c,EVT-004357,USER-00023,search,2025-10-22T20:59:57.383679,SES-9abd6227,desktop,Chrome,social,,,,,0.0,gaming laptop,0,0,0,
572df94e-2fa8-4162-819a-a042581c42c2,EVT-004358,USER-00155,search,2025-12-10T07:52:36.162277,SES-785c4c5e,mobile,Firefox,social,,,,,0.0,wireless headphones,0,0,0,
b7b68628-48a8-4f13-87c8-48281e31d641,EVT-004359,USER-00218,click,2025-10-30T06:20:15.083903,SES-eeae8c04,desktop,Safari,email,PROD-00003,Penfolds Grange,Red Wine,Wine,390.13,,276,0,0,
d1592b4f-62c8-4e80-a1aa-346da12eb6e5,EVT-004360,USER-00107,search,2026-01-06T08:00:22.812867,SES-fb57b62c,desktop,Firefox,organic,,,,,0.0,home office chair,0,0,0,
e00c525c-2b40-49c5-912a-0300a861763c,EVT-004361,USER-00147,add_to_cart,2025-11-07T21:54:21.216824,SES-98bf241a,mobile,Chrome,email,PROD-01416,REI Flash 55 Pack,Outdoor Gear,Sports,517.67,,0,1,0,
5815ae62-ced2-4765-9f14-88d4c96487e1,EVT-004362,USER-00048,wishlist,2025-12-18T07:09:14.240046,SES-f9e5eb53,tablet,Safari,organic,PROD-01844,Samsung Galaxy Watch 6,Smartwatches,Electronics,790.52,,0,0,0,
567bb964-b9cb-4b7b-8bc4-6d0afb75f424,EVT-004363,USER-00154,search,2025-11-21T04:22:47.323521,SES-f8911545,tablet,Chrome,organic,,,,,0.0,red wine gift,0,0,0,
7d33edbb-b182-4673-afaf-627f8f19101c,EVT-004364,USER-00144,view,2025-11-06T00:02:42.555767,SES-dec9a0b2,tablet,Edge,direct,PROD-01196,Oral-B iO Series 9,Personal Care,Healthcare,285.71,,125,0,0,
437d64ad-dd19-404f-ba3a-1ffc0e0f4ccd,EVT-004365,USER-00001,view,2026-01-19T23:10:54.631459,SES-b09ec9c2,desktop,Safari,direct,PROD-00512,Dom Pérignon Rosé 2009,Champagne,Wine,415.51,,398,0,0,
6a68621d-8fa3-489e-9315-8d2ccb33db73,EVT-004366,USER-00023,search,2025-12-22T18:13:47.636435,SES-51839df1,desktop,Chrome,social,,,,,0.0,gaming laptop,0,0,0,
8ca5a03c-1fa7-4ba3-8f4d-9bf47921753a,EVT-004367,USER-00155,search,2025-12-21T00:46:30.825679,SES-02da89d6,mobile,Firefox,social,,,,,0.0,wireless headphones,0,0,0,
43758483-49f7-4d3c-b031-1975ee9b809c,EVT-004368,USER-00218,click,2025-10-24T00:10:24.815951,SES-9c2b844a,desktop,Safari,email,PROD-00003,Penfolds Grange,Red Wine,Wine,390.13,,276,0,0,
9f6862c2-d9c1-4e38-8cd1-3107981b4bcc,EVT-004369,USER-00107,search,2025-11-21T19:50:46.724023,SES-0689471a,desktop,Firefox,organic,,,,,0.0,home office chair,0,0,0,
8b54c163-47cd-439f-bcf5-f26c1c740c2a,EVT-004370,USER-00147,add_to_cart,2026-01-19T16:06:09.350970,SES-9310cc6c,mobile,Chrome,email,PROD-01416,REI Flash 55 Pack,Outdoor Gear,Sports,517.67,,0,1,0,
aed469cd-ead9-4482-b7c2-54e150f681c8,EVT-004371,USER-00048,wishlist,2026-01-15T00:10:58.937180,SES-c07a4f81,tablet,Safari,organic,PROD-01844,Samsung Galaxy Watch 6,Smartwatches,Electronics,790.52,,0,0,0,
08d6e293-ee96-479e-918a-9866fb8145f7,EVT-004372,USER-00154,search,2025-12-23T11:30:38.508161,SES-78eebe9e,tablet,Chrome,organic,,,,,0.0,red wine gift,0,0,0,
f21c022e-e1db-4b53-a670-13406f1e6fc0,EVT-004373,USER-00144,view,2025-11-28T02:47:42.119849,SES-180c5bd5,tablet,Edge,direct,PROD-01196,Oral-B iO Series 9,Personal Care,Healthcare,285.71,,125,0,0,
d64c90d8-6674-4710-9949-14237d67549e,EVT-004374,USER-00001,view,2025-11-05T04:52:17.866820,SES-d8a7f56e,desktop,Safari,direct,PROD-00512,Dom Pérignon Rosé 2009,Champagne,Wine,415.51,,398,0,0,
5186482b-b9f3-4b80-95ca-dc2f0a475ab3,EVT-004375,USER-00023,search,2025-10-29T05:31:06.269161,SES-ac17e69c,desktop,Chrome,social,,,,,0.0,gaming laptop,0,0,0,
eb427b99-1215-492d-99f6-cb2adb56747a,EVT-004376,USER-00155,search,2025-12-20T06:56:51.923812,SES-5f425117,mobile,Firefox,social,,,,,0.0,wireless headphones,0,0,0,
93bd8cdc-69e3-40aa-bbb0-70fc9504c09b,EVT-004377,USER-00218,click,2026-01-15T00:12:03.829196,SES-99d83713,desktop,Safari,email,PROD-00003,Penfolds Grange,Red Wine,Wine,390.13,,276,0,0,
b5a5b41a-187e-49ff-a54e-c0e09ce95f4b,EVT-004378,USER-00107,search,2025-10-29T05:16:59.507340,SES-8c232a8d,desktop,Firefox,organic,,,,,0.0,home office chair,0,0,0,
2fe4d3c3-8dcb-45c0-bcfe-5b28a7c769ef,EVT-004379,USER-00147,add_to_cart,2025-12-13T00:40:17.631835,SES-c8aece9d,mobile,Chrome,email,PROD-01416,REI Flash 55 Pack,Outdoor Gear,Sports,517.67,,0,1,0,
ebf57de0-276b-453f-97a7-b6ad1a36dd99,EVT-004380,USER-00048,wishlist,2025-11-21T03:18:14.430721,SES-eb6e00f1,tablet,Safari,organic,PROD-01844,Samsung Galaxy Watch 6,Smartwatches,Electronics,790.52,,0,0,0,
4d212bec-6495-4c91-b7f6-f1caf2bb4580,EVT-004381,USER-00154,search,2025-11-27T11:39:57.125198,SES-6ffa5f31,tablet,Chrome,organic,,,,,0.0,red wine gift,0,0,0,
cc8ab644-0dc7-460c-ac11-95714c79f268,EVT-004382,USER-00144,view,2025-12-02T18:39:49.215950,SES-79802e28,tablet,Edge,direct,PROD-01196,Oral-B iO Series 9,Personal Care,Healthcare,285.71,,125,0,0,
88bb6c6a-65d2-4134-9ccf-ed1501164709,EVT-004383,USER-00001,view,2025-12-15T03:32:44.987468,SES-4cc1e8e7,desktop,Safari,direct,PROD-00512,Dom Pérignon Rosé 2009,Champagne,Wine,415.51,,398,0,0,
b7bf8da3-52ad-4a9a-a65e-4e4d6ad14aa9,EVT-004384,USER-00023,search,2025-10-26T05:18:55.137901,SES-b0cb65ba,desktop,Chrome,social,,,,,0.0,gaming laptop,0,0,0,
cd7d70e7-bf0c-4390-80e7-0f85da6ba2d5,EVT-004385,USER-00155,search,2025-12-14T19:54:09.959656,SES-41a844c4,mobile,Firefox,social,,,,,0.0,wireless headphones,0,0,0,
7fd0458e-4a64-440a-b653-d77520c2b7c8,EVT-004386,USER-00218,click,2025-12-31T04:53:21.246846,SES-38417d42,desktop,Safari,email,PROD-00003,Penfolds Grange,Red Wine,Wine,390.13,,276,0,0,
00bf33f2-0888-43bf-aa93-497625b98a2e,EVT-004387,USER-00107,search,2025-11-15T20:08:01.932668,SES-33dc1878,desktop,Firefox,organic,,,,,0.0,home office chair,0,0,0,
f906809b-2641-4330-8510-888baa7531d2,EVT-004388,USER-00147,add_to_cart,2025-11-30T08:51:07.319692,SES-d8eb0498,mobile,Chrome,email,PROD-01416,REI Flash 55 Pack,Outdoor Gear,Sports,517.67,,0,1,0,
40126a6d-2e0d-4c8b-b865-4383d20c0d03,EVT-004389,USER-00048,wishlist,2025-12-16T11:29:32.803219,SES-44188455,tablet,Safari,organic,PROD-01844,Samsung Galaxy Watch 6,Smartwatches,Electronics,790.52,,0,0,0,
e72824df-540c-4bd9-a657-c525efaf16ef,EVT-004390,USER-00154,search,2025-11-17T15:57:10.603055,SES-00edaeb6,tablet,Chrome,organic,,,,,0.0,red wine gift,0,0,0,
87efaba9-e2fd-4611-8b07-c25e9a9c4acc,EVT-004391,USER-00144,view,2025-12-10T21:03:52.262970,SES-d33d475f,tablet,Edge,direct,PROD-01196,Oral-B iO Series 9,Personal Care,Healthcare,285.71,,125,0,0,
f526c472-8e2c-45ce-ba82-e5d2d43bc492,EVT-004392,USER-00001,view,2025-10-24T03:03:19.026957,SES-4d7b3620,desktop,Safari,direct,PROD-00512,Dom Pérignon Rosé 2009,Champagne,Wine,415.51,,398,0,0,
6a1fb0cf-d23a-4fcf-bf85-40e2adaff6f6,EVT-004393,USER-00023,search,2025-11-05T22:08:38.206594,SES-bd120770,desktop,Chrome,social,,,,,0.0,gaming laptop,0,0,0,
84845729-0ae6-4744-9a1c-aab1cec611df,EVT-004394,USER-00155,search,2026-01-10T23:14:14.934067,SES-81856457,mobile,Firefox,social,,,,,0.0,wireless headphones,0,0,0,
98d41c34-7cbb-4962-8632-38bb67f97350,EVT-004395,USER-00218,click,2025-10-26T01:45:30.550843,SES-3b5a8c80,desktop,Safari,email,PROD-00003,Penfolds Grange,Red Wine,Wine,390.13,,276,0,0,
eda6c7a3-4168-449e-a5d9-3be156874ee3,EVT-004396,USER-00107,search,2025-11-21T10:50:25.623409,SES-5f61d14c,desktop,Firefox,organic,,,,,0.0,home office chair,0,0,0,
73614975-682a-4c1b-b0f2-a218ade8dae4,EVT-004397,USER-00147,add_to_cart,2025-10-25T17:23:02.201183,SES-5b103bbc,mobile,Chrome,email,PROD-01416,REI Flash 55 Pack,Outdoor Gear,Sports,517.67,,0,1,0,
86dbc16d-92e1-4622-8e89-405a654f22a0,EVT-004398,USER-00048,wishlist,2025-12-16T03:17:44.935748,SES-0291f4d2,tablet,Safari,organic,PROD-01844,Samsung Galaxy Watch 6,Smartwatches,Electronics,790.52,,0,0,0,
e72c3a19-146b-49e2-a08b-c4889c25cc82,EVT-004399,USER-00154,search,2025-12-27T08:09:05.679665,SES-5b6de80b,tablet,Chrome,organic,,,,,0.0,red wine gift,0,0,0,
10fca287-41c3-49f7-87fc-646a64bd3a5a,EVT-004400,USER-00144,view,2025-12-21T06:44:00.392902,SES-c3bb9f3a,tablet,Edge,direct,PROD-01196,Oral-B iO Series 9,Personal Care,Healthcare,285.71,,125,0,0,
f48ce105-dce5-4f11-948c-6574c297c76c,EVT-004401,USER-00001,view,2025-12-10T11:27:57.349762,SES-377a2424,desktop,Safari,direct,PROD-00512,Dom Pérignon Rosé 2009,Champagne,Wine,415.51,,398,0,0,
652eb259-e54b-453b-ade6-c5ceb991fa4a,EVT-004402,USER-00023,search,2026-01-18T10:09:22.588769,SES-0904cd97,desktop,Chrome,social,,,,,0.0,gaming laptop,0,0,0,
6725720d-3d70-44be-8012-bd8422114ffa,EVT-004403,USER-00155,search,2025-12-15T12:17:51.168502,SES-6b54efb7,mobile,Firefox,social,,,,,0.0,wireless headphones,0,0,0,
f644108e-f69c-461e-9b95-b8bc41e522c9,EVT-004404,USER-00218,click,2025-12-23T21:34:26.404986,SES-386990fa,desktop,Safari,email,PROD-00003,Penfolds Grange,Red Wine,Wine,390.13,,276,0,0,
40dc2cb0-28ff-43d7-9868-3e622dc835d8,EVT-004405,USER-00107,search,2025-12-07T08:02:10.947839,SES-61bc4687,desktop,Firefox,organic,,,,,0.0,home office chair,0,0,0,
e5f9b801-68d3-4ed4-84a7-b69f6874fe0c,EVT-004406,USER-00147,add_to_cart,2025-11-17T22:34:12.544478,SES-0f0d721e,mobile,Chrome,email,PROD-01416,REI Flash 55 Pack,Outdoor Gear,Sports,517.67,,0,1,0,
9039fe6c-66bb-40eb-9f6f-c84ea9433bf0,EVT-004407,USER-00048,wishlist,2025-11-03T08:54:38.036215,SES-7e99c966,tablet,Safari,organic,PROD-01844,Samsung Galaxy Watch 6,Smartwatches,Electronics,790.52,,0,0,0,
7ee2b408-2aaf-4cf5-af60-154fe2e60a0a,EVT-004408,USER-00154,search,2026-01-10T02:19:01.325645,SES-2f158259,tablet,Chrome,organic,,,,,0.0,red wine gift,0,0,0,
4b133ac0-fd86-44cc-8938-2aec2475bfcf,EVT-004409,USER-00144,view,2025-11-22T01:36:48.178990,SES-9a504596,tablet,Edge,direct,PROD-01196,Oral-B iO Series 9,Personal Care,Healthcare,285.71,,125,0,0,
ab499287-05d7-4a65-b16c-0f556a81ef70,EVT-004410,USER-00001,view,2025-12-27T20:39:12.540236,SES-f09ae4f2,desktop,Safari,direct,PROD-00512,Dom Pérignon Rosé 2009,Champagne,Wine,415.51,,398,0,0,
6c2a6dfc-3d81-41c7-b6b2-9027d683a978,EVT-004411,USER-00023,search,2025-12-07T18:30:01.015155,SES-41e07c8c,desktop,Chrome,social,,,,,0.0,gaming laptop,0,0,0,
379a305d-8fd5-4307-b578-8c68609044fa,EVT-004412,USER-00155,search,2025-12-18T07:53:26.636525,SES-c70c6e71,mobile,Firefox,social,,,,,0.0,wireless headphones,0,0,0,
3288fa1f-b051-4646-bbca-c28982711ec2,EVT-004413,USER-00218,click,2025-12-19T22:14:27.387813,SES-cb41f25f,desktop,Safari,email,PROD-00003,Penfolds Grange,Red Wine,Wine,390.13,,276,0,0,
c099e3d9-d578-4012-84ee-9a1f55cb9395,EVT-004414,USER-00107,search,2025-11-17T04:38:18.699719,SES-1c856bf5,desktop,Firefox,organic,,,,,0.0,home office chair,0,0,0,
6457586e-6547-43ca-850d-74745bf427a1,EVT-004415,USER-00147,add_to_cart,2025-12-02T08:09:41.809448,SES-6d3d412f,mobile,Chrome,email,PROD-01416,REI Flash 55 Pack,Outdoor Gear,Sports,517.67,,0,1,0,
15bf3cac-8b17-461c-b6ff-67193df5c3b9,EVT-004416,USER-00048,wishlist,2025-12-10T18:49:54.009278,SES-24d78516,tablet,Safari,organic,PROD-01844,Samsung Galaxy Watch 6,Smartwatches,Electronics,790.52,,0,0,0,
256e51eb-b721-4fa7-8c45-c37537f37f17,EVT-004417,USER-00154,search,2025-12-02T21:10:07.269580,SES-cf45e25a,tablet,Chrome,organic,,,,,0.0,red wine gift,0,0,0,
9de6709e-7c3a-4677-aeb0-6456fe76537d,EVT-004418,USER-00144,view,2026-01-03T14:17:47.036031,SES-046ab20e,tablet,Edge,direct,PROD-01196,Oral-B iO Series 9,Personal Care,Healthcare,285.71,,125,0,0,
8bf0987d-3c18-41ec-b693-f1583b46303e,EVT-004419,USER-00001,view,2026-01-12T20:02:25.942893,SES-94003a51,desktop,Safari,direct,PROD-00512,Dom Pérignon Rosé 2009,Champagne,Wine,415.51,,398,0,0,
e382241e-1777-4735-ba31-580c8ce4c131,EVT-004420,USER-00023,search,2025-12-24T05:56:30.103265,SES-ee77ca53,desktop,Chrome,social,,,,,0.0,gaming laptop,0,0,0,
a8f901da-9953-4ce2-baa7-7a05fbf15ace,EVT-004421,USER-00155,search,2025-12-01T09:34:19.617289,SES-52bfdad7,mobile,Firefox,social,,,,,0.0,wireless headphones,0,0,0,
84a28a7a-dc41-4c91-b506-89ae16180ae3,EVT-004422,USER-00218,click,2025-11-23T19:07:18.875677,SES-7cb7c114,desktop,Safari,email,PROD-00003,Penfolds Grange,Red Wine,Wine,390.13,,276,0,0,
8c5a2b20-5d04-4f54-809e-11bf7b010237,EVT-004423,USER-00107,search,2025-11-07T18:52:02.896608,SES-81ce1b87,desktop,Firefox,organic,,,,,0.0,home office chair,0,0,0,
20aadba1-990e-4e4f-ad92-fba684927149,EVT-004424,USER-00147,add_to_cart,2026-01-11T05:45:34.519468,SES-b1fee7e0,mobile,Chrome,email,PROD-01416,REI Flash 55 Pack,Outdoor Gear,Sports,517.67,,0,1,0,
5b4ead3e-9d96-49cf-8f3b-72bd5e8e2f68,EVT-004425,USER-00048,wishlist,2025-11-27T19:42:26.297055,SES-db056928,tablet,Safari,organic,PROD-01844,Samsung Galaxy Watch 6,Smartwatches,Electronics,790.52,,0,0,0,
19d79f89-e387-485a-9abe-3600b96476ef,EVT-004426,USER-00154,search,2025-11-26T19:36:28.319163,SES-f186a3a9,tablet,Chrome,organic,,,,,0.0,red wine gift,0,0,0,
6b480f8a-e420-4bda-8f6d-ee67e61084fd,EVT-004427,USER-00144,view,2025-11-09T07:28:18.508454,SES-0b20e3a9,tablet,Edge,direct,PROD-01196,Oral-B iO Series 9,Personal Care,Healthcare,285.71,,125,0,0,
589ea1d8-a382-444d-906d-0a664dc501e5,EVT-004428,USER-00001,view,2025-12-30T21:24:28.398281,SES-88e7b0b7,desktop,Safari,direct,PROD-00512,Dom Pérignon Rosé 2009,Champagne,Wine,415.51,,398,0,0,
41ab7976-d888-444c-9469-ef9cd3d06b25,EVT-004429,USER-00023,search,2025-12-20T18:39:57.085462,SES-9f611b18,desktop,Chrome,social,,,,,0.0,gaming laptop,0,0,0,
fd66ecce-ef4e-4c7e-b2e9-b837834d63fe,EVT-004430,USER-00155,search,2025-10-25T00:46:00.330319,SES-774d5eab,mobile,Firefox,social,,,,,0.0,wireless headphones,0,0,0,
e5b95435-6fdf-4cfd-b739-3c8b5d8b612d,EVT-004431,USER-00218,click,2025-12-17T01:47:42.411308,SES-c7e4e2f0,desktop,Safari,email,PROD-00003,Penfolds Grange,Red Wine,Wine,390.13,,276,0,0,
2095b1d0-d315-4702-a7ff-270a69bb3a5f,EVT-004432,USER-00107,search,2025-11-16T09:55:12.744906,SES-23efb49b,desktop,Firefox,organic,,,,,0.0,home office chair,0,0,0,
48e74696-2bfa-40f3-a337-240301083057,EVT-004433,USER-00147,add_to_cart,2025-12-31T21:28:17.882631,SES-bde5f51d,mobile,Chrome,email,PROD-01416,REI Flash 55 Pack,Outdoor Gear,Sports,517.67,,0,1,0,
b4d300f8-4fb9-4d57-96af-2bcba7ff401e,EVT-004434,USER-00048,wishlist,2026-01-17T09:20:49.811832,SES-f5834da3,tablet,Safari,organic,PROD-01844,Samsung Galaxy Watch 6,Smartwatches,Electronics,790.52,,0,0,0,
8a46702a-d9a7-4255-929c-a2af6e096411,EVT-004435,USER-00154,search,2025-10-28T09:15:18.958658,SES-337b5af4,tablet,Chrome,organic,,,,,0.0,red wine gift,0,0,0,
62cd595b-2244-4f75-837c-7adef43afce9,EVT-004436,USER-00144,view,2025-12-18T04:13:30.421666,SES-a2cef3e1,tablet,Edge,direct,PROD-01196,Oral-B iO Series 9,Personal Care,Healthcare,285.71,,125,0,0,
b912af2c-eece-4729-b9fb-9def57b94ec3,EVT-004437,USER-00001,view,2026-01-18T06:35:17.009230,SES-df6c8f46,desktop,Safari,direct,PROD-00512,Dom Pérignon Rosé 2009,Champagne,Wine,415.51,,398,0,0,
7403c109-4d9d-4757-9493-bd3c4cdb0902,EVT-004438,USER-00023,search,2025-12-06T05:06:58.844389,SES-5b4bebf0,desktop,Chrome,social,,,,,0.0,gaming laptop,0,0,0,
3a6525fa-c624-4704-94d3-a01e84135f3b,EVT-004439,USER-00155,search,2025-12-09T13:40:56.264980,SES-eebc6a7b,mobile,Firefox,social,,,,,0.0,wireless headphones,0,0,0,
dff00c31-42af-43fa-a237-9449f86d2ab9,EVT-004440,USER-00218,click,2025-11-26T06:36:02.940183,SES-eaed056b,desktop,Safari,email,PROD-00003,Penfolds Grange,Red Wine,Wine,390.13,,276,0,0,
e7fb8dc7-217f-425b-b0d9-e81171821555,EVT-004441,USER-00107,search,2025-11-05T03:57:25.213560,SES-0be9fad2,desktop,Firefox,organic,,,,,0.0,home office chair,0,0,0,
51f7e90c-084b-4972-9556-86d9c63804d6,EVT-004442,USER-00147,add_to_cart,2025-12-17T19:12:04.354931,SES-13e3a990,mobile,Chrome,email,PROD-01416,REI Flash 55 Pack,Outdoor Gear,Sports,517.67,,0,1,0,
33468d6a-a7a6-4a98-a738-20ea36e8cc8f,EVT-004443,USER-00048,wishlist,2026-01-13T01:13:24.916196,SES-3d16ec9f,tablet,Safari,organic,PROD-01844,Samsung Galaxy Watch 6,Smartwatches,Electronics,790.52,,0,0,0,
8d6af488-0fba-4df0-936a-51b7e445a73f,EVT-004444,USER-00154,search,2025-12-07T04:40:33.537718,SES-20e83509,tablet,Chrome,organic,,,,,0.0,red wine gift,0,0,0,
aa4ba6ae-fa4f-4bd6-a549-5dd3f28d9510,EVT-004445,USER-00144,view,2025-12-26T08:10:55.045180,SES-015a4c2e,tablet,Edge,direct,PROD-01196,Oral-B iO Series 9,Personal Care,Healthcare,285.71,,125,0,0,
192a8f9d-a508-419c-bc61-827ac2613d15,EVT-004446,USER-00001,view,2025-11-05T12:35:35.544672,SES-f0500b07,desktop,Safari,direct,PROD-00512,Dom Pérignon Rosé 2009,Champagne,Wine,415.51,,398,0,0,
1bea1123-cdcb-4149-98ed-fe2916568a87,EVT-004447,USER-00023,search,2026-01-05T17:45:59.030586,SES-ba9d16ec,desktop,Chrome,social,,,,,0.0,gaming laptop,0,0,0,
4fbb21ec-d792-412e-ad08-ab742c4ca797,EVT-004448,USER-00155,search,2025-11-20T11:35:14.176983,SES-2a793741,mobile,Firefox,social,,,,,0.0,wireless headphones,0,0,0,
af03b10d-e590-403e-be1d-fefe8c82af7a,EVT-004449,USER-00218,click,2025-12-13T14:02:00.036894,SES-b8bec22d,desktop,Safari,email,PROD-00003,Penfolds Grange,Red Wine,Wine,390.13,,276,0,0,
9cfa9a01-6ef8-4b2f-8562-a5d0e7960f1f,EVT-004450,USER-00107,search,2025-12-06T02:58:32.084043,SES-7f773397,desktop,Firefox,organic,,,,,0.0,home office chair,0,0,0,
92388ae0-b78d-4416-9978-d7181e110c15,EVT-004451,USER-00147,add_to_cart,2025-12-29T03:37:38.596334,SES-4da65a14,mobile,Chrome,email,PROD-01416,REI Flash 55 Pack,Outdoor Gear,Sports,517.67,,0,1,0,
7789c87d-31af-486f-9a07-4c8f9169f7bd,EVT-004452,USER-00048,wishlist,2026-01-01T19:40:35.818549,SES-a67ae221,tablet,Safari,organic,PROD-01844,Samsung Galaxy Watch 6,Smartwatches,Electronics,790.52,,0,0,0,
198d300f-0eb9-41fa-9c5c-ba1c39c00bad,EVT-004453,USER-00154,search,2025-12-09T13:33:35.827583,SES-6aa8b4d7,tablet,Chrome,organic,,,,,0.0,red wine gift,0,0,0,
b77601b8-fe37-48e7-b9dc-d55eaa04709d,EVT-004454,USER-00144,view,2025-12-23T00:18:41.812483,SES-c3e5bd5d,tablet,Edge,direct,PROD-01196,Oral-B iO Series 9,Personal Care,Healthcare,285.71,,125,0,0,
6a02def5-f11d-4e25-b84a-6521d08e9e28,EVT-004455,USER-00001,view,2025-10-22T17:33:00.370860,SES-8fbfd9a9,desktop,Safari,direct,PROD-00512,Dom Pérignon Rosé 2009,Champagne,Wine,415.51,,398,0,0,
450f0045-2ad9-4b24-b069-871f26f5ad57,EVT-004456,USER-00023,search,2025-12-19T14:12:10.589918,SES-b52985f5,desktop,Chrome,social,,,,,0.0,gaming laptop,0,0,0,
4e8ede90-cdff-4eb9-8b22-b5a7e109f674,EVT-004457,USER-00155,search,2025-12-23T01:59:15.938884,SES-77aa19af,mobile,Firefox,social,,,,,0.0,wireless headphones,0,0,0,
334f7a58-e3c4-4602-8c0d-87dcda9b2f16,EVT-004458,USER-00218,click,2026-01-01T23:43:53.103911,SES-1fd8427e,desktop,Safari,email,PROD-00003,Penfolds Grange,Red Wine,Wine,390.13,,276,0,0,
f915df53-1c3d-4b9b-9fc2-3f7ae82989c1,EVT-004459,USER-00107,search,2025-11-24T20:29:12.811471,SES-373c0963,desktop,Firefox,organic,,,,,0.0,home office chair,0,0,0,
5e119eaa-9086-49ba-bce7-68a98ac2d6cd,EVT-004460,USER-00147,add_to_cart,2025-12-24T06:25:10.655786,SES-20714612,mobile,Chrome,email,PROD-01416,REI Flash 55 Pack,Outdoor Gear,Sports,517.67,,0,1,0,
99f5381b-cdd2-4861-a8d7-01c997144912,EVT-004461,USER-00048,wishlist,2026-01-10T03:27:37.103401,SES-7a5beaaa,tablet,Safari,organic,PROD-01844,Samsung Galaxy Watch 6,Smartwatches,Electronics,790.52,,0,0,0,
6b5eb16f-34b7-4969-91dc-7090cce1d8a9,EVT-004462,USER-00154,search,2025-12-21T09:26:51.196321,SES-5b9cc001,tablet,Chrome,organic,,,,,0.0,red wine gift,0,0,0,
9e65100d-94d6-4e7d-8b36-f54b517ad05d,EVT-004463,USER-00144,view,2026-01-08T18:33:25.757791,SES-884db6d5,tablet,Edge,direct,PROD-01196,Oral-B iO Series 9,Personal Care,Healthcare,285.71,,125,0,0,
defd3842-b003-47e7-ad54-2b7959e1c82f,EVT-004464,USER-00001,view,2025-12-29T16:09:40.145077,SES-f2a34729,desktop,Safari,direct,PROD-00512,Dom Pérignon Rosé 2009,Champagne,Wine,415.51,,398,0,0,
1cdb826b-8b39-4ce7-809a-9ba3a3d37f01,EVT-004465,USER-00023,search,2025-11-26T18:52:10.860264,SES-2cb6b5a1,desktop,Chrome,social,,,,,0.0,gaming laptop,0,0,0,
8981595d-d0fd-4a9f-8ff5-048144fa7489,EVT-004466,USER-00155,search,2025-12-27T03:56:36.555688,SES-9f81533e,mobile,Firefox,social,,,,,0.0,wireless headphones,0,0,0,
579667e1-4fdc-423c-afed-c1d859d663f0,EVT-004467,USER-00218,click,2025-11-21T12:59:25.017262,SES-8db22433,desktop,Safari,email,PROD-00003,Penfolds Grange,Red Wine,Wine,390.13,,276,0,0,
00783951-3f08-4853-a10b-08e506c37b30,EVT-004468,USER-00107,search,2025-12-02T18:28:07.256068,SES-18a3d2c4,desktop,Firefox,organic,,,,,0.0,home office chair,0,0,0,
5666f7ac-a4a1-460f-bfee-d801515b42b8,EVT-004469,USER-00147,add_to_cart,2025-10-26T02:53:53.626510,SES-05e5a1af,mobile,Chrome,email,PROD-01416,REI Flash 55 Pack,Outdoor Gear,Sports,517.67,,0,1,0,
c8a5ba61-0ce7-48b4-b2d6-2a1adc6cd7ac,EVT-004470,USER-00048,wishlist,2025-12-22T05:50:25.435470,SES-d54b1ad0,tablet,Safari,organic,PROD-01844,Samsung Galaxy Watch 6,Smartwatches,Electronics,790.52,,0,0,0,
c7527959-c4ae-4d2b-aec1-d335b1b4202f,EVT-004471,USER-00154,search,2025-11-06T18:50:33.277774,SES-eac34dd7,tablet,Chrome,organic,,,,,0.0,red wine gift,0,0,0,
3f54f9b9-9fca-4004-b4d7-35107d3a4bfc,EVT-004472,USER-00144,view,2026-01-11T15:37:56.284316,SES-67cc3cd9,tablet,Edge,direct,PROD-01196,Oral-B iO Series 9,Personal Care,Healthcare,285.71,,125,0,0,
e3272161-ef6b-4f9e-bca5-6026f7ef4caf,EVT-004473,USER-00001,view,2025-11-07T12:05:44.448353,SES-08b99988,desktop,Safari,direct,PROD-00512,Dom Pérignon Rosé 2009,Champagne,Wine,415.51,,398,0,0,
9ef11f1d-e02b-4635-bb83-efdcf34e053f,EVT-004474,USER-00023,search,2025-12-28T20:31:02.441401,SES-aeb4101e,desktop,Chrome,social,,,,,0.0,gaming laptop,0,0,0,
940532fd-82d0-4223-9eb8-386a2debcd2f,EVT-004475,USER-00155,search,2026-01-07T09:29:46.913531,SES-5bf7a605,mobile,Firefox,social,,,,,0.0,wireless headphones,0,0,0,
fddac17a-4951-45e5-af36-2fab9561b8cd,EVT-004476,USER-00218,click,2025-11-15T19:42:45.292454,SES-d296f129,desktop,Safari,email,PROD-00003,Penfolds Grange,Red Wine,Wine,390.13,,276,0,0,
e5e2efb9-a5a7-4735-ab33-7b2379902ae9,EVT-004477,USER-00107,search,2025-11-08T02:27:25.767779,SES-c97236a1,desktop,Firefox,organic,,,,,0.0,home office chair,0,0,0,
4f8cdf7c-106a-4c21-9820-b3fbfddc913e,EVT-004478,USER-00147,add_to_cart,2025-12-08T19:04:45.991216,SES-8a1d8e8b,mobile,Chrome,email,PROD-01416,REI Flash 55 Pack,Outdoor Gear,Sports,517.67,,0,1,0,
7e336641-71ff-455d-ad63-8248346b3b58,EVT-004479,USER-00048,wishlist,2025-12-03T03:13:02.908011,SES-79f9b6b6,tablet,Safari,organic,PROD-01844,Samsung Galaxy Watch 6,Smartwatches,Electronics,790.52,,0,0,0,
298952c3-2ae3-4495-b8a9-aee5406b77ff,EVT-004480,USER-00154,search,2025-11-27T03:19:15.036977,SES-7f4eede1,tablet,Chrome,organic,,,,,0.0,red wine gift,0,0,0,
02506235-a593-408d-a26a-334aa0751b3b,EVT-004481,USER-00144,view,2025-11-04T07:18:03.941351,SES-e79f24b1,tablet,Edge,direct,PROD-01196,Oral-B iO Series 9,Personal Care,Healthcare,285.71,,125,0,0,
39f191de-14dd-4977-ab6c-f5896e586929,EVT-004482,USER-00001,view,2026-01-05T01:18:28.446612,SES-b158dc3d,desktop,Safari,direct,PROD-00512,Dom Pérignon Rosé 2009,Champagne,Wine,415.51,,398,0,0,
c662c61e-1011-4d0b-8454-1fd805a34af4,EVT-004483,USER-00023,search,2025-12-16T16:43:58.569460,SES-b9da1ea3,desktop,Chrome,social,,,,,0.0,gaming laptop,0,0,0,
9c44db24-5f94-492a-952f-b68a5300aff9,EVT-004484,USER-00155,search,2025-11-08T09:13:26.791703,SES-054c45ed,mobile,Firefox,social,,,,,0.0,wireless headphones,0,0,0,
be1457f2-3a9d-4ffb-ad7b-43b7d11f5c08,EVT-004485,USER-00218,click,2025-11-13T20:50:44.404795,SES-f5a6b24a,desktop,Safari,email,PROD-00003,Penfolds Grange,Red Wine,Wine,390.13,,276,0,0,
0ffea5ff-f335-41c8-8a10-7c8dfc64ad16,EVT-004486,USER-00107,search,2026-01-16T07:40:41.507889,SES-94fc5cd8,desktop,Firefox,organic,,,,,0.0,home office chair,0,0,0,
6b667503-3570-46c4-b767-2adc2bcad7e0,EVT-004487,USER-00147,add_to_cart,2025-12-23T04:33:04.977009,SES-b5d86eda,mobile,Chrome,email,PROD-01416,REI Flash 55 Pack,Outdoor Gear,Sports,517.67,,0,1,0,
636db847-3983-454b-b929-78159bd77450,EVT-004488,USER-00048,wishlist,2025-12-28T05:09:17.427202,SES-8c12a1d7,tablet,Safari,organic,PROD-01844,Samsung Galaxy Watch 6,Smartwatches,Electronics,790.52,,0,0,0,
a2fca1b1-fa54-4aed-93d2-14f439e23601,EVT-004489,USER-00154,search,2026-01-06T21:06:04.472339,SES-6cc20387,tablet,Chrome,organic,,,,,0.0,red wine gift,0,0,0,
b1202161-6d0e-4b2d-9160-bce21cb324a9,EVT-004490,USER-00144,view,2026-01-01T17:31:54.885060,SES-2bbdc6bd,tablet,Edge,direct,PROD-01196,Oral-B iO Series 9,Personal Care,Healthcare,285.71,,125,0,0,
023757ad-6e07-4cf4-9419-633a346adf4c,EVT-004491,USER-00001,view,2026-01-05T09:36:07.879650,SES-a3fb25f4,desktop,Safari,direct,PROD-00512,Dom Pérignon Rosé 2009,Champagne,Wine,415.51,,398,0,0,
617050fd-8d81-4ea3-b166-3d4e1b7c80ff,EVT-004492,USER-00023,search,2025-11-11T16:04:55.051448,SES-f5acfed7,desktop,Chrome,social,,,,,0.0,gaming laptop,0,0,0,
ab22634b-9c31-4f90-b22f-206a78b60e3b,EVT-004493,USER-00155,search,2026-01-15T07:50:36.226711,SES-64acb7eb,mobile,Firefox,social,,,,,0.0,wireless headphones,0,0,0,
c6691403-fb71-43f8-8c89-ed22ff91d6e7,EVT-004494,USER-00218,click,2025-12-10T19:53:21.918305,SES-87f18a5a,desktop,Safari,email,PROD-00003,Penfolds Grange,Red Wine,Wine,390.13,,276,0,0,
911d0fa5-bbdf-4ed7-ad9c-8519dc56e274,EVT-004495,USER-00107,search,2026-01-11T19:24:53.111285,SES-64a88dee,desktop,Firefox,organic,,,,,0.0,home office chair,0,0,0,
e154e242-b839-47fb-916f-9bbe357a8455,EVT-004496,USER-00147,add_to_cart,2025-12-13T04:56:24.604848,SES-4bc1de6c,mobile,Chrome,email,PROD-01416,REI Flash 55 Pack,Outdoor Gear,Sports,517.67,,0,1,0,
b2dad454-41e1-482c-8e8c-bab8c9e3c60d,EVT-004497,USER-00048,wishlist,2025-10-31T22:50:15.911299,SES-41c5aa5d,tablet,Safari,organic,PROD-01844,Samsung Galaxy Watch 6,Smartwatches,Electronics,790.52,,0,0,0,
69277146-0c26-401b-8475-d7de4874c2c7,EVT-004498,USER-00154,search,2025-11-28T02:43:20.632504,SES-3c0e335f,tablet,Chrome,organic,,,,,0.0,red wine gift,0,0,0,
ae5cada7-564f-4df2-b66a-d7916245d0ac,EVT-004499,USER-00144,view,2025-11-15T03:18:34.073540,SES-f95faecd,tablet,Edge,direct,PROD-01196,Oral-B iO Series 9,Personal Care,Healthcare,285.71,,125,0,0,
cb4da84e-d94e-4d25-9ef7-438ff5c72898,EVT-004500,USER-00001,view,2025-12-23T06:35:22.949393,SES-a8ef4574,desktop,Safari,direct,PROD-00512,Dom Pérignon Rosé 2009,Champagne,Wine,415.51,,398,0,0,
db32bcd6-cb46-4a34-aefa-904bf5d6ae1d,EVT-004501,USER-00023,search,2026-01-13T02:41:23.664616,SES-c7126faa,desktop,Chrome,social,,,,,0.0,gaming laptop,0,0,0,
1b31759d-1c1b-4ee3-92ae-97affbed7178,EVT-004502,USER-00155,search,2025-11-08T11:11:45.532858,SES-5b2244d5,mobile,Firefox,social,,,,,0.0,wireless headphones,0,0,0,
ce905f8f-6c64-422c-9472-156788b1e14f,EVT-004503,USER-00218,click,2025-12-30T04:58:20.064484,SES-013c16f7,desktop,Safari,email,PROD-00003,Penfolds Grange,Red Wine,Wine,390.13,,276,0,0,
638aca7d-87cd-4606-8231-c8539ddb8e8e,EVT-004504,USER-00107,search,2025-12-26T16:33:54.462543,SES-6a551b2f,desktop,Firefox,organic,,,,,0.0,home office chair,0,0,0,
2a370b48-d7c2-4fc6-bef0-2f97e164d313,EVT-004505,USER-00147,add_to_cart,2026-01-14T13:36:14.801160,SES-263b4beb,mobile,Chrome,email,PROD-01416,REI Flash 55 Pack,Outdoor Gear,Sports,517.67,,0,1,0,
5be9fdf7-90e6-4d69-b87b-bc8fd0f2d573,EVT-004506,USER-00048,wishlist,2025-11-07T16:23:49.340232,SES-d8b03702,tablet,Safari,organic,PROD-01844,Samsung Galaxy Watch 6,Smartwatches,Electronics,790.52,,0,0,0,
98be1cf8-90c3-40b3-be38-602066647f0d,EVT-004507,USER-00154,search,2026-01-15T17:23:19.645804,SES-35d4bbfe,tablet,Chrome,organic,,,,,0.0,red wine gift,0,0,0,
665e81f9-4e98-4e3e-90b4-c9d1dcf2d39a,EVT-004508,USER-00144,view,2025-11-26T16:32:29.114253,SES-347be751,tablet,Edge,direct,PROD-01196,Oral-B iO Series 9,Personal Care,Healthcare,285.71,,125,0,0,
5fee9584-b2d6-433a-8cf3-a7dcf815bf77,EVT-004509,USER-00001,view,2026-01-17T20:22:21.278075,SES-4c4f425e,desktop,Safari,direct,PROD-00512,Dom Pérignon Rosé 2009,Champagne,Wine,415.51,,398,0,0,
14e16351-9067-4ce8-9c66-ecd9ce47310e,EVT-004510,USER-00023,search,2025-11-07T03:20:51.499092,SES-caf65fae,desktop,Chrome,social,,,,,0.0,gaming laptop,0,0,0,
46853135-cb09-48e3-86a4-f93578c47188,EVT-004511,USER-00155,search,2026-01-15T19:38:09.397697,SES-eb0ebd4a,mobile,Firefox,social,,,,,0.0,wireless headphones,0,0,0,
ebe5a47d-7774-4327-a221-9144276f6c6c,EVT-004512,USER-00218,click,2025-11-11T14:54:16.938163,SES-28d70e11,desktop,Safari,email,PROD-00003,Penfolds Grange,Red Wine,Wine,390.13,,276,0,0,
5efd77c0-aada-465e-9261-95a88771ff09,EVT-004513,USER-00107,search,2025-12-24T04:28:01.544536,SES-08013171,desktop,Firefox,organic,,,,,0.0,home office chair,0,0,0,
5402b6d2-56d7-4a8d-aabb-353c7f97f60f,EVT-004514,USER-00147,add_to_cart,2025-11-22T13:43:05.551330,SES-887d1024,mobile,Chrome,email,PROD-01416,REI Flash 55 Pack,Outdoor Gear,Sports,517.67,,0,1,0,
78132e1c-a116-46fe-8dc6-aae2fee646d6,EVT-004515,USER-00048,wishlist,2025-12-16T09:16:52.565782,SES-898ba7b2,tablet,Safari,organic,PROD-01844,Samsung Galaxy Watch 6,Smartwatches,Electronics,790.52,,0,0,0,
59da68ae-6a91-4bab-947f-0d75b5975df9,EVT-004516,USER-00154,search,2025-12-23T10:50:27.809163,SES-b88939fb,tablet,Chrome,organic,,,,,0.0,red wine gift,0,0,0,
b87caa3e-c424-4ec9-8555-7adada7e1563,EVT-004517,USER-00144,view,2025-10-31T20:55:58.343669,SES-ef173a02,tablet,Edge,direct,PROD-01196,Oral-B iO Series 9,Personal Care,Healthcare,285.71,,125,0,0,
9039a880-78f9-424c-863e-0efb9354376e,EVT-004518,USER-00001,view,2026-01-08T02:42:30.760431,SES-0942b80f,desktop,Safari,direct,PROD-00512,Dom Pérignon Rosé 2009,Champagne,Wine,415.51,,398,0,0,
e7cde714-d6e8-4308-a423-e55a6d71ad21,EVT-004519,USER-00023,search,2026-01-15T05:37:39.713399,SES-6c52efca,desktop,Chrome,social,,,,,0.0,gaming laptop,0,0,0,
cbe498e4-d4a6-4645-92e5-e52a89cb4e76,EVT-004520,USER-00155,search,2025-11-01T05:33:03.807426,SES-4805433f,mobile,Firefox,social,,,,,0.0,wireless headphones,0,0,0,
18fdaeb7-ee97-484f-b851-f5259c20d155,EVT-004521,USER-00218,click,2025-12-25T15:03:54.476811,SES-84809fd1,desktop,Safari,email,PROD-00003,Penfolds Grange,Red Wine,Wine,390.13,,276,0,0,
285688af-7cc5-427b-b2cd-70330e8e2f2b,EVT-004522,USER-00107,search,2025-11-24T21:40:33.583748,SES-f4a5d36b,desktop,Firefox,organic,,,,,0.0,home office chair,0,0,0,
137868ce-89ea-4d79-b95e-edb83046548a,EVT-004523,USER-00147,add_to_cart,2025-10-24T23:33:36.485263,SES-3c1e78a2,mobile,Chrome,email,PROD-01416,REI Flash 55 Pack,Outdoor Gear,Sports,517.67,,0,1,0,
94d52afa-47f7-46ca-9c68-833a1a085f82,EVT-004524,USER-00048,wishlist,2025-12-19T19:06:32.773614,SES-05d1a480,tablet,Safari,organic,PROD-01844,Samsung Galaxy Watch 6,Smartwatches,Electronics,790.52,,0,0,0,
b5da7a4f-8c4e-43a5-a354-f0235203c396,EVT-004525,USER-00154,search,2025-12-08T09:02:08.477915,SES-9a844c03,tablet,Chrome,organic,,,,,0.0,red wine gift,0,0,0,
8899c8ec-a560-4ca9-8684-bca2c3454db1,EVT-004526,USER-00144,view,2026-01-16T17:39:19.811741,SES-0ab60bd5,tablet,Edge,direct,PROD-01196,Oral-B iO Series 9,Personal Care,Healthcare,285.71,,125,0,0,
86eeb3b1-630e-420f-b3b4-77f58ed5194a,EVT-004527,USER-00001,view,2026-01-16T03:13:21.351581,SES-8847d83b,desktop,Safari,direct,PROD-00512,Dom Pérignon Rosé 2009,Champagne,Wine,415.51,,398,0,0,
de8ebc96-d381-422d-aeae-e7179bb4fd6b,EVT-004528,USER-00023,search,2025-12-11T22:53:43.804327,SES-72646c4c,desktop,Chrome,social,,,,,0.0,gaming laptop,0,0,0,
58e38020-deb1-4a91-9048-9db9a2a7bd5a,EVT-004529,USER-00155,search,2025-10-24T01:54:07.623435,SES-8d7d157d,mobile,Firefox,social,,,,,0.0,wireless headphones,0,0,0,
e172404f-b51e-444d-8e22-098909a0a3ca,EVT-004530,USER-00218,click,2025-11-20T12:17:22.447535,SES-0cb0cf7f,desktop,Safari,email,PROD-00003,Penfolds Grange,Red Wine,Wine,390.13,,276,0,0,
5db2c55a-da19-4011-b5a1-f5400508d902,EVT-004531,USER-00107,search,2025-12-05T13:42:56.923990,SES-b4612e55,desktop,Firefox,organic,,,,,0.0,home office chair,0,0,0,
9a4b5e44-b938-493c-925f-fc899672ac68,EVT-004532,USER-00147,add_to_cart,2025-12-22T21:09:31.439070,SES-2bf7cfd5,mobile,Chrome,email,PROD-01416,REI Flash 55 Pack,Outdoor Gear,Sports,517.67,,0,1,0,
3399f730-141c-477d-b1e5-5f2407e4b8b1,EVT-004533,USER-00048,wishlist,2026-01-04T21:50:16.837157,SES-08b4d760,tablet,Safari,organic,PROD-01844,Samsung Galaxy Watch 6,Smartwatches,Electronics,790.52,,0,0,0,
08a512ba-edf2-47c1-8353-5406ae5b93bd,EVT-004534,USER-00154,search,2025-11-11T20:25:21.364738,SES-91a59699,tablet,Chrome,organic,,,,,0.0,red wine gift,0,0,0,
a0ef189d-b609-4133-8314-562034f6ad6d,EVT-004535,USER-00144,view,2025-11-09T03:31:14.581782,SES-04ca75a5,tablet,Edge,direct,PROD-01196,Oral-B iO Series 9,Personal Care,Healthcare,285.71,,125,0,0,
5ca9a208-66b7-4f8e-8c16-01df24919c60,EVT-004536,USER-00001,view,2025-12-18T04:53:31.391209,SES-99181377,desktop,Safari,direct,PROD-00512,Dom Pérignon Rosé 2009,Champagne,Wine,415.51,,398,0,0,
4d396903-d0ba-4c18-b697-b4d765f400c1,EVT-004537,USER-00023,search,2025-11-02T11:17:17.207759,SES-a769b8b5,desktop,Chrome,social,,,,,0.0,gaming laptop,0,0,0,
b3f078d3-cc95-4cf6-ac83-4a8a389b66da,EVT-004538,USER-00155,search,2025-12-22T11:03:28.122866,SES-85d81c03,mobile,Firefox,social,,,,,0.0,wireless headphones,0,0,0,
ea1a71af-d99f-4aca-a80e-b7179795da6b,EVT-004539,USER-00218,click,2025-12-07T18:43:34.100664,SES-11fa3e43,desktop,Safari,email,PROD-00003,Penfolds Grange,Red Wine,Wine,390.13,,276,0,0,
4c92d4a4-6d03-4aa3-a294-754ef6e75e0d,EVT-004540,USER-00107,search,2025-12-13T14:22:46.574685,SES-3545273a,desktop,Firefox,organic,,,,,0.0,home office chair,0,0,0,
1f197133-3cf2-4c5b-8469-50c9f33f1709,EVT-004541,USER-00147,add_to_cart,2026-01-14T00:59:03.603714,SES-56a5f8d2,mobile,Chrome,email,PROD-01416,REI Flash 55 Pack,Outdoor Gear,Sports,517.67,,0,1,0,
a7f376ca-688f-45b8-8092-3c2e6b3ca239,EVT-004542,USER-00048,wishlist,2025-11-01T20:38:29.046849,SES-0fbedf70,tablet,Safari,organic,PROD-01844,Samsung Galaxy Watch 6,Smartwatches,Electronics,790.52,,0,0,0,
09ea165f-8727-421f-9699-611dfb184a63,EVT-004543,USER-00154,search,2025-12-04T23:33:56.067704,SES-6e981f0f,tablet,Chrome,organic,,,,,0.0,red wine gift,0,0,0,
7baddbe1-7884-4232-b5da-de8daff315cb,EVT-004544,USER-00144,view,2025-12-05T06:06:50.895970,SES-de0a05ca,tablet,Edge,direct,PROD-01196,Oral-B iO Series 9,Personal Care,Healthcare,285.71,,125,0,0,
4fbf938a-cf82-4a71-9887-3dae2aa0b611,EVT-004545,USER-00001,view,2025-10-26T21:25:05.361546,SES-d0c14b83,desktop,Safari,direct,PROD-00512,Dom Pérignon Rosé 2009,Champagne,Wine,415.51,,398,0,0,
fa5061e5-7c20-49d8-a578-b417af2bab75,EVT-004546,USER-00023,search,2025-12-08T14:40:05.200001,SES-fdc50e60,desktop,Chrome,social,,,,,0.0,gaming laptop,0,0,0,
12d8586f-8d91-4a74-b040-d6f79f814520,EVT-004547,USER-00155,search,2025-12-25T02:15:29.231698,SES-1a3a8d06,mobile,Firefox,social,,,,,0.0,wireless headphones,0,0,0,
a991b40c-0237-4a81-8b8f-d28a4304b884,EVT-004548,USER-00218,click,2025-12-14T01:12:22.836121,SES-1720330d,desktop,Safari,email,PROD-00003,Penfolds Grange,Red Wine,Wine,390.13,,276,0,0,
6b0d7ddb-19bf-4ee5-bc0c-ab7136e67b5e,EVT-004549,USER-00107,search,2025-11-15T21:27:54.291460,SES-27a6abc8,desktop,Firefox,organic,,,,,0.0,home office chair,0,0,0,
fe2386f7-a9a0-4b7c-8686-f45ea2297678,EVT-004550,USER-00147,add_to_cart,2025-10-26T01:32:51.664538,SES-9fd70f5a,mobile,Chrome,email,PROD-01416,REI Flash 55 Pack,Outdoor Gear,Sports,517.67,,0,1,0,
c92b4f6a-a335-471b-90b1-ca1973353828,EVT-004551,USER-00048,wishlist,2026-01-06T03:25:54.481284,SES-205023ee,tablet,Safari,organic,PROD-01844,Samsung Galaxy Watch 6,Smartwatches,Electronics,790.52,,0,0,0,
fbb6a310-531b-4a8a-b350-e713161b04cb,EVT-004552,USER-00154,search,2025-11-10T14:08:15.294149,SES-a77311f5,tablet,Chrome,organic,,,,,0.0,red wine gift,0,0,0,
51ca4989-b9d4-4564-a0e8-5322e60c8fa9,EVT-004553,USER-00144,view,2025-11-19T08:30:35.805844,SES-4dcce261,tablet,Edge,direct,PROD-01196,Oral-B iO Series 9,Personal Care,Healthcare,285.71,,125,0,0,
fb910c41-64e2-4a38-b040-23d8ff655f2e,EVT-004554,USER-00001,view,2025-11-20T22:40:02.787809,SES-958b1431,desktop,Safari,direct,PROD-00512,Dom Pérignon Rosé 2009,Champagne,Wine,415.51,,398,0,0,
52cbb821-8771-437b-8901-fe06f8fef225,EVT-004555,USER-00023,search,2025-12-02T12:04:40.261776,SES-c40080c1,desktop,Chrome,social,,,,,0.0,gaming laptop,0,0,0,
c03f1ba3-a143-4d7a-a09b-86a8b804348f,EVT-004556,USER-00155,search,2025-11-21T01:57:16.651961,SES-d43f17d8,mobile,Firefox,social,,,,,0.0,wireless headphones,0,0,0,
96bda873-0520-4992-9698-88daf8867ea7,EVT-004557,USER-00218,click,2025-11-21T04:06:39.538021,SES-4befb7c3,desktop,Safari,email,PROD-00003,Penfolds Grange,Red Wine,Wine,390.13,,276,0,0,
4e6b6cd7-f950-498d-8de4-2fcf4ca66768,EVT-004558,USER-00107,search,2025-11-01T07:44:10.009201,SES-6e4eebdd,desktop,Firefox,organic,,,,,0.0,home office chair,0,0,0,
f41cd58a-2487-43e1-9215-33403dc81094,EVT-004559,USER-00147,add_to_cart,2025-12-27T06:37:48.897420,SES-732dbb99,mobile,Chrome,email,PROD-01416,REI Flash 55 Pack,Outdoor Gear,Sports,517.67,,0,1,0,
f42ff471-82e3-45f1-b44e-e1dc44dbef56,EVT-004560,USER-00048,wishlist,2025-11-24T14:56:02.299793,SES-3c5d1fc9,tablet,Safari,organic,PROD-01844,Samsung Galaxy Watch 6,Smartwatches,Electronics,790.52,,0,0,0,
4e35b625-1891-40d9-9c03-462890221429,EVT-004561,USER-00154,search,2026-01-10T10:06:34.934768,SES-a7bf1c92,tablet,Chrome,organic,,,,,0.0,red wine gift,0,0,0,
849b6f4b-0845-446f-9229-a18c615844ca,EVT-004562,USER-00144,view,2026-01-04T06:01:11.832298,SES-69919779,tablet,Edge,direct,PROD-01196,Oral-B iO Series 9,Personal Care,Healthcare,285.71,,125,0,0,
44ab7997-447f-456d-a0d2-3dbb87b5244e,EVT-004563,USER-00001,view,2025-12-04T11:59:03.391234,SES-31ad88fb,desktop,Safari,direct,PROD-00512,Dom Pérignon Rosé 2009,Champagne,Wine,415.51,,398,0,0,
6e1e0284-7abe-44fa-873c-6982d5008e43,EVT-004564,USER-00023,search,2026-01-06T19:13:37.202606,SES-eaa72145,desktop,Chrome,social,,,,,0.0,gaming laptop,0,0,0,
db90e556-2424-4cee-a29d-092cff28a1de,EVT-004565,USER-00155,search,2025-12-08T21:06:34.680362,SES-329d6a78,mobile,Firefox,social,,,,,0.0,wireless headphones,0,0,0,
5e04dbeb-8184-4607-8a9b-0894ac27183c,EVT-004566,USER-00218,click,2025-11-13T02:32:15.354821,SES-a6f66df5,desktop,Safari,email,PROD-00003,Penfolds Grange,Red Wine,Wine,390.13,,276,0,0,
ba930f13-0f43-4ff8-9ee3-e5628b20de3e,EVT-004567,USER-00107,search,2025-11-30T00:50:10.630765,SES-c30dc15f,desktop,Firefox,organic,,,,,0.0,home office chair,0,0,0,
e75bc2a5-94b8-4b3b-a3c6-09d34d586245,EVT-004568,USER-00147,add_to_cart,2026-01-07T07:30:15.337770,SES-24ff73c8,mobile,Chrome,email,PROD-01416,REI Flash 55 Pack,Outdoor Gear,Sports,517.67,,0,1,0,
b4afadbe-e4c6-45ea-a989-6f7f3d52d5ba,EVT-004569,USER-00048,wishlist,2025-10-26T19:02:49.913831,SES-94c5a2f5,tablet,Safari,organic,PROD-01844,Samsung Galaxy Watch 6,Smartwatches,Electronics,790.52,,0,0,0,
27511b82-f0f0-4bd3-bfef-3b057b8d4e05,EVT-004570,USER-00154,search,2026-01-17T01:18:16.438791,SES-2d1996a7,tablet,Chrome,organic,,,,,0.0,red wine gift,0,0,0,
36386b84-02b3-45c1-a6ee-4ce7039b048a,EVT-004571,USER-00144,view,2025-11-15T14:09:56.398562,SES-8056ec48,tablet,Edge,direct,PROD-01196,Oral-B iO Series 9,Personal Care,Healthcare,285.71,,125,0,0,
350f76ec-bbd6-422f-ad6c-24e018d76e6c,EVT-004572,USER-00001,view,2026-01-06T20:48:11.090425,SES-d8a05a37,desktop,Safari,direct,PROD-00512,Dom Pérignon Rosé 2009,Champagne,Wine,415.51,,398,0,0,
81120760-03b6-44ef-8dc6-cb04f70a5d83,EVT-004573,USER-00023,search,2025-12-24T09:55:41.139549,SES-65af1779,desktop,Chrome,social,,,,,0.0,gaming laptop,0,0,0,
1b797811-589b-470f-b008-1fe9d5ae4c92,EVT-004574,USER-00155,search,2025-12-19T13:41:24.446130,SES-ae64f6cd,mobile,Firefox,social,,,,,0.0,wireless headphones,0,0,0,
5ae754a4-bbe1-4048-aaa1-1944181c0513,EVT-004575,USER-00218,click,2025-11-01T11:48:08.108693,SES-48bb3219,desktop,Safari,email,PROD-00003,Penfolds Grange,Red Wine,Wine,390.13,,276,0,0,
92a0a062-3932-44af-a2fb-95ebc520a84a,EVT-004576,USER-00107,search,2026-01-16T04:58:17.684529,SES-e62e1e3a,desktop,Firefox,organic,,,,,0.0,home office chair,0,0,0,
d957bfc1-fb42-49f4-a31c-e023a4a16027,EVT-004577,USER-00147,add_to_cart,2026-01-01T23:50:14.370140,SES-c4673678,mobile,Chrome,email,PROD-01416,REI Flash 55 Pack,Outdoor Gear,Sports,517.67,,0,1,0,
13259b47-03e6-4e2f-9fff-7319bf9fb981,EVT-004578,USER-00048,wishlist,2025-10-25T20:09:04.468930,SES-93b11066,tablet,Safari,organic,PROD-01844,Samsung Galaxy Watch 6,Smartwatches,Electronics,790.52,,0,0,0,
8c9e97cf-cdc7-4380-aa87-b8c1e2e81dc0,EVT-004579,USER-00154,search,2025-11-23T12:28:21.533186,SES-73047aee,tablet,Chrome,organic,,,,,0.0,red wine gift,0,0,0,
ac825c49-f909-4e78-bcbf-804d241725b4,EVT-004580,USER-00144,view,2025-12-02T18:27:48.010619,SES-9a0f803f,tablet,Edge,direct,PROD-01196,Oral-B iO Series 9,Personal Care,Healthcare,285.71,,125,0,0,
c78f7968-47f2-4f05-b416-f83652ad73f7,EVT-004581,USER-00001,view,2025-12-17T02:05:19.105282,SES-4ae5d67c,desktop,Safari,direct,PROD-00512,Dom Pérignon Rosé 2009,Champagne,Wine,415.51,,398,0,0,
2b2b6aca-2bb9-4c78-a051-caee265c27d5,EVT-004582,USER-00023,search,2026-01-15T23:45:44.775909,SES-5c1fcc10,desktop,Chrome,social,,,,,0.0,gaming laptop,0,0,0,
6a1bb949-9b35-462d-af84-6eb3654080af,EVT-004583,USER-00155,search,2025-11-02T15:41:08.536832,SES-6d11c35e,mobile,Firefox,social,,,,,0.0,wireless headphones,0,0,0,
c4274af2-ffc7-4a37-9287-108559af2961,EVT-004584,USER-00218,click,2025-12-14T22:16:59.809967,SES-e3120ddd,desktop,Safari,email,PROD-00003,Penfolds Grange,Red Wine,Wine,390.13,,276,0,0,
74f2dd2e-b594-4886-af17-1384d1f095ad,EVT-004585,USER-00107,search,2025-12-04T05:34:24.863444,SES-cda44078,desktop,Firefox,organic,,,,,0.0,home office chair,0,0,0,
e92ba2d5-607b-426a-8067-7afd58547cc0,EVT-004586,USER-00147,add_to_cart,2025-10-28T02:02:36.741617,SES-a27790fd,mobile,Chrome,email,PROD-01416,REI Flash 55 Pack,Outdoor Gear,Sports,517.67,,0,1,0,
1b62915c-dd12-4143-9674-a14ce831cdf5,EVT-004587,USER-00048,wishlist,2025-12-27T14:20:23.850976,SES-73f19c52,tablet,Safari,organic,PROD-01844,Samsung Galaxy Watch 6,Smartwatches,Electronics,790.52,,0,0,0,
4b551d20-91e7-4103-90c0-5b38b7c2a1f7,EVT-004588,USER-00154,search,2025-11-03T12:27:59.074883,SES-fbca84d7,tablet,Chrome,organic,,,,,0.0,red wine gift,0,0,0,
a4fc4b4f-ac66-476a-a41b-b12a35fbeb13,EVT-004589,USER-00144,view,2025-12-04T16:38:45.472068,SES-c0ae9f23,tablet,Edge,direct,PROD-01196,Oral-B iO Series 9,Personal Care,Healthcare,285.71,,125,0,0,
9d83ea77-2246-467b-966c-4b7e1bc7d61d,EVT-004590,USER-00001,view,2025-11-16T02:58:09.439554,SES-1d8e51e2,desktop,Safari,direct,PROD-00512,Dom Pérignon Rosé 2009,Champagne,Wine,415.51,,398,0,0,
f74752c3-5f55-43cc-8949-007ca02b5fcb,EVT-004591,USER-00023,search,2025-11-03T08:27:07.328173,SES-6132ce89,desktop,Chrome,social,,,,,0.0,gaming laptop,0,0,0,
df18498c-9503-4e42-9db4-5a39d723dcf3,EVT-004592,USER-00155,search,2026-01-06T16:41:34.214135,SES-500ff721,mobile,Firefox,social,,,,,0.0,wireless headphones,0,0,0,
ae5ca799-3d62-4ec3-811f-224d2d878068,EVT-004593,USER-00218,click,2025-12-09T01:59:15.311848,SES-2125cf07,desktop,Safari,email,PROD-00003,Penfolds Grange,Red Wine,Wine,390.13,,276,0,0,
97c280c0-05b6-4ec2-bd86-5eda1ee9a1d8,EVT-004594,USER-00107,search,2026-01-07T18:04:31.596751,SES-3b4a6d8b,desktop,Firefox,organic,,,,,0.0,home office chair,0,0,0,
fdfeca21-cbc8-47e3-aaac-ef9f7dda833b,EVT-004595,USER-00147,add_to_cart,2025-11-23T00:29:57.200654,SES-f32c69b3,mobile,Chrome,email,PROD-01416,REI Flash 55 Pack,Outdoor Gear,Sports,517.67,,0,1,0,
ed4b3e5a-6c66-4d6f-a994-72b8b377d3cb,EVT-004596,USER-00048,wishlist,2025-11-06T07:45:41.329163,SES-3174bb35,tablet,Safari,organic,PROD-01844,Samsung Galaxy Watch 6,Smartwatches,Electronics,790.52,,0,0,0,
944f0034-1dee-45a7-a05c-877da71606b6,EVT-004597,USER-00154,search,2025-11-03T23:43:53.795788,SES-c029db33,tablet,Chrome,organic,,,,,0.0,red wine gift,0,0,0,
bf0e1973-c872-4236-ae91-d271c5402751,EVT-004598,USER-00144,view,2025-11-21T10:51:55.699484,SES-208e2fb1,tablet,Edge,direct,PROD-01196,Oral-B iO Series 9,Personal Care,Healthcare,285.71,,125,0,0,
f218d3b3-9d51-48fc-8651-6ec9978e6b7a,EVT-004599,USER-00001,view,2026-01-03T11:47:15.157154,SES-df9f9c04,desktop,Safari,direct,PROD-00512,Dom Pérignon Rosé 2009,Champagne,Wine,415.51,,398,0,0,
4b1c1bd4-c1a6-4c86-ad0f-6967544c88bc,EVT-004600,USER-00023,search,2026-01-03T12:25:20.191740,SES-bb478ba4,desktop,Chrome,social,,,,,0.0,gaming laptop,0,0,0,
e58d546f-6112-44b2-a25b-1f5872d5d387,EVT-004601,USER-00155,search,2025-11-30T04:56:38.140780,SES-86456468,mobile,Firefox,social,,,,,0.0,wireless headphones,0,0,0,
0c67a4a4-2620-4d7e-9c2a-96304628e66d,EVT-004602,USER-00218,click,2025-10-27T22:12:48.583240,SES-6f64c25c,desktop,Safari,email,PROD-00003,Penfolds Grange,Red Wine,Wine,390.13,,276,0,0,
09710396-13e7-4604-b970-d0e792e826cf,EVT-004603,USER-00107,search,2025-11-20T20:57:33.408222,SES-48f6d79a,desktop,Firefox,organic,,,,,0.0,home office chair,0,0,0,
04f2b89a-cdc5-492d-a9d0-5d6e269f737b,EVT-004604,USER-00147,add_to_cart,2025-12-31T05:39:19.097044,SES-4f476257,mobile,Chrome,email,PROD-01416,REI Flash 55 Pack,Outdoor Gear,Sports,517.67,,0,1,0,
1f665fc5-8342-4bd0-bd38-e1f2128f0786,EVT-004605,USER-00048,wishlist,2025-12-07T06:02:43.051207,SES-52fbbebd,tablet,Safari,organic,PROD-01844,Samsung Galaxy Watch 6,Smartwatches,Electronics,790.52,,0,0,0,
cf7083d2-ca28-4872-8074-d5ea667d1e2f,EVT-004606,USER-00154,search,2026-01-01T23:29:40.551875,SES-a488fa66,tablet,Chrome,organic,,,,,0.0,red wine gift,0,0,0,
c1152320-5c72-4d6d-9a01-8613531dc055,EVT-004607,USER-00144,view,2025-12-02T03:39:36.721505,SES-eb0e90b4,tablet,Edge,direct,PROD-01196,Oral-B iO Series 9,Personal Care,Healthcare,285.71,,125,0,0,
60522329-8cfd-4708-b46f-ffbc6972a271,EVT-004608,USER-00001,view,2025-12-01T11:17:28.784706,SES-1208f338,desktop,Safari,direct,PROD-00512,Dom Pérignon Rosé 2009,Champagne,Wine,415.51,,398,0,0,
5f57f73b-5293-4a60-b82f-8177fe6a5fbf,EVT-004609,USER-00023,search,2025-11-18T13:13:13.755429,SES-7fc96b3b,desktop,Chrome,social,,,,,0.0,gaming laptop,0,0,0,
c8dc45a1-296a-433a-9a24-010938d6a15d,EVT-004610,USER-00155,search,2025-11-06T18:07:48.745171,SES-54e0580c,mobile,Firefox,social,,,,,0.0,wireless headphones,0,0,0,
b87430cc-66d1-4eb7-97e8-614ed7e578c9,EVT-004611,USER-00218,click,2025-12-06T00:23:37.440639,SES-388860d7,desktop,Safari,email,PROD-00003,Penfolds Grange,Red Wine,Wine,390.13,,276,0,0,
918ed89f-e4d3-4599-a0aa-338938c27205,EVT-004612,USER-00107,search,2025-11-22T01:58:46.718459,SES-633ba7bf,desktop,Firefox,organic,,,,,0.0,home office chair,0,0,0,
1a6e3835-1197-4f2d-b455-9c9919aa3cb0,EVT-004613,USER-00147,add_to_cart,2025-11-22T00:40:20.743624,SES-f41ddd78,mobile,Chrome,email,PROD-01416,REI Flash 55 Pack,Outdoor Gear,Sports,517.67,,0,1,0,
0661e2fa-1537-463f-b649-e44cfc9095f0,EVT-004614,USER-00048,wishlist,2025-12-28T08:16:05.399266,SES-c462e20b,tablet,Safari,organic,PROD-01844,Samsung Galaxy Watch 6,Smartwatches,Electronics,790.52,,0,0,0,
783c6a6c-39a0-437a-b4d6-2d926753846f,EVT-004615,USER-00154,search,2025-12-21T21:51:21.566550,SES-d77bde69,tablet,Chrome,organic,,,,,0.0,red wine gift,0,0,0,
dd412f61-855d-48b5-90ac-c1168e7a249c,EVT-004616,USER-00144,view,2025-12-10T09:27:03.404259,SES-2cb6421c,tablet,Edge,direct,PROD-01196,Oral-B iO Series 9,Personal Care,Healthcare,285.71,,125,0,0,
032062f0-ecce-4b06-ba26-e62bbb5a858a,EVT-004617,USER-00001,view,2025-11-22T05:32:03.514092,SES-de5957b0,desktop,Safari,direct,PROD-00512,Dom Pérignon Rosé 2009,Champagne,Wine,415.51,,398,0,0,
788f55b0-28ce-44de-8f6a-3ab77d96e463,EVT-004618,USER-00023,search,2025-12-14T14:54:35.803208,SES-bb4337c9,desktop,Chrome,social,,,,,0.0,gaming laptop,0,0,0,
83780d7d-6d89-4c2b-94c8-08efb60ab93c,EVT-004619,USER-00155,search,2026-01-17T11:31:57.293582,SES-1140e22c,mobile,Firefox,social,,,,,0.0,wireless headphones,0,0,0,
c051c06e-d876-43ee-8aee-7919b1ab5314,EVT-004620,USER-00218,click,2026-01-02T08:47:50.645902,SES-603ad823,desktop,Safari,email,PROD-00003,Penfolds Grange,Red Wine,Wine,390.13,,276,0,0,
b543455a-eab1-48b4-96ef-0fad158bd263,EVT-004621,USER-00107,search,2025-11-20T05:33:46.942813,SES-982e8c6e,desktop,Firefox,organic,,,,,0.0,home office chair,0,0,0,
88ec33be-8eb2-4a6b-8053-b0e271b1b829,EVT-004622,USER-00147,add_to_cart,2025-12-25T19:30:59.753338,SES-732cb623,mobile,Chrome,email,PROD-01416,REI Flash 55 Pack,Outdoor Gear,Sports,517.67,,0,1,0,
e2d66009-e607-4d9a-9941-f265660bd8da,EVT-004623,USER-00048,wishlist,2025-12-16T21:36:55.453852,SES-c8d3faae,tablet,Safari,organic,PROD-01844,Samsung Galaxy Watch 6,Smartwatches,Electronics,790.52,,0,0,0,
79096a1c-f814-453f-b69a-fc4b2315144a,EVT-004624,USER-00154,search,2025-11-07T16:07:49.263638,SES-cc985ef3,tablet,Chrome,organic,,,,,0.0,red wine gift,0,0,0,
f011de27-6796-4cbb-81da-52f86b9cc1ce,EVT-004625,USER-00144,view,2025-11-03T06:33:11.844836,SES-bb23aec9,tablet,Edge,direct,PROD-01196,Oral-B iO Series 9,Personal Care,Healthcare,285.71,,125,0,0,
32654dad-9c26-4836-8add-c4fbb28da803,EVT-004626,USER-00001,view,2026-01-16T21:25:37.812866,SES-d32bb2cb,desktop,Safari,direct,PROD-00512,Dom Pérignon Rosé 2009,Champagne,Wine,415.51,,398,0,0,
085f48d4-4a1b-4251-9711-4bb44995376d,EVT-004627,USER-00023,search,2026-01-12T14:47:14.977244,SES-d1744c20,desktop,Chrome,social,,,,,0.0,gaming laptop,0,0,0,
6de8734c-a474-46e5-b7f7-b0e176b3f030,EVT-004628,USER-00155,search,2026-01-17T18:13:35.058499,SES-7eb5e2da,mobile,Firefox,social,,,,,0.0,wireless headphones,0,0,0,
476153c3-d66e-46c9-9334-cb8154fa3a3e,EVT-004629,USER-00218,click,2026-01-03T18:57:31.472712,SES-fdbcd614,desktop,Safari,email,PROD-00003,Penfolds Grange,Red Wine,Wine,390.13,,276,0,0,
5cc65ae3-18e5-421b-8edd-1afe56f28510,EVT-004630,USER-00107,search,2025-11-30T04:50:52.181675,SES-3d51cc54,desktop,Firefox,organic,,,,,0.0,home office chair,0,0,0,
6f3c9346-9423-4327-975d-5486d8f7d7de,EVT-004631,USER-00147,add_to_cart,2025-11-21T13:53:34.187701,SES-eb0593a9,mobile,Chrome,email,PROD-01416,REI Flash 55 Pack,Outdoor Gear,Sports,517.67,,0,1,0,
337cd142-271c-482f-8568-55fea0d34c0e,EVT-004632,USER-00048,wishlist,2025-11-03T22:10:00.126738,SES-de8784c6,tablet,Safari,organic,PROD-01844,Samsung Galaxy Watch 6,Smartwatches,Electronics,790.52,,0,0,0,
d0b0c3b0-0cb6-4e10-b522-8e5426b1a66e,EVT-004633,USER-00154,search,2026-01-07T06:19:28.168373,SES-1e85298e,tablet,Chrome,organic,,,,,0.0,red wine gift,0,0,0,
051ce5fe-fa76-46cc-a840-d40731ebe880,EVT-004634,USER-00144,view,2026-01-10T02:18:52.196935,SES-6c2bd951,tablet,Edge,direct,PROD-01196,Oral-B iO Series 9,Personal Care,Healthcare,285.71,,125,0,0,
59e6bd92-2f3c-49d8-95ac-a54c370c6c1a,EVT-004635,USER-00001,view,2025-10-26T12:44:45.482515,SES-999492f1,desktop,Safari,direct,PROD-00512,Dom Pérignon Rosé 2009,Champagne,Wine,415.51,,398,0,0,
01a6d38d-cf2a-4fad-acd3-5a7baa52181d,EVT-004636,USER-00023,search,2026-01-02T19:38:18.718005,SES-a1c597a9,desktop,Chrome,social,,,,,0.0,gaming laptop,0,0,0,
fbfed55e-d35f-486a-8322-f7dc099a25b9,EVT-004637,USER-00155,search,2025-11-25T04:44:37.980584,SES-1ac95d23,mobile,Firefox,social,,,,,0.0,wireless headphones,0,0,0,
90e559fe-8104-4a5a-b768-20de75a5c1c0,EVT-004638,USER-00218,click,2025-11-12T08:00:52.667389,SES-0a82ef09,desktop,Safari,email,PROD-00003,Penfolds Grange,Red Wine,Wine,390.13,,276,0,0,
f4b7df3b-9b7b-43eb-889b-0ff147298ff5,EVT-004639,USER-00107,search,2025-12-19T22:23:26.235984,SES-fa82d7a9,desktop,Firefox,organic,,,,,0.0,home office chair,0,0,0,
0436879e-3825-4d7b-97a8-6d81daa22e79,EVT-004640,USER-00147,add_to_cart,2025-11-12T13:26:58.455467,SES-e43fad44,mobile,Chrome,email,PROD-01416,REI Flash 55 Pack,Outdoor Gear,Sports,517.67,,0,1,0,
7927c041-c24f-418d-bb40-84b2accdb47b,EVT-004641,USER-00048,wishlist,2026-01-16T22:24:45.252717,SES-6c494f42,tablet,Safari,organic,PROD-01844,Samsung Galaxy Watch 6,Smartwatches,Electronics,790.52,,0,0,0,
54c572bd-8df5-4d19-ac46-5b72fbb357b2,EVT-004642,USER-00154,search,2025-11-03T11:22:20.540391,SES-abc22123,tablet,Chrome,organic,,,,,0.0,red wine gift,0,0,0,
123c3b8c-2d2e-4e83-8cc1-9ed129c5c775,EVT-004643,USER-00144,view,2026-01-09T15:15:32.608040,SES-689526db,tablet,Edge,direct,PROD-01196,Oral-B iO Series 9,Personal Care,Healthcare,285.71,,125,0,0,
6d078818-1c53-4fe5-9e4c-442ff9f01208,EVT-004644,USER-00001,view,2026-01-10T03:35:51.698356,SES-f941c72f,desktop,Safari,direct,PROD-00512,Dom Pérignon Rosé 2009,Champagne,Wine,415.51,,398,0,0,
d9adb737-e8ed-4f8b-a7ab-086425a06bd5,EVT-004645,USER-00023,search,2026-01-05T02:37:14.685822,SES-bb81d77f,desktop,Chrome,social,,,,,0.0,gaming laptop,0,0,0,
c73179e1-500e-4e92-b88b-f6a6563e919a,EVT-004646,USER-00155,search,2026-01-02T14:39:00.907043,SES-b7ed3851,mobile,Firefox,social,,,,,0.0,wireless headphones,0,0,0,
bd358771-bc6a-4c1f-a4b9-6c65dd1a9240,EVT-004647,USER-00218,click,2026-01-08T20:03:50.102463,SES-bb392530,desktop,Safari,email,PROD-00003,Penfolds Grange,Red Wine,Wine,390.13,,276,0,0,
bfb0c122-700a-4bc0-95c8-be2305594ee9,EVT-004648,USER-00107,search,2025-10-28T21:42:00.269629,SES-7e971f81,desktop,Firefox,organic,,,,,0.0,home office chair,0,0,0,
87cf17bf-3e66-4d70-bbd7-f77d5aee591f,EVT-004649,USER-00147,add_to_cart,2025-10-23T04:10:00.036117,SES-833c94aa,mobile,Chrome,email,PROD-01416,REI Flash 55 Pack,Outdoor Gear,Sports,517.67,,0,1,0,
3bf9c707-9637-49a6-b4e5-4542da9b61d1,EVT-004650,USER-00048,wishlist,2025-11-22T06:23:03.895666,SES-46130071,tablet,Safari,organic,PROD-01844,Samsung Galaxy Watch 6,Smartwatches,Electronics,790.52,,0,0,0,
e8afe0c3-78a8-4c9a-8bc9-3634a57e60e8,EVT-004651,USER-00154,search,2025-10-25T17:07:15.622586,SES-22ea9f0f,tablet,Chrome,organic,,,,,0.0,red wine gift,0,0,0,
af5809b5-9a57-4586-a7e4-7dbf10d74899,EVT-004652,USER-00144,view,2025-11-10T00:58:23.719540,SES-d0de9c91,tablet,Edge,direct,PROD-01196,Oral-B iO Series 9,Personal Care,Healthcare,285.71,,125,0,0,
ef1b000e-764e-4546-b019-d2637d06f883,EVT-004653,USER-00001,view,2025-12-18T15:25:37.952566,SES-c44e84cd,desktop,Safari,direct,PROD-00512,Dom Pérignon Rosé 2009,Champagne,Wine,415.51,,398,0,0,
4938db6a-59c7-46c9-a3ee-96b2044510e1,EVT-004654,USER-00023,search,2025-12-11T16:06:56.091044,SES-b9220b47,desktop,Chrome,social,,,,,0.0,gaming laptop,0,0,0,
94a259ca-ddae-4ab7-acfb-302a72ab2292,EVT-004655,USER-00155,search,2025-11-08T01:34:40.898877,SES-8539d8c9,mobile,Firefox,social,,,,,0.0,wireless headphones,0,0,0,
a5f2454c-8556-4c6d-9753-96f6b91d532d,EVT-004656,USER-00218,click,2025-10-31T16:56:02.306964,SES-068352e8,desktop,Safari,email,PROD-00003,Penfolds Grange,Red Wine,Wine,390.13,,276,0,0,
245e94c5-c229-4035-b9f8-a84bc04601a9,EVT-004657,USER-00107,search,2025-11-18T23:10:58.652320,SES-f216a87c,desktop,Firefox,organic,,,,,0.0,home office chair,0,0,0,
4fc63746-9248-461c-bd9e-ab7ea525ea10,EVT-004658,USER-00147,add_to_cart,2026-01-07T06:33:35.623826,SES-0f3c1af0,mobile,Chrome,email,PROD-01416,REI Flash 55 Pack,Outdoor Gear,Sports,517.67,,0,1,0,
dd5ae579-8fa6-4426-9414-1be8300a2cba,EVT-004659,USER-00048,wishlist,2025-12-08T21:41:11.763770,SES-d620e71c,tablet,Safari,organic,PROD-01844,Samsung Galaxy Watch 6,Smartwatches,Electronics,790.52,,0,0,0,
34c97d7b-b350-4a8f-b2f9-eea6c5e05cae,EVT-004660,USER-00154,search,2025-11-26T03:33:43.335675,SES-5d85fb33,tablet,Chrome,organic,,,,,0.0,red wine gift,0,0,0,
2e5fa863-0a3f-4167-8a95-be4db2114b7b,EVT-004661,USER-00144,view,2025-12-14T10:49:56.932318,SES-0cd8cf4e,tablet,Edge,direct,PROD-01196,Oral-B iO Series 9,Personal Care,Healthcare,285.71,,125,0,0,
50fae3d4-c53f-4a52-976a-5ea7721eb610,EVT-004662,USER-00001,view,2026-01-20T05:33:10.878231,SES-f28105b7,desktop,Safari,direct,PROD-00512,Dom Pérignon Rosé 2009,Champagne,Wine,415.51,,398,0,0,
24593fb7-e327-4937-8ce1-9817445f223c,EVT-004663,USER-00023,search,2025-12-05T19:53:44.259942,SES-4c8cc879,desktop,Chrome,social,,,,,0.0,gaming laptop,0,0,0,
8085158f-f50b-440a-a976-40419893aa5b,EVT-004664,USER-00155,search,2025-12-06T15:14:18.807180,SES-b4afa356,mobile,Firefox,social,,,,,0.0,wireless headphones,0,0,0,
3d94f8d9-2efe-4cf0-8d9f-3d85c13745a6,EVT-004665,USER-00218,click,2026-01-07T04:52:29.706439,SES-98ad9d91,desktop,Safari,email,PROD-00003,Penfolds Grange,Red Wine,Wine,390.13,,276,0,0,
b988d1e8-f45a-45f8-9918-b53a19bc40d6,EVT-004666,USER-00107,search,2026-01-19T19:32:10.659286,SES-a560191c,desktop,Firefox,organic,,,,,0.0,home office chair,0,0,0,
e1d8cbc4-e6b9-4052-a749-e880c941e7d5,EVT-004667,USER-00147,add_to_cart,2025-11-11T15:50:26.974956,SES-3d546e54,mobile,Chrome,email,PROD-01416,REI Flash 55 Pack,Outdoor Gear,Sports,517.67,,0,1,0,
bb122c83-fa4a-4a65-96be-376dbbdb039f,EVT-004668,USER-00048,wishlist,2025-12-02T01:59:07.893950,SES-8ec81179,tablet,Safari,organic,PROD-01844,Samsung Galaxy Watch 6,Smartwatches,Electronics,790.52,,0,0,0,
10094c00-3f28-44a8-ab0a-7dbf23969e64,EVT-004669,USER-00154,search,2025-12-19T00:45:04.536258,SES-d39f595b,tablet,Chrome,organic,,,,,0.0,red wine gift,0,0,0,
1e1017c5-296a-4a88-b867-94409ea5bf1d,EVT-004670,USER-00144,view,2025-12-01T08:50:02.316228,SES-e8d5e908,tablet,Edge,direct,PROD-01196,Oral-B iO Series 9,Personal Care,Healthcare,285.71,,125,0,0,
7121f922-5ded-4f4d-8ff6-7f31c0ed3bd8,EVT-004671,USER-00001,view,2026-01-16T02:57:51.566934,SES-4dec50cd,desktop,Safari,direct,PROD-00512,Dom Pérignon Rosé 2009,Champagne,Wine,415.51,,398,0,0,
a05488bf-6ac3-4ef7-97bf-4e3c550a3ac3,EVT-004672,USER-00023,search,2025-12-19T13:19:50.139720,SES-dc466a3d,desktop,Chrome,social,,,,,0.0,gaming laptop,0,0,0,
27625b43-333c-4e37-900e-99102a1bf84e,EVT-004673,USER-00155,search,2025-11-05T03:29:53.633761,SES-7dff10b8,mobile,Firefox,social,,,,,0.0,wireless headphones,0,0,0,
fe3985ca-30d5-4db4-8b23-ae8b9283acf8,EVT-004674,USER-00218,click,2025-10-23T05:53:07.211582,SES-0ff47f5a,desktop,Safari,email,PROD-00003,Penfolds Grange,Red Wine,Wine,390.13,,276,0,0,
7e5b1451-6e71-4f0f-be47-c21cc30523e9,EVT-004675,USER-00107,search,2025-11-24T15:19:52.977459,SES-242e1741,desktop,Firefox,organic,,,,,0.0,home office chair,0,0,0,
7f744042-f344-4dbf-ae12-8847832efd9b,EVT-004676,USER-00147,add_to_cart,2025-12-08T01:12:51.820322,SES-362dd16a,mobile,Chrome,email,PROD-01416,REI Flash 55 Pack,Outdoor Gear,Sports,517.67,,0,1,0,
d15eceab-f8f2-432b-ba01-fdec06c964cc,EVT-004677,USER-00048,wishlist,2025-12-28T03:49:58.015631,SES-c39536d8,tablet,Safari,organic,PROD-01844,Samsung Galaxy Watch 6,Smartwatches,Electronics,790.52,,0,0,0,
89959780-6bf1-468f-83f4-66df346b7a1c,EVT-004678,USER-00154,search,2025-11-06T18:23:14.776949,SES-f9f3f312,tablet,Chrome,organic,,,,,0.0,red wine gift,0,0,0,
a033acee-51a4-4a70-8bb6-872f7d21e593,EVT-004679,USER-00144,view,2025-11-24T20:49:05.837384,SES-27a3fd5d,tablet,Edge,direct,PROD-01196,Oral-B iO Series 9,Personal Care,Healthcare,285.71,,125,0,0,
e178de9e-8cb5-4afe-9ab3-971b6e7dea38,EVT-004680,USER-00001,view,2025-11-10T11:54:06.723017,SES-21b44d0b,desktop,Safari,direct,PROD-00512,Dom Pérignon Rosé 2009,Champagne,Wine,415.51,,398,0,0,
60e79874-efab-48c2-b12c-3422f16b4c88,EVT-004681,USER-00023,search,2026-01-16T22:54:35.804250,SES-e7d51983,desktop,Chrome,social,,,,,0.0,gaming laptop,0,0,0,
c0c0a096-3d01-4215-8261-c7d6ace45f78,EVT-004682,USER-00155,search,2025-12-08T23:55:25.905810,SES-3816065f,mobile,Firefox,social,,,,,0.0,wireless headphones,0,0,0,
7f31b09b-e81c-4fd6-b16f-769edbba5b31,EVT-004683,USER-00218,click,2026-01-03T03:46:01.903061,SES-f4b712d7,desktop,Safari,email,PROD-00003,Penfolds Grange,Red Wine,Wine,390.13,,276,0,0,
72446773-c421-47d5-8fe4-496a9307984b,EVT-004684,USER-00107,search,2025-11-07T05:32:37.540202,SES-54a1468b,desktop,Firefox,organic,,,,,0.0,home office chair,0,0,0,
5cd26c44-3679-496a-bccd-98085558eeab,EVT-004685,USER-00147,add_to_cart,2025-12-10T13:48:14.040355,SES-ef681433,mobile,Chrome,email,PROD-01416,REI Flash 55 Pack,Outdoor Gear,Sports,517.67,,0,1,0,
69dc8d27-4aa8-4993-9339-e3000c08566e,EVT-004686,USER-00048,wishlist,2026-01-04T03:27:54.461480,SES-77f786f7,tablet,Safari,organic,PROD-01844,Samsung Galaxy Watch 6,Smartwatches,Electronics,790.52,,0,0,0,
6c0623fa-2a6f-4e2f-99e0-9eb3d5a09711,EVT-004687,USER-00154,search,2025-12-28T00:09:21.062254,SES-4f5fe2ca,tablet,Chrome,organic,,,,,0.0,red wine gift,0,0,0,
eb2bd827-f3dd-4f0f-bc38-94467f9cbee2,EVT-004688,USER-00144,view,2025-11-08T19:27:04.834011,SES-6216584b,tablet,Edge,direct,PROD-01196,Oral-B iO Series 9,Personal Care,Healthcare,285.71,,125,0,0,
ca30fded-e114-4896-bc98-187372b94593,EVT-004689,USER-00001,view,2025-10-28T08:02:01.603549,SES-7c84d98b,desktop,Safari,direct,PROD-00512,Dom Pérignon Rosé 2009,Champagne,Wine,415.51,,398,0,0,
b2e7cbe0-554f-47b0-ad54-7fe516a487cc,EVT-004690,USER-00023,search,2025-11-09T16:31:38.185863,SES-9e8b1390,desktop,Chrome,social,,,,,0.0,gaming laptop,0,0,0,
c3021752-4afb-46c8-8679-ce62f27424ec,EVT-004691,USER-00155,search,2025-11-04T13:28:31.240500,SES-0b9c6f2e,mobile,Firefox,social,,,,,0.0,wireless headphones,0,0,0,
568801ba-1df7-4e24-9aa8-029e13e62b2f,EVT-004692,USER-00218,click,2026-01-06T09:03:24.941733,SES-152fa413,desktop,Safari,email,PROD-00003,Penfolds Grange,Red Wine,Wine,390.13,,276,0,0,
b2ee2dee-ef8b-469f-a11f-243d20861d4c,EVT-004693,USER-00107,search,2025-10-23T07:26:17.399564,SES-3b913d04,desktop,Firefox,organic,,,,,0.0,home office chair,0,0,0,
ca5ea186-03e3-475d-8170-d039742db51a,EVT-004694,USER-00147,add_to_cart,2025-11-19T02:39:14.826309,SES-05de408a,mobile,Chrome,email,PROD-01416,REI Flash 55 Pack,Outdoor Gear,Sports,517.67,,0,1,0,
04ec0170-0db5-4283-941a-5fcbdef271ff,EVT-004695,USER-00048,wishlist,2025-10-31T00:09:39.374622,SES-7b5c915a,tablet,Safari,organic,PROD-01844,Samsung Galaxy Watch 6,Smartwatches,Electronics,790.52,,0,0,0,
0894e901-f5e6-47e5-a943-d09cfcdbe472,EVT-004696,USER-00154,search,2025-11-25T14:47:37.623521,SES-110cf21d,tablet,Chrome,organic,,,,,0.0,red wine gift,0,0,0,
8d145d77-025f-4c04-a584-0e6fbc6c25ad,EVT-004697,USER-00144,view,2025-10-23T09:39:51.082604,SES-94959b63,tablet,Edge,direct,PROD-01196,Oral-B iO Series 9,Personal Care,Healthcare,285.71,,125,0,0,
966f5d05-cc20-4155-8a80-17d6885ef8e9,EVT-004698,USER-00001,view,2025-10-30T18:12:51.227746,SES-31220c56,desktop,Safari,direct,PROD-00512,Dom Pérignon Rosé 2009,Champagne,Wine,415.51,,398,0,0,
f3a01e9e-a197-4cdc-abbb-7f3db2960f20,EVT-004699,USER-00023,search,2025-11-13T16:47:34.209350,SES-223a6107,desktop,Chrome,social,,,,,0.0,gaming laptop,0,0,0,
901ca7ab-d0eb-4988-9b89-472fc1a07955,EVT-004700,USER-00155,search,2025-11-15T06:53:57.527494,SES-9603c293,mobile,Firefox,social,,,,,0.0,wireless headphones,0,0,0,
28d7b5a5-c613-4f7a-bae7-941b8352c457,EVT-004701,USER-00218,click,2025-11-06T02:03:42.602873,SES-99597329,desktop,Safari,email,PROD-00003,Penfolds Grange,Red Wine,Wine,390.13,,276,0,0,
01c1856e-45c2-4c4c-aabb-b801549457e6,EVT-004702,USER-00107,search,2025-12-26T06:01:56.670675,SES-c469ae58,desktop,Firefox,organic,,,,,0.0,home office chair,0,0,0,
75cb009b-a9e1-4191-9122-1897362b588b,EVT-004703,USER-00147,add_to_cart,2025-12-03T08:37:05.018691,SES-ce93c5df,mobile,Chrome,email,PROD-01416,REI Flash 55 Pack,Outdoor Gear,Sports,517.67,,0,1,0,
541af080-17ee-4a60-b060-6b07696acfb3,EVT-004704,USER-00048,wishlist,2025-10-24T20:27:46.616812,SES-c9a6d169,tablet,Safari,organic,PROD-01844,Samsung Galaxy Watch 6,Smartwatches,Electronics,790.52,,0,0,0,
9b6f7e90-62c9-4b22-ae88-d307bfc1065b,EVT-004705,USER-00154,search,2025-11-06T12:39:49.873248,SES-d1f0aa17,tablet,Chrome,organic,,,,,0.0,red wine gift,0,0,0,
faa4dd68-d34e-4cb4-ac40-da9a0c6d09da,EVT-004706,USER-00144,view,2025-12-04T02:55:23.942885,SES-700f86d3,tablet,Edge,direct,PROD-01196,Oral-B iO Series 9,Personal Care,Healthcare,285.71,,125,0,0,
f69333d2-8412-43be-93ff-a14ccbfc996b,EVT-004707,USER-00001,view,2025-12-08T08:29:15.792513,SES-cc2550de,desktop,Safari,direct,PROD-00512,Dom Pérignon Rosé 2009,Champagne,Wine,415.51,,398,0,0,
98da370a-14a2-4527-8dee-79b791a050e9,EVT-004708,USER-00023,search,2025-10-30T12:15:16.540240,SES-856ad40b,desktop,Chrome,social,,,,,0.0,gaming laptop,0,0,0,
96df8890-86ae-4944-85fe-05fdb99042e0,EVT-004709,USER-00155,search,2025-12-02T17:09:19.621085,SES-e3f99ce8,mobile,Firefox,social,,,,,0.0,wireless headphones,0,0,0,
3bfd9af5-59eb-4e06-a71d-5de81b3dad2d,EVT-004710,USER-00218,click,2026-01-01T11:53:22.843013,SES-00d65cde,desktop,Safari,email,PROD-00003,Penfolds Grange,Red Wine,Wine,390.13,,276,0,0,
c9e8ca40-270a-49db-ad5b-e3a146a3f8a4,EVT-004711,USER-00107,search,2026-01-11T15:48:56.334808,SES-36e02c2c,desktop,Firefox,organic,,,,,0.0,home office chair,0,0,0,
4244b6a7-e35e-4b69-9e43-56deaff18029,EVT-004712,USER-00147,add_to_cart,2025-12-04T21:06:28.812775,SES-3468a86a,mobile,Chrome,email,PROD-01416,REI Flash 55 Pack,Outdoor Gear,Sports,517.67,,0,1,0,
f226875b-f400-44e2-ab89-5dd46409c927,EVT-004713,USER-00048,wishlist,2025-11-20T13:10:10.749250,SES-5b7fbb78,tablet,Safari,organic,PROD-01844,Samsung Galaxy Watch 6,Smartwatches,Electronics,790.52,,0,0,0,
13c82890-8557-49e2-8887-0e060f581ad1,EVT-004714,USER-00154,search,2025-12-28T21:16:53.613289,SES-16e3c6b2,tablet,Chrome,organic,,,,,0.0,red wine gift,0,0,0,
410f84c2-c715-498f-bc2d-6e7179e0abc9,EVT-004715,USER-00144,view,2025-11-24T08:37:15.216364,SES-fb37f95d,tablet,Edge,direct,PROD-01196,Oral-B iO Series 9,Personal Care,Healthcare,285.71,,125,0,0,
9fc67f6a-1755-42c5-8ff5-1ba791d3d940,EVT-004716,USER-00001,view,2025-12-18T04:02:33.697278,SES-cbdbd653,desktop,Safari,direct,PROD-00512,Dom Pérignon Rosé 2009,Champagne,Wine,415.51,,398,0,0,
c4bf0c5b-6dc6-469e-80aa-e6a884a51b69,EVT-004717,USER-00023,search,2025-12-05T05:12:58.139335,SES-937a416c,desktop,Chrome,social,,,,,0.0,gaming laptop,0,0,0,
cac72ead-43df-4549-b673-1d0a8d25901c,EVT-004718,USER-00155,search,2025-11-25T18:34:51.080037,SES-41ffda37,mobile,Firefox,social,,,,,0.0,wireless headphones,0,0,0,
745b33b1-5747-4e12-8ee1-4791fb884f2c,EVT-004719,USER-00218,click,2026-01-08T07:38:58.622705,SES-bbdfbf41,desktop,Safari,email,PROD-00003,Penfolds Grange,Red Wine,Wine,390.13,,276,0,0,
3cb16329-1714-4b07-94ec-7374411b683f,EVT-004720,USER-00107,search,2026-01-15T11:09:12.956558,SES-a3d393e0,desktop,Firefox,organic,,,,,0.0,home office chair,0,0,0,
e9190858-5b2f-4bc2-a853-8d50fa63f1a8,EVT-004721,USER-00147,add_to_cart,2025-11-20T23:04:26.640752,SES-74db1e9f,mobile,Chrome,email,PROD-01416,REI Flash 55 Pack,Outdoor Gear,Sports,517.67,,0,1,0,
8fc36de9-b69c-4007-94f8-a78b6f2d7dc3,EVT-004722,USER-00048,wishlist,2025-12-17T08:20:13.142511,SES-896718ef,tablet,Safari,organic,PROD-01844,Samsung Galaxy Watch 6,Smartwatches,Electronics,790.52,,0,0,0,
b0d1d8f8-2302-4969-a632-e48e99a4de2b,EVT-004723,USER-00154,search,2025-12-07T15:44:27.430689,SES-61afe8ad,tablet,Chrome,organic,,,,,0.0,red wine gift,0,0,0,
922ffe5e-977c-4899-b6e5-132222a249ec,EVT-004724,USER-00144,view,2025-12-31T11:15:18.250250,SES-c4e2e072,tablet,Edge,direct,PROD-01196,Oral-B iO Series 9,Personal Care,Healthcare,285.71,,125,0,0,
50fde14f-42af-4b83-9926-7ab781021469,EVT-004725,USER-00001,view,2025-12-21T22:52:12.180653,SES-bf7bdc0a,desktop,Safari,direct,PROD-00512,Dom Pérignon Rosé 2009,Champagne,Wine,415.51,,398,0,0,
ddb81d36-9e77-4537-a0a6-7f229e210960,EVT-004726,USER-00023,search,2025-12-02T11:51:15.840303,SES-653865cd,desktop,Chrome,social,,,,,0.0,gaming laptop,0,0,0,
d23989a0-11be-4143-81ca-1dd03a5edeea,EVT-004727,USER-00155,search,2026-01-11T15:22:59.735846,SES-0ebbc397,mobile,Firefox,social,,,,,0.0,wireless headphones,0,0,0,
91e24c91-4a9c-4df8-9a36-cf0c52997328,EVT-004728,USER-00218,click,2025-12-11T12:20:36.973559,SES-6acfafa2,desktop,Safari,email,PROD-00003,Penfolds Grange,Red Wine,Wine,390.13,,276,0,0,
b938ef26-85f1-4193-b2ba-3b6c2788b014,EVT-004729,USER-00107,search,2025-12-27T07:58:39.445135,SES-5aa824c6,desktop,Firefox,organic,,,,,0.0,home office chair,0,0,0,
32608a6a-3670-43f3-ae4d-245caa2eab5c,EVT-004730,USER-00147,add_to_cart,2025-11-26T23:55:35.517421,SES-0f69054c,mobile,Chrome,email,PROD-01416,REI Flash 55 Pack,Outdoor Gear,Sports,517.67,,0,1,0,
f2b170cd-80e3-49b0-b16e-2fbb18ef4058,EVT-004731,USER-00048,wishlist,2025-12-11T02:47:02.847780,SES-7f60c537,tablet,Safari,organic,PROD-01844,Samsung Galaxy Watch 6,Smartwatches,Electronics,790.52,,0,0,0,
28eee3bf-db67-4ffe-ac82-d223c5ceb144,EVT-004732,USER-00154,search,2025-11-08T00:30:19.891144,SES-f5ee558d,tablet,Chrome,organic,,,,,0.0,red wine gift,0,0,0,
f49b5e99-fd33-4059-8775-9326cc5a2524,EVT-004733,USER-00144,view,2025-12-01T05:32:05.972158,SES-4409ca5e,tablet,Edge,direct,PROD-01196,Oral-B iO Series 9,Personal Care,Healthcare,285.71,,125,0,0,
bdfd165d-e575-4ebd-bd9f-bda8598448bb,EVT-004734,USER-00001,view,2025-11-02T13:20:39.872312,SES-41c7b4e9,desktop,Safari,direct,PROD-00512,Dom Pérignon Rosé 2009,Champagne,Wine,415.51,,398,0,0,
91d86478-1616-4171-b65c-514db443eed6,EVT-004735,USER-00023,search,2025-12-03T20:41:04.802222,SES-39762622,desktop,Chrome,social,,,,,0.0,gaming laptop,0,0,0,
00275b54-e05d-49ff-a8d5-5d7a168a89de,EVT-004736,USER-00155,search,2025-10-28T08:54:41.378663,SES-2f884f86,mobile,Firefox,social,,,,,0.0,wireless headphones,0,0,0,
b7f30f03-26b1-490f-9491-5d2eecfeef1e,EVT-004737,USER-00218,click,2025-12-23T13:05:56.586509,SES-9df1bb36,desktop,Safari,email,PROD-00003,Penfolds Grange,Red Wine,Wine,390.13,,276,0,0,
97ac66b8-5ab0-498c-ad4e-ab393925d6bd,EVT-004738,USER-00107,search,2025-11-09T12:30:35.568043,SES-30364cac,desktop,Firefox,organic,,,,,0.0,home office chair,0,0,0,
7f8d3626-5a63-4c47-b801-08cc687afb21,EVT-004739,USER-00147,add_to_cart,2026-01-01T12:30:47.825107,SES-3215e8b6,mobile,Chrome,email,PROD-01416,REI Flash 55 Pack,Outdoor Gear,Sports,517.67,,0,1,0,
507789d2-7d1c-4072-9251-99f902fe2e04,EVT-004740,USER-00048,wishlist,2025-12-27T05:16:17.677240,SES-816d417b,tablet,Safari,organic,PROD-01844,Samsung Galaxy Watch 6,Smartwatches,Electronics,790.52,,0,0,0,
ad4b994c-99e9-4803-ab72-6c076b29d0af,EVT-004741,USER-00154,search,2026-01-13T23:51:11.750290,SES-27fe52db,tablet,Chrome,organic,,,,,0.0,red wine gift,0,0,0,
9c85dd24-868a-4ba5-b80f-4d07bf6e33ee,EVT-004742,USER-00144,view,2025-12-20T15:47:29.963551,SES-d266060a,tablet,Edge,direct,PROD-01196,Oral-B iO Series 9,Personal Care,Healthcare,285.71,,125,0,0,
4ec4fd37-9338-416c-94d5-836bf2d6fc25,EVT-004743,USER-00001,view,2026-01-17T16:02:08.854989,SES-4b1ea488,desktop,Safari,direct,PROD-00512,Dom Pérignon Rosé 2009,Champagne,Wine,415.51,,398,0,0,
865e58b2-7128-42ac-a280-5fbac2ca3728,EVT-004744,USER-00023,search,2026-01-16T18:35:19.240322,SES-ba8c84e4,desktop,Chrome,social,,,,,0.0,gaming laptop,0,0,0,
e19cba2b-6185-40ef-a013-8c5d5f63b77f,EVT-004745,USER-00155,search,2026-01-14T00:29:03.552464,SES-f4f329fc,mobile,Firefox,social,,,,,0.0,wireless headphones,0,0,0,
3059bc95-c92c-4ff1-b1bd-a235c7d53c92,EVT-004746,USER-00218,click,2025-11-20T23:54:46.600097,SES-1bd1f63e,desktop,Safari,email,PROD-00003,Penfolds Grange,Red Wine,Wine,390.13,,276,0,0,
ff9c31fd-b337-4988-a220-7b22dfa32963,EVT-004747,USER-00107,search,2025-11-07T04:49:51.071909,SES-8b005868,desktop,Firefox,organic,,,,,0.0,home office chair,0,0,0,
0e1aa3fe-5048-44dc-b33d-0c36e6d881cd,EVT-004748,USER-00147,add_to_cart,2025-12-13T13:41:45.400675,SES-e858cb5b,mobile,Chrome,email,PROD-01416,REI Flash 55 Pack,Outdoor Gear,Sports,517.67,,0,1,0,
f58b7d00-0d41-4984-b622-261d7925c142,EVT-004749,USER-00048,wishlist,2025-12-12T16:35:07.007600,SES-aa28f91b,tablet,Safari,organic,PROD-01844,Samsung Galaxy Watch 6,Smartwatches,Electronics,790.52,,0,0,0,
171bfc14-52a9-49b0-b709-1e3402e0b25f,EVT-004750,USER-00154,search,2025-12-17T00:07:26.352908,SES-19cfe30e,tablet,Chrome,organic,,,,,0.0,red wine gift,0,0,0,
bc948fba-f309-4e82-aa73-8bc5bc806835,EVT-004751,USER-00144,view,2025-12-28T08:41:03.820710,SES-29f1390b,tablet,Edge,direct,PROD-01196,Oral-B iO Series 9,Personal Care,Healthcare,285.71,,125,0,0,
694ce4f7-ab7d-41ba-9bf8-a0598406782f,EVT-004752,USER-00001,view,2026-01-10T00:18:10.529909,SES-16a0c172,desktop,Safari,direct,PROD-00512,Dom Pérignon Rosé 2009,Champagne,Wine,415.51,,398,0,0,
bce5adec-c3ff-407d-8e36-8abab6e75557,EVT-004753,USER-00023,search,2026-01-16T15:40:29.183306,SES-da0946c6,desktop,Chrome,social,,,,,0.0,gaming laptop,0,0,0,
cbfee39b-55fd-4f0b-90b7-fcfe67679c12,EVT-004754,USER-00155,search,2025-12-27T14:59:42.679974,SES-d2cd9597,mobile,Firefox,social,,,,,0.0,wireless headphones,0,0,0,
c898d66d-ff22-4790-a74d-8379922dda37,EVT-004755,USER-00218,click,2026-01-02T14:50:47.433140,SES-56bf6af7,desktop,Safari,email,PROD-00003,Penfolds Grange,Red Wine,Wine,390.13,,276,0,0,
dd04ae0a-f35f-49d4-8170-3b622a2a816a,EVT-004756,USER-00107,search,2025-12-20T19:47:23.470299,SES-0dcbb529,desktop,Firefox,organic,,,,,0.0,home office chair,0,0,0,
fabab6f3-3781-44fa-9d7a-411083e58fae,EVT-004757,USER-00147,add_to_cart,2025-12-14T08:07:04.304407,SES-63c5009c,mobile,Chrome,email,PROD-01416,REI Flash 55 Pack,Outdoor Gear,Sports,517.67,,0,1,0,
fcf8d6c4-ac2a-406a-add0-ee41c30af90e,EVT-004758,USER-00048,wishlist,2025-12-19T07:18:30.009536,SES-3ee4c10b,tablet,Safari,organic,PROD-01844,Samsung Galaxy Watch 6,Smartwatches,Electronics,790.52,,0,0,0,
a070c419-5423-45a3-9191-942ff41d4706,EVT-004759,USER-00154,search,2025-11-12T22:29:01.565793,SES-4917055a,tablet,Chrome,organic,,,,,0.0,red wine gift,0,0,0,
78a7aeba-a9b7-4d5d-a2d2-c92dc13a1d8f,EVT-004760,USER-00144,view,2025-12-11T05:33:33.819771,SES-fe284393,tablet,Edge,direct,PROD-01196,Oral-B iO Series 9,Personal Care,Healthcare,285.71,,125,0,0,
351738f3-4944-4da1-a045-1f133b0eb2fd,EVT-004761,USER-00001,view,2025-11-12T22:52:41.937680,SES-71fad9c7,desktop,Safari,direct,PROD-00512,Dom Pérignon Rosé 2009,Champagne,Wine,415.51,,398,0,0,
07b15ba3-b3b0-4832-b3fa-46312725376d,EVT-004762,USER-00023,search,2025-11-06T15:54:50.312853,SES-3bbc348d,desktop,Chrome,social,,,,,0.0,gaming laptop,0,0,0,
3fb6edb4-0398-41b4-9e0f-ebb0680986f0,EVT-004763,USER-00155,search,2025-12-20T11:18:23.730664,SES-cfa8c925,mobile,Firefox,social,,,,,0.0,wireless headphones,0,0,0,
04cd0779-96e9-4403-b6a8-15a0a62ddbd9,EVT-004764,USER-00218,click,2025-12-24T21:28:18.665249,SES-6241141b,desktop,Safari,email,PROD-00003,Penfolds Grange,Red Wine,Wine,390.13,,276,0,0,
cbdd4f83-1c24-4ce2-aee3-1067c94dd4af,EVT-004765,USER-00107,search,2025-11-13T16:18:06.670297,SES-5cade896,desktop,Firefox,organic,,,,,0.0,home office chair,0,0,0,
a7526513-8622-4b75-ba37-4bbef629bf2a,EVT-004766,USER-00147,add_to_cart,2025-12-13T15:45:47.700952,SES-7612d453,mobile,Chrome,email,PROD-01416,REI Flash 55 Pack,Outdoor Gear,Sports,517.67,,0,1,0,
aa6eb54b-9ea6-4695-8371-576b6d3b2a97,EVT-004767,USER-00048,wishlist,2026-01-11T04:18:10.352159,SES-28a7809e,tablet,Safari,organic,PROD-01844,Samsung Galaxy Watch 6,Smartwatches,Electronics,790.52,,0,0,0,
c6b43bfa-83c8-4890-af08-2a558b28f57e,EVT-004768,USER-00154,search,2025-11-09T23:01:08.277876,SES-c8d5c7bd,tablet,Chrome,organic,,,,,0.0,red wine gift,0,0,0,
4693aed8-3605-4dc0-9495-8685e046b167,EVT-004769,USER-00144,view,2025-12-11T16:58:31.607958,SES-c1f50df8,tablet,Edge,direct,PROD-01196,Oral-B iO Series 9,Personal Care,Healthcare,285.71,,125,0,0,
4e8e8b7e-61bc-45da-afb8-ae6de9f25e74,EVT-004770,USER-00001,view,2025-11-19T09:32:55.566575,SES-f8b98364,desktop,Safari,direct,PROD-00512,Dom Pérignon Rosé 2009,Champagne,Wine,415.51,,398,0,0,
4d94fd4d-eca7-47e0-862f-ef17757019e3,EVT-004771,USER-00023,search,2025-11-29T06:44:49.072572,SES-08d445fc,desktop,Chrome,social,,,,,0.0,gaming laptop,0,0,0,
4791f458-fe16-4b67-b9c8-b0d71f499dd0,EVT-004772,USER-00155,search,2025-12-05T16:35:56.683846,SES-4db44682,mobile,Firefox,social,,,,,0.0,wireless headphones,0,0,0,
bcad73f3-f60c-4b14-aecf-34ea45eba3aa,EVT-004773,USER-00218,click,2025-12-19T16:29:10.061673,SES-77b365b3,desktop,Safari,email,PROD-00003,Penfolds Grange,Red Wine,Wine,390.13,,276,0,0,
a8e765b9-87ac-4675-ac02-4338926f4682,EVT-004774,USER-00107,search,2025-12-28T00:18:15.728366,SES-0c97e7a1,desktop,Firefox,organic,,,,,0.0,home office chair,0,0,0,
29ba614d-2c3e-4083-ba21-b6051c83376a,EVT-004775,USER-00147,add_to_cart,2026-01-10T02:20:59.334179,SES-877c3e39,mobile,Chrome,email,PROD-01416,REI Flash 55 Pack,Outdoor Gear,Sports,517.67,,0,1,0,
4244c120-c8ad-448c-85f5-1c42de4747c0,EVT-004776,USER-00048,wishlist,2025-11-11T08:53:12.184310,SES-d73dc2a6,tablet,Safari,organic,PROD-01844,Samsung Galaxy Watch 6,Smartwatches,Electronics,790.52,,0,0,0,
749756c5-327f-4a4f-b934-94aaefe95b97,EVT-004777,USER-00154,search,2026-01-03T09:56:18.487224,SES-c3e982bd,tablet,Chrome,organic,,,,,0.0,red wine gift,0,0,0,
1e9a2155-cdbe-4093-beff-bc31b9c61449,EVT-004778,USER-00144,view,2025-11-17T18:11:47.563785,SES-8bb1f462,tablet,Edge,direct,PROD-01196,Oral-B iO Series 9,Personal Care,Healthcare,285.71,,125,0,0,
435acb55-c9e6-4891-9796-8bd9d12fa3c3,EVT-004779,USER-00001,view,2026-01-15T10:38:11.539219,SES-0c553515,desktop,Safari,direct,PROD-00512,Dom Pérignon Rosé 2009,Champagne,Wine,415.51,,398,0,0,
d0e7b409-0e14-4ce3-9c93-6bf8d0620ecd,EVT-004780,USER-00023,search,2025-12-13T01:35:25.946185,SES-d4340f64,desktop,Chrome,social,,,,,0.0,gaming laptop,0,0,0,
342f4801-7157-4477-96a4-b9aae09dda45,EVT-004781,USER-00155,search,2025-11-15T03:58:40.942464,SES-5860b6f5,mobile,Firefox,social,,,,,0.0,wireless headphones,0,0,0,
257ca634-d051-4b8f-b4e3-1c9bba49eeb9,EVT-004782,USER-00218,click,2025-11-14T12:33:07.225799,SES-54ade2a8,desktop,Safari,email,PROD-00003,Penfolds Grange,Red Wine,Wine,390.13,,276,0,0,
cc83bb57-bd9a-4e0f-95db-f964487fc3a1,EVT-004783,USER-00107,search,2026-01-03T15:23:06.688509,SES-b963a0ff,desktop,Firefox,organic,,,,,0.0,home office chair,0,0,0,
06adf844-37e6-43dd-9854-b4bf3ae8160b,EVT-004784,USER-00147,add_to_cart,2025-12-31T09:59:13.127003,SES-be9c7626,mobile,Chrome,email,PROD-01416,REI Flash 55 Pack,Outdoor Gear,Sports,517.67,,0,1,0,
171d1dba-9080-40e8-8b33-be65a144b5bf,EVT-004785,USER-00048,wishlist,2025-12-16T16:21:21.044203,SES-4642cd16,tablet,Safari,organic,PROD-01844,Samsung Galaxy Watch 6,Smartwatches,Electronics,790.52,,0,0,0,
c5177bb1-8d5b-415b-a792-643c226f8cbb,EVT-004786,USER-00154,search,2025-12-26T22:12:01.529451,SES-3c9c5024,tablet,Chrome,organic,,,,,0.0,red wine gift,0,0,0,
7ba61b40-1766-4f60-9671-c6c3b3f7661d,EVT-004787,USER-00144,view,2025-11-07T21:55:50.592476,SES-529ef033,tablet,Edge,direct,PROD-01196,Oral-B iO Series 9,Personal Care,Healthcare,285.71,,125,0,0,
3bd402b8-50f0-4792-a60d-06b5689a37dc,EVT-004788,USER-00001,view,2025-12-01T21:16:54.599952,SES-ee3a8a68,desktop,Safari,direct,PROD-00512,Dom Pérignon Rosé 2009,Champagne,Wine,415.51,,398,0,0,
0ce79183-299b-4ba0-8b22-a8080c6f40b1,EVT-004789,USER-00023,search,2026-01-04T21:51:11.678307,SES-5cb32322,desktop,Chrome,social,,,,,0.0,gaming laptop,0,0,0,
15b41aa9-d369-4ae6-b85c-df4adc09b642,EVT-004790,USER-00155,search,2026-01-08T03:03:46.307357,SES-56df0c32,mobile,Firefox,social,,,,,0.0,wireless headphones,0,0,0,
dff811b9-1ff9-40e4-b208-670a8adf178e,EVT-004791,USER-00218,click,2025-12-01T03:56:07.685989,SES-afa2b5a4,desktop,Safari,email,PROD-00003,Penfolds Grange,Red Wine,Wine,390.13,,276,0,0,
923edfcd-8c92-4b82-8346-aa696bac6a8d,EVT-004792,USER-00107,search,2025-11-08T11:36:45.780393,SES-e65e8da1,desktop,Firefox,organic,,,,,0.0,home office chair,0,0,0,
075881cd-2a0a-4e76-a2e6-d97ecda5157f,EVT-004793,USER-00147,add_to_cart,2025-11-07T08:41:24.478358,SES-00ddcfc6,mobile,Chrome,email,PROD-01416,REI Flash 55 Pack,Outdoor Gear,Sports,517.67,,0,1,0,
710e6833-0177-4119-bb05-f809a8f925fa,EVT-004794,USER-00048,wishlist,2025-10-28T23:04:56.133744,SES-440b5903,tablet,Safari,organic,PROD-01844,Samsung Galaxy Watch 6,Smartwatches,Electronics,790.52,,0,0,0,
b736a121-3f84-4618-84d0-fe482b173373,EVT-004795,USER-00154,search,2025-10-27T15:52:52.175841,SES-815b7566,tablet,Chrome,organic,,,,,0.0,red wine gift,0,0,0,
2a854bc5-347f-4c61-b0d8-81446d88a68a,EVT-004796,USER-00144,view,2025-11-13T20:33:11.193336,SES-2397464e,tablet,Edge,direct,PROD-01196,Oral-B iO Series 9,Personal Care,Healthcare,285.71,,125,0,0,
df9ac4f6-6751-43a9-b506-81a0ae754b5b,EVT-004797,USER-00001,view,2026-01-11T18:27:10.506364,SES-ca7e47f0,desktop,Safari,direct,PROD-00512,Dom Pérignon Rosé 2009,Champagne,Wine,415.51,,398,0,0,
bdf32a59-db38-4e7e-b692-4bdc1203db0f,EVT-004798,USER-00023,search,2025-12-03T20:07:11.640095,SES-de97b8bd,desktop,Chrome,social,,,,,0.0,gaming laptop,0,0,0,
3374631a-bd4b-47ac-b748-389c1481a861,EVT-004799,USER-00155,search,2025-12-09T02:27:22.536175,SES-378f2076,mobile,Firefox,social,,,,,0.0,wireless headphones,0,0,0,
a25ef91d-e720-46ac-b20e-bddf1d64c201,EVT-004800,USER-00218,click,2025-12-06T11:10:12.296729,SES-8d3046a1,desktop,Safari,email,PROD-00003,Penfolds Grange,Red Wine,Wine,390.13,,276,0,0,
ad924415-0562-422e-92c8-1678fed69e54,EVT-004801,USER-00107,search,2025-11-01T19:09:51.782289,SES-3257b92a,desktop,Firefox,organic,,,,,0.0,home office chair,0,0,0,
605a1cc7-1034-4e2f-88b5-f6a9ff02b95a,EVT-004802,USER-00147,add_to_cart,2025-12-05T19:14:36.621576,SES-de44bc52,mobile,Chrome,email,PROD-01416,REI Flash 55 Pack,Outdoor Gear,Sports,517.67,,0,1,0,
5c1e6548-b07d-49c6-b205-6f07298533d9,EVT-004803,USER-00048,wishlist,2026-01-11T06:09:46.056712,SES-137a5468,tablet,Safari,organic,PROD-01844,Samsung Galaxy Watch 6,Smartwatches,Electronics,790.52,,0,0,0,
cd7be527-7330-4737-88bf-1c2fa39708ac,EVT-004804,USER-00154,search,2025-11-21T02:11:23.748045,SES-610aebe5,tablet,Chrome,organic,,,,,0.0,red wine gift,0,0,0,
ea0dd243-1693-4c41-a835-15b3d49e162e,EVT-004805,USER-00144,view,2025-12-13T20:01:32.849567,SES-2e8e2d2e,tablet,Edge,direct,PROD-01196,Oral-B iO Series 9,Personal Care,Healthcare,285.71,,125,0,0,
3753375b-9f0c-4bd2-80b8-533c8231d718,EVT-004806,USER-00001,view,2025-12-11T22:05:26.069686,SES-93919892,desktop,Safari,direct,PROD-00512,Dom Pérignon Rosé 2009,Champagne,Wine,415.51,,398,0,0,
2bf14aea-13ba-4fa6-bda8-e55453b941dc,EVT-004807,USER-00023,search,2026-01-13T00:29:40.433098,SES-c4c6ae7a,desktop,Chrome,social,,,,,0.0,gaming laptop,0,0,0,
fb8debde-6146-42a0-87dd-92451b580b72,EVT-004808,USER-00155,search,2025-11-13T13:04:29.478491,SES-26f8bfc2,mobile,Firefox,social,,,,,0.0,wireless headphones,0,0,0,
472a3f51-6d83-4f44-ae8b-549f079eb6b0,EVT-004809,USER-00218,click,2025-11-05T02:29:36.955124,SES-66d5856b,desktop,Safari,email,PROD-00003,Penfolds Grange,Red Wine,Wine,390.13,,276,0,0,
48e8a7ff-01fa-4515-bae8-4d3cf4d38b47,EVT-004810,USER-00107,search,2026-01-03T18:44:56.279630,SES-66cc9cdc,desktop,Firefox,organic,,,,,0.0,home office chair,0,0,0,
a2a4291a-7ac5-497f-ba7c-63a382e54797,EVT-004811,USER-00147,add_to_cart,2025-12-29T10:04:26.075558,SES-0ef29a5d,mobile,Chrome,email,PROD-01416,REI Flash 55 Pack,Outdoor Gear,Sports,517.67,,0,1,0,
6d2c218f-0b1e-4884-9963-ed1e5c5c599b,EVT-004812,USER-00048,wishlist,2025-10-31T13:01:04.627050,SES-a0360f04,tablet,Safari,organic,PROD-01844,Samsung Galaxy Watch 6,Smartwatches,Electronics,790.52,,0,0,0,
08498da5-f5e8-4b36-9fbc-5bd2c697a4b4,EVT-004813,USER-00154,search,2026-01-02T01:31:14.693701,SES-a454500c,tablet,Chrome,organic,,,,,0.0,red wine gift,0,0,0,
8aa6ff24-17ff-448f-bacb-1a7c9eb4f6eb,EVT-004814,USER-00144,view,2025-11-27T09:56:25.997142,SES-644a9ff1,tablet,Edge,direct,PROD-01196,Oral-B iO Series 9,Personal Care,Healthcare,285.71,,125,0,0,
80a0a9ad-4d1a-4801-a83a-50d8ffcdbaf6,EVT-004815,USER-00001,view,2026-01-01T19:48:04.767200,SES-eb50758c,desktop,Safari,direct,PROD-00512,Dom Pérignon Rosé 2009,Champagne,Wine,415.51,,398,0,0,
0abd1b94-e42d-4bfe-83ea-49671a4a07de,EVT-004816,USER-00023,search,2026-01-08T08:10:08.178271,SES-d55e7d90,desktop,Chrome,social,,,,,0.0,gaming laptop,0,0,0,
7ca7d803-68b3-425d-8a5d-015d433ec652,EVT-004817,USER-00155,search,2025-12-10T23:46:18.401268,SES-137fb91a,mobile,Firefox,social,,,,,0.0,wireless headphones,0,0,0,
199f3ccb-94b2-45a5-b0e1-7e5b217236fa,EVT-004818,USER-00218,click,2025-11-07T06:23:28.975485,SES-288e9b28,desktop,Safari,email,PROD-00003,Penfolds Grange,Red Wine,Wine,390.13,,276,0,0,
1d8a2da2-d363-48ff-8c53-b6d0ca9ec6d3,EVT-004819,USER-00107,search,2026-01-10T04:13:06.629573,SES-17705c1e,desktop,Firefox,organic,,,,,0.0,home office chair,0,0,0,
ce7d6de6-d3f7-478a-8e74-111322f7b659,EVT-004820,USER-00147,add_to_cart,2025-11-15T13:12:32.746506,SES-72847cce,mobile,Chrome,email,PROD-01416,REI Flash 55 Pack,Outdoor Gear,Sports,517.67,,0,1,0,
57fdfd46-2627-49c0-99d5-deac59f22ca1,EVT-004821,USER-00048,wishlist,2025-12-11T13:13:47.102178,SES-3fd4aa68,tablet,Safari,organic,PROD-01844,Samsung Galaxy Watch 6,Smartwatches,Electronics,790.52,,0,0,0,
6d3743a3-2482-43c2-a05e-00495f3bcd37,EVT-004822,USER-00154,search,2025-12-16T06:20:55.811213,SES-bc450693,tablet,Chrome,organic,,,,,0.0,red wine gift,0,0,0,
bf2eb9d0-6275-47c8-a6a1-145ba8f2a522,EVT-004823,USER-00144,view,2026-01-15T05:56:46.271711,SES-f12128ac,tablet,Edge,direct,PROD-01196,Oral-B iO Series 9,Personal Care,Healthcare,285.71,,125,0,0,
73335679-fd59-4488-abf0-34151413c76d,EVT-004824,USER-00001,view,2026-01-10T07:21:32.461086,SES-76ff8987,desktop,Safari,direct,PROD-00512,Dom Pérignon Rosé 2009,Champagne,Wine,415.51,,398,0,0,
c99f7c0b-924e-446f-8756-b6e1d8a8b2b9,EVT-004825,USER-00023,search,2025-12-08T08:21:50.197187,SES-90873b0f,desktop,Chrome,social,,,,,0.0,gaming laptop,0,0,0,
de44f0e5-e844-453a-8464-b0d555f8f230,EVT-004826,USER-00155,search,2025-12-07T04:54:48.110738,SES-b2716d4c,mobile,Firefox,social,,,,,0.0,wireless headphones,0,0,0,
f00b4b2a-64ea-4b88-9cfb-e6a699f258c6,EVT-004827,USER-00218,click,2025-12-12T21:00:22.094937,SES-4c05c10e,desktop,Safari,email,PROD-00003,Penfolds Grange,Red Wine,Wine,390.13,,276,0,0,
a49b94cc-6389-4ef4-9dc3-a6140ca58389,EVT-004828,USER-00107,search,2025-11-23T02:39:07.277516,SES-3301f98a,desktop,Firefox,organic,,,,,0.0,home office chair,0,0,0,
764eb484-e3a2-490d-a766-2a0d0dd576f7,EVT-004829,USER-00147,add_to_cart,2025-11-10T15:00:04.663333,SES-f4294e73,mobile,Chrome,email,PROD-01416,REI Flash 55 Pack,Outdoor Gear,Sports,517.67,,0,1,0,
9df314b6-277c-4374-bfd1-f34a6d6f7018,EVT-004830,USER-00048,wishlist,2025-12-28T06:29:43.191017,SES-1b7cdc26,tablet,Safari,organic,PROD-01844,Samsung Galaxy Watch 6,Smartwatches,Electronics,790.52,,0,0,0,
3c5167da-a14f-44ab-ac9e-9fe662b42d22,EVT-004831,USER-00154,search,2025-12-25T02:50:03.709469,SES-784f3873,tablet,Chrome,organic,,,,,0.0,red wine gift,0,0,0,
95de8994-67b2-48b1-a406-0750fdf034ab,EVT-004832,USER-00144,view,2025-11-25T04:04:21.889106,SES-0fb1f19d,tablet,Edge,direct,PROD-01196,Oral-B iO Series 9,Personal Care,Healthcare,285.71,,125,0,0,
8a67c1a9-986a-4bc3-83cf-851eb4b0915f,EVT-004833,USER-00001,view,2025-12-07T23:05:55.496979,SES-520dc588,desktop,Safari,direct,PROD-00512,Dom Pérignon Rosé 2009,Champagne,Wine,415.51,,398,0,0,
ac9e4192-44dc-4417-9f24-0ee1982441bc,EVT-004834,USER-00023,search,2025-11-08T06:59:36.646638,SES-a84a351c,desktop,Chrome,social,,,,,0.0,gaming laptop,0,0,0,
3a0bf104-5905-4fda-beea-d7f0302b6e18,EVT-004835,USER-00155,search,2025-12-19T00:58:43.384943,SES-aad91819,mobile,Firefox,social,,,,,0.0,wireless headphones,0,0,0,
40a30050-de60-4a79-a01d-c75bda56e0f8,EVT-004836,USER-00218,click,2025-11-27T03:55:22.685997,SES-df89225b,desktop,Safari,email,PROD-00003,Penfolds Grange,Red Wine,Wine,390.13,,276,0,0,
ac290378-7700-4da5-be2d-197c801bfaee,EVT-004837,USER-00107,search,2025-10-28T03:38:20.731335,SES-d87993bc,desktop,Firefox,organic,,,,,0.0,home office chair,0,0,0,
888cdeb7-54e4-4a76-96bc-307946eb9abe,EVT-004838,USER-00147,add_to_cart,2026-01-06T01:54:06.217618,SES-d5a886f8,mobile,Chrome,email,PROD-01416,REI Flash 55 Pack,Outdoor Gear,Sports,517.67,,0,1,0,
06b85861-9afc-48fa-9e3e-9bb61d880b44,EVT-004839,USER-00048,wishlist,2025-12-29T05:26:48.793881,SES-b45ef69e,tablet,Safari,organic,PROD-01844,Samsung Galaxy Watch 6,Smartwatches,Electronics,790.52,,0,0,0,
d84e41b7-4c0d-46ac-b1df-78bfd81e33b2,EVT-004840,USER-00154,search,2026-01-20T10:50:05.211608,SES-136a6166,tablet,Chrome,organic,,,,,0.0,red wine gift,0,0,0,
06531f56-b585-4dd5-8cec-297ee8d32252,EVT-004841,USER-00144,view,2025-12-30T20:14:40.113551,SES-4b6a4a3c,tablet,Edge,direct,PROD-01196,Oral-B iO Series 9,Personal Care,Healthcare,285.71,,125,0,0,
1403d348-1c1a-4916-83c0-df41722f4163,EVT-004842,USER-00001,view,2025-11-09T20:26:44.629224,SES-cc89f792,desktop,Safari,direct,PROD-00512,Dom Pérignon Rosé 2009,Champagne,Wine,415.51,,398,0,0,
d6b9ec19-0aab-4046-a50d-15bf7c6d05ee,EVT-004843,USER-00023,search,2025-11-16T16:53:50.345157,SES-82cb66c6,desktop,Chrome,social,,,,,0.0,gaming laptop,0,0,0,
a95aaf4b-d329-413c-8543-b98b9120d6da,EVT-004844,USER-00155,search,2025-11-18T20:40:47.038788,SES-a93fb683,mobile,Firefox,social,,,,,0.0,wireless headphones,0,0,0,
c036f131-69a2-42ca-9bfb-f305d0fd81aa,EVT-004845,USER-00218,click,2026-01-13T16:49:57.284510,SES-1a2c4d87,desktop,Safari,email,PROD-00003,Penfolds Grange,Red Wine,Wine,390.13,,276,0,0,
e8d88506-8e07-4f9e-95ab-80ff9d6c3ddb,EVT-004846,USER-00107,search,2025-12-19T18:12:53.609945,SES-7582e20a,desktop,Firefox,organic,,,,,0.0,home office chair,0,0,0,
d8696d4a-b82e-4c84-8f83-ee34e8af0022,EVT-004847,USER-00147,add_to_cart,2026-01-03T23:49:45.130434,SES-37b937a0,mobile,Chrome,email,PROD-01416,REI Flash 55 Pack,Outdoor Gear,Sports,517.67,,0,1,0,
1cce96a9-44aa-439c-bd5a-fb8ab868aa34,EVT-004848,USER-00048,wishlist,2026-01-07T15:20:13.430920,SES-0fadc4f5,tablet,Safari,organic,PROD-01844,Samsung Galaxy Watch 6,Smartwatches,Electronics,790.52,,0,0,0,
79eb3243-6ae4-4c66-b7d2-62a6ada154c7,EVT-004849,USER-00154,search,2025-12-13T07:39:25.624260,SES-83ce29a8,tablet,Chrome,organic,,,,,0.0,red wine gift,0,0,0,
606f388e-8931-40d1-9896-0c647b38ed29,EVT-004850,USER-00144,view,2025-11-01T12:36:53.003490,SES-02d39f46,tablet,Edge,direct,PROD-01196,Oral-B iO Series 9,Personal Care,Healthcare,285.71,,125,0,0,
1e5cc5ca-73b8-4b0c-acb6-ca6cbdaed7a0,EVT-004851,USER-00001,view,2025-10-28T15:34:41.995262,SES-982b7458,desktop,Safari,direct,PROD-00512,Dom Pérignon Rosé 2009,Champagne,Wine,415.51,,398,0,0,
0aa8afaa-8782-4320-a272-b99ec9e24cc4,EVT-004852,USER-00023,search,2026-01-05T20:08:01.417230,SES-7009b6cd,desktop,Chrome,social,,,,,0.0,gaming laptop,0,0,0,
54373759-092d-4c6a-8abb-abe383c7da06,EVT-004853,USER-00155,search,2025-11-06T08:13:34.921857,SES-aa41051e,mobile,Firefox,social,,,,,0.0,wireless headphones,0,0,0,
a9e6ee41-bd6f-4c2a-9e11-e7c745b916ec,EVT-004854,USER-00218,click,2025-11-10T13:50:49.813904,SES-4520812d,desktop,Safari,email,PROD-00003,Penfolds Grange,Red Wine,Wine,390.13,,276,0,0,
2a099466-6dca-4132-8462-2e4894516383,EVT-004855,USER-00107,search,2025-12-27T04:31:29.712285,SES-ae3afea9,desktop,Firefox,organic,,,,,0.0,home office chair,0,0,0,
cfc19394-d503-46bc-83e3-f101a9f1cf85,EVT-004856,USER-00147,add_to_cart,2026-01-11T12:58:54.989737,SES-dcbf115b,mobile,Chrome,email,PROD-01416,REI Flash 55 Pack,Outdoor Gear,Sports,517.67,,0,1,0,
efa199fe-ce8d-4bc4-bede-bb7a9d2964ac,EVT-004857,USER-00048,wishlist,2026-01-08T18:08:09.159130,SES-58ee6fce,tablet,Safari,organic,PROD-01844,Samsung Galaxy Watch 6,Smartwatches,Electronics,790.52,,0,0,0,
a22d97c9-acd2-4f6e-94ca-286f7dc40924,EVT-004858,USER-00154,search,2025-10-24T17:28:18.351537,SES-6b75273d,tablet,Chrome,organic,,,,,0.0,red wine gift,0,0,0,
8f140a9b-0006-4556-b80c-08b7fda53550,EVT-004859,USER-00144,view,2025-11-05T02:26:28.757607,SES-ff3f7614,tablet,Edge,direct,PROD-01196,Oral-B iO Series 9,Personal Care,Healthcare,285.71,,125,0,0,
37c47f2d-d06d-45ca-b4f3-b69f4c0416e4,EVT-004860,USER-00001,view,2025-12-13T14:51:47.316556,SES-3ac88220,desktop,Safari,direct,PROD-00512,Dom Pérignon Rosé 2009,Champagne,Wine,415.51,,398,0,0,
a57fb160-6566-4a09-81c0-3f81ac5ede46,EVT-004861,USER-00023,search,2025-12-31T19:15:08.712622,SES-0afdaa43,desktop,Chrome,social,,,,,0.0,gaming laptop,0,0,0,
abcbb14e-61f5-4da6-a0be-81a4b199fd05,EVT-004862,USER-00155,search,2025-12-27T08:25:56.988817,SES-43d4d33b,mobile,Firefox,social,,,,,0.0,wireless headphones,0,0,0,
9d2fc6a4-17dc-4b90-8031-07cb91232700,EVT-004863,USER-00218,click,2025-12-14T11:47:45.087565,SES-2a3ef83d,desktop,Safari,email,PROD-00003,Penfolds Grange,Red Wine,Wine,390.13,,276,0,0,
2441b1b9-2ff4-440d-9d0e-1fd7ae63a490,EVT-004864,USER-00107,search,2025-11-23T00:21:02.932662,SES-ee1b3628,desktop,Firefox,organic,,,,,0.0,home office chair,0,0,0,
b9265fee-6210-4e28-ac29-a49aaf018d74,EVT-004865,USER-00147,add_to_cart,2025-10-24T20:02:26.879585,SES-dde9e73b,mobile,Chrome,email,PROD-01416,REI Flash 55 Pack,Outdoor Gear,Sports,517.67,,0,1,0,
8d912ada-1eef-4684-8be8-e4ed825dcb4c,EVT-004866,USER-00048,wishlist,2025-11-18T22:09:50.157909,SES-f0e968dd,tablet,Safari,organic,PROD-01844,Samsung Galaxy Watch 6,Smartwatches,Electronics,790.52,,0,0,0,
b9abda26-2def-4661-b736-43feecc5a6d5,EVT-004867,USER-00154,search,2025-12-04T16:32:54.918727,SES-da8f6bb0,tablet,Chrome,organic,,,,,0.0,red wine gift,0,0,0,
44f9587e-f456-4f09-901b-fca49889187e,EVT-004868,USER-00144,view,2025-12-20T12:14:46.568320,SES-df6f68b3,tablet,Edge,direct,PROD-01196,Oral-B iO Series 9,Personal Care,Healthcare,285.71,,125,0,0,
5dd76e01-d163-4732-852a-fb96cca47326,EVT-004869,USER-00001,view,2025-12-27T19:34:04.422966,SES-854cae25,desktop,Safari,direct,PROD-00512,Dom Pérignon Rosé 2009,Champagne,Wine,415.51,,398,0,0,
f83c54b4-2b4d-43ac-86d7-09cf0224034c,EVT-004870,USER-00023,search,2025-11-09T00:41:41.519283,SES-18acd4ca,desktop,Chrome,social,,,,,0.0,gaming laptop,0,0,0,
f9d0a04b-31dd-4b51-b6f0-d10f74c0a705,EVT-004871,USER-00155,search,2025-12-16T18:13:45.462868,SES-ec0ebcad,mobile,Firefox,social,,,,,0.0,wireless headphones,0,0,0,
fa7bb4c2-736e-452c-a7de-73ba9cc370da,EVT-004872,USER-00218,click,2025-11-09T08:12:52.437070,SES-8fe9774a,desktop,Safari,email,PROD-00003,Penfolds Grange,Red Wine,Wine,390.13,,276,0,0,
0b4b49f2-c7d3-4521-a7c1-31c0d7d02c4d,EVT-004873,USER-00107,search,2025-10-23T02:44:49.425483,SES-7f4c78f3,desktop,Firefox,organic,,,,,0.0,home office chair,0,0,0,
b37a951c-fbfe-41f6-92e8-aabc5dc0e0da,EVT-004874,USER-00147,add_to_cart,2025-11-29T01:47:54.354186,SES-17054cee,mobile,Chrome,email,PROD-01416,REI Flash 55 Pack,Outdoor Gear,Sports,517.67,,0,1,0,
2e305e2f-0331-4d89-ace2-c707098d0a3d,EVT-004875,USER-00048,wishlist,2025-12-03T23:32:41.247931,SES-556dfcc4,tablet,Safari,organic,PROD-01844,Samsung Galaxy Watch 6,Smartwatches,Electronics,790.52,,0,0,0,
ab709c83-1b2e-466d-ba52-792401131af3,EVT-004876,USER-00154,search,2025-11-10T14:38:13.403923,SES-f2a6f261,tablet,Chrome,organic,,,,,0.0,red wine gift,0,0,0,
52c45dd9-4bf9-4cdc-b7aa-6631d9cb52de,EVT-004877,USER-00144,view,2025-12-15T02:03:49.081780,SES-dff1bb58,tablet,Edge,direct,PROD-01196,Oral-B iO Series 9,Personal Care,Healthcare,285.71,,125,0,0,
e94acd7e-c7ae-419c-90d5-bb95b018cab5,EVT-004878,USER-00001,view,2025-10-31T00:51:47.663124,SES-aea58e94,desktop,Safari,direct,PROD-00512,Dom Pérignon Rosé 2009,Champagne,Wine,415.51,,398,0,0,
508f8637-fa31-4395-aa24-af7c59a4c478,EVT-004879,USER-00023,search,2026-01-17T17:45:05.956780,SES-171d835d,desktop,Chrome,social,,,,,0.0,gaming laptop,0,0,0,
06170d0f-a2ad-49af-ad48-7d57bdcf6813,EVT-004880,USER-00155,search,2025-11-04T17:44:01.176565,SES-7a549ee6,mobile,Firefox,social,,,,,0.0,wireless headphones,0,0,0,
ca2c2abe-b798-4f8d-9235-96bdc3556ac7,EVT-004881,USER-00218,click,2025-10-27T00:42:56.414645,SES-37a930b8,desktop,Safari,email,PROD-00003,Penfolds Grange,Red Wine,Wine,390.13,,276,0,0,
5ad5409c-6eaa-4ce7-8e0b-c0aed5dcb4af,EVT-004882,USER-00107,search,2025-11-05T06:08:55.065741,SES-6783fe46,desktop,Firefox,organic,,,,,0.0,home office chair,0,0,0,
cd9e2a2f-8bf9-444b-86ab-ea13d1f588cc,EVT-004883,USER-00147,add_to_cart,2025-11-05T07:59:48.715134,SES-bb260bc8,mobile,Chrome,email,PROD-01416,REI Flash 55 Pack,Outdoor Gear,Sports,517.67,,0,1,0,
158da672-824c-4b4c-a6b3-baa163ee8b34,EVT-004884,USER-00048,wishlist,2025-11-10T07:47:11.935503,SES-934840e6,tablet,Safari,organic,PROD-01844,Samsung Galaxy Watch 6,Smartwatches,Electronics,790.52,,0,0,0,
e9a2563a-fef6-41f4-9a8f-cdb8b22ac810,EVT-004885,USER-00154,search,2025-11-02T07:11:13.970360,SES-5e89623e,tablet,Chrome,organic,,,,,0.0,red wine gift,0,0,0,
ccf1acc2-befe-4219-b8d7-f7de91aa1727,EVT-004886,USER-00144,view,2025-12-23T11:35:37.552569,SES-4c1ce6c2,tablet,Edge,direct,PROD-01196,Oral-B iO Series 9,Personal Care,Healthcare,285.71,,125,0,0,
e6fb4b08-42ac-4239-be62-d6600c5630ce,EVT-004887,USER-00001,view,2025-12-24T17:00:15.942351,SES-0588484e,desktop,Safari,direct,PROD-00512,Dom Pérignon Rosé 2009,Champagne,Wine,415.51,,398,0,0,
de745d91-347a-41e9-a1ce-35d74811999c,EVT-004888,USER-00023,search,2025-12-03T02:28:50.832104,SES-761a580a,desktop,Chrome,social,,,,,0.0,gaming laptop,0,0,0,
fa5287f5-c10f-4a42-8cf0-96951feee50b,EVT-004889,USER-00155,search,2025-12-03T15:53:24.685463,SES-d085cae4,mobile,Firefox,social,,,,,0.0,wireless headphones,0,0,0,
e16a9a16-aff4-4dab-ac9f-e17bde08c762,EVT-004890,USER-00218,click,2025-12-21T02:07:51.548913,SES-5b8da58c,desktop,Safari,email,PROD-00003,Penfolds Grange,Red Wine,Wine,390.13,,276,0,0,
b60f19f9-0914-421e-94d0-5eda82c30d5d,EVT-004891,USER-00107,search,2025-10-27T11:42:12.920824,SES-484e7b86,desktop,Firefox,organic,,,,,0.0,home office chair,0,0,0,
a2bc3c78-e082-4bf9-bfc9-2b82d94c83b4,EVT-004892,USER-00147,add_to_cart,2025-12-16T04:44:40.950691,SES-755a96f9,mobile,Chrome,email,PROD-01416,REI Flash 55 Pack,Outdoor Gear,Sports,517.67,,0,1,0,
9bb1874b-4833-4d18-b903-c024f028991c,EVT-004893,USER-00048,wishlist,2025-12-28T19:32:29.876119,SES-acf4f29f,tablet,Safari,organic,PROD-01844,Samsung Galaxy Watch 6,Smartwatches,Electronics,790.52,,0,0,0,
922c479b-4f6a-4527-adfb-74c01f5018fe,EVT-004894,USER-00154,search,2025-10-30T16:53:13.709453,SES-44f14bb0,tablet,Chrome,organic,,,,,0.0,red wine gift,0,0,0,
06c60cfc-dadb-4058-90af-668f430e4891,EVT-004895,USER-00144,view,2025-11-01T19:35:19.730646,SES-b3f5cc78,tablet,Edge,direct,PROD-01196,Oral-B iO Series 9,Personal Care,Healthcare,285.71,,125,0,0,
ff14236c-c8e8-4b47-9d40-afd504f53e8e,EVT-004896,USER-00001,view,2025-11-27T21:57:36.350268,SES-18977cb6,desktop,Safari,direct,PROD-00512,Dom Pérignon Rosé 2009,Champagne,Wine,415.51,,398,0,0,
3e230824-874e-44e9-9833-05e7bfbd3c80,EVT-004897,USER-00023,search,2025-11-03T07:51:41.300547,SES-8e1b5062,desktop,Chrome,social,,,,,0.0,gaming laptop,0,0,0,
9b4ad9c1-f1ea-4b60-ae69-43a910d8a7be,EVT-004898,USER-00155,search,2025-11-07T22:27:47.462142,SES-4686fb33,mobile,Firefox,social,,,,,0.0,wireless headphones,0,0,0,
e1bfa12a-0149-4fdd-9489-c2273565be94,EVT-004899,USER-00218,click,2025-11-02T13:24:10.003532,SES-bf70a94c,desktop,Safari,email,PROD-00003,Penfolds Grange,Red Wine,Wine,390.13,,276,0,0,
e2397c4d-cff5-4608-bb87-cb2c0f291991,EVT-004900,USER-00107,search,2025-12-26T14:56:41.265506,SES-16d6c770,desktop,Firefox,organic,,,,,0.0,home office chair,0,0,0,
83c8e5ff-7d1e-4997-913b-82caff928511,EVT-004901,USER-00147,add_to_cart,2025-12-01T20:33:24.047490,SES-c069dc1c,mobile,Chrome,email,PROD-01416,REI Flash 55 Pack,Outdoor Gear,Sports,517.67,,0,1,0,
6f8c4781-e712-4a27-92c5-3fec28cac85c,EVT-004902,USER-00048,wishlist,2025-12-26T17:48:53.017467,SES-831c87e9,tablet,Safari,organic,PROD-01844,Samsung Galaxy Watch 6,Smartwatches,Electronics,790.52,,0,0,0,
d968950a-be5c-418b-8a7f-5ef2e07ab664,EVT-004903,USER-00154,search,2025-12-21T05:26:46.630756,SES-49cd7a96,tablet,Chrome,organic,,,,,0.0,red wine gift,0,0,0,
de473f81-c06a-4cbc-80e1-7b2e49b9b695,EVT-004904,USER-00144,view,2026-01-13T23:16:56.362892,SES-930cf9a8,tablet,Edge,direct,PROD-01196,Oral-B iO Series 9,Personal Care,Healthcare,285.71,,125,0,0,
915ecc4b-1738-4456-aa56-c243b8f2431c,EVT-004905,USER-00001,view,2025-12-30T01:37:56.671387,SES-d43d748c,desktop,Safari,direct,PROD-00512,Dom Pérignon Rosé 2009,Champagne,Wine,415.51,,398,0,0,
a17e06d5-f614-40ee-854a-bb4e3a892841,EVT-004906,USER-00023,search,2026-01-14T14:07:31.151559,SES-d6fb55cc,desktop,Chrome,social,,,,,0.0,gaming laptop,0,0,0,
d564623d-0482-4124-9b00-c2bf06bbc5f9,EVT-004907,USER-00155,search,2025-11-09T11:42:39.551251,SES-9bbb4f8f,mobile,Firefox,social,,,,,0.0,wireless headphones,0,0,0,
4a79a0bc-5e85-4c4d-a5fb-04df393afcc8,EVT-004908,USER-00218,click,2025-12-17T17:45:35.931975,SES-35297777,desktop,Safari,email,PROD-00003,Penfolds Grange,Red Wine,Wine,390.13,,276,0,0,
b4e2f3d5-95c0-4c4b-8c1c-ecf383c52dec,EVT-004909,USER-00107,search,2025-12-27T08:14:48.947865,SES-fd453e22,desktop,Firefox,organic,,,,,0.0,home office chair,0,0,0,
57878344-87e0-487a-9027-c29a82ba2317,EVT-004910,USER-00147,add_to_cart,2025-10-26T00:06:21.042077,SES-6f5e2660,mobile,Chrome,email,PROD-01416,REI Flash 55 Pack,Outdoor Gear,Sports,517.67,,0,1,0,
dcc90a49-b778-4ced-85f2-109296fd1a4e,EVT-004911,USER-00048,wishlist,2025-12-13T03:24:18.769256,SES-bcb1b942,tablet,Safari,organic,PROD-01844,Samsung Galaxy Watch 6,Smartwatches,Electronics,790.52,,0,0,0,
b220d936-32b2-47e6-97fb-04d81ebd93ca,EVT-004912,USER-00154,search,2025-11-30T12:03:53.939306,SES-2dd9101d,tablet,Chrome,organic,,,,,0.0,red wine gift,0,0,0,
fef84ce9-4955-492e-b1e4-69d0aae6bbb8,EVT-004913,USER-00144,view,2025-11-22T00:43:57.320376,SES-3cdd5983,tablet,Edge,direct,PROD-01196,Oral-B iO Series 9,Personal Care,Healthcare,285.71,,125,0,0,
a3832ebb-45cc-45d7-bc67-e724da74dbe4,EVT-004914,USER-00001,view,2025-12-09T22:13:00.415778,SES-be4d0187,desktop,Safari,direct,PROD-00512,Dom Pérignon Rosé 2009,Champagne,Wine,415.51,,398,0,0,
abee8eb9-6bf8-4088-800a-6242e08a4e68,EVT-004915,USER-00023,search,2025-12-21T02:27:52.210936,SES-b848a8ab,desktop,Chrome,social,,,,,0.0,gaming laptop,0,0,0,
1a5ac566-773e-449a-821b-a4a594bb231d,EVT-004916,USER-00155,search,2025-12-02T15:40:39.122167,SES-9c199dd4,mobile,Firefox,social,,,,,0.0,wireless headphones,0,0,0,
346cc4d1-b2cd-456d-a409-c8eeab5ed2db,EVT-004917,USER-00218,click,2026-01-09T14:10:50.674102,SES-1a2093af,desktop,Safari,email,PROD-00003,Penfolds Grange,Red Wine,Wine,390.13,,276,0,0,
92e9e726-2e2a-4f1a-8a0c-bac4b6d87821,EVT-004918,USER-00107,search,2026-01-03T16:27:21.693214,SES-52f562fb,desktop,Firefox,organic,,,,,0.0,home office chair,0,0,0,
a88a30f0-15f8-40fa-a89c-5e33e2ad45d0,EVT-004919,USER-00147,add_to_cart,2025-12-31T13:41:50.728779,SES-4ac50208,mobile,Chrome,email,PROD-01416,REI Flash 55 Pack,Outdoor Gear,Sports,517.67,,0,1,0,
131257fb-e0b5-4619-b792-c59a5c738e44,EVT-004920,USER-00048,wishlist,2025-10-31T23:58:33.519554,SES-2433bd8a,tablet,Safari,organic,PROD-01844,Samsung Galaxy Watch 6,Smartwatches,Electronics,790.52,,0,0,0,
a55fe9f7-5acc-4e79-ba8d-21641b9a15d3,EVT-004921,USER-00154,search,2025-12-30T11:09:13.951577,SES-6c0e6576,tablet,Chrome,organic,,,,,0.0,red wine gift,0,0,0,
df7e473e-e607-466e-a715-13c4847e03c9,EVT-004922,USER-00144,view,2025-11-17T01:21:11.808901,SES-e95649cb,tablet,Edge,direct,PROD-01196,Oral-B iO Series 9,Personal Care,Healthcare,285.71,,125,0,0,
8f019a18-e1ef-42bb-b78d-243a1a99458f,EVT-004923,USER-00001,view,2025-10-31T17:07:36.655277,SES-4c6dc783,desktop,Safari,direct,PROD-00512,Dom Pérignon Rosé 2009,Champagne,Wine,415.51,,398,0,0,
87c0f9c6-1b04-4001-8cb2-8684f07fef7f,EVT-004924,USER-00023,search,2025-11-17T06:32:56.577253,SES-c10afc51,desktop,Chrome,social,,,,,0.0,gaming laptop,0,0,0,
3149be26-9e6e-41fb-9b90-d6a8fceac2dd,EVT-004925,USER-00155,search,2026-01-01T18:11:02.507832,SES-620e841b,mobile,Firefox,social,,,,,0.0,wireless headphones,0,0,0,
e5c5ce83-72dd-4e56-891e-97d092ecbeb3,EVT-004926,USER-00218,click,2025-12-23T03:30:22.391961,SES-54800b17,desktop,Safari,email,PROD-00003,Penfolds Grange,Red Wine,Wine,390.13,,276,0,0,
81420237-96c7-4cc7-b8de-e0ca318702e5,EVT-004927,USER-00107,search,2025-12-17T22:53:19.104426,SES-ce182b20,desktop,Firefox,organic,,,,,0.0,home office chair,0,0,0,
25290e0d-4902-4e81-a0a5-9ab179c5e45d,EVT-004928,USER-00147,add_to_cart,2025-11-04T07:51:22.814405,SES-c65bb617,mobile,Chrome,email,PROD-01416,REI Flash 55 Pack,Outdoor Gear,Sports,517.67,,0,1,0,
78ffdc08-b732-4b8c-bc10-3d11eb6ad55f,EVT-004929,USER-00048,wishlist,2025-11-22T00:23:32.133623,SES-e27871e5,tablet,Safari,organic,PROD-01844,Samsung Galaxy Watch 6,Smartwatches,Electronics,790.52,,0,0,0,
37fb37ea-4319-45de-ba2e-d443e9816ff5,EVT-004930,USER-00154,search,2025-10-23T11:01:09.020136,SES-af3afd41,tablet,Chrome,organic,,,,,0.0,red wine gift,0,0,0,
b8d0c701-c297-4cc1-9aac-7c26c82c7708,EVT-004931,USER-00144,view,2025-12-21T12:22:15.012182,SES-6252531a,tablet,Edge,direct,PROD-01196,Oral-B iO Series 9,Personal Care,Healthcare,285.71,,125,0,0,
c97cf1c2-d0c5-4862-be66-11fe203a6daf,EVT-004932,USER-00001,view,2026-01-19T01:13:16.351260,SES-7e63d984,desktop,Safari,direct,PROD-00512,Dom Pérignon Rosé 2009,Champagne,Wine,415.51,,398,0,0,
aa36e9dc-329e-427e-9c27-7ecc802b96c3,EVT-004933,USER-00023,search,2025-11-05T04:24:45.937897,SES-3f648249,desktop,Chrome,social,,,,,0.0,gaming laptop,0,0,0,
49f4ef06-2514-4909-a896-726721e85c39,EVT-004934,USER-00155,search,2025-11-17T11:26:09.994122,SES-c4e536d3,mobile,Firefox,social,,,,,0.0,wireless headphones,0,0,0,
c29ce02e-614c-46ec-94eb-9c2d627a0763,EVT-004935,USER-00218,click,2025-11-03T06:21:36.425800,SES-1fe5bbaa,desktop,Safari,email,PROD-00003,Penfolds Grange,Red Wine,Wine,390.13,,276,0,0,
c4928ac1-6e1b-46bc-a799-55bc52fc6906,EVT-004936,USER-00107,search,2026-01-06T06:31:02.985946,SES-33b68a60,desktop,Firefox,organic,,,,,0.0,home office chair,0,0,0,
311b7b54-458e-4848-b7aa-df8703ead3c2,EVT-004937,USER-00147,add_to_cart,2025-12-14T21:33:45.835089,SES-1d4ed9ce,mobile,Chrome,email,PROD-01416,REI Flash 55 Pack,Outdoor Gear,Sports,517.67,,0,1,0,
e5346e7b-1789-4edf-96ca-45de9175639b,EVT-004938,USER-00048,wishlist,2025-12-24T17:29:15.397689,SES-c396fa11,tablet,Safari,organic,PROD-01844,Samsung Galaxy Watch 6,Smartwatches,Electronics,790.52,,0,0,0,
bf91d3a3-d27a-40ed-8be0-04570568c44d,EVT-004939,USER-00154,search,2025-11-24T16:16:00.673294,SES-0cb41542,tablet,Chrome,organic,,,,,0.0,red wine gift,0,0,0,
3f0c3eea-cfaf-4018-9566-dade20eff028,EVT-004940,USER-00144,view,2026-01-17T18:19:01.194106,SES-422a2a20,tablet,Edge,direct,PROD-01196,Oral-B iO Series 9,Personal Care,Healthcare,285.71,,125,0,0,
407429be-821f-439b-b5c4-216428e1c57c,EVT-004941,USER-00001,view,2025-12-26T14:44:11.018195,SES-81e9636a,desktop,Safari,direct,PROD-00512,Dom Pérignon Rosé 2009,Champagne,Wine,415.51,,398,0,0,
d281d450-4dde-4611-8776-8a3d1bb5b052,EVT-004942,USER-00023,search,2026-01-06T05:46:17.779571,SES-4a8803d6,desktop,Chrome,social,,,,,0.0,gaming laptop,0,0,0,
455ec2ef-0722-4ba4-ba52-5a2f27c9510d,EVT-004943,USER-00155,search,2025-10-28T14:44:02.656589,SES-ece48cf1,mobile,Firefox,social,,,,,0.0,wireless headphones,0,0,0,
d46010f5-b00e-4867-88a5-74dc4480f233,EVT-004944,USER-00218,click,2025-12-28T11:05:53.327657,SES-1ca4d96d,desktop,Safari,email,PROD-00003,Penfolds Grange,Red Wine,Wine,390.13,,276,0,0,
94a07eb5-646b-4cf8-aa41-6a494e7d0164,EVT-004945,USER-00107,search,2025-12-20T15:16:26.079993,SES-fa45c374,desktop,Firefox,organic,,,,,0.0,home office chair,0,0,0,
520c19cd-7cdc-4653-845c-12000c991c70,EVT-004946,USER-00147,add_to_cart,2026-01-03T03:43:06.132889,SES-6f4c7c7a,mobile,Chrome,email,PROD-01416,REI Flash 55 Pack,Outdoor Gear,Sports,517.67,,0,1,0,
558ff05b-29ae-4980-944a-f95017235093,EVT-004947,USER-00048,wishlist,2025-11-10T23:42:40.863893,SES-1464018e,tablet,Safari,organic,PROD-01844,Samsung Galaxy Watch 6,Smartwatches,Electronics,790.52,,0,0,0,
8b23d734-96e3-4378-9455-336ba3dc13a8,EVT-004948,USER-00154,search,2025-12-21T16:44:57.538184,SES-83a52908,tablet,Chrome,organic,,,,,0.0,red wine gift,0,0,0,
6da89fdf-d9b5-4ea6-8cb4-d36806193900,EVT-004949,USER-00144,view,2025-12-15T07:56:02.573159,SES-bdd7a27e,tablet,Edge,direct,PROD-01196,Oral-B iO Series 9,Personal Care,Healthcare,285.71,,125,0,0,
d03d5919-b60d-4abc-be9e-092a352b17c9,EVT-004950,USER-00001,view,2025-11-03T05:03:19.100139,SES-8e91eb3e,desktop,Safari,direct,PROD-00512,Dom Pérignon Rosé 2009,Champagne,Wine,415.51,,398,0,0,
d2762ea8-ed65-4dee-9b1f-9303762fd1a4,EVT-004951,USER-00023,search,2025-12-24T04:23:13.103538,SES-36ad8f63,desktop,Chrome,social,,,,,0.0,gaming laptop,0,0,0,
00162bf0-0d29-486d-8423-e047a7f4fe7d,EVT-004952,USER-00155,search,2025-12-06T08:42:05.485580,SES-81bc65cd,mobile,Firefox,social,,,,,0.0,wireless headphones,0,0,0,
413eabe8-a3d7-4888-95c5-73a080fd8632,EVT-004953,USER-00218,click,2025-10-24T05:02:50.473293,SES-2c399697,desktop,Safari,email,PROD-00003,Penfolds Grange,Red Wine,Wine,390.13,,276,0,0,
8c95b20b-b167-48ba-aa21-d80e18429b0b,EVT-004954,USER-00107,search,2025-10-31T10:01:08.833488,SES-da1b77d6,desktop,Firefox,organic,,,,,0.0,home office chair,0,0,0,
634fe428-3215-4ec9-9485-7614bf56ccc2,EVT-004955,USER-00147,add_to_cart,2026-01-17T20:55:43.703131,SES-94b3f190,mobile,Chrome,email,PROD-01416,REI Flash 55 Pack,Outdoor Gear,Sports,517.67,,0,1,0,
797d5a19-73a3-488c-979e-68aa6e9c72f6,EVT-004956,USER-00048,wishlist,2025-11-02T08:25:14.990577,SES-8a6c9299,tablet,Safari,organic,PROD-01844,Samsung Galaxy Watch 6,Smartwatches,Electronics,790.52,,0,0,0,
f12bdc3c-d6ae-40e4-957e-7c7e675b73d6,EVT-004957,USER-00154,search,2025-11-16T11:08:02.013777,SES-2c31ad80,tablet,Chrome,organic,,,,,0.0,red wine gift,0,0,0,
a052952e-7e20-4d2f-aa9a-051866ad1b93,EVT-004958,USER-00144,view,2025-11-29T19:40:41.856910,SES-019a8b10,tablet,Edge,direct,PROD-01196,Oral-B iO Series 9,Personal Care,Healthcare,285.71,,125,0,0,
29b2ac08-bc54-43e8-9f39-549cdcfd155e,EVT-004959,USER-00001,view,2025-11-23T23:36:38.978790,SES-ec35b173,desktop,Safari,direct,PROD-00512,Dom Pérignon Rosé 2009,Champagne,Wine,415.51,,398,0,0,
5d050178-759d-4a48-88fa-7f4223d51c59,EVT-004960,USER-00023,search,2025-11-21T01:40:34.405349,SES-762e1b03,desktop,Chrome,social,,,,,0.0,gaming laptop,0,0,0,
7ec5235e-3ab7-4768-b762-f2dc3075c866,EVT-004961,USER-00155,search,2025-11-24T16:11:16.173756,SES-998c817c,mobile,Firefox,social,,,,,0.0,wireless headphones,0,0,0,
2c0df1f1-5d9b-48c0-b960-5b48cab39105,EVT-004962,USER-00218,click,2025-11-19T07:08:15.550648,SES-c93e6c0f,desktop,Safari,email,PROD-00003,Penfolds Grange,Red Wine,Wine,390.13,,276,0,0,
f9c55a60-1f89-46b9-aa6c-0e2fd26af113,EVT-004963,USER-00107,search,2026-01-13T20:01:09.873626,SES-01587856,desktop,Firefox,organic,,,,,0.0,home office chair,0,0,0,
87ccf84d-2f48-4225-a3c8-98ba7a9e4473,EVT-004964,USER-00147,add_to_cart,2025-11-10T18:05:00.056796,SES-dc4d05e8,mobile,Chrome,email,PROD-01416,REI Flash 55 Pack,Outdoor Gear,Sports,517.67,,0,1,0,
9ac44bff-af77-4771-99a8-ecee013cdcd9,EVT-004965,USER-00048,wishlist,2025-10-25T02:32:49.777294,SES-175a605a,tablet,Safari,organic,PROD-01844,Samsung Galaxy Watch 6,Smartwatches,Electronics,790.52,,0,0,0,
741cf3ae-da90-4b38-884c-60f6acca23ad,EVT-004966,USER-00154,search,2026-01-15T09:48:12.442220,SES-761f4316,tablet,Chrome,organic,,,,,0.0,red wine gift,0,0,0,
38050032-7d79-41c5-b982-80b629214e8e,EVT-004967,USER-00144,view,2026-01-10T14:26:13.473507,SES-ffe2ba98,tablet,Edge,direct,PROD-01196,Oral-B iO Series 9,Personal Care,Healthcare,285.71,,125,0,0,
6d793cdf-cb72-476f-905b-7c10c1cd8b3e,EVT-004968,USER-00001,view,2025-12-31T17:44:29.778945,SES-51b29220,desktop,Safari,direct,PROD-00512,Dom Pérignon Rosé 2009,Champagne,Wine,415.51,,398,0,0,
417f883c-3891-4598-9561-53098cbcef7c,EVT-004969,USER-00023,search,2025-10-24T23:31:49.778639,SES-f4ea545f,desktop,Chrome,social,,,,,0.0,gaming laptop,0,0,0,
2cb6084d-b1ce-45c0-a498-c8ef2c6788c4,EVT-004970,USER-00155,search,2026-01-19T18:45:07.599366,SES-5d287d05,mobile,Firefox,social,,,,,0.0,wireless headphones,0,0,0,
fa3c5f6a-6a77-46fe-9e4e-6b8e0b5d942e,EVT-004971,USER-00218,click,2026-01-14T09:20:10.340604,SES-f6711e7d,desktop,Safari,email,PROD-00003,Penfolds Grange,Red Wine,Wine,390.13,,276,0,0,
b0ee8056-ab93-4fe5-9126-8dde17a9f773,EVT-004972,USER-00107,search,2025-11-29T16:38:57.323445,SES-df0b221e,desktop,Firefox,organic,,,,,0.0,home office chair,0,0,0,
ab497487-7fb0-4477-b1ec-104bc556f065,EVT-004973,USER-00147,add_to_cart,2025-11-24T05:40:22.381359,SES-37479957,mobile,Chrome,email,PROD-01416,REI Flash 55 Pack,Outdoor Gear,Sports,517.67,,0,1,0,
42f7be25-0016-465b-b137-ebdee47a587d,EVT-004974,USER-00048,wishlist,2025-11-06T05:57:23.235596,SES-bde274b6,tablet,Safari,organic,PROD-01844,Samsung Galaxy Watch 6,Smartwatches,Electronics,790.52,,0,0,0,
a8986998-3185-43da-923b-672a210dc825,EVT-004975,USER-00154,search,2025-11-12T10:40:43.633613,SES-976a4bbe,tablet,Chrome,organic,,,,,0.0,red wine gift,0,0,0,
55a73cf3-d73e-4a9f-88cc-bcfac0a9e385,EVT-004976,USER-00144,view,2025-12-06T05:01:38.730301,SES-8f99a676,tablet,Edge,direct,PROD-01196,Oral-B iO Series 9,Personal Care,Healthcare,285.71,,125,0,0,
8c24229a-f634-4082-9dc6-862bd33259da,EVT-004977,USER-00001,view,2025-10-28T02:24:12.506395,SES-c84e97c8,desktop,Safari,direct,PROD-00512,Dom Pérignon Rosé 2009,Champagne,Wine,415.51,,398,0,0,
fb781cf9-4c23-433d-ab77-40e1ada6712c,EVT-004978,USER-00023,search,2025-12-15T14:07:13.483334,SES-a5917df5,desktop,Chrome,social,,,,,0.0,gaming laptop,0,0,0,
9f1ae6b8-4a85-4d16-a720-a91e09111477,EVT-004979,USER-00155,search,2025-10-28T05:00:58.327779,SES-25478d2a,mobile,Firefox,social,,,,,0.0,wireless headphones,0,0,0,
447e8697-869b-499b-87da-0f6bdb8a6320,EVT-004980,USER-00218,click,2025-12-26T08:49:57.494816,SES-48b19932,desktop,Safari,email,PROD-00003,Penfolds Grange,Red Wine,Wine,390.13,,276,0,0,
da831992-6084-49f1-adbc-37d4e84771f1,EVT-004981,USER-00107,search,2026-01-17T10:21:47.494618,SES-9fcd3847,desktop,Firefox,organic,,,,,0.0,home office chair,0,0,0,
7897c445-51c2-442f-855e-8ad279964767,EVT-004982,USER-00147,add_to_cart,2025-11-30T11:34:31.421653,SES-72fc9fd0,mobile,Chrome,email,PROD-01416,REI Flash 55 Pack,Outdoor Gear,Sports,517.67,,0,1,0,
3cf516c1-25b8-461b-a7b4-906351616a70,EVT-004983,USER-00048,wishlist,2026-01-08T05:58:44.317295,SES-17193a54,tablet,Safari,organic,PROD-01844,Samsung Galaxy Watch 6,Smartwatches,Electronics,790.52,,0,0,0,
bb2b8030-060c-44e2-a153-a2033debe3a6,EVT-004984,USER-00154,search,2025-10-24T16:28:39.930877,SES-7d8340aa,tablet,Chrome,organic,,,,,0.0,red wine gift,0,0,0,
f1836799-2eee-4e67-b907-abc00dba2979,EVT-004985,USER-00144,view,2025-11-12T05:03:02.910048,SES-9a1c8552,tablet,Edge,direct,PROD-01196,Oral-B iO Series 9,Personal Care,Healthcare,285.71,,125,0,0,
cc1c47cb-e8cb-4514-b86d-2c9650d72df0,EVT-004986,USER-00001,view,2025-11-03T01:20:20.068155,SES-e8368de2,desktop,Safari,direct,PROD-00512,Dom Pérignon Rosé 2009,Champagne,Wine,415.51,,398,0,0,
8f385078-b990-4af7-811c-dd43d34cf242,EVT-004987,USER-00023,search,2025-11-16T23:57:26.949054,SES-35ecc23d,desktop,Chrome,social,,,,,0.0,gaming laptop,0,0,0,
78c65efb-0a30-40fe-9cb1-e375b0961f08,EVT-004988,USER-00155,search,2025-12-20T04:20:23.045834,SES-d5246bcd,mobile,Firefox,social,,,,,0.0,wireless headphones,0,0,0,
0658d4e0-7e4c-4b11-be23-794a539f2163,EVT-004989,USER-00218,click,2026-01-11T18:33:19.122994,SES-9d5eaa55,desktop,Safari,email,PROD-00003,Penfolds Grange,Red Wine,Wine,390.13,,276,0,0,
5f34daad-6b0d-494a-91bd-54be4d612178,EVT-004990,USER-00107,search,2025-11-22T11:41:57.156120,SES-253d8f73,desktop,Firefox,organic,,,,,0.0,home office chair,0,0,0,
1b724713-ea01-4d54-a23f-f068ba7f0448,EVT-004991,USER-00147,add_to_cart,2025-11-15T04:01:46.979112,SES-12fd5d5f,mobile,Chrome,email,PROD-01416,REI Flash 55 Pack,Outdoor Gear,Sports,517.67,,0,1,0,
bb6a4246-242c-470a-b328-0da3711b4358,EVT-004992,USER-00048,wishlist,2026-01-08T10:29:43.023619,SES-cf8f7036,tablet,Safari,organic,PROD-01844,Samsung Galaxy Watch 6,Smartwatches,Electronics,790.52,,0,0,0,
7b83f335-a8f8-456a-b6ec-16d8e64a09f1,EVT-004993,USER-00154,search,2026-01-05T04:06:51.164345,SES-229695de,tablet,Chrome,organic,,,,,0.0,red wine gift,0,0,0,
8d4f8930-b1d2-4861-897d-62e63a4ee0af,EVT-004994,USER-00144,view,2025-12-23T06:32:43.043993,SES-8f677f4f,tablet,Edge,direct,PROD-01196,Oral-B iO Series 9,Personal Care,Healthcare,285.71,,125,0,0,
64df73e7-355b-44b3-82b3-40212d4a43de,EVT-004995,USER-00001,view,2025-12-19T10:56:40.683022,SES-fad7bb25,desktop,Safari,direct,PROD-00512,Dom Pérignon Rosé 2009,Champagne,Wine,415.51,,398,0,0,
1aa6502c-06d8-4dd9-8a6e-749cdd7671a7,EVT-004996,USER-00023,search,2025-11-11T15:18:13.792141,SES-dc255d61,desktop,Chrome,social,,,,,0.0,gaming laptop,0,0,0,
d2fd0fbe-7557-4ac1-a0f7-b74b86de00fc,EVT-004997,USER-00155,search,2025-12-25T14:27:09.471042,SES-42d1803a,mobile,Firefox,social,,,,,0.0,wireless headphones,0,0,0,
ce1f6976-8287-40b3-ae66-d20c08dcdf5c,EVT-004998,USER-00218,click,2025-11-17T08:43:14.249351,SES-0206d100,desktop,Safari,email,PROD-00003,Penfolds Grange,Red Wine,Wine,390.13,,276,0,0,
511364b1-b878-459a-989a-7fe0778ed6f1,EVT-004999,USER-00107,search,2025-11-14T03:28:57.291959,SES-c738da46,desktop,Firefox,organic,,,,,0.0,home office chair,0,0,0,
1baa6779-52aa-48c9-bd62-18540f322222,EVT-005000,USER-00147,add_to_cart,2025-11-02T21:28:35.853323,SES-625fa85f,mobile,Chrome,email,PROD-01416,REI Flash 55 Pack,Outdoor Gear,Sports,517.67,,0,1,0,
