id,event_id,user_id,event_type,timestamp,session_id,device,browser,source,product_id,product_name,product_category,product_sector,product_price,search_query,time_on_page_sec,quantity,order_total,payment_method
49e9834b-afc9-418e-8ddc-724531974a0f,EVT-000001,USER-00220,view,2026-01-03T06:45:01,SES-eaad3826,desktop,Edge,email,PROD-00424,Eataly Parmigiano,Gourmet Foods,Food,22.01,,66,0,0,
398d7dc7-cd28-4115-adfa-66531ff51938,EVT-000002,USER-00082,search,2025-11-18T02:58:32,SES-680daa68,mobile,Firefox,paid,,,,,0.0,summer dress,0,0,0,
0d31ecce-012d-4d27-bfe5-f0571d5607c9,EVT-000003,USER-00128,click,2026-01-09T23:05:45,SES-2409c57b,tablet,Firefox,email,PROD-01762,Samsung Galaxy Tab S9,Tablets,Electronics,1365.67,,32,0,0,
56698a97-3bf9-4323-9f9c-8ce716ee41a7,EVT-000004,USER-00250,view,2025-11-22T16:40:03,SES-36fbdd92,desktop,Safari,email,PROD-01775,IKEA PAX,Storage,Furniture,887.43,,201,0,0,
8ab256d0-6bcf-482c-9a58-6691d5c9718e,EVT-000005,USER-00300,click,2025-12-22T05:25:01,SES-de2e1264,mobile,Safari,email,PROD-01992,Stone Delicious IPA,Craft Beer,Wine,30.23,,124,0,0,
3988d397-2f8c-493e-82e9-e4d7c89ddee7,EVT-000006,USER-00195,search,2025-11-02T04:33:37,SES-d91efc6c,tablet,Chrome,social,,,,,0.0,protein powder,0,0,0,
eb448bb9-09b1-482d-b1ff-24b2a2da8bec,EVT-000007,USER-00034,search,2025-12-20T17:01:51,SES-4521e627,desktop,Firefox,social,,,,,0.0,home office chair,0,0,0,
f11f94fa-139e-488d-9959-f878d68740d4,EVT-000008,USER-00147,add_to_cart,2025-11-28T22:29:27,SES-bca01230,mobile,Chrome,email,PROD-01416,REI Flash 55 Pack,Outdoor Gear,Sports,517.67,,0,1,0,
c17752ab-6370-4ecd-89ba-cf172dbe0a7b,EVT-000009,USER-00048,wishlist,2025-12-03T10:18:04,SES-33bd047b,tablet,Safari,organic,PROD-01844,Samsung Galaxy Watch 6,Smartwatches,Electronics,790.52,,0,0,0,
202253a4-28ca-47da-a7a1-f2d4ced852b6,EVT-000010,USER-00154,search,2025-11-11T03:18:45,SES-8e69c207,tablet,Chrome,organic,,,,,0.0,red wine gift,0,0,0,
c97fec94-b4ea-4a46-a60a-dcda7871afcc,EVT-000011,USER-00144,view,2025-12-16T19:27:58,SES-e08a95b7,tablet,Edge,direct,PROD-01196,Oral-B iO Series 9,Personal Care,Healthcare,285.71,,125,0,0,
362c37dd-8370-4d22-b384-e20805546949,EVT-000012,USER-00001,view,2025-11-26T00:16:55,SES-bee1af25,desktop,Safari,direct,PROD-00512,Dom Pérignon Rosé 2009,Champagne,Wine,415.51,,398,0,0,
38a48e4e-6849-4e58-86f7-6e8ada294184,EVT-000013,USER-00023,search,2025-11-28T01:19:13,SES-23d56367,desktop,Chrome,social,,,,,0.0,gaming laptop,0,0,0,
f858e978-be73-4f90-90b5-6cb6fbf438d3,EVT-000014,USER-00155,search,2026-01-17T22:10:32,SES-0c5bc4c8,mobile,Firefox,social,,,,,0.0,wireless headphones,0,0,0,
dee84dad-b838-4ed6-91ef-a64c95e03b46,EVT-000015,USER-00218,click,2025-12-23T04:13:25,SES-b2f37e53,desktop,Safari,email,PROD-00003,Penfolds Grange,Red Wine,Wine,390.13,,276,0,0,
2093ff9f-8e44-4ed4-904e-3216cdcd4fb1,EVT-000016,USER-00107,search,2026-01-10T07:08:02,SES-16433efa,desktop,Firefox,organic,,,,,0.0,home office chair,0,0,0,
61044841-49f5-45b9-baeb-c9a95d6b77b6,EVT-000017,USER-00147,add_to_cart,2025-10-28T23:40:50,SES-573f5fca,mobile,Chrome,email,PROD-01416,REI Flash 55 Pack,Outdoor Gear,Sports,517.67,,0,1,0,
7741ced0-ab2e-4481-8108-12cc87ca7221,EVT-000018,USER-00048,wishlist,2025-12-05T09:06:54,SES-e649ec3f,tablet,Safari,organic,PROD-01844,Samsung Galaxy Watch 6,Smartwatches,Electronics,790.52,,0,0,0,
22d29112-6547-4921-b844-db26ac6009c2,EVT-000019,USER-00154,search,2025-11-07T23:38:52,SES-42a399ed,tablet,Chrome,organic,,,,,0.0,red wine gift,0,0,0,
05c00ac4-6c72-4933-831e-2f86135ffeb0,EVT-000020,USER-00144,view,2026-01-17T02:29:50,SES-2ea13ce8,tablet,Edge,direct,PROD-01196,Oral-B iO Series 9,Personal Care,Healthcare,285.71,,125,0,0,
144c14af-eef0-4b39-97a5-5cc7717739de,EVT-000021,USER-00001,view,2025-10-26T00:35:45,SES-968f31e5,desktop,Safari,direct,PROD-00512,Dom Pérignon Rosé 2009,Champagne,Wine,415.51,,398,0,0,
8477137e-94f8-4bf5-85b0-57180b7a9cb4,EVT-000022,USER-00023,search,2025-12-11T09:28:37,SES-512385a7,desktop,Chrome,social,,,,,0.0,gaming laptop,0,0,0,
3954af6d-43f8-431d-bbdc-3620ca96a608,EVT-000023,USER-00155,search,2025-11-16T07:36:37,SES-30c10053,mobile,Firefox,social,,,,,0.0,wireless headphones,0,0,0,
227595de-ddf6-44c3-9c8c-e02da82c717a,EVT-000024,USER-00218,click,2025-12-18T17:26:02,SES-d39eb90c,desktop,Safari,email,PROD-00003,Penfolds Grange,Red Wine,Wine,390.13,,276,0,0,
4f33e21c-9060-483f-95f8-c7ebc4cf5bb0,EVT-000025,USER-00107,search,2025-12-01T12:51:06,SES-cd279ada,desktop,Firefox,organic,,,,,0.0,home office chair,0,0,0,
8c2f2456-7ed0-4489-b112-0bc04cad683f,EVT-000026,USER-00147,add_to_cart,2025-11-20T05:46:20,SES-48109ba8,mobile,Chrome,email,PROD-01416,REI Flash 55 Pack,Outdoor Gear,Sports,517.67,,0,1,0,
ad175dae-4403-420b-b425-20c4f6a37a05,EVT-000027,USER-00048,wishlist,2025-12-20T09:04:36,SES-9822546d,tablet,Safari,organic,PROD-01844,Samsung Galaxy Watch 6,Smartwatches,Electronics,790.52,,0,0,0,
aa7c0a49-0bec-4748-9555-6fb0d15804d8,EVT-000028,USER-00154,search,2026-01-11T00:14:54,SES-72d592a7,tablet,Chrome,organic,,,,,0.0,red wine gift,0,0,0,
e513c27e-2b31-45ff-8025-1bb3028c7df3,EVT-000029,USER-00144,view,2026-01-15T22:04:29,SES-61d64753,tablet,Edge,direct,PROD-01196,Oral-B iO Series 9,Personal Care,Healthcare,285.71,,125,0,0,
cf2c8c9d-b056-42eb-85b5-ef55571046af,EVT-000030,USER-00001,view,2025-12-24T09:06:59,SES-1d69259c,desktop,Safari,direct,PROD-00512,Dom Pérignon Rosé 2009,Champagne,Wine,415.51,,398,0,0,
7e221115-4806-4e39-8834-c0968acf45ae,EVT-000031,USER-00023,search,2025-12-13T06:04:47,SES-a31fbc1f,desktop,Chrome,social,,,,,0.0,gaming laptop,0,0,0,
eff1da24-7b65-4473-b845-e91e3cd59f27,EVT-000032,USER-00155,search,2025-11-25T22:44:21,SES-f32f062e,mobile,Firefox,social,,,,,0.0,wireless headphones,0,0,0,
f76e7800-e110-49b3-9698-9cc94016b8b5,EVT-000033,USER-00218,click,2025-11-30T10:03:04,SES-334e21f7,desktop,Safari,email,PROD-00003,Penfolds Grange,Red Wine,Wine,390.13,,276,0,0,
e33cbab0-5616-4ab1-a3d0-6cfb77a2d975,EVT-000034,USER-00107,search,2025-10-25T15:41:40,SES-81a86a75,desktop,Firefox,organic,,,,,0.0,home office chair,0,0,0,
ec890ada-7de9-47ac-a43a-d104c7816c9a,EVT-000035,USER-00147,add_to_cart,2025-11-02T21:04:59,SES-68605774,mobile,Chrome,email,PROD-01416,REI Flash 55 Pack,Outdoor Gear,Sports,517.67,,0,1,0,
05311d98-2202-471c-96e4-4efa2303345b,EVT-000036,USER-00048,wishlist,2025-11-09T05:08:12,SES-f96942cb,tablet,Safari,organic,PROD-01844,Samsung Galaxy Watch 6,Smartwatches,Electronics,790.52,,0,0,0,
98140905-b16e-4c38-9acf-5168f4949362,EVT-000037,USER-00154,search,2026-01-09T07:07:49,SES-abc62009,tablet,Chrome,organic,,,,,0.0,red wine gift,0,0,0,
a02fc8b6-27b1-423f-bbd0-87d90df74895,EVT-000038,USER-00144,view,2025-11-23T01:49:51,SES-0211bdc8,tablet,Edge,direct,PROD-01196,Oral-B iO Series 9,Personal Care,Healthcare,285.71,,125,0,0,
4bad345b-d87b-4ae4-9b01-61de6075d2a5,EVT-000039,USER-00001,view,2025-12-03T10:28:23,SES-2dce30da,desktop,Safari,direct,PROD-00512,Dom Pérignon Rosé 2009,Champagne,Wine,415.51,,398,0,0,
089a5be9-30e6-4b1e-bcd1-16bb74a87270,EVT-000040,USER-00023,search,2026-01-07T12:51:05,SES-e0cde122,desktop,Chrome,social,,,,,0.0,gaming laptop,0,0,0,
6751ee82-13e7-4996-bb53-7afbb9e2a48a,EVT-000041,USER-00155,search,2025-11-09T19:08:33,SES-23d3f4f8,mobile,Firefox,social,,,,,0.0,wireless headphones,0,0,0,
dc4bcdc7-fd44-4b2c-b40e-8be7e1f4c25e,EVT-000042,USER-00218,click,2025-11-26T11:32:04,SES-38f639e3,desktop,Safari,email,PROD-00003,Penfolds Grange,Red Wine,Wine,390.13,,276,0,0,
faad9bcf-45cf-4e80-b940-84a369094a5c,EVT-000043,USER-00107,search,2025-11-15T13:33:43,SES-474085cd,desktop,Firefox,organic,,,,,0.0,home office chair,0,0,0,
6a87d155-899b-49d6-8fcb-b91bb7a77d0f,EVT-000044,USER-00147,add_to_cart,2025-10-29T19:11:37,SES-386d9ffc,mobile,Chrome,email,PROD-01416,REI Flash 55 Pack,Outdoor Gear,Sports,517.67,,0,1,0,
300166e4-c3a9-479a-bdb1-8e299d70ef8a,EVT-000045,USER-00048,wishlist,2025-11-12T15:20:41,SES-a9c279c7,tablet,Safari,organic,PROD-01844,Samsung Galaxy Watch 6,Smartwatches,Electronics,790.52,,0,0,0,
0d499678-34a6-4858-8ccf-3a9750a9305c,EVT-000046,USER-00154,search,2025-12-25T12:44:40,SES-3795b824,tablet,Chrome,organic,,,,,0.0,red wine gift,0,0,0,
7f2c516a-3db2-4b21-b503-2cf3a29b66eb,EVT-000047,USER-00144,view,2025-11-27T19:57:38,SES-6207461e,tablet,Edge,direct,PROD-01196,Oral-B iO Series 9,Personal Care,Healthcare,285.71,,125,0,0,
1eca7674-ba65-4972-9fc6-0862dac92d9a,EVT-000048,USER-00001,view,2025-11-27T20:40:08,SES-a005ffc0,desktop,Safari,direct,PROD-00512,Dom Pérignon Rosé 2009,Champagne,Wine,415.51,,398,0,0,
f6cc2e45-ae39-453b-aeed-7a7e9011e22a,EVT-000049,USER-00023,search,2025-11-05T19:53:46,SES-84323de0,desktop,Chrome,social,,,,,0.0,gaming laptop,0,0,0,
3428b681-0856-421e-b6c0-aaf8040b1d1c,EVT-000050,USER-00155,search,2026-01-06T10:19:48,SES-2b2fec9e,mobile,Firefox,social,,,,,0.0,wireless headphones,0,0,0,
074af71a-14b4-471a-8a24-9e5d8cc0e322,EVT-000051,USER-00218,click,2025-11-22T06:39:28,SES-ddaa7c2d,desktop,Safari,email,PROD-00003,Penfolds Grange,Red Wine,Wine,390.13,,276,0,0,
87175571-e552-4647-b34a-c6b540e26806,EVT-000052,USER-00107,search,2025-11-03T14:55:03,SES-bc659190,desktop,Firefox,organic,,,,,0.0,home office chair,0,0,0,
6c524213-46d8-429a-b7bc-407faabb93ba,EVT-000053,USER-00147,add_to_cart,2025-10-23T16:22:33,SES-6571b711,mobile,Chrome,email,PROD-01416,REI Flash 55 Pack,Outdoor Gear,Sports,517.67,,0,1,0,
ac24744c-e258-4419-91bc-5a3b03185f70,EVT-000054,USER-00048,wishlist,2025-11-22T16:17:45,SES-9455c7a8,tablet,Safari,organic,PROD-01844,Samsung Galaxy Watch 6,Smartwatches,Electronics,790.52,,0,0,0,
0e1df354-5929-44f4-9ee8-7246e42d6e5d,EVT-000055,USER-00154,search,2025-12-28T13:46:01,SES-4eeabe21,tablet,Chrome,organic,,,,,0.0,red wine gift,0,0,0,
1efe5d73-e524-4241-8b2c-87ad5694375c,EVT-000056,USER-00144,view,2025-10-23T19:19:50,SES-30b7887d,tablet,Edge,direct,PROD-01196,Oral-B iO Series 9,Personal Care,Healthcare,285.71,,125,0,0,
831433bc-6017-4e5c-9c5e-bb74b60de7c3,EVT-000057,USER-00001,view,2025-12-31T08:12:02,SES-b9a4ec12,desktop,Safari,direct,PROD-00512,Dom Pérignon Rosé 2009,Champagne,Wine,415.51,,398,0,0,
60105670-9844-49ee-a12d-f098304a211f,EVT-000058,USER-00023,search,2025-11-23T16:15:02,SES-c3b66d6b,desktop,Chrome,social,,,,,0.0,gaming laptop,0,0,0,
76d8f532-7015-4f7f-a891-29f9a4a06be4,EVT-000059,USER-00155,search,2025-11-12T12:03:19,SES-07b28c73,mobile,Firefox,social,,,,,0.0,wireless headphones,0,0,0,
91cefa1b-a483-4443-8462-2e1a12282fb2,EVT-000060,USER-00218,click,2025-12-06T22:20:08,SES-365a491a,desktop,Safari,email,PROD-00003,Penfolds Grange,Red Wine,Wine,390.13,,276,0,0,
ed0c8941-0d9b-4fa7-b242-f8ab20e63960,EVT-000061,USER-00107,search,2025-12-16T20:13:43,SES-9f4baac3,desktop,Firefox,organic,,,,,0.0,home office chair,0,0,0,
b5399058-d104-48b5-8eed-2d481bd2147f,EVT-000062,USER-00147,add_to_cart,2026-01-07T22:58:17,SES-f864ebc4,mobile,Chrome,email,PROD-01416,REI Flash 55 Pack,Outdoor Gear,Sports,517.67,,0,1,0,
dd67cc15-6654-4900-9c98-61e68752a251,EVT-000063,USER-00048,wishlist,2025-11-22T23:13:17,SES-94035582,tablet,Safari,organic,PROD-01844,Samsung Galaxy Watch 6,Smartwatches,Electronics,790.52,,0,0,0,
66442d31-95fc-4eae-a409-43e8501c3611,EVT-000064,USER-00154,search,2026-01-18T00:09:16,SES-f3a1c59d,tablet,Chrome,organic,,,,,0.0,red wine gift,0,0,0,
83e7570c-5022-44e3-949e-ffadecd23730,EVT-000065,USER-00144,view,2025-11-14T08:02:25,SES-3f95f41d,tablet,Edge,direct,PROD-01196,Oral-B iO Series 9,Personal Care,Healthcare,285.71,,125,0,0,
58263527-a9db-46c8-92cb-cb87fdb7d2d3,EVT-000066,USER-00001,view,2025-12-16T06:38:48,SES-a4be96f5,desktop,Safari,direct,PROD-00512,Dom Pérignon Rosé 2009,Champagne,Wine,415.51,,398,0,0,
c2a1dd09-0d2f-4bb2-9ce8-4c324cce2a91,EVT-000067,USER-00023,search,2025-10-29T04:16:06,SES-fc1d427e,desktop,Chrome,social,,,,,0.0,gaming laptop,0,0,0,
cdc4a06d-0f97-4663-85fc-b0ab8e6fba02,EVT-000068,USER-00155,search,2025-11-29T04:25:16,SES-4a8d2f9a,mobile,Firefox,social,,,,,0.0,wireless headphones,0,0,0,
499710da-3a5d-4d69-82b1-48e2f13d1960,EVT-000069,USER-00218,click,2025-11-19T06:47:54,SES-b0a79190,desktop,Safari,email,PROD-00003,Penfolds Grange,Red Wine,Wine,390.13,,276,0,0,
25ece7f8-aa93-47f7-a796-8e72ced6d9bc,EVT-000070,USER-00107,search,2025-12-20T04:13:46,SES-b6098c63,desktop,Firefox,organic,,,,,0.0,home office chair,0,0,0,
ab27804d-4491-405d-9d21-50d6d873966b,EVT-000071,USER-00147,add_to_cart,2025-11-12T08:20:00,SES-ab97dcf9,mobile,Chrome,email,PROD-01416,REI Flash 55 Pack,Outdoor Gear,Sports,517.67,,0,1,0,
9968a180-3bee-4c4c-8bbe-4c461920e606,EVT-000072,USER-00048,wishlist,2025-12-12T22:32:23,SES-8ff440f9,tablet,Safari,organic,PROD-01844,Samsung Galaxy Watch 6,Smartwatches,Electronics,790.52,,0,0,0,
4cdf5332-1297-4d1d-956b-a029442e471f,EVT-000073,USER-00154,search,2025-11-12T20:39:21,SES-9991b7bb,tablet,Chrome,organic,,,,,0.0,red wine gift,0,0,0,
4c1fa9a8-559c-4779-a8e6-7d0b7d9e2690,EVT-000074,USER-00144,view,2025-11-01T17:45:03,SES-3129ee23,tablet,Edge,direct,PROD-01196,Oral-B iO Series 9,Personal Care,Healthcare,285.71,,125,0,0,
a4124e7e-11e0-4334-9358-8265b392650e,EVT-000075,USER-00001,view,2025-12-16T05:03:28,SES-989d5021,desktop,Safari,direct,PROD-00512,Dom Pérignon Rosé 2009,Champagne,Wine,415.51,,398,0,0,
f8b301cc-72d3-44f2-bb64-5223dd2ae51f,EVT-000076,USER-00023,search,2025-11-18T17:49:45,SES-44414af8,desktop,Chrome,social,,,,,0.0,gaming laptop,0,0,0,
86b22c1e-64c1-4234-899e-ce935ba5e48c,EVT-000077,USER-00155,search,2025-12-31T06:56:57,SES-acdaea7b,mobile,Firefox,social,,,,,0.0,wireless headphones,0,0,0,
219cd280-ad86-4250-bcae-4540702712e8,EVT-000078,USER-00218,click,2025-12-20T18:26:57,SES-22065409,desktop,Safari,email,PROD-00003,Penfolds Grange,Red Wine,Wine,390.13,,276,0,0,
f8b9cde9-12d4-4284-a27c-86c81070cdd2,EVT-000079,USER-00107,search,2026-01-16T12:18:27,SES-76d615d0,desktop,Firefox,organic,,,,,0.0,home office chair,0,0,0,
4edcff8a-652a-49f8-b24a-dbee87959c2d,EVT-000080,USER-00147,add_to_cart,2026-01-09T03:22:10,SES-ef340b43,mobile,Chrome,email,PROD-01416,REI Flash 55 Pack,Outdoor Gear,Sports,517.67,,0,1,0,
eaa7d532-cd34-4fa3-a973-7745e7f9de7f,EVT-000081,USER-00048,wishlist,2026-01-14T05:40:16,SES-204d55fa,tablet,Safari,organic,PROD-01844,Samsung Galaxy Watch 6,Smartwatches,Electronics,790.52,,0,0,0,
f55da2d0-def6-4604-92cd-44d896ad613b,EVT-000082,USER-00154,search,2025-12-26T22:16:35,SES-2675aef5,tablet,Chrome,organic,,,,,0.0,red wine gift,0,0,0,
cbcff17a-66bc-4926-b69c-90762e258028,EVT-000083,USER-00144,view,2025-10-30T00:16:56,SES-da65bdb2,tablet,Edge,direct,PROD-01196,Oral-B iO Series 9,Personal Care,Healthcare,285.71,,125,0,0,
2b053d23-c599-4462-9166-5b40a689e083,EVT-000084,USER-00001,view,2025-12-17T11:19:34,SES-ff89f126,desktop,Safari,direct,PROD-00512,Dom Pérignon Rosé 2009,Champagne,Wine,415.51,,398,0,0,
59698f0d-2c9e-4af7-a349-a107bc07b4bc,EVT-000085,USER-00023,search,2026-01-17T09:59:14,SES-b6b25f33,desktop,Chrome,social,,,,,0.0,gaming laptop,0,0,0,
7aabbc49-d0d7-4405-95d5-b1f1fcd26d21,EVT-000086,USER-00155,search,2025-12-24T11:50:52,SES-62d2ade4,mobile,Firefox,social,,,,,0.0,wireless headphones,0,0,0,
203807ae-5535-4a98-930b-10238d53ef01,EVT-000087,USER-00218,click,2025-12-02T16:40:42,SES-e0ed7656,desktop,Safari,email,PROD-00003,Penfolds Grange,Red Wine,Wine,390.13,,276,0,0,
e4a396a4-6c1b-4a0e-8d20-e97f3d0b4afa,EVT-000088,USER-00107,search,2025-12-27T23:24:43,SES-5a082ce4,desktop,Firefox,organic,,,,,0.0,home office chair,0,0,0,
58913146-a988-435b-be61-07ee63ec6c38,EVT-000089,USER-00147,add_to_cart,2026-01-04T04:00:21,SES-0575b945,mobile,Chrome,email,PROD-01416,REI Flash 55 Pack,Outdoor Gear,Sports,517.67,,0,1,0,
620b5162-07db-42e8-a5a7-fbc645967b4d,EVT-000090,USER-00048,wishlist,2025-12-04T00:01:54,SES-1c341ad2,tablet,Safari,organic,PROD-01844,Samsung Galaxy Watch 6,Smartwatches,Electronics,790.52,,0,0,0,
e1072977-eccd-493b-b859-9e5eb33bba44,EVT-000091,USER-00154,search,2025-11-22T14:25:05,SES-d875a5d2,tablet,Chrome,organic,,,,,0.0,red wine gift,0,0,0,
4defafd3-02c0-469f-bf34-fd381c72eb2c,EVT-000092,USER-00144,view,2026-01-09T17:16:33,SES-e154ef3e,tablet,Edge,direct,PROD-01196,Oral-B iO Series 9,Personal Care,Healthcare,285.71,,125,0,0,
a67fd156-9c3b-4362-bdc2-e13b9b22c7e4,EVT-000093,USER-00001,view,2025-11-22T19:51:59,SES-2d3d4fec,desktop,Safari,direct,PROD-00512,Dom Pérignon Rosé 2009,Champagne,Wine,415.51,,398,0,0,
c187ce17-8dc0-4c14-8ab3-0acdbe493c98,EVT-000094,USER-00023,search,2025-11-10T23:39:12,SES-d97e4452,desktop,Chrome,social,,,,,0.0,gaming laptop,0,0,0,
c6c20334-d7ff-45c8-bb9e-3972b718d3d5,EVT-000095,USER-00155,search,2025-11-10T21:15:35,SES-c8deeec8,mobile,Firefox,social,,,,,0.0,wireless headphones,0,0,0,
16f2d536-cc3f-4274-8611-19f7e52fdc32,EVT-000096,USER-00218,click,2025-10-27T13:38:42,SES-af20eff1,desktop,Safari,email,PROD-00003,Penfolds Grange,Red Wine,Wine,390.13,,276,0,0,
7effaa91-1d89-4a49-a7da-1cd9fd7c394d,EVT-000097,USER-00107,search,2026-01-08T16:24:52,SES-107019de,desktop,Firefox,organic,,,,,0.0,home office chair,0,0,0,
20f0eed6-c6b0-4d4b-b947-8fc453494956,EVT-000098,USER-00147,add_to_cart,2025-12-09T16:52:46,SES-a917c651,mobile,Chrome,email,PROD-01416,REI Flash 55 Pack,Outdoor Gear,Sports,517.67,,0,1,0,
04c37bc8-d95d-4c3d-87e6-186c0449aeb4,EVT-000099,USER-00048,wishlist,2025-12-10T03:52:13,SES-d9003e7e,tablet,Safari,organic,PROD-01844,Samsung Galaxy Watch 6,Smartwatches,Electronics,790.52,,0,0,0,
1cbb4a93-6a8e-49d9-82ce-df641975735e,EVT-000100,USER-00154,search,2025-10-27T06:57:44,SES-6ce7834b,tablet,Chrome,organic,,,,,0.0,red wine gift,0,0,0,
990346aa-be1c-4256-8db2-c7a249cf15d0,EVT-000101,USER-00144,view,2025-11-18T09:21:49,SES-d3d7fd36,tablet,Edge,direct,PROD-01196,Oral-B iO Series 9,Personal Care,Healthcare,285.71,,125,0,0,
a4933e63-a39c-4463-bc94-da6c125d647f,EVT-000102,USER-00001,view,2025-12-02T15:29:00,SES-d53a907b,desktop,Safari,direct,PROD-00512,Dom Pérignon Rosé 2009,Champagne,Wine,415.51,,398,0,0,
c1832631-cfa2-4c89-9302-7280c4b6ab16,EVT-000103,USER-00023,search,2025-11-03T07:49:23,SES-41578f82,desktop,Chrome,social,,,,,0.0,gaming laptop,0,0,0,
8ef5d6a8-0cbe-46c7-9b09-6582e22a66be,EVT-000104,USER-00155,search,2025-11-03T19:05:10,SES-3ada2c0e,mobile,Firefox,social,,,,,0.0,wireless headphones,0,0,0,
d8f600d4-dd62-4335-b01d-0e2d48824cf9,EVT-000105,USER-00218,click,2025-12-05T16:59:42,SES-cbb372f0,desktop,Safari,email,PROD-00003,Penfolds Grange,Red Wine,Wine,390.13,,276,0,0,
8f123266-a0a8-4431-a87f-b866f32bf4aa,EVT-000106,USER-00107,search,2025-11-08T08:42:50,SES-6b2b8a6c,desktop,Firefox,organic,,,,,0.0,home office chair,0,0,0,
cad667ce-7620-428a-af16-f00aed76da34,EVT-000107,USER-00147,add_to_cart,2025-12-20T03:21:52,SES-8fe30690,mobile,Chrome,email,PROD-01416,REI Flash 55 Pack,Outdoor Gear,Sports,517.67,,0,1,0,
5bb50ba8-c9db-4348-b621-c088f6f648dc,EVT-000108,USER-00048,wishlist,2025-11-23T11:36:10,SES-69cb4d17,tablet,Safari,organic,PROD-01844,Samsung Galaxy Watch 6,Smartwatches,Electronics,790.52,,0,0,0,
4a12c5b9-1fc6-410c-a423-46f28c74229e,EVT-000109,USER-00154,search,2025-12-19T03:27:28,SES-632b87a7,tablet,Chrome,organic,,,,,0.0,red wine gift,0,0,0,
e2019ac4-4c1b-4721-9ae8-d8a44f2ca463,EVT-000110,USER-00144,view,2025-11-28T22:03:07,SES-d4ff78a9,tablet,Edge,direct,PROD-01196,Oral-B iO Series 9,Personal Care,Healthcare,285.71,,125,0,0,
4b734b28-8d23-41a4-8bb9-01a48873d8d2,EVT-000111,USER-00001,view,2025-11-14T16:49:56,SES-98f562fa,desktop,Safari,direct,PROD-00512,Dom Pérignon Rosé 2009,Champagne,Wine,415.51,,398,0,0,
8d2b8f23-bc58-4b60-912c-2f7a0ea6604f,EVT-000112,USER-00023,search,2025-12-17T17:04:15,SES-b6207f1c,desktop,Chrome,social,,,,,0.0,gaming laptop,0,0,0,
c5ea5791-8781-4cf0-aa72-774723a84d61,EVT-000113,USER-00155,search,2025-10-24T19:29:20,SES-08e9f0b9,mobile,Firefox,social,,,,,0.0,wireless headphones,0,0,0,
8e69971d-a83d-47a6-8d4d-609d2ab4018c,EVT-000114,USER-00218,click,2025-11-19T10:06:48,SES-8dfe90d7,desktop,Safari,email,PROD-00003,Penfolds Grange,Red Wine,Wine,390.13,,276,0,0,
b9c5b7c6-b6f5-40a6-9c8f-9c70c6e6534b,EVT-000115,USER-00107,search,2025-10-24T11:29:27,SES-7b70b2f6,desktop,Firefox,organic,,,,,0.0,home office chair,0,0,0,
ebe20da9-4918-4312-89d8-c621b5b5e2e0,EVT-000116,USER-00147,add_to_cart,2025-12-24T05:46:52,SES-897517af,mobile,Chrome,email,PROD-01416,REI Flash 55 Pack,Outdoor Gear,Sports,517.67,,0,1,0,
22f7b049-babb-4740-bef1-87357a4136b3,EVT-000117,USER-00048,wishlist,2026-01-06T19:09:49,SES-7d3ac954,tablet,Safari,organic,PROD-01844,Samsung Galaxy Watch 6,Smartwatches,Electronics,790.52,,0,0,0,
4942c7d6-781b-40c9-bd57-9d3c7cdf1d19,EVT-000118,USER-00154,search,2026-01-13T20:47:39,SES-f0c46926,tablet,Chrome,organic,,,,,0.0,red wine gift,0,0,0,
d7b3985f-5a40-4c6c-b840-fef42eaaf2f8,EVT-000119,USER-00144,view,2025-12-17T15:32:40,SES-c90346ee,tablet,Edge,direct,PROD-01196,Oral-B iO Series 9,Personal Care,Healthcare,285.71,,125,0,0,
8e03805c-b19c-44c7-9429-c887482b3331,EVT-000120,USER-00001,view,2025-10-23T04:45:27,SES-e362000b,desktop,Safari,direct,PROD-00512,Dom Pérignon Rosé 2009,Champagne,Wine,415.51,,398,0,0,
fa4d7dc9-41bf-420f-bcef-c99557ab9458,EVT-000121,USER-00023,search,2026-01-19T06:12:42,SES-33b1b6cd,desktop,Chrome,social,,,,,0.0,gaming laptop,0,0,0,
166337ef-723c-4c22-a02f-bed7db65ebab,EVT-000122,USER-00155,search,2025-12-06T13:56:09,SES-001cf986,mobile,Firefox,social,,,,,0.0,wireless headphones,0,0,0,
da7b9d8a-52c2-4133-adc8-cc969a449884,EVT-000123,USER-00218,click,2025-11-19T08:32:59,SES-4db91803,desktop,Safari,email,PROD-00003,Penfolds Grange,Red Wine,Wine,390.13,,276,0,0,
e0082357-70c1-4de4-b280-6e087e2f1cb1,EVT-000124,USER-00107,search,2025-11-04T11:19:00,SES-3ad2691d,desktop,Firefox,organic,,,,,0.0,home office chair,0,0,0,
a96504c4-212e-4cf1-a4b0-dbadc1f8dca5,EVT-000125,USER-00147,add_to_cart,2026-01-12T11:05:58,SES-d08097fc,mobile,Chrome,email,PROD-01416,REI Flash 55 Pack,Outdoor Gear,Sports,517.67,,0,1,0,
2d04fce6-3eea-4dfa-a90d-0c26aa4cf996,EVT-000126,USER-00048,wishlist,2025-11-30T20:32:47,SES-0ccbee06,tablet,Safari,organic,PROD-01844,Samsung Galaxy Watch 6,Smartwatches,Electronics,790.52,,0,0,0,
d59e7850-adea-4159-ad4d-5e2cc64875d0,EVT-000127,USER-00154,search,2025-10-26T08:09:53,SES-c36e30c9,tablet,Chrome,organic,,,,,0.0,red wine gift,0,0,0,
323d1d1c-63e7-4230-ac9d-708151b07bc9,EVT-000128,USER-00144,view,2026-01-17T17:21:48,SES-85d75558,tablet,Edge,direct,PROD-01196,Oral-B iO Series 9,Personal Care,Healthcare,285.71,,125,0,0,
96140e78-465e-4452-a62d-d16a761d17ac,EVT-000129,USER-00001,view,2025-12-13T12:59:51,SES-cd4e73ca,desktop,Safari,direct,PROD-00512,Dom Pérignon Rosé 2009,Champagne,Wine,415.51,,398,0,0,
dcc28053-0ec1-4f75-abc0-497b6408788b,EVT-000130,USER-00023,search,2026-01-19T21:06:17,SES-b0eac78f,desktop,Chrome,social,,,,,0.0,gaming laptop,0,0,0,
81b66004-0c5c-4024-865d-cda4a25fff28,EVT-000131,USER-00155,search,2025-12-12T23:07:31,SES-c00053e9,mobile,Firefox,social,,,,,0.0,wireless headphones,0,0,0,
3c07c952-812e-4ecf-aaf2-81a12219154f,EVT-000132,USER-00218,click,2025-10-26T13:05:10,SES-0bb42867,desktop,Safari,email,PROD-00003,Penfolds Grange,Red Wine,Wine,390.13,,276,0,0,
99a7b3ff-66d4-45fb-85e8-9ae1cef818ec,EVT-000133,USER-00107,search,2025-11-24T12:06:17,SES-f8549d77,desktop,Firefox,organic,,,,,0.0,home office chair,0,0,0,
52fd19ac-e225-4465-a89b-6e8f4c96d73a,EVT-000134,USER-00147,add_to_cart,2025-12-24T08:21:56,SES-c872c3d5,mobile,Chrome,email,PROD-01416,REI Flash 55 Pack,Outdoor Gear,Sports,517.67,,0,1,0,
8d97436d-f701-43bb-8059-d92c022643c7,EVT-000135,USER-00048,wishlist,2025-10-24T07:50:47,SES-3aacfd9b,tablet,Safari,organic,PROD-01844,Samsung Galaxy Watch 6,Smartwatches,Electronics,790.52,,0,0,0,
180f30fe-3a1e-4114-9413-386bbbe96ae9,EVT-000136,USER-00154,search,2025-10-29T11:46:09,SES-2769c194,tablet,Chrome,organic,,,,,0.0,red wine gift,0,0,0,
8a7de8f6-ca88-44bf-a49b-910a38b43baa,EVT-000137,USER-00144,view,2025-12-07T08:51:37,SES-3c6b5fdc,tablet,Edge,direct,PROD-01196,Oral-B iO Series 9,Personal Care,Healthcare,285.71,,125,0,0,
9d793259-e99c-49b8-b646-91d6c558d18d,EVT-000138,USER-00001,view,2025-10-31T23:34:28,SES-6ade0408,desktop,Safari,direct,PROD-00512,Dom Pérignon Rosé 2009,Champagne,Wine,415.51,,398,0,0,
a5817874-bc09-4deb-8628-f3b530eed63b,EVT-000139,USER-00023,search,2026-01-11T07:37:14,SES-27b30b44,desktop,Chrome,social,,,,,0.0,gaming laptop,0,0,0,
79776e17-f3ed-40fc-81ea-92db4b841bb9,EVT-000140,USER-00155,search,2026-01-08T15:55:15,SES-9f18dcfa,mobile,Firefox,social,,,,,0.0,wireless headphones,0,0,0,
52ba46dd-3f71-4471-ac8e-98670c6b8f43,EVT-000141,USER-00218,click,2025-12-02T01:07:59,SES-ac43050f,desktop,Safari,email,PROD-00003,Penfolds Grange,Red Wine,Wine,390.13,,276,0,0,
81f1a4ec-9cf5-42ce-9fbe-a39fd682ab7e,EVT-000142,USER-00107,search,2025-12-31T23:13:57,SES-1b9547bc,desktop,Firefox,organic,,,,,0.0,home office chair,0,0,0,
7720523d-f20d-4e2a-a090-ff782f1eed08,EVT-000143,USER-00147,add_to_cart,2025-11-20T23:18:22,SES-afc9a97a,mobile,Chrome,email,PROD-01416,REI Flash 55 Pack,Outdoor Gear,Sports,517.67,,0,1,0,
4222f4d7-429e-43f3-ba17-97b5fc39ddc3,EVT-000144,USER-00048,wishlist,2025-11-18T09:57:54,SES-43d61045,tablet,Safari,organic,PROD-01844,Samsung Galaxy Watch 6,Smartwatches,Electronics,790.52,,0,0,0,
9f73afcd-3aa3-4aef-8286-595035a0ddad,EVT-000145,USER-00154,search,2025-11-22T13:02:05,SES-82f8c8ff,tablet,Chrome,organic,,,,,0.0,red wine gift,0,0,0,
f07bbc0c-f0f3-47d6-bcb1-a39129b409fe,EVT-000146,USER-00144,view,2026-01-03T22:09:35,SES-38214816,tablet,Edge,direct,PROD-01196,Oral-B iO Series 9,Personal Care,Healthcare,285.71,,125,0,0,
ee558124-c0b1-4a73-a973-20e5b3259d64,EVT-000147,USER-00001,view,2025-11-25T07:45:31,SES-09aaa5eb,desktop,Safari,direct,PROD-00512,Dom Pérignon Rosé 2009,Champagne,Wine,415.51,,398,0,0,
8c8597d8-5d37-4aa5-a18d-f9eb886ebc56,EVT-000148,USER-00023,search,2025-11-30T14:47:57,SES-0b140b1d,desktop,Chrome,social,,,,,0.0,gaming laptop,0,0,0,
723279ed-6423-4984-9883-661b9fe47bdf,EVT-000149,USER-00155,search,2025-10-30T11:48:01,SES-9621d6ad,mobile,Firefox,social,,,,,0.0,wireless headphones,0,0,0,
2de6c2fd-9b26-49b4-aee6-ab0c6ce1ccd1,EVT-000150,USER-00218,click,2025-12-15T18:33:08,SES-84793515,desktop,Safari,email,PROD-00003,Penfolds Grange,Red Wine,Wine,390.13,,276,0,0,
448bb74a-cbad-4220-b85a-7bce1e7cbef7,EVT-000151,USER-00107,search,2026-01-05T22:54:34,SES-a4d8c40b,desktop,Firefox,organic,,,,,0.0,home office chair,0,0,0,
a2b6e524-6743-4991-a11f-e5080e9f8ea0,EVT-000152,USER-00147,add_to_cart,2025-11-22T03:40:45,SES-9bca0f92,mobile,Chrome,email,PROD-01416,REI Flash 55 Pack,Outdoor Gear,Sports,517.67,,0,1,0,
c3faf3ba-ac33-499b-a8ea-3764ed75db55,EVT-000153,USER-00048,wishlist,2025-12-09T16:36:36,SES-006fe525,tablet,Safari,organic,PROD-01844,Samsung Galaxy Watch 6,Smartwatches,Electronics,790.52,,0,0,0,
59237cc8-3a9a-4f27-86a7-038739862a31,EVT-000154,USER-00154,search,2025-12-21T04:44:23,SES-817d88f5,tablet,Chrome,organic,,,,,0.0,red wine gift,0,0,0,
a106c6d3-1407-4c1b-a301-c9aac4d78f32,EVT-000155,USER-00144,view,2025-10-27T07:37:01,SES-8595d2ef,tablet,Edge,direct,PROD-01196,Oral-B iO Series 9,Personal Care,Healthcare,285.71,,125,0,0,
c00286a7-58f3-47fb-9f83-f802ae294e9a,EVT-000156,USER-00001,view,2025-11-29T22:26:56,SES-c4cdd037,desktop,Safari,direct,PROD-00512,Dom Pérignon Rosé 2009,Champagne,Wine,415.51,,398,0,0,
d3d4ab76-d1da-440f-952f-7aa31e8d4016,EVT-000157,USER-00023,search,2025-11-20T17:21:14,SES-6d393aab,desktop,Chrome,social,,,,,0.0,gaming laptop,0,0,0,
d120f915-90e5-4214-ba63-2277bd7d63d1,EVT-000158,USER-00155,search,2025-12-29T08:47:30,SES-cd51efef,mobile,Firefox,social,,,,,0.0,wireless headphones,0,0,0,
44440855-9e63-4e1a-9089-dab422be3cbc,EVT-000159,USER-00218,click,2025-12-05T21:10:54,SES-2c398aac,desktop,Safari,email,PROD-00003,Penfolds Grange,Red Wine,Wine,390.13,,276,0,0,
eb18b4c4-648c-4443-9b2c-a5020b1eca50,EVT-000160,USER-00107,search,2025-12-09T15:29:13,SES-c277804b,desktop,Firefox,organic,,,,,0.0,home office chair,0,0,0,
ea00146a-3aa2-4805-9263-e80e15a17e13,EVT-000161,USER-00147,add_to_cart,2026-01-13T03:28:45,SES-90109604,mobile,Chrome,email,PROD-01416,REI Flash 55 Pack,Outdoor Gear,Sports,517.67,,0,1,0,
941d9037-d09b-4fe5-8879-7e505328a07e,EVT-000162,USER-00048,wishlist,2025-12-23T23:47:38,SES-d394f83e,tablet,Safari,organic,PROD-01844,Samsung Galaxy Watch 6,Smartwatches,Electronics,790.52,,0,0,0,
b31822be-398c-41ca-b4e7-878383db0f1e,EVT-000163,USER-00154,search,2026-01-19T03:28:57,SES-a8975cfd,tablet,Chrome,organic,,,,,0.0,red wine gift,0,0,0,
6b438f05-5173-4a91-a63a-a633ed11db9e,EVT-000164,USER-00144,view,2025-11-03T12:50:31,SES-e0279479,tablet,Edge,direct,PROD-01196,Oral-B iO Series 9,Personal Care,Healthcare,285.71,,125,0,0,
a1ab4c3b-54f3-4644-b57a-3746db116340,EVT-000165,USER-00001,view,2026-01-12T14:26:17,SES-d251ab19,desktop,Safari,direct,PROD-00512,Dom Pérignon Rosé 2009,Champagne,Wine,415.51,,398,0,0,
ae81a72b-b8a0-4ff9-9c0f-754cd7294cc9,EVT-000166,USER-00023,search,2025-11-28T01:11:37,SES-3bb63a4e,desktop,Chrome,social,,,,,0.0,gaming laptop,0,0,0,
a601cf4e-7b9f-4c85-935b-9c172107c13f,EVT-000167,USER-00155,search,2025-12-21T17:55:12,SES-e3291d30,mobile,Firefox,social,,,,,0.0,wireless headphones,0,0,0,
c361ae29-799e-4174-aa68-dea78e1195a3,EVT-000168,USER-00218,click,2025-11-01T17:20:21,SES-d2baf1b7,desktop,Safari,email,PROD-00003,Penfolds Grange,Red Wine,Wine,390.13,,276,0,0,
97c8c0ca-5e7e-4659-94bd-b0f671b72e52,EVT-000169,USER-00107,search,2025-10-25T14:10:33,SES-35e9b6d9,desktop,Firefox,organic,,,,,0.0,home office chair,0,0,0,
2a6c2ffb-2d78-4624-b1fd-9d9ea08bdaee,EVT-000170,USER-00147,add_to_cart,2025-11-13T11:55:14,SES-6ce2bd1f,mobile,Chrome,email,PROD-01416,REI Flash 55 Pack,Outdoor Gear,Sports,517.67,,0,1,0,
75f46bfe-9fc7-4daa-a564-9f03f13212f0,EVT-000171,USER-00048,wishlist,2025-10-27T09:23:28,SES-e2db41ab,tablet,Safari,organic,PROD-01844,Samsung Galaxy Watch 6,Smartwatches,Electronics,790.52,,0,0,0,
23224669-f9d3-45fb-9cf6-3859fc4d31e9,EVT-000172,USER-00154,search,2026-01-10T21:22:57,SES-9fe51710,tablet,Chrome,organic,,,,,0.0,red wine gift,0,0,0,
64f8d03b-03ed-49a4-b400-6ecbfa08b4f5,EVT-000173,USER-00144,view,2025-10-23T18:09:14,SES-d06a9147,tablet,Edge,direct,PROD-01196,Oral-B iO Series 9,Personal Care,Healthcare,285.71,,125,0,0,
2d91d492-04ff-4cce-8b01-022e2accf1ce,EVT-000174,USER-00001,view,2025-11-05T05:12:14,SES-8a8b1b93,desktop,Safari,direct,PROD-00512,Dom Pérignon Rosé 2009,Champagne,Wine,415.51,,398,0,0,
7adaaffa-fb35-436b-bf4f-b5e999c3cbf7,EVT-000175,USER-00023,search,2025-11-01T22:54:48,SES-5410bad2,desktop,Chrome,social,,,,,0.0,gaming laptop,0,0,0,
b7bbcd24-ec85-4b7f-8def-0b5f5d32fe0b,EVT-000176,USER-00155,search,2025-11-23T02:14:43,SES-4f0a5ce0,mobile,Firefox,social,,,,,0.0,wireless headphones,0,0,0,
fe160dbc-1886-41d1-97df-96de78be7fa4,EVT-000177,USER-00218,click,2026-01-14T09:06:38,SES-e63d78f5,desktop,Safari,email,PROD-00003,Penfolds Grange,Red Wine,Wine,390.13,,276,0,0,
0a20a784-ea17-4b0f-82b6-d251bb138679,EVT-000178,USER-00107,search,2025-12-28T12:09:03,SES-c2196164,desktop,Firefox,organic,,,,,0.0,home office chair,0,0,0,
70258edc-7b25-4ac3-bbaf-a0c0c0d8af2b,EVT-000179,USER-00147,add_to_cart,2026-01-01T01:33:43,SES-0fe1d465,mobile,Chrome,email,PROD-01416,REI Flash 55 Pack,Outdoor Gear,Sports,517.67,,0,1,0,
3b06966d-8b16-4c40-8f54-3577ce596121,EVT-000180,USER-00048,wishlist,2025-12-04T01:08:35,SES-d9a72798,tablet,Safari,organic,PROD-01844,Samsung Galaxy Watch 6,Smartwatches,Electronics,790.52,,0,0,0,
051641a4-7151-4b80-b28c-100b3b3ec252,EVT-000181,USER-00154,search,2025-11-13T17:20:34,SES-a9df1363,tablet,Chrome,organic,,,,,0.0,red wine gift,0,0,0,
facf9b72-e583-4ae5-bfb3-feb17af39f4f,EVT-000182,USER-00144,view,2025-11-08T06:30:15,SES-75d3d5a9,tablet,Edge,direct,PROD-01196,Oral-B iO Series 9,Personal Care,Healthcare,285.71,,125,0,0,
4a77a0a3-69d4-4aae-80d3-1bc2254ad5b4,EVT-000183,USER-00001,view,2025-10-31T07:01:23,SES-543141e0,desktop,Safari,direct,PROD-00512,Dom Pérignon Rosé 2009,Champagne,Wine,415.51,,398,0,0,
5386e9ee-7abd-404b-a40a-0a850b2a8a04,EVT-000184,USER-00023,search,2025-11-10T07:21:49,SES-5475de96,desktop,Chrome,social,,,,,0.0,gaming laptop,0,0,0,
604b7b5c-ed77-45de-8caa-3f3d87dc692e,EVT-000185,USER-00155,search,2026-01-01T01:13:23,SES-8dee13b5,mobile,Firefox,social,,,,,0.0,wireless headphones,0,0,0,
15f9b44a-f58d-4f1f-be70-f8cdae40cf57,EVT-000186,USER-00218,click,2026-01-18T08:23:09,SES-3ab87ddc,desktop,Safari,email,PROD-00003,Penfolds Grange,Red Wine,Wine,390.13,,276,0,0,
7500dbe4-f0ad-4615-b187-8e65b83e706e,EVT-000187,USER-00107,search,2026-01-09T14:41:01,SES-341cd9e7,desktop,Firefox,organic,,,,,0.0,home office chair,0,0,0,
9c26cb04-7949-41f1-bfc3-99f64479bdef,EVT-000188,USER-00147,add_to_cart,2025-11-27T13:28:51,SES-acdc97b1,mobile,Chrome,email,PROD-01416,REI Flash 55 Pack,Outdoor Gear,Sports,517.67,,0,1,0,
24204405-4a5c-420a-b3a4-1aee3dea5bfc,EVT-000189,USER-00048,wishlist,2026-01-09T23:41:28,SES-a84fc381,tablet,Safari,organic,PROD-01844,Samsung Galaxy Watch 6,Smartwatches,Electronics,790.52,,0,0,0,
5f80fbb8-157a-40cf-80ca-660291c87ac6,EVT-000190,USER-00154,search,2026-01-18T09:47:37,SES-f3b66d78,tablet,Chrome,organic,,,,,0.0,red wine gift,0,0,0,
d9e8d298-ca24-45b7-9e27-799a1b8a6cb3,EVT-000191,USER-00144,view,2025-12-13T22:31:52,SES-f9bc0bda,tablet,Edge,direct,PROD-01196,Oral-B iO Series 9,Personal Care,Healthcare,285.71,,125,0,0,
c519189b-a465-4a84-98ee-35c1ae36889b,EVT-000192,USER-00001,view,2025-10-23T05:26:37,SES-e07c3a93,desktop,Safari,direct,PROD-00512,Dom Pérignon Rosé 2009,Champagne,Wine,415.51,,398,0,0,
fd1352c7-c2b7-4596-af69-3c6c1d9e45b6,EVT-000193,USER-00023,search,2025-12-28T13:38:52,SES-7f9d06aa,desktop,Chrome,social,,,,,0.0,gaming laptop,0,0,0,
3fc014e0-5a43-4eca-bdfe-1b167df377f9,EVT-000194,USER-00155,search,2026-01-15T00:33:02,SES-2bcc3cd9,mobile,Firefox,social,,,,,0.0,wireless headphones,0,0,0,
76d83ab0-c9cf-40a6-bcf3-6d5ef9fba336,EVT-000195,USER-00218,click,2025-10-27T20:14:32,SES-c172f86d,desktop,Safari,email,PROD-00003,Penfolds Grange,Red Wine,Wine,390.13,,276,0,0,
e5c9bdbc-f2c5-4fc0-95bd-93956932c4dc,EVT-000196,USER-00107,search,2025-11-16T23:02:44,SES-a1c8d3a7,desktop,Firefox,organic,,,,,0.0,home office chair,0,0,0,
725f19bc-e919-4918-8c9a-66aea728e982,EVT-000197,USER-00147,add_to_cart,2026-01-16T12:12:45,SES-1035380a,mobile,Chrome,email,PROD-01416,REI Flash 55 Pack,Outdoor Gear,Sports,517.67,,0,1,0,
35d15fbc-64c0-4490-ab0d-3178de8e300b,EVT-000198,USER-00048,wishlist,2026-01-06T22:58:53,SES-c9fd2467,tablet,Safari,organic,PROD-01844,Samsung Galaxy Watch 6,Smartwatches,Electronics,790.52,,0,0,0,
7d14a5eb-424f-4a84-bf7d-a57a7c2e5d0a,EVT-000199,USER-00154,search,2025-10-26T22:18:15,SES-bf5450ee,tablet,Chrome,organic,,,,,0.0,red wine gift,0,0,0,
7921651c-67c5-416e-8335-b81335476d48,EVT-000200,USER-00144,view,2025-11-02T12:07:13,SES-5baee54b,tablet,Edge,direct,PROD-01196,Oral-B iO Series 9,Personal Care,Healthcare,285.71,,125,0,0,
195e567b-198a-40ae-85af-6a99b4a58de7,EVT-000201,USER-00001,view,2025-10-27T09:47:07,SES-d08754cd,desktop,Safari,direct,PROD-00512,Dom Pérignon Rosé 2009,Champagne,Wine,415.51,,398,0,0,
5e531fab-f03a-45a0-b2f2-58c7308e3707,EVT-000202,USER-00023,search,2025-11-21T06:58:36,SES-d00359e6,desktop,Chrome,social,,,,,0.0,gaming laptop,0,0,0,
0b519bb2-f56a-42e5-bba1-178d5920440b,EVT-000203,USER-00155,search,2025-10-30T00:47:25,SES-43ed69ea,mobile,Firefox,social,,,,,0.0,wireless headphones,0,0,0,
d6410e6d-10a0-4c21-8077-a2a2387b687a,EVT-000204,USER-00218,click,2025-11-17T08:27:29,SES-698d9bd0,desktop,Safari,email,PROD-00003,Penfolds Grange,Red Wine,Wine,390.13,,276,0,0,
ac90bdc7-b8b9-4f07-a34d-fb418e09dd17,EVT-000205,USER-00107,search,2025-11-23T17:19:17,SES-d1a5809a,desktop,Firefox,organic,,,,,0.0,home office chair,0,0,0,
b98589ed-7ad4-41f0-ac88-d3389ab580ee,EVT-000206,USER-00147,add_to_cart,2025-12-28T12:54:10,SES-50f84df2,mobile,Chrome,email,PROD-01416,REI Flash 55 Pack,Outdoor Gear,Sports,517.67,,0,1,0,
939687fe-778d-4b9c-a48e-98f6f3571a51,EVT-000207,USER-00048,wishlist,2025-12-21T05:44:30,SES-4edb805b,tablet,Safari,organic,PROD-01844,Samsung Galaxy Watch 6,Smartwatches,Electronics,790.52,,0,0,0,
022c0bc9-ab91-4c0a-b8f3-18b4f113ef66,EVT-000208,USER-00154,search,2026-01-07T14:33:21,SES-16a36c62,tablet,Chrome,organic,,,,,0.0,red wine gift,0,0,0,
8aeb66a3-0180-493d-9a18-7b4ce8d23170,EVT-000209,USER-00144,view,2026-01-09T15:09:28,SES-a1ea1fbe,tablet,Edge,direct,PROD-01196,Oral-B iO Series 9,Personal Care,Healthcare,285.71,,125,0,0,
52c9d1f7-b107-41b4-99cc-8e57267564ae,EVT-000210,USER-00001,view,2025-11-28T14:21:36,SES-90c6c54b,desktop,Safari,direct,PROD-00512,Dom Pérignon Rosé 2009,Champagne,Wine,415.51,,398,0,0,
f38c52d8-0313-441e-a8bb-9e4a59a73426,EVT-000211,USER-00023,search,2025-11-17T22:52:12,SES-ceabd5a7,desktop,Chrome,social,,,,,0.0,gaming laptop,0,0,0,
8e695462-eba3-471f-b06f-c34e4460b935,EVT-000212,USER-00155,search,2025-12-29T13:56:11,SES-f0662082,mobile,Firefox,social,,,,,0.0,wireless headphones,0,0,0,
40bbec5f-000a-4839-90fc-308c1325a285,EVT-000213,USER-00218,click,2025-11-08T06:50:49,SES-17f28319,desktop,Safari,email,PROD-00003,Penfolds Grange,Red Wine,Wine,390.13,,276,0,0,
57b2e270-137b-4ab5-b51d-4fb180d290b1,EVT-000214,USER-00107,search,2026-01-20T13:00:20,SES-55bbb4af,desktop,Firefox,organic,,,,,0.0,home office chair,0,0,0,
17cf2cd8-c167-4081-9683-fa49ce54981b,EVT-000215,USER-00147,add_to_cart,2025-11-05T02:56:28,SES-d379b71d,mobile,Chrome,email,PROD-01416,REI Flash 55 Pack,Outdoor Gear,Sports,517.67,,0,1,0,
11d863d5-f8a6-426e-9f0a-6487bbc37d95,EVT-000216,USER-00048,wishlist,2025-12-18T09:28:26,SES-48a31f4e,tablet,Safari,organic,PROD-01844,Samsung Galaxy Watch 6,Smartwatches,Electronics,790.52,,0,0,0,
6b65600a-6d56-4ca2-bede-23b3d4d2a350,EVT-000217,USER-00154,search,2025-12-06T11:25:25,SES-dd83ebc2,tablet,Chrome,organic,,,,,0.0,red wine gift,0,0,0,
0da943d4-7090-4bfe-a0f7-7b6fca5fafd5,EVT-000218,USER-00144,view,2025-11-03T09:19:12,SES-46ab0fd2,tablet,Edge,direct,PROD-01196,Oral-B iO Series 9,Personal Care,Healthcare,285.71,,125,0,0,
0d5deb87-3faa-495f-b2c4-7b1fc0d593c5,EVT-000219,USER-00001,view,2025-11-04T00:12:12,SES-6a60ca24,desktop,Safari,direct,PROD-00512,Dom Pérignon Rosé 2009,Champagne,Wine,415.51,,398,0,0,
48a21df1-3ae1-4121-906d-0da08a2b5e19,EVT-000220,USER-00023,search,2025-11-22T18:01:42,SES-b341f226,desktop,Chrome,social,,,,,0.0,gaming laptop,0,0,0,
efd20ee6-d83c-44c2-90d1-cbd0c04689de,EVT-000221,USER-00155,search,2026-01-14T10:17:24,SES-14af6095,mobile,Firefox,social,,,,,0.0,wireless headphones,0,0,0,
62d68baf-611a-46bd-8233-4e1bbfb0df96,EVT-000222,USER-00218,click,2025-11-06T02:47:52,SES-6bb15ef2,desktop,Safari,email,PROD-00003,Penfolds Grange,Red Wine,Wine,390.13,,276,0,0,
71568183-789d-465f-a463-9728a449a3f5,EVT-000223,USER-00107,search,2026-01-03T20:37:39,SES-af28bef8,desktop,Firefox,organic,,,,,0.0,home office chair,0,0,0,
c22bbdda-0054-492a-8574-72bc116c327a,EVT-000224,USER-00147,add_to_cart,2025-12-18T11:03:06,SES-9fdc2362,mobile,Chrome,email,PROD-01416,REI Flash 55 Pack,Outdoor Gear,Sports,517.67,,0,1,0,
7c0f2108-7360-4873-bf2e-dbfc7d1a1feb,EVT-000225,USER-00048,wishlist,2026-01-16T22:38:58,SES-7493bc95,tablet,Safari,organic,PROD-01844,Samsung Galaxy Watch 6,Smartwatches,Electronics,790.52,,0,0,0,
10c287b7-fef1-4049-986f-62e25644d13c,EVT-000226,USER-00154,search,2026-01-13T06:55:52,SES-2eabc55d,tablet,Chrome,organic,,,,,0.0,red wine gift,0,0,0,
bd0dd9ec-ad89-4bc8-a961-9cf834061431,EVT-000227,USER-00144,view,2026-01-17T16:32:32,SES-53874d3e,tablet,Edge,direct,PROD-01196,Oral-B iO Series 9,Personal Care,Healthcare,285.71,,125,0,0,
70f926eb-a195-44bc-b7ac-5f2be345564d,EVT-000228,USER-00001,view,2025-12-01T20:58:26,SES-3c4f36b3,desktop,Safari,direct,PROD-00512,Dom Pérignon Rosé 2009,Champagne,Wine,415.51,,398,0,0,
c9cbd3ef-eb5e-4dce-a813-c0effea792d6,EVT-000229,USER-00023,search,2025-12-23T14:01:21,SES-0b570890,desktop,Chrome,social,,,,,0.0,gaming laptop,0,0,0,
f6bed41d-df3f-4708-8db1-504fd744646b,EVT-000230,USER-00155,search,2025-12-05T03:00:06,SES-6244e4ed,mobile,Firefox,social,,,,,0.0,wireless headphones,0,0,0,
e3eb438a-4318-4e6f-a879-1ed261550cf5,EVT-000231,USER-00218,click,2025-12-26T15:01:49,SES-71403709,desktop,Safari,email,PROD-00003,Penfolds Grange,Red Wine,Wine,390.13,,276,0,0,
c865b084-e57c-4bb1-8028-bc3bf1b22b4e,EVT-000232,USER-00107,search,2025-11-03T15:04:47,SES-4b42e4b1,desktop,Firefox,organic,,,,,0.0,home office chair,0,0,0,
5c7beb1f-136e-44e6-947d-7ad175170b08,EVT-000233,USER-00147,add_to_cart,2025-12-12T09:43:37,SES-b6c8add5,mobile,Chrome,email,PROD-01416,REI Flash 55 Pack,Outdoor Gear,Sports,517.67,,0,1,0,
df94178b-5276-48e8-a738-e50b86138e22,EVT-000234,USER-00048,wishlist,2025-12-12T23:18:02,SES-17306d35,tablet,Safari,organic,PROD-01844,Samsung Galaxy Watch 6,Smartwatches,Electronics,790.52,,0,0,0,
92b77768-9e6c-44a5-a4ea-cedb66958daf,EVT-000235,USER-00154,search,2025-11-15T02:23:22,SES-511df184,tablet,Chrome,organic,,,,,0.0,red wine gift,0,0,0,
cb3ef41b-2261-48af-9929-2be0f85dd5b3,EVT-000236,USER-00144,view,2025-12-17T20:29:54,SES-8891ad67,tablet,Edge,direct,PROD-01196,Oral-B iO Series 9,Personal Care,Healthcare,285.71,,125,0,0,
373df02b-e191-4d02-a119-e2ceec8c5588,EVT-000237,USER-00001,view,2025-12-08T03:34:46,SES-c6565360,desktop,Safari,direct,PROD-00512,Dom Pérignon Rosé 2009,Champagne,Wine,415.51,,398,0,0,
73c1dadb-5555-4784-ae4e-b7a1961147c9,EVT-000238,USER-00023,search,2025-12-25T22:47:52,SES-39eb3818,desktop,Chrome,social,,,,,0.0,gaming laptop,0,0,0,
702994b4-b935-4643-9016-3c4384cce933,EVT-000239,USER-00155,search,2025-12-09T07:57:14,SES-a257e071,mobile,Firefox,social,,,,,0.0,wireless headphones,0,0,0,
01f56f79-efbf-4e8a-9e88-5ec8e193db4e,EVT-000240,USER-00218,click,2025-11-18T23:38:19,SES-4df3e1a1,desktop,Safari,email,PROD-00003,Penfolds Grange,Red Wine,Wine,390.13,,276,0,0,
0422240c-9a26-4d6b-89e8-018c01c994f8,EVT-000241,USER-00107,search,2025-11-23T00:02:14,SES-196c5ed6,desktop,Firefox,organic,,,,,0.0,home office chair,0,0,0,
02355b14-6dfb-46d6-9536-139399b7f1f2,EVT-000242,USER-00147,add_to_cart,2026-01-05T18:19:13,SES-8d7e147c,mobile,Chrome,email,PROD-01416,REI Flash 55 Pack,Outdoor Gear,Sports,517.67,,0,1,0,
113a1961-fe67-4c47-b455-68761b7ff9cd,EVT-000243,USER-00048,wishlist,2026-01-01T16:58:02,SES-b06a470a,tablet,Safari,organic,PROD-01844,Samsung Galaxy Watch 6,Smartwatches,Electronics,790.52,,0,0,0,
46094165-7613-46b1-afb7-2c7ae34aecdc,EVT-000244,USER-00154,search,2025-12-08T14:43:00,SES-ee9b77a4,tablet,Chrome,organic,,,,,0.0,red wine gift,0,0,0,
56fe4a7e-12f7-4c14-9f43-2abbcf4efc32,EVT-000245,USER-00144,view,2025-11-13T16:09:09,SES-41527f63,tablet,Edge,direct,PROD-01196,Oral-B iO Series 9,Personal Care,Healthcare,285.71,,125,0,0,
682b2122-12c9-4457-a05a-174776367c49,EVT-000246,USER-00001,view,2025-10-31T15:50:14,SES-7816274d,desktop,Safari,direct,PROD-00512,Dom Pérignon Rosé 2009,Champagne,Wine,415.51,,398,0,0,
72e54902-84d5-459b-8396-be25d1a56d44,EVT-000247,USER-00023,search,2025-11-17T08:39:21,SES-f38e7d7b,desktop,Chrome,social,,,,,0.0,gaming laptop,0,0,0,
4116076a-8948-47f4-ad57-fd162f609470,EVT-000248,USER-00155,search,2026-01-05T03:18:34,SES-b931002f,mobile,Firefox,social,,,,,0.0,wireless headphones,0,0,0,
5cd27546-287c-44c3-92f2-1298aab3c45c,EVT-000249,USER-00218,click,2025-11-20T12:12:18,SES-932a45e0,desktop,Safari,email,PROD-00003,Penfolds Grange,Red Wine,Wine,390.13,,276,0,0,
3e73e2fa-6d90-4502-9287-2332547a7157,EVT-000250,USER-00107,search,2025-12-30T19:34:05,SES-8737ab08,desktop,Firefox,organic,,,,,0.0,home office chair,0,0,0,
b515271b-1bb6-492a-aadb-2573e88eae9d,EVT-000251,USER-00147,add_to_cart,2025-10-30T18:51:14,SES-03737313,mobile,Chrome,email,PROD-01416,REI Flash 55 Pack,Outdoor Gear,Sports,517.67,,0,1,0,
7c2b583e-93bf-4405-9848-fe08f31ffeba,EVT-000252,USER-00048,wishlist,2025-11-26T00:30:05,SES-6cc25951,tablet,Safari,organic,PROD-01844,Samsung Galaxy Watch 6,Smartwatches,Electronics,790.52,,0,0,0,
f515c749-354b-44ef-a5df-a2b0d9c3dc1a,EVT-000253,USER-00154,search,2025-12-15T23:21:51,SES-ddc13034,tablet,Chrome,organic,,,,,0.0,red wine gift,0,0,0,
1e10edc7-1803-4090-98d8-320732dc9ca7,EVT-000254,USER-00144,view,2026-01-11T20:53:01,SES-4079a6d0,tablet,Edge,direct,PROD-01196,Oral-B iO Series 9,Personal Care,Healthcare,285.71,,125,0,0,
249cc936-f2fc-47e6-8867-0f2cd1bfaf0f,EVT-000255,USER-00001,view,2026-01-15T11:52:09,SES-f66bbab7,desktop,Safari,direct,PROD-00512,Dom Pérignon Rosé 2009,Champagne,Wine,415.51,,398,0,0,
2b4e8bfb-309c-4776-917b-f79411d548c8,EVT-000256,USER-00023,search,2025-11-15T06:42:25,SES-1f89cefb,desktop,Chrome,social,,,,,0.0,gaming laptop,0,0,0,
c051cfec-baa2-4791-bd88-728f3e1aa703,EVT-000257,USER-00155,search,2025-12-25T18:37:51,SES-fe43eb24,mobile,Firefox,social,,,,,0.0,wireless headphones,0,0,0,
ed76af4f-3e71-4be0-9490-a3e22c46bdde,EVT-000258,USER-00218,click,2025-12-24T13:51:41,SES-ee9090d2,desktop,Safari,email,PROD-00003,Penfolds Grange,Red Wine,Wine,390.13,,276,0,0,
718f16ad-f5b1-4039-9823-a2a318649e3c,EVT-000259,USER-00107,search,2026-01-02T03:13:43,SES-5d5d5946,desktop,Firefox,organic,,,,,0.0,home office chair,0,0,0,
c48b10c4-162b-4b73-b437-3b05dd8b9a08,EVT-000260,USER-00147,add_to_cart,2026-01-13T20:14:09,SES-3ef7d76c,mobile,Chrome,email,PROD-01416,REI Flash 55 Pack,Outdoor Gear,Sports,517.67,,0,1,0,
527b2937-404d-42e3-85a6-c93e152732f9,EVT-000261,USER-00048,wishlist,2025-11-11T17:41:26,SES-ebb54efb,tablet,Safari,organic,PROD-01844,Samsung Galaxy Watch 6,Smartwatches,Electronics,790.52,,0,0,0,
9b15eb11-6160-49ad-bd1d-e86b88caf80d,EVT-000262,USER-00154,search,2025-12-29T05:18:55,SES-5d77ee2a,tablet,Chrome,organic,,,,,0.0,red wine gift,0,0,0,
ffd06e84-fb44-4e6d-bc43-fa85db99b12e,EVT-000263,USER-00144,view,2025-10-30T07:43:17,SES-5746288b,tablet,Edge,direct,PROD-01196,Oral-B iO Series 9,Personal Care,Healthcare,285.71,,125,0,0,
fc893124-1aeb-47f4-a614-d2643bac5675,EVT-000264,USER-00001,view,2025-10-30T01:01:42,SES-551ad706,desktop,Safari,direct,PROD-00512,Dom Pérignon Rosé 2009,Champagne,Wine,415.51,,398,0,0,
a04953fd-3978-49c6-b397-c2046c4b033a,EVT-000265,USER-00023,search,2025-12-09T18:26:39,SES-c2f488c5,desktop,Chrome,social,,,,,0.0,gaming laptop,0,0,0,
7325b294-acd6-44d8-84ea-9cac3ca871b5,EVT-000266,USER-00155,search,2025-10-28T14:21:41,SES-5ec36b43,mobile,Firefox,social,,,,,0.0,wireless headphones,0,0,0,
f70137cb-326b-4b58-9377-97a323788e14,EVT-000267,USER-00218,click,2025-11-12T09:01:59,SES-aeadc53f,desktop,Safari,email,PROD-00003,Penfolds Grange,Red Wine,Wine,390.13,,276,0,0,
f9911966-3371-44ee-8cc1-bebc84e9c997,EVT-000268,USER-00107,search,2025-10-24T00:31:12,SES-225230c1,desktop,Firefox,organic,,,,,0.0,home office chair,0,0,0,
bbf9148f-2173-4a2f-90c1-98887887fdd0,EVT-000269,USER-00147,add_to_cart,2025-12-26T20:18:18,SES-1d88eb9a,mobile,Chrome,email,PROD-01416,REI Flash 55 Pack,Outdoor Gear,Sports,517.67,,0,1,0,
fac3db40-bd5c-468a-86ff-5f0dfe37d882,EVT-000270,USER-00048,wishlist,2025-11-12T17:33:41,SES-afa59c83,tablet,Safari,organic,PROD-01844,Samsung Galaxy Watch 6,Smartwatches,Electronics,790.52,,0,0,0,
0c607722-ee60-4e86-9feb-e7f8287aed27,EVT-000271,USER-00154,search,2025-12-07T04:47:56,SES-33d73291,tablet,Chrome,organic,,,,,0.0,red wine gift,0,0,0,
118d75a5-bcbe-4a81-8ea8-f6b0a4255227,EVT-000272,USER-00144,view,2026-01-10T05:11:57,SES-23b35c0f,tablet,Edge,direct,PROD-01196,Oral-B iO Series 9,Personal Care,Healthcare,285.71,,125,0,0,
72af12f2-49d7-46e7-a91c-d409fe9ab7e3,EVT-000273,USER-00001,view,2025-11-29T03:11:05,SES-03dc9dbe,desktop,Safari,direct,PROD-00512,Dom Pérignon Rosé 2009,Champagne,Wine,415.51,,398,0,0,
4a45eb30-9518-4b9a-b524-454f3e3abd00,EVT-000274,USER-00023,search,2025-11-09T23:48:31,SES-cc33c141,desktop,Chrome,social,,,,,0.0,gaming laptop,0,0,0,
e886d473-c8c0-4c62-93a6-9e56e3f3e053,EVT-000275,USER-00155,search,2025-12-09T02:13:33,SES-b5a0493c,mobile,Firefox,social,,,,,0.0,wireless headphones,0,0,0,
b871edf3-2b42-4dc6-9490-2c844b84bbd1,EVT-000276,USER-00218,click,2025-11-01T21:30:46,SES-f9cd7231,desktop,Safari,email,PROD-00003,Penfolds Grange,Red Wine,Wine,390.13,,276,0,0,
ba12ed51-edc0-4d6f-ae14-71146f3b127c,EVT-000277,USER-00107,search,2025-11-24T19:14:08,SES-3fec048b,desktop,Firefox,organic,,,,,0.0,home office chair,0,0,0,
ac6f9fc9-b5a2-4a3c-9b83-e4f2ad00bd73,EVT-000278,USER-00147,add_to_cart,2025-11-12T00:08:45,SES-e9d757db,mobile,Chrome,email,PROD-01416,REI Flash 55 Pack,Outdoor Gear,Sports,517.67,,0,1,0,
bd562a66-81ca-41d8-93b6-00e0cb608277,EVT-000279,USER-00048,wishlist,2026-01-09T18:40:34,SES-0f6e17f1,tablet,Safari,organic,PROD-01844,Samsung Galaxy Watch 6,Smartwatches,Electronics,790.52,,0,0,0,
02bc4899-aefc-4c22-a93e-1c5fe816a3ae,EVT-000280,USER-00154,search,2025-12-19T01:56:52,SES-b948fe29,tablet,Chrome,organic,,,,,0.0,red wine gift,0,0,0,
0f2fde72-1d03-408e-a760-4907c0ecf6e7,EVT-000281,USER-00144,view,2026-01-04T16:35:31,SES-2699e6f7,tablet,Edge,direct,PROD-01196,Oral-B iO Series 9,Personal Care,Healthcare,285.71,,125,0,0,
d53ebaf6-140a-4c8a-86a9-b6417296a8e9,EVT-000282,USER-00001,view,2025-12-12T23:25:50,SES-42f25b76,desktop,Safari,direct,PROD-00512,Dom Pérignon Rosé 2009,Champagne,Wine,415.51,,398,0,0,
d2ef5a62-6212-4596-9b03-17d8ad9bac3c,EVT-000283,USER-00023,search,2025-12-11T15:28:00,SES-e5e58ca1,desktop,Chrome,social,,,,,0.0,gaming laptop,0,0,0,
f20eb79c-af36-469e-a06e-74cfc42119b0,EVT-000284,USER-00155,search,2026-01-14T02:17:00,SES-a000ac94,mobile,Firefox,social,,,,,0.0,wireless headphones,0,0,0,
72d46fae-45e0-46e0-bfd4-7d063d27429c,EVT-000285,USER-00218,click,2025-11-22T04:06:32,SES-34ff2ff0,desktop,Safari,email,PROD-00003,Penfolds Grange,Red Wine,Wine,390.13,,276,0,0,
9e7e6d2c-b8d3-478c-9c89-9bf342f8248b,EVT-000286,USER-00107,search,2026-01-04T13:59:41,SES-73ade8c3,desktop,Firefox,organic,,,,,0.0,home office chair,0,0,0,
a9de71b0-682e-4873-a4da-57eefb59943e,EVT-000287,USER-00147,add_to_cart,2025-11-22T00:32:07,SES-20ceebc9,mobile,Chrome,email,PROD-01416,REI Flash 55 Pack,Outdoor Gear,Sports,517.67,,0,1,0,
795983f9-5d32-48c7-8b70-d722c9f25696,EVT-000288,USER-00048,wishlist,2025-12-30T12:52:58,SES-8a9fe9ba,tablet,Safari,organic,PROD-01844,Samsung Galaxy Watch 6,Smartwatches,Electronics,790.52,,0,0,0,
2d736ed5-76d6-430b-83ef-505aa40b1b5c,EVT-000289,USER-00154,search,2025-12-05T19:52:38,SES-8d99a3e4,tablet,Chrome,organic,,,,,0.0,red wine gift,0,0,0,
ed106e71-6052-473b-8acc-15dbd988578c,EVT-000290,USER-00144,view,2025-12-25T08:51:51,SES-88090a58,tablet,Edge,direct,PROD-01196,Oral-B iO Series 9,Personal Care,Healthcare,285.71,,125,0,0,
9e1a1484-3aad-4cde-aa22-59fe4bc81e72,EVT-000291,USER-00001,view,2025-11-06T16:46:22,SES-d4cf79eb,desktop,Safari,direct,PROD-00512,Dom Pérignon Rosé 2009,Champagne,Wine,415.51,,398,0,0,
84e09685-7d29-4828-bdd9-55b6c3d5b83e,EVT-000292,USER-00023,search,2026-01-13T01:27:46,SES-7b352838,desktop,Chrome,social,,,,,0.0,gaming laptop,0,0,0,
5e9bb387-2310-44a6-82d4-bb299612b81f,EVT-000293,USER-00155,search,2025-12-10T17:31:34,SES-cc90c6ca,mobile,Firefox,social,,,,,0.0,wireless headphones,0,0,0,
370e44c3-03da-4689-b1d7-88272f0c0751,EVT-000294,USER-00218,click,2025-11-02T00:08:10,SES-a4ec5a51,desktop,Safari,email,PROD-00003,Penfolds Grange,Red Wine,Wine,390.13,,276,0,0,
ffca9449-68c9-4024-9fbe-93edf0fbcee3,EVT-000295,USER-00107,search,2026-01-19T11:59:44,SES-e7106dc7,desktop,Firefox,organic,,,,,0.0,home office chair,0,0,0,
9377e1ba-ea1c-4c03-bf7a-e8cf6b4e95c1,EVT-000296,USER-00147,add_to_cart,2025-11-04T08:59:32,SES-a283a3d8,mobile,Chrome,email,PROD-01416,REI Flash 55 Pack,Outdoor Gear,Sports,517.67,,0,1,0,
dfb57b56-849c-4d60-b144-418e21450f19,EVT-000297,USER-00048,wishlist,2025-11-12T23:44:06,SES-5a22b84f,tablet,Safari,organic,PROD-01844,Samsung Galaxy Watch 6,Smartwatches,Electronics,790.52,,0,0,0,
88cd03f1-aaa1-4bbd-b82d-f9d19369a24d,EVT-000298,USER-00154,search,2026-01-19T17:59:19,SES-0b9a83a5,tablet,Chrome,organic,,,,,0.0,red wine gift,0,0,0,
2af1ae0b-3a5c-4480-9886-6f94a807a97c,EVT-000299,USER-00144,view,2025-11-27T01:16:51,SES-95f372b5,tablet,Edge,direct,PROD-01196,Oral-B iO Series 9,Personal Care,Healthcare,285.71,,125,0,0,
f6d049f5-dba1-45e3-858d-51154bee91f6,EVT-000300,USER-00001,view,2025-11-29T04:23:09,SES-e9258a79,desktop,Safari,direct,PROD-00512,Dom Pérignon Rosé 2009,Champagne,Wine,415.51,,398,0,0,
b60640b3-6b82-48dd-bee6-71d8e0f6c32f,EVT-000301,USER-00023,search,2025-12-05T16:10:19,SES-023954d0,desktop,Chrome,social,,,,,0.0,gaming laptop,0,0,0,
2dfe72c0-b918-4fb5-b618-ec235a24bf52,EVT-000302,USER-00155,search,2026-01-15T00:11:13,SES-4d13ee83,mobile,Firefox,social,,,,,0.0,wireless headphones,0,0,0,
548aeaad-b630-4536-9bdc-d8f02c7d8471,EVT-000303,USER-00218,click,2025-12-21T23:44:53,SES-05357636,desktop,Safari,email,PROD-00003,Penfolds Grange,Red Wine,Wine,390.13,,276,0,0,
3a77c0e4-cfda-40d9-9def-a22ad1862d11,EVT-000304,USER-00107,search,2025-12-11T14:23:14,SES-a71bc544,desktop,Firefox,organic,,,,,0.0,home office chair,0,0,0,
a9e27493-3453-425d-90d6-cf2577091a02,EVT-000305,USER-00147,add_to_cart,2025-11-11T11:00:07,SES-482b2f50,mobile,Chrome,email,PROD-01416,REI Flash 55 Pack,Outdoor Gear,Sports,517.67,,0,1,0,
152cc40d-90d9-4b48-b671-2d82b1d0f557,EVT-000306,USER-00048,wishlist,2026-01-06T11:30:36,SES-97187339,tablet,Safari,organic,PROD-01844,Samsung Galaxy Watch 6,Smartwatches,Electronics,790.52,,0,0,0,
bb01d753-89d0-4200-ab17-c24626eed36e,EVT-000307,USER-00154,search,2025-11-30T14:28:28,SES-77e47a6a,tablet,Chrome,organic,,,,,0.0,red wine gift,0,0,0,
4a46d249-3b33-4246-bd2c-3f82d6a45224,EVT-000308,USER-00144,view,2025-11-09T23:53:34,SES-1326feb6,tablet,Edge,direct,PROD-01196,Oral-B iO Series 9,Personal Care,Healthcare,285.71,,125,0,0,
d9002073-95cf-4275-9fae-28cb5f9b8db8,EVT-000309,USER-00001,view,2025-10-29T09:52:14,SES-e61ca002,desktop,Safari,direct,PROD-00512,Dom Pérignon Rosé 2009,Champagne,Wine,415.51,,398,0,0,
45111803-7476-45bd-a36b-779a727e068c,EVT-000310,USER-00023,search,2025-11-18T17:20:23,SES-ba89f5bf,desktop,Chrome,social,,,,,0.0,gaming laptop,0,0,0,
b258f24b-ab6e-4453-9eb7-6a51af75d844,EVT-000311,USER-00155,search,2025-12-02T19:48:35,SES-9bfac439,mobile,Firefox,social,,,,,0.0,wireless headphones,0,0,0,
edd39248-9e09-4126-99b3-55424fc4809f,EVT-000312,USER-00218,click,2025-11-07T16:32:04,SES-f734a40e,desktop,Safari,email,PROD-00003,Penfolds Grange,Red Wine,Wine,390.13,,276,0,0,
6b9164dd-153e-40d7-897f-12d364251db0,EVT-000313,USER-00107,search,2025-12-28T09:02:42,SES-ae5b9121,desktop,Firefox,organic,,,,,0.0,home office chair,0,0,0,
bc7ca85c-fd45-4c0f-928f-b84f87e0a97d,EVT-000314,USER-00147,add_to_cart,2025-11-21T13:37:59,SES-040625ca,mobile,Chrome,email,PROD-01416,REI Flash 55 Pack,Outdoor Gear,Sports,517.67,,0,1,0,
ec41431d-08b1-48ce-b8ce-bf4fdb5be97d,EVT-000315,USER-00048,wishlist,2026-01-15T04:47:00,SES-452ddc21,tablet,Safari,organic,PROD-01844,Samsung Galaxy Watch 6,Smartwatches,Electronics,790.52,,0,0,0,
deafe93f-b5e7-4e2e-bfe3-05851ed30f57,EVT-000316,USER-00154,search,2025-12-17T19:00:05,SES-a48df16f,tablet,Chrome,organic,,,,,0.0,red wine gift,0,0,0,
19c824ae-8ee6-4cf5-a087-6715681e18f3,EVT-000317,USER-00144,view,2025-12-24T16:46:16,SES-1e557715,tablet,Edge,direct,PROD-01196,Oral-B iO Series 9,Personal Care,Healthcare,285.71,,125,0,0,
b8c9cedb-327a-4c28-a93d-40e1a0dcb280,EVT-000318,USER-00001,view,2025-11-01T15:45:23,SES-ea800404,desktop,Safari,direct,PROD-00512,Dom Pérignon Rosé 2009,Champagne,Wine,415.51,,398,0,0,
523b3ffc-59e7-4285-9040-73ce73347cd1,EVT-000319,USER-00023,search,2025-11-06T01:08:21,SES-4b813c8c,desktop,Chrome,social,,,,,0.0,gaming laptop,0,0,0,
6237081f-dafd-4ec8-bd7e-eebb16792022,EVT-000320,USER-00155,search,2025-12-06T12:01:49,SES-9108225d,mobile,Firefox,social,,,,,0.0,wireless headphones,0,0,0,
cf601eab-861d-4757-9705-338e0a991a43,EVT-000321,USER-00218,click,2026-01-15T19:36:52,SES-04026e45,desktop,Safari,email,PROD-00003,Penfolds Grange,Red Wine,Wine,390.13,,276,0,0,
ff96309f-1a54-4659-8cd7-82d56601b68f,EVT-000322,USER-00107,search,2025-11-02T03:39:41,SES-4103fbcf,desktop,Firefox,organic,,,,,0.0,home office chair,0,0,0,
569e8706-82d5-4327-b00b-207cbafb2f0f,EVT-000323,USER-00147,add_to_cart,2026-01-03T01:57:57,SES-e0d305d1,mobile,Chrome,email,PROD-01416,REI Flash 55 Pack,Outdoor Gear,Sports,517.67,,0,1,0,
985cdae1-9a41-4e6b-8959-4146efed4c9d,EVT-000324,USER-00048,wishlist,2025-11-02T10:42:43,SES-ab485904,tablet,Safari,organic,PROD-01844,Samsung Galaxy Watch 6,Smartwatches,Electronics,790.52,,0,0,0,
58a8c306-b65c-4abc-8589-6b744c087b75,EVT-000325,USER-00154,search,2025-11-15T02:28:50,SES-ba320158,tablet,Chrome,organic,,,,,0.0,red wine gift,0,0,0,
bad7e69c-9384-4d07-9a57-05d97f6a35af,EVT-000326,USER-00144,view,2025-10-24T08:34:55,SES-49af0a00,tablet,Edge,direct,PROD-01196,Oral-B iO Series 9,Personal Care,Healthcare,285.71,,125,0,0,
b4200b93-f26a-48e5-ad30-f17c66c8370d,EVT-000327,USER-00001,view,2026-01-17T13:19:44,SES-10db66e2,desktop,Safari,direct,PROD-00512,Dom Pérignon Rosé 2009,Champagne,Wine,415.51,,398,0,0,
f3d7da38-b98d-4848-835d-aa385e17b1e8,EVT-000328,USER-00023,search,2025-12-06T11:46:49,SES-2c22d892,desktop,Chrome,social,,,,,0.0,gaming laptop,0,0,0,
ed4207bb-f394-4c79-b689-2908601a8038,EVT-000329,USER-00155,search,2025-11-09T21:44:25,SES-c27e3a67,mobile,Firefox,social,,,,,0.0,wireless headphones,0,0,0,
1445a481-ee9f-41e7-aa11-6f50ccb4e5ff,EVT-000330,USER-00218,click,2025-11-17T15:31:03,SES-2500ba01,desktop,Safari,email,PROD-00003,Penfolds Grange,Red Wine,Wine,390.13,,276,0,0,
8a167724-f9c0-42cc-a960-a23b629f56cd,EVT-000331,USER-00107,search,2025-10-25T12:32:24,SES-3bd44e47,desktop,Firefox,organic,,,,,0.0,home office chair,0,0,0,
638d8fcb-3dac-477e-9430-8e807388fb69,EVT-000332,USER-00147,add_to_cart,2025-12-07T23:39:00,SES-3686fcb4,mobile,Chrome,email,PROD-01416,REI Flash 55 Pack,Outdoor Gear,Sports,517.67,,0,1,0,
6364709b-1c6f-4f92-8d0d-ce37f04804e5,EVT-000333,USER-00048,wishlist,2025-12-26T00:14:04,SES-22d88d5b,tablet,Safari,organic,PROD-01844,Samsung Galaxy Watch 6,Smartwatches,Electronics,790.52,,0,0,0,
0e3ca9b8-2935-45ff-b804-057c86111b81,EVT-000334,USER-00154,search,2025-12-13T06:58:55,SES-b65e51af,tablet,Chrome,organic,,,,,0.0,red wine gift,0,0,0,
025e96fe-c5dd-4839-a9b5-1332270b09e7,EVT-000335,USER-00144,view,2025-12-05T16:39:33,SES-59115b7c,tablet,Edge,direct,PROD-01196,Oral-B iO Series 9,Personal Care,Healthcare,285.71,,125,0,0,
3422959b-1915-420e-92af-fc9ce26739bf,EVT-000336,USER-00001,view,2025-11-25T22:02:53,SES-67054a84,desktop,Safari,direct,PROD-00512,Dom Pérignon Rosé 2009,Champagne,Wine,415.51,,398,0,0,
b5d44948-ce76-445c-8b02-6a1b3f1a9a5c,EVT-000337,USER-00023,search,2025-11-17T12:46:21,SES-26ac9eb7,desktop,Chrome,social,,,,,0.0,gaming laptop,0,0,0,
e561cf31-89a4-413e-9839-37b4aa0bea74,EVT-000338,USER-00155,search,2025-11-03T05:38:58,SES-c3e3033c,mobile,Firefox,social,,,,,0.0,wireless headphones,0,0,0,
a3b6ac58-6b28-4ebc-89fa-540aaab028a0,EVT-000339,USER-00218,click,2026-01-20T17:49:39,SES-c8573381,desktop,Safari,email,PROD-00003,Penfolds Grange,Red Wine,Wine,390.13,,276,0,0,
20404d74-b685-4aec-af2b-614a0b977aed,EVT-000340,USER-00107,search,2025-12-15T04:13:52,SES-aa956948,desktop,Firefox,organic,,,,,0.0,home office chair,0,0,0,
385f9b5f-a445-46b2-84b5-4989803aa993,EVT-000341,USER-00147,add_to_cart,2025-10-30T21:49:09,SES-c7d911b4,mobile,Chrome,email,PROD-01416,REI Flash 55 Pack,Outdoor Gear,Sports,517.67,,0,1,0,
062db4fc-397e-4225-ab98-5265e131f85f,EVT-000342,USER-00048,wishlist,2025-11-26T03:48:13,SES-f48e8f9d,tablet,Safari,organic,PROD-01844,Samsung Galaxy Watch 6,Smartwatches,Electronics,790.52,,0,0,0,
d162ca13-cea2-44c3-b86f-80d59d62d48e,EVT-000343,USER-00154,search,2025-12-03T15:20:09,SES-e2e81c87,tablet,Chrome,organic,,,,,0.0,red wine gift,0,0,0,
f4e263c8-a0e0-45aa-878d-6eff97eee6b5,EVT-000344,USER-00144,view,2025-11-12T08:04:44,SES-657ed7de,tablet,Edge,direct,PROD-01196,Oral-B iO Series 9,Personal Care,Healthcare,285.71,,125,0,0,
a654e0ed-00cd-4702-819a-74ee457cd449,EVT-000345,USER-00001,view,2025-11-06T08:53:58,SES-d1545323,desktop,Safari,direct,PROD-00512,Dom Pérignon Rosé 2009,Champagne,Wine,415.51,,398,0,0,
09c0d7f7-1306-48ba-acd7-fa74da44d506,EVT-000346,USER-00023,search,2025-11-30T06:50:19,SES-c3a3be10,desktop,Chrome,social,,,,,0.0,gaming laptop,0,0,0,
b2f9e1b2-ab72-4c5d-84dc-0a3d2e57481c,EVT-000347,USER-00155,search,2025-12-10T12:07:04,SES-1df392de,mobile,Firefox,social,,,,,0.0,wireless headphones,0,0,0,
1ead06ed-25ed-4859-a142-11ce4d7c2713,EVT-000348,USER-00218,click,2025-12-03T13:52:44,SES-77a24807,desktop,Safari,email,PROD-00003,Penfolds Grange,Red Wine,Wine,390.13,,276,0,0,
a07e777d-2cd0-4c8b-a188-213390796c7b,EVT-000349,USER-00107,search,2025-12-11T01:29:05,SES-30e4f6a5,desktop,Firefox,organic,,,,,0.0,home office chair,0,0,0,
483e0533-05e1-4e53-be2f-a4f1510275ab,EVT-000350,USER-00147,add_to_cart,2025-11-24T03:35:55,SES-be71b17b,mobile,Chrome,email,PROD-01416,REI Flash 55 Pack,Outdoor Gear,Sports,517.67,,0,1,0,
ac3b9478-07d2-4718-954f-d70f211395f2,EVT-000351,USER-00048,wishlist,2025-10-27T21:47:39,SES-bcf51fce,tablet,Safari,organic,PROD-01844,Samsung Galaxy Watch 6,Smartwatches,Electronics,790.52,,0,0,0,
d0e058fd-280d-4b7a-99d4-144b78364d99,EVT-000352,USER-00154,search,2025-12-04T14:19:39,SES-ebb87787,tablet,Chrome,organic,,,,,0.0,red wine gift,0,0,0,
f6b3e4eb-9024-40e7-a239-48a531cfb95b,EVT-000353,USER-00144,view,2025-11-18T05:06:27,SES-bb3a8a77,tablet,Edge,direct,PROD-01196,Oral-B iO Series 9,Personal Care,Healthcare,285.71,,125,0,0,
ce505a04-290b-4664-9d44-2e9427c56fe4,EVT-000354,USER-00001,view,2025-11-27T15:34:51,SES-d6269828,desktop,Safari,direct,PROD-00512,Dom Pérignon Rosé 2009,Champagne,Wine,415.51,,398,0,0,
ff624cd0-a272-471f-b250-ee5fec6a180a,EVT-000355,USER-00023,search,2025-11-01T05:50:58,SES-d7a27a51,desktop,Chrome,social,,,,,0.0,gaming laptop,0,0,0,
f5182d57-f282-4756-ac32-d9fd4464c071,EVT-000356,USER-00155,search,2025-10-27T12:25:15,SES-955a3c5c,mobile,Firefox,social,,,,,0.0,wireless headphones,0,0,0,
90d7b0f9-9647-4b08-9b8b-f3cc2a321915,EVT-000357,USER-00218,click,2025-12-24T17:19:39,SES-b8c5b619,desktop,Safari,email,PROD-00003,Penfolds Grange,Red Wine,Wine,390.13,,276,0,0,
c13db276-64cb-4c19-8a2b-75a6b4f0643e,EVT-000358,USER-00107,search,2025-11-28T21:16:17,SES-fe85ba39,desktop,Firefox,organic,,,,,0.0,home office chair,0,0,0,
a58d4a27-15ee-4a52-9b19-99b9e89510f5,EVT-000359,USER-00147,add_to_cart,2026-01-01T19:37:00,SES-b5bb5e50,mobile,Chrome,email,PROD-01416,REI Flash 55 Pack,Outdoor Gear,Sports,517.67,,0,1,0,
557a66b3-c6fa-4367-a658-2faea038b5c3,EVT-000360,USER-00048,wishlist,2025-12-02T18:37:54,SES-33b4a0f2,tablet,Safari,organic,PROD-01844,Samsung Galaxy Watch 6,Smartwatches,Electronics,790.52,,0,0,0,
432b7de6-9f59-4e65-8248-684192e4a1bb,EVT-000361,USER-00154,search,2025-11-10T13:49:22,SES-377c3a68,tablet,Chrome,organic,,,,,0.0,red wine gift,0,0,0,
784cfd0e-1141-4544-a2c5-673da07f172a,EVT-000362,USER-00144,view,2025-11-20T07:00:46,SES-a5011465,tablet,Edge,direct,PROD-01196,Oral-B iO Series 9,Personal Care,Healthcare,285.71,,125,0,0,
3fcf0ee8-5355-4926-8f76-79f3e2594ca4,EVT-000363,USER-00001,view,2025-11-10T03:22:44,SES-56721d26,desktop,Safari,direct,PROD-00512,Dom Pérignon Rosé 2009,Champagne,Wine,415.51,,398,0,0,
bbbaa992-321f-4944-90d8-6408193fc253,EVT-000364,USER-00023,search,2025-11-30T20:16:12,SES-d3c8566e,desktop,Chrome,social,,,,,0.0,gaming laptop,0,0,0,
fe2035f0-f981-4256-8c22-eb3edf76dca5,EVT-000365,USER-00155,search,2025-11-08T21:32:32,SES-a94430a8,mobile,Firefox,social,,,,,0.0,wireless headphones,0,0,0,
692aa870-b8aa-4851-ac1b-1540074ffba3,EVT-000366,USER-00218,click,2025-12-19T10:09:51,SES-e4049641,desktop,Safari,email,PROD-00003,Penfolds Grange,Red Wine,Wine,390.13,,276,0,0,
d0a6b3df-f034-4cfe-953d-9fb2b0ba09bd,EVT-000367,USER-00107,search,2025-11-18T12:52:58,SES-3ac66747,desktop,Firefox,organic,,,,,0.0,home office chair,0,0,0,
2891028d-1eef-4427-a363-315202353e41,EVT-000368,USER-00147,add_to_cart,2025-12-13T03:54:00,SES-bb74846a,mobile,Chrome,email,PROD-01416,REI Flash 55 Pack,Outdoor Gear,Sports,517.67,,0,1,0,
ff0a6455-5446-468a-8ae2-01290a6ef884,EVT-000369,USER-00048,wishlist,2025-12-20T17:23:10,SES-f4e04475,tablet,Safari,organic,PROD-01844,Samsung Galaxy Watch 6,Smartwatches,Electronics,790.52,,0,0,0,
ee0b9e33-bfaf-4f79-883a-740d04826a87,EVT-000370,USER-00154,search,2025-12-09T16:08:19,SES-17e48727,tablet,Chrome,organic,,,,,0.0,red wine gift,0,0,0,
fe751c6d-4a07-4d5d-af1d-b5882b3bc40c,EVT-000371,USER-00144,view,2025-12-12T02:23:52,SES-9c768418,tablet,Edge,direct,PROD-01196,Oral-B iO Series 9,Personal Care,Healthcare,285.71,,125,0,0,
18747675-ef7e-431c-9710-147e597110c1,EVT-000372,USER-00001,view,2025-12-03T20:12:35,SES-e323030a,desktop,Safari,direct,PROD-00512,Dom Pérignon Rosé 2009,Champagne,Wine,415.51,,398,0,0,
de662652-6187-462e-ab8d-afae6a45a65f,EVT-000373,USER-00023,search,2025-11-02T08:20:52,SES-a1947655,desktop,Chrome,social,,,,,0.0,gaming laptop,0,0,0,
8f849565-96a4-4be4-a137-cd9ccbb7e8a2,EVT-000374,USER-00155,search,2025-12-27T21:08:54,SES-9379ea41,mobile,Firefox,social,,,,,0.0,wireless headphones,0,0,0,
dddfac76-a32d-454c-b00c-67ad50efd3db,EVT-000375,USER-00218,click,2025-10-27T14:08:18,SES-25b9b09e,desktop,Safari,email,PROD-00003,Penfolds Grange,Red Wine,Wine,390.13,,276,0,0,
693c87ef-fde6-4f00-8491-dd84b89ad3fd,EVT-000376,USER-00107,search,2025-12-24T12:01:19,SES-86e59ccd,desktop,Firefox,organic,,,,,0.0,home office chair,0,0,0,
08c787f6-1163-4291-a22e-92c749c685bf,EVT-000377,USER-00147,add_to_cart,2025-11-15T22:00:41,SES-ae48f0d4,mobile,Chrome,email,PROD-01416,REI Flash 55 Pack,Outdoor Gear,Sports,517.67,,0,1,0,
1594d2d5-4e6e-4b92-b86d-3609f681aa07,EVT-000378,USER-00048,wishlist,2025-11-02T12:46:16,SES-1cff3293,tablet,Safari,organic,PROD-01844,Samsung Galaxy Watch 6,Smartwatches,Electronics,790.52,,0,0,0,
58e3e2dd-9b26-4a0b-83d9-3503bc3913d3,EVT-000379,USER-00154,search,2025-11-13T01:35:14,SES-c0646692,tablet,Chrome,organic,,,,,0.0,red wine gift,0,0,0,
da099d28-d61b-4b69-b0b2-8b6021c919b6,EVT-000380,USER-00144,view,2025-11-02T22:20:12,SES-99a3e4f8,tablet,Edge,direct,PROD-01196,Oral-B iO Series 9,Personal Care,Healthcare,285.71,,125,0,0,
423a24ee-428c-4f07-b2d6-e26085ca99b6,EVT-000381,USER-00001,view,2025-10-27T21:44:57,SES-f85a2ae6,desktop,Safari,direct,PROD-00512,Dom Pérignon Rosé 2009,Champagne,Wine,415.51,,398,0,0,
5bc39773-80b9-4c0b-a097-a04b7ce4668f,EVT-000382,USER-00023,search,2026-01-17T15:34:00,SES-3e6547da,desktop,Chrome,social,,,,,0.0,gaming laptop,0,0,0,
364a6de2-63ae-4a08-88e6-5209451e8252,EVT-000383,USER-00155,search,2025-10-26T05:05:18,SES-505d7807,mobile,Firefox,social,,,,,0.0,wireless headphones,0,0,0,
7c13b328-a1aa-4705-9e52-6d8422ef4f4d,EVT-000384,USER-00218,click,2025-12-17T14:18:49,SES-07483a86,desktop,Safari,email,PROD-00003,Penfolds Grange,Red Wine,Wine,390.13,,276,0,0,
efc57a6e-feba-4262-a93d-81eaa4bd00de,EVT-000385,USER-00107,search,2025-11-17T14:10:10,SES-13e5889a,desktop,Firefox,organic,,,,,0.0,home office chair,0,0,0,
fa4bd24e-8209-4e83-a175-c9c5568388bf,EVT-000386,USER-00147,add_to_cart,2025-11-14T22:17:49,SES-ea714d37,mobile,Chrome,email,PROD-01416,REI Flash 55 Pack,Outdoor Gear,Sports,517.67,,0,1,0,
86420fa7-7251-4e3c-822a-c8d4b12f56d2,EVT-000387,USER-00048,wishlist,2025-10-29T03:21:53,SES-6377ab8b,tablet,Safari,organic,PROD-01844,Samsung Galaxy Watch 6,Smartwatches,Electronics,790.52,,0,0,0,
16c53ad1-2aa4-4f90-8c18-1721268f6fbe,EVT-000388,USER-00154,search,2025-12-13T09:53:10,SES-4085dd6f,tablet,Chrome,organic,,,,,0.0,red wine gift,0,0,0,
01bc6ac0-fea5-499a-900c-12b5c52dd31a,EVT-000389,USER-00144,view,2025-11-01T13:21:03,SES-d0ecaac2,tablet,Edge,direct,PROD-01196,Oral-B iO Series 9,Personal Care,Healthcare,285.71,,125,0,0,
996c5f0f-9eb4-48c5-b332-5c98977e8fc5,EVT-000390,USER-00001,view,2025-11-18T11:47:47,SES-0cacc831,desktop,Safari,direct,PROD-00512,Dom Pérignon Rosé 2009,Champagne,Wine,415.51,,398,0,0,
63b5b22c-d4ce-4bd8-bff6-5426dcd2285b,EVT-000391,USER-00023,search,2025-11-13T17:37:52,SES-baad2969,desktop,Chrome,social,,,,,0.0,gaming laptop,0,0,0,
1cf6c5ac-103d-4f5a-a300-4c6d067f252b,EVT-000392,USER-00155,search,2026-01-16T10:32:13,SES-c8ab2034,mobile,Firefox,social,,,,,0.0,wireless headphones,0,0,0,
a8928218-073d-43a8-a848-c82765197e0b,EVT-000393,USER-00218,click,2025-12-21T23:08:54,SES-32624f03,desktop,Safari,email,PROD-00003,Penfolds Grange,Red Wine,Wine,390.13,,276,0,0,
6e1e88b4-e9e0-420c-aac9-d8d909d9d81a,EVT-000394,USER-00107,search,2025-12-29T15:54:40,SES-85d88346,desktop,Firefox,organic,,,,,0.0,home office chair,0,0,0,
3316a449-1423-4851-a992-e34efe7e031b,EVT-000395,USER-00147,add_to_cart,2025-12-31T05:55:07,SES-b7bd9ed7,mobile,Chrome,email,PROD-01416,REI Flash 55 Pack,Outdoor Gear,Sports,517.67,,0,1,0,
3cb2d6f9-b5f2-44fe-b16c-9199f5e51e9b,EVT-000396,USER-00048,wishlist,2025-12-01T00:37:16,SES-fe0eea46,tablet,Safari,organic,PROD-01844,Samsung Galaxy Watch 6,Smartwatches,Electronics,790.52,,0,0,0,
017d5c2c-e0e4-4015-b729-b18871f7764a,EVT-000397,USER-00154,search,2025-11-29T19:08:29,SES-351ab362,tablet,Chrome,organic,,,,,0.0,red wine gift,0,0,0,
2d391433-6ee6-4571-8309-5e65d28810a6,EVT-000398,USER-00144,view,2025-11-29T21:25:07,SES-302b2eae,tablet,Edge,direct,PROD-01196,Oral-B iO Series 9,Personal Care,Healthcare,285.71,,125,0,0,
138b8c6c-c1e7-4ab2-b968-6012e14907a3,EVT-000399,USER-00001,view,2025-11-01T13:59:07,SES-2f022360,desktop,Safari,direct,PROD-00512,Dom Pérignon Rosé 2009,Champagne,Wine,415.51,,398,0,0,
85b0f24e-10f7-4df5-9e5b-e619470f3b57,EVT-000400,USER-00023,search,2025-11-13T02:18:22,SES-ea493057,desktop,Chrome,social,,,,,0.0,gaming laptop,0,0,0,
68dee1ff-f1ee-442a-b499-54487a78d550,EVT-000401,USER-00155,search,2026-01-02T00:05:49,SES-67f2af7a,mobile,Firefox,social,,,,,0.0,wireless headphones,0,0,0,
a99d9a10-2753-49c7-a0f3-28a27ae0db9b,EVT-000402,USER-00218,click,2026-01-10T18:08:54,SES-a75d20a5,desktop,Safari,email,PROD-00003,Penfolds Grange,Red Wine,Wine,390.13,,276,0,0,
be505746-9d31-42b5-afc0-d11edbf091ff,EVT-000403,USER-00107,search,2026-01-16T03:22:38,SES-d2ae07bb,desktop,Firefox,organic,,,,,0.0,home office chair,0,0,0,
c4a93680-f388-49fe-84ff-87980992a2f0,EVT-000404,USER-00147,add_to_cart,2025-12-28T21:40:10,SES-6c472fa4,mobile,Chrome,email,PROD-01416,REI Flash 55 Pack,Outdoor Gear,Sports,517.67,,0,1,0,
09e08d73-c58b-46f6-9ce6-8de6a6cdb27b,EVT-000405,USER-00048,wishlist,2025-11-17T19:02:12,SES-ed78c9b4,tablet,Safari,organic,PROD-01844,Samsung Galaxy Watch 6,Smartwatches,Electronics,790.52,,0,0,0,
7e970bfb-3fdb-4255-98b3-9d231af743d6,EVT-000406,USER-00154,search,2025-12-09T19:45:46,SES-d184a7c6,tablet,Chrome,organic,,,,,0.0,red wine gift,0,0,0,
85eda5c4-75f9-45eb-9a1d-f2bb48953f0a,EVT-000407,USER-00144,view,2025-11-11T17:15:27,SES-80aca9d4,tablet,Edge,direct,PROD-01196,Oral-B iO Series 9,Personal Care,Healthcare,285.71,,125,0,0,
309a5b62-4b21-412f-b9e2-4d63ef063db1,EVT-000408,USER-00001,view,2025-11-08T08:27:22,SES-fc0f43e5,desktop,Safari,direct,PROD-00512,Dom Pérignon Rosé 2009,Champagne,Wine,415.51,,398,0,0,
5809bfb5-236b-414f-99aa-c447932ad709,EVT-000409,USER-00023,search,2026-01-07T00:48:27,SES-1c635673,desktop,Chrome,social,,,,,0.0,gaming laptop,0,0,0,
d434fc23-756b-4dc2-a289-04c2b5ecdec8,EVT-000410,USER-00155,search,2025-11-11T12:17:40,SES-4b92a9f9,mobile,Firefox,social,,,,,0.0,wireless headphones,0,0,0,
356f21de-cacc-4a08-873d-b0b41fa8dbab,EVT-000411,USER-00218,click,2025-11-25T11:58:23,SES-e74fd090,desktop,Safari,email,PROD-00003,Penfolds Grange,Red Wine,Wine,390.13,,276,0,0,
a3c54bd6-088a-46af-b6bf-09933afa4abf,EVT-000412,USER-00107,search,2025-12-23T14:00:43,SES-44225719,desktop,Firefox,organic,,,,,0.0,home office chair,0,0,0,
81a36882-8ae1-4a36-948c-2097d80ce128,EVT-000413,USER-00147,add_to_cart,2025-11-19T17:00:02,SES-81d3ec74,mobile,Chrome,email,PROD-01416,REI Flash 55 Pack,Outdoor Gear,Sports,517.67,,0,1,0,
8564d942-3fb8-4813-9f71-9de2ab3945f7,EVT-000414,USER-00048,wishlist,2025-12-30T06:41:13,SES-294f1e3c,tablet,Safari,organic,PROD-01844,Samsung Galaxy Watch 6,Smartwatches,Electronics,790.52,,0,0,0,
27ff0428-b58b-4a4a-8adf-0a7a562922ae,EVT-000415,USER-00154,search,2025-12-19T15:26:25,SES-669e97ef,tablet,Chrome,organic,,,,,0.0,red wine gift,0,0,0,
e5445a60-dd44-40a4-b7af-e8a588eeb002,EVT-000416,USER-00144,view,2025-11-19T16:58:05,SES-60d3f3f5,tablet,Edge,direct,PROD-01196,Oral-B iO Series 9,Personal Care,Healthcare,285.71,,125,0,0,
c055204a-4ac1-42d1-ac52-f8758b9e1ca9,EVT-000417,USER-00001,view,2026-01-01T23:59:56,SES-755ed5d2,desktop,Safari,direct,PROD-00512,Dom Pérignon Rosé 2009,Champagne,Wine,415.51,,398,0,0,
da4254ba-2652-434e-bad4-96d1a6240670,EVT-000418,USER-00023,search,2025-10-23T01:10:08,SES-9411520c,desktop,Chrome,social,,,,,0.0,gaming laptop,0,0,0,
df29d738-3c7a-42be-8284-0a63367d1f80,EVT-000419,USER-00155,search,2025-10-31T21:31:49,SES-b30f25be,mobile,Firefox,social,,,,,0.0,wireless headphones,0,0,0,
158431a7-e399-429f-a3eb-21a608f30158,EVT-000420,USER-00218,click,2025-11-09T17:11:39,SES-065a7c15,desktop,Safari,email,PROD-00003,Penfolds Grange,Red Wine,Wine,390.13,,276,0,0,
2a933c8a-3076-436d-90fd-1e03b1905a7b,EVT-000421,USER-00107,search,2025-12-10T14:33:50,SES-a922e785,desktop,Firefox,organic,,,,,0.0,home office chair,0,0,0,
1b78989f-5118-45d4-8f73-ece364fd7628,EVT-000422,USER-00147,add_to_cart,2026-01-18T21:12:57,SES-fee485cc,mobile,Chrome,email,PROD-01416,REI Flash 55 Pack,Outdoor Gear,Sports,517.67,,0,1,0,
f47fe01d-466e-4309-88c1-a4feb22b6d10,EVT-000423,USER-00048,wishlist,2025-12-29T18:08:44,SES-726004e5,tablet,Safari,organic,PROD-01844,Samsung Galaxy Watch 6,Smartwatches,Electronics,790.52,,0,0,0,
aa446c0e-b145-4c86-bf23-d554962ee335,EVT-000424,USER-00154,search,2025-12-22T03:34:12,SES-5f60a996,tablet,Chrome,organic,,,,,0.0,red wine gift,0,0,0,
0aa5f148-0584-48f6-b355-8a799044271a,EVT-000425,USER-00144,view,2025-12-08T00:51:24,SES-9b7c0686,tablet,Edge,direct,PROD-01196,Oral-B iO Series 9,Personal Care,Healthcare,285.71,,125,0,0,
f75923d7-327c-40ad-854c-864e4cc255bf,EVT-000426,USER-00001,view,2026-01-02T12:08:08,SES-97889d42,desktop,Safari,direct,PROD-00512,Dom Pérignon Rosé 2009,Champagne,Wine,415.51,,398,0,0,
6629d133-757e-41bd-8441-cf60b0be9053,EVT-000427,USER-00023,search,2025-11-21T09:23:10,SES-8d0ac340,desktop,Chrome,social,,,,,0.0,gaming laptop,0,0,0,
787c865b-954c-4ba2-bffb-e4c18c45ef6e,EVT-000428,USER-00155,search,2026-01-13T12:32:50,SES-76a41529,mobile,Firefox,social,,,,,0.0,wireless headphones,0,0,0,
bec5acd6-cf45-4e80-a964-58fd7b1607e5,EVT-000429,USER-00218,click,2026-01-18T18:37:06,SES-a1eaf4b6,desktop,Safari,email,PROD-00003,Penfolds Grange,Red Wine,Wine,390.13,,276,0,0,
d24b6533-d7d2-4c75-b759-5bd54d9e7ebd,EVT-000430,USER-00107,search,2025-12-28T12:56:10,SES-5885da55,desktop,Firefox,organic,,,,,0.0,home office chair,0,0,0,
d1368e51-cc91-483f-a09c-bf70fb9a31a7,EVT-000431,USER-00147,add_to_cart,2025-11-14T21:57:11,SES-f497c41c,mobile,Chrome,email,PROD-01416,REI Flash 55 Pack,Outdoor Gear,Sports,517.67,,0,1,0,
9c5ae201-2119-474a-b040-b520d4c899bd,EVT-000432,USER-00048,wishlist,2025-11-08T06:36:00,SES-56776809,tablet,Safari,organic,PROD-01844,Samsung Galaxy Watch 6,Smartwatches,Electronics,790.52,,0,0,0,
fc4fc45c-8249-4adb-8775-11f2d0f5a2c6,EVT-000433,USER-00154,search,2025-11-22T08:11:41,SES-c459f166,tablet,Chrome,organic,,,,,0.0,red wine gift,0,0,0,
cabfbc79-9f70-466b-b65d-64f3d69c9438,EVT-000434,USER-00144,view,2025-12-27T21:48:19,SES-9e2e5f9f,tablet,Edge,direct,PROD-01196,Oral-B iO Series 9,Personal Care,Healthcare,285.71,,125,0,0,
244e779a-90da-4702-9333-7b337d2769f5,EVT-000435,USER-00001,view,2025-10-29T11:46:13,SES-9fa6a73c,desktop,Safari,direct,PROD-00512,Dom Pérignon Rosé 2009,Champagne,Wine,415.51,,398,0,0,
04f4f442-5a90-4da3-bb91-d7ff9b79cf71,EVT-000436,USER-00023,search,2025-11-07T22:14:29,SES-3cd73732,desktop,Chrome,social,,,,,0.0,gaming laptop,0,0,0,
22f2737b-9bf7-45d2-972e-2cf1a2ba9eae,EVT-000437,USER-00155,search,2025-11-09T22:28:24,SES-f97f1ce0,mobile,Firefox,social,,,,,0.0,wireless headphones,0,0,0,
393f5f8c-def1-444a-b1d7-32af858937a9,EVT-000438,USER-00218,click,2025-11-23T23:54:26,SES-f8fcc891,desktop,Safari,email,PROD-00003,Penfolds Grange,Red Wine,Wine,390.13,,276,0,0,
91c01791-19a5-4021-a962-6986aee657a6,EVT-000439,USER-00107,search,2026-01-18T02:46:36,SES-fc2146dd,desktop,Firefox,organic,,,,,0.0,home office chair,0,0,0,
1efc03da-94d6-41b3-87d7-bd0e4d97bedb,EVT-000440,USER-00147,add_to_cart,2025-12-05T22:39:37,SES-cae922eb,mobile,Chrome,email,PROD-01416,REI Flash 55 Pack,Outdoor Gear,Sports,517.67,,0,1,0,
f8d07c8c-01cd-4052-8254-b8c588876821,EVT-000441,USER-00048,wishlist,2025-11-05T12:25:32,SES-55e984f7,tablet,Safari,organic,PROD-01844,Samsung Galaxy Watch 6,Smartwatches,Electronics,790.52,,0,0,0,
a3fd9e90-64af-410a-a75d-badf125863de,EVT-000442,USER-00154,search,2025-10-23T23:36:13,SES-05a1634d,tablet,Chrome,organic,,,,,0.0,red wine gift,0,0,0,
90fff12a-d8ea-4a4b-b9af-c0874a97c9bc,EVT-000443,USER-00144,view,2025-12-26T09:53:42,SES-05764129,tablet,Edge,direct,PROD-01196,Oral-B iO Series 9,Personal Care,Healthcare,285.71,,125,0,0,
89c2f94c-56ae-4ad1-94ef-eb4353347235,EVT-000444,USER-00001,view,2025-12-07T19:49:45,SES-136318e3,desktop,Safari,direct,PROD-00512,Dom Pérignon Rosé 2009,Champagne,Wine,415.51,,398,0,0,
975b5328-8a2c-48ba-9382-d2363a93d932,EVT-000445,USER-00023,search,2025-12-03T07:03:40,SES-1ff3698c,desktop,Chrome,social,,,,,0.0,gaming laptop,0,0,0,
a26ea228-2e7f-40e0-a772-1d0b73b7b632,EVT-000446,USER-00155,search,2025-11-24T04:19:55,SES-e2ccb1d0,mobile,Firefox,social,,,,,0.0,wireless headphones,0,0,0,
a4058269-b5a7-40cc-8627-dcec8c782370,EVT-000447,USER-00218,click,2025-10-24T18:27:34,SES-4bdb32bb,desktop,Safari,email,PROD-00003,Penfolds Grange,Red Wine,Wine,390.13,,276,0,0,
58c53c34-687d-47f7-b589-17c23ae12e0b,EVT-000448,USER-00107,search,2025-11-08T23:34:10,SES-51af77e2,desktop,Firefox,organic,,,,,0.0,home office chair,0,0,0,
c85c8571-8774-4c13-a0c3-b9407771c016,EVT-000449,USER-00147,add_to_cart,2025-11-17T08:42:10,SES-a5bf2171,mobile,Chrome,email,PROD-01416,REI Flash 55 Pack,Outdoor Gear,Sports,517.67,,0,1,0,
da44d389-747d-46f1-8317-160b7cbab175,EVT-000450,USER-00048,wishlist,2026-01-16T07:24:29,SES-4890e8e2,tablet,Safari,organic,PROD-01844,Samsung Galaxy Watch 6,Smartwatches,Electronics,790.52,,0,0,0,
bc7a65a8-2137-4394-962a-a4c166732663,EVT-000451,USER-00154,search,2025-10-30T05:17:56,SES-e70e53d6,tablet,Chrome,organic,,,,,0.0,red wine gift,0,0,0,
7a97f3a5-0000-4d75-9db8-4c3785c5655e,EVT-000452,USER-00144,view,2025-11-08T07:44:52,SES-b9de727c,tablet,Edge,direct,PROD-01196,Oral-B iO Series 9,Personal Care,Healthcare,285.71,,125,0,0,
b6493737-29e1-4f21-b56b-d31566c00f44,EVT-000453,USER-00001,view,2025-12-27T16:35:13,SES-a5556249,desktop,Safari,direct,PROD-00512,Dom Pérignon Rosé 2009,Champagne,Wine,415.51,,398,0,0,
98b0d3ea-3722-4d4d-aefd-ba14e2fdd298,EVT-000454,USER-00023,search,2026-01-04T13:27:55,SES-4c563b34,desktop,Chrome,social,,,,,0.0,gaming laptop,0,0,0,
b700c76c-d50d-4043-9dc0-4eb7ae60dfc0,EVT-000455,USER-00155,search,2026-01-13T13:46:20,SES-a13983e2,mobile,Firefox,social,,,,,0.0,wireless headphones,0,0,0,
823f6c90-97cb-4421-81b3-a3dcaf3754ee,EVT-000456,USER-00218,click,2025-10-23T16:36:39,SES-5ce76ee4,desktop,Safari,email,PROD-00003,Penfolds Grange,Red Wine,Wine,390.13,,276,0,0,
572035b6-097f-44ff-8b30-2f684254dd6b,EVT-000457,USER-00107,search,2025-12-19T10:03:42,SES-7adca6e1,desktop,Firefox,organic,,,,,0.0,home office chair,0,0,0,
92e6e0ee-41d5-4359-a1c2-536135108216,EVT-000458,USER-00147,add_to_cart,2025-11-25T22:29:00,SES-4df2428c,mobile,Chrome,email,PROD-01416,REI Flash 55 Pack,Outdoor Gear,Sports,517.67,,0,1,0,
7967313b-7875-40ff-96e5-0e7e03644381,EVT-000459,USER-00048,wishlist,2025-12-07T18:02:01,SES-cd350bc4,tablet,Safari,organic,PROD-01844,Samsung Galaxy Watch 6,Smartwatches,Electronics,790.52,,0,0,0,
6e9c6d8b-8a3d-462b-9819-472f1a504517,EVT-000460,USER-00154,search,2025-12-18T08:47:17,SES-88be333c,tablet,Chrome,organic,,,,,0.0,red wine gift,0,0,0,
879b7cd8-eb78-4db2-ad67-c3c70b7a35bf,EVT-000461,USER-00144,view,2025-10-22T20:16:28,SES-4c2988b9,tablet,Edge,direct,PROD-01196,Oral-B iO Series 9,Personal Care,Healthcare,285.71,,125,0,0,
322c605a-c3d2-498a-9d90-d24079740e6f,EVT-000462,USER-00001,view,2025-12-09T03:46:04,SES-d326496c,desktop,Safari,direct,PROD-00512,Dom Pérignon Rosé 2009,Champagne,Wine,415.51,,398,0,0,
76995928-a290-494e-99bd-9a5db2437db2,EVT-000463,USER-00023,search,2026-01-15T12:40:34,SES-cea0b258,desktop,Chrome,social,,,,,0.0,gaming laptop,0,0,0,
1e319f97-ac41-40be-8d3f-62b90d261007,EVT-000464,USER-00155,search,2025-11-15T18:40:13,SES-572e8f6c,mobile,Firefox,social,,,,,0.0,wireless headphones,0,0,0,
5fe5fc2e-c565-444b-823b-4c4a8a12abc6,EVT-000465,USER-00218,click,2025-12-07T15:05:35,SES-09604283,desktop,Safari,email,PROD-00003,Penfolds Grange,Red Wine,Wine,390.13,,276,0,0,
17fd62c7-38f4-471c-aa84-11eeab19cc58,EVT-000466,USER-00107,search,2025-11-02T08:49:02,SES-f88b0c70,desktop,Firefox,organic,,,,,0.0,home office chair,0,0,0,
9fa9c966-df16-44f3-9277-300e6a4a13a2,EVT-000467,USER-00147,add_to_cart,2025-10-27T03:11:54,SES-883300af,mobile,Chrome,email,PROD-01416,REI Flash 55 Pack,Outdoor Gear,Sports,517.67,,0,1,0,
4c1ec641-55b1-49d1-9cee-f968e07e1559,EVT-000468,USER-00048,wishlist,2026-01-10T06:09:58,SES-fca4ed32,tablet,Safari,organic,PROD-01844,Samsung Galaxy Watch 6,Smartwatches,Electronics,790.52,,0,0,0,
8d08577b-c592-4263-a537-b15c0fcdfc9c,EVT-000469,USER-00154,search,2025-10-24T10:27:10,SES-54cafbf6,tablet,Chrome,organic,,,,,0.0,red wine gift,0,0,0,
ddc3a98b-44c0-4f6a-954e-b04717adca90,EVT-000470,USER-00144,view,2025-12-16T19:45:24,SES-3537489a,tablet,Edge,direct,PROD-01196,Oral-B iO Series 9,Personal Care,Healthcare,285.71,,125,0,0,
d03febc7-da6e-4530-9832-a874f3a6cbcc,EVT-000471,USER-00001,view,2025-12-27T18:33:07,SES-e8d4d0a1,desktop,Safari,direct,PROD-00512,Dom Pérignon Rosé 2009,Champagne,Wine,415.51,,398,0,0,
807466e8-caa4-4faa-916a-792392c0bbd6,EVT-000472,USER-00023,search,2025-11-19T23:12:46,SES-07a44dce,desktop,Chrome,social,,,,,0.0,gaming laptop,0,0,0,
5c274dc2-94a1-43d2-95e2-33b0b690593e,EVT-000473,USER-00155,search,2026-01-11T20:27:25,SES-39ca081b,mobile,Firefox,social,,,,,0.0,wireless headphones,0,0,0,
9912742f-635c-418b-92ad-0da2e01d7760,EVT-000474,USER-00218,click,2025-11-13T21:52:41,SES-69ba8745,desktop,Safari,email,PROD-00003,Penfolds Grange,Red Wine,Wine,390.13,,276,0,0,
69c4314f-239f-43ad-be67-1668741256d5,EVT-000475,USER-00107,search,2025-12-12T17:53:43,SES-724471ad,desktop,Firefox,organic,,,,,0.0,home office chair,0,0,0,
caf1743c-bc2b-4ab2-a02c-2343a30f1ae7,EVT-000476,USER-00147,add_to_cart,2025-12-10T14:20:44,SES-51801aaa,mobile,Chrome,email,PROD-01416,REI Flash 55 Pack,Outdoor Gear,Sports,517.67,,0,1,0,
c434a5f1-9655-4516-967a-22d36396d7e8,EVT-000477,USER-00048,wishlist,2025-11-07T23:46:39,SES-5dcdccfa,tablet,Safari,organic,PROD-01844,Samsung Galaxy Watch 6,Smartwatches,Electronics,790.52,,0,0,0,
7c004ca1-75a0-488e-8b64-799f8c5ec2b0,EVT-000478,USER-00154,search,2026-01-04T01:11:21,SES-502e2d52,tablet,Chrome,organic,,,,,0.0,red wine gift,0,0,0,
1f1b3611-918b-49da-9ef9-f5eb1220055f,EVT-000479,USER-00144,view,2025-11-05T23:29:32,SES-55ac6424,tablet,Edge,direct,PROD-01196,Oral-B iO Series 9,Personal Care,Healthcare,285.71,,125,0,0,
101a862a-a6dc-4fe1-97db-b35f658ec84f,EVT-000480,USER-00001,view,2026-01-06T00:24:29,SES-2c0e44d6,desktop,Safari,direct,PROD-00512,Dom Pérignon Rosé 2009,Champagne,Wine,415.51,,398,0,0,
380fabef-5929-43cd-8416-b1ad13e049ef,EVT-000481,USER-00023,search,2025-10-31T20:45:21,SES-0959bb31,desktop,Chrome,social,,,,,0.0,gaming laptop,0,0,0,
db0ea9e8-dd4b-41e0-9585-430c7d18eae7,EVT-000482,USER-00155,search,2025-11-01T10:55:43,SES-5622d3d8,mobile,Firefox,social,,,,,0.0,wireless headphones,0,0,0,
0ec199c9-c2da-4997-83eb-802d60c37874,EVT-000483,USER-00218,click,2025-11-21T07:42:15,SES-8c353938,desktop,Safari,email,PROD-00003,Penfolds Grange,Red Wine,Wine,390.13,,276,0,0,
9ccd41f2-7024-4307-8461-38345f1d405b,EVT-000484,USER-00107,search,2026-01-08T19:08:06,SES-afbffbf6,desktop,Firefox,organic,,,,,0.0,home office chair,0,0,0,
80d6ba09-fa3f-4962-9eba-8d2ef688f1a1,EVT-000485,USER-00147,add_to_cart,2026-01-02T05:22:05,SES-645da337,mobile,Chrome,email,PROD-01416,REI Flash 55 Pack,Outdoor Gear,Sports,517.67,,0,1,0,
bc9f3846-c7ae-436b-927d-da081c4fac85,EVT-000486,USER-00048,wishlist,2025-11-24T08:06:51,SES-ad70f963,tablet,Safari,organic,PROD-01844,Samsung Galaxy Watch 6,Smartwatches,Electronics,790.52,,0,0,0,
09eaa28b-1f20-4a18-8e95-21858bcb50ad,EVT-000487,USER-00154,search,2025-12-05T16:36:07,SES-31dfbedc,tablet,Chrome,organic,,,,,0.0,red wine gift,0,0,0,
3bb1e39e-4478-45b5-80e6-b4f2f811584a,EVT-000488,USER-00144,view,2025-12-09T09:15:15,SES-1e00412c,tablet,Edge,direct,PROD-01196,Oral-B iO Series 9,Personal Care,Healthcare,285.71,,125,0,0,
110eee69-083f-48c3-a0f0-a8eb20c209c7,EVT-000489,USER-00001,view,2026-01-02T02:10:21,SES-3df660e7,desktop,Safari,direct,PROD-00512,Dom Pérignon Rosé 2009,Champagne,Wine,415.51,,398,0,0,
ecff121d-5da7-48e9-8922-5b07d6d48b19,EVT-000490,USER-00023,search,2025-11-25T19:18:30,SES-5510e959,desktop,Chrome,social,,,,,0.0,gaming laptop,0,0,0,
c09929a5-316f-45db-b7bf-0c550ce1a2ff,EVT-000491,USER-00155,search,2025-12-14T17:32:15,SES-da5ee941,mobile,Firefox,social,,,,,0.0,wireless headphones,0,0,0,
34dd0e16-5cd9-4b97-a916-10db917ef749,EVT-000492,USER-00218,click,2025-11-16T17:34:26,SES-9878589c,desktop,Safari,email,PROD-00003,Penfolds Grange,Red Wine,Wine,390.13,,276,0,0,
1729a863-c808-47fa-8ed4-153a442a5174,EVT-000493,USER-00107,search,2025-12-26T03:47:00,SES-61111683,desktop,Firefox,organic,,,,,0.0,home office chair,0,0,0,
564687f6-0ca9-4b9e-ad8b-e1827d3356ee,EVT-000494,USER-00147,add_to_cart,2025-12-08T23:32:27,SES-50c560fa,mobile,Chrome,email,PROD-01416,REI Flash 55 Pack,Outdoor Gear,Sports,517.67,,0,1,0,
34868405-7e0e-4982-bb4a-27a9a1083e9b,EVT-000495,USER-00048,wishlist,2025-11-16T08:42:47,SES-971c2391,tablet,Safari,organic,PROD-01844,Samsung Galaxy Watch 6,Smartwatches,Electronics,790.52,,0,0,0,
365ef9e0-2dbe-4270-875a-bbfee5e0da18,EVT-000496,USER-00154,search,2025-11-27T02:47:06,SES-2178ca5c,tablet,Chrome,organic,,,,,0.0,red wine gift,0,0,0,
87abc217-bab0-473d-ad27-4de28d2cc12b,EVT-000497,USER-00144,view,2025-12-06T06:53:46,SES-2ec7fcca,tablet,Edge,direct,PROD-01196,Oral-B iO Series 9,Personal Care,Healthcare,285.71,,125,0,0,
b3c949d3-ccfe-434b-8993-b6a7f6f36675,EVT-000498,USER-00001,view,2025-10-24T01:31:44,SES-dcfa5fd0,desktop,Safari,direct,PROD-00512,Dom Pérignon Rosé 2009,Champagne,Wine,415.51,,398,0,0,
6cd47aee-170e-4b0f-ab36-a9c567835bc1,EVT-000499,USER-00023,search,2026-01-11T02:43:31,SES-812da138,desktop,Chrome,social,,,,,0.0,gaming laptop,0,0,0,
21622456-d037-4875-9e4e-09462e03019f,EVT-000500,USER-00155,search,2025-11-25T23:36:30,SES-2dfa7920,mobile,Firefox,social,,,,,0.0,wireless headphones,0,0,0,
837e1c3f-ac0b-403e-a121-5cfce597a65f,EVT-000501,USER-00218,click,2025-11-20T23:37:21,SES-517fca3a,desktop,Safari,email,PROD-00003,Penfolds Grange,Red Wine,Wine,390.13,,276,0,0,
abd48a46-d5d4-4ac3-8662-eda845d1e6da,EVT-000502,USER-00107,search,2025-12-30T16:42:55,SES-dfa5108a,desktop,Firefox,organic,,,,,0.0,home office chair,0,0,0,
9c49b2de-435f-4f65-b521-b7db12e1a23d,EVT-000503,USER-00147,add_to_cart,2025-11-24T03:35:50,SES-f28842cc,mobile,Chrome,email,PROD-01416,REI Flash 55 Pack,Outdoor Gear,Sports,517.67,,0,1,0,
46d52f4b-4c1d-482c-8e4b-c5ee164d3372,EVT-000504,USER-00048,wishlist,2026-01-17T06:58:39,SES-de4b5a96,tablet,Safari,organic,PROD-01844,Samsung Galaxy Watch 6,Smartwatches,Electronics,790.52,,0,0,0,
78ad80a0-206b-488e-9e52-34f063962653,EVT-000505,USER-00154,search,2025-12-12T00:33:47,SES-fda7e31d,tablet,Chrome,organic,,,,,0.0,red wine gift,0,0,0,
46c0eef3-a5c0-45bb-a01c-962c903ec199,EVT-000506,USER-00144,view,2026-01-05T22:42:23,SES-8c15fa67,tablet,Edge,direct,PROD-01196,Oral-B iO Series 9,Personal Care,Healthcare,285.71,,125,0,0,
14650397-efc1-40db-99af-d7986ee2c991,EVT-000507,USER-00001,view,2025-12-26T05:00:53,SES-605be236,desktop,Safari,direct,PROD-00512,Dom Pérignon Rosé 2009,Champagne,Wine,415.51,,398,0,0,
bfec2866-1c71-4d84-8fec-8db6f16ec229,EVT-000508,USER-00023,search,2026-01-13T22:46:55,SES-f561e31a,desktop,Chrome,social,,,,,0.0,gaming laptop,0,0,0,
356cc413-2b9c-4b73-881a-bdf8b05b8f0a,EVT-000509,USER-00155,search,2026-01-14T17:49:23,SES-196de3f9,mobile,Firefox,social,,,,,0.0,wireless headphones,0,0,0,
0b206ca9-7023-4460-ba01-268bc1c722d6,EVT-000510,USER-00218,click,2026-01-18T08:07:49,SES-7a30d36f,desktop,Safari,email,PROD-00003,Penfolds Grange,Red Wine,Wine,390.13,,276,0,0,
f1dbfa35-90c4-4ca8-b6c0-1a89d0a9d598,EVT-000511,USER-00107,search,2026-01-12T15:53:10,SES-59f3be2e,desktop,Firefox,organic,,,,,0.0,home office chair,0,0,0,
40ae869e-db32-4490-8dc4-5851dd1ffddb,EVT-000512,USER-00147,add_to_cart,2025-12-19T14:06:45,SES-029bea52,mobile,Chrome,email,PROD-01416,REI Flash 55 Pack,Outdoor Gear,Sports,517.67,,0,1,0,
935d873b-f5ab-416e-9579-5d47f854b7be,EVT-000513,USER-00048,wishlist,2025-12-08T18:33:28,SES-735db51b,tablet,Safari,organic,PROD-01844,Samsung Galaxy Watch 6,Smartwatches,Electronics,790.52,,0,0,0,
8bc9b3cb-a073-43a7-8569-0216dc7a0b79,EVT-000514,USER-00154,search,2025-11-02T16:40:54,SES-7e1e54d5,tablet,Chrome,organic,,,,,0.0,red wine gift,0,0,0,
ce11e90b-b89f-4124-bac8-c54403e66ca6,EVT-000515,USER-00144,view,2025-11-17T22:55:45,SES-627932da,tablet,Edge,direct,PROD-01196,Oral-B iO Series 9,Personal Care,Healthcare,285.71,,125,0,0,
760ef518-297b-4f5e-90a3-8581ab0359c1,EVT-000516,USER-00001,view,2025-12-28T07:55:20,SES-f2e8aafc,desktop,Safari,direct,PROD-00512,Dom Pérignon Rosé 2009,Champagne,Wine,415.51,,398,0,0,
fa662ef5-2db2-4c90-a8c3-e79aa4760959,EVT-000517,USER-00023,search,2025-12-12T04:00:24,SES-61a5d6b6,desktop,Chrome,social,,,,,0.0,gaming laptop,0,0,0,
d213e08b-762e-46c8-8d5f-e1aaf379a162,EVT-000518,USER-00155,search,2026-01-01T10:47:40,SES-d4a1d41a,mobile,Firefox,social,,,,,0.0,wireless headphones,0,0,0,
9d705b68-25f0-44cb-bd6a-1f93ef7d47e2,EVT-000519,USER-00218,click,2025-12-23T20:46:20,SES-f63cab70,desktop,Safari,email,PROD-00003,Penfolds Grange,Red Wine,Wine,390.13,,276,0,0,
c4f06045-9ccc-4995-9e74-d989c3465fe2,EVT-000520,USER-00107,search,2025-10-24T18:13:39,SES-13f7a082,desktop,Firefox,organic,,,,,0.0,home office chair,0,0,0,
6c922b94-efdc-4ebd-a647-a968b66821d2,EVT-000521,USER-00147,add_to_cart,2025-11-06T02:33:44,SES-4c3feb5b,mobile,Chrome,email,PROD-01416,REI Flash 55 Pack,Outdoor Gear,Sports,517.67,,0,1,0,
9de65458-745e-40df-be0a-e2b7c101974b,EVT-000522,USER-00048,wishlist,2025-12-01T14:02:30,SES-e404e086,tablet,Safari,organic,PROD-01844,Samsung Galaxy Watch 6,Smartwatches,Electronics,790.52,,0,0,0,
f76a88f0-6654-48a3-8141-42205445f17f,EVT-000523,USER-00154,search,2026-01-13T21:10:21,SES-366c46fe,tablet,Chrome,organic,,,,,0.0,red wine gift,0,0,0,
4b51d237-dceb-4233-b202-884b66ca2bcf,EVT-000524,USER-00144,view,2025-11-13T03:09:43,SES-26cec074,tablet,Edge,direct,PROD-01196,Oral-B iO Series 9,Personal Care,Healthcare,285.71,,125,0,0,
707f8cdc-974b-40b8-9254-ec621b0c8df3,EVT-000525,USER-00001,view,2025-12-25T18:21:56,SES-57750a53,desktop,Safari,direct,PROD-00512,Dom Pérignon Rosé 2009,Champagne,Wine,415.51,,398,0,0,
3375b207-7c8d-4e3b-8f35-516f752e0970,EVT-000526,USER-00023,search,2025-11-05T11:57:30,SES-cf545a5d,desktop,Chrome,social,,,,,0.0,gaming laptop,0,0,0,
43bc13d3-108d-41f2-b33e-9fcb39b354cc,EVT-000527,USER-00155,search,2025-11-26T10:15:09,SES-9947557a,mobile,Firefox,social,,,,,0.0,wireless headphones,0,0,0,
931b5157-d57a-4040-8e7d-7be38fd835bb,EVT-000528,USER-00218,click,2025-12-10T01:57:45,SES-70979466,desktop,Safari,email,PROD-00003,Penfolds Grange,Red Wine,Wine,390.13,,276,0,0,
01f1f911-e612-4755-a651-ae204b8a16d1,EVT-000529,USER-00107,search,2025-10-25T17:56:33,SES-0553e840,desktop,Firefox,organic,,,,,0.0,home office chair,0,0,0,
104e92cb-afb0-41d3-b31b-f1bbc4c4e10d,EVT-000530,USER-00147,add_to_cart,2025-11-15T11:20:51,SES-f9d69b7e,mobile,Chrome,email,PROD-01416,REI Flash 55 Pack,Outdoor Gear,Sports,517.67,,0,1,0,
4ab0833e-2586-4ea1-9ea8-0c5271657913,EVT-000531,USER-00048,wishlist,2025-12-17T19:47:53,SES-d62ccd20,tablet,Safari,organic,PROD-01844,Samsung Galaxy Watch 6,Smartwatches,Electronics,790.52,,0,0,0,
e9a84fc4-af1a-4ff8-a7df-f946a1fe18f3,EVT-000532,USER-00154,search,2026-01-02T16:36:48,SES-6a5c460e,tablet,Chrome,organic,,,,,0.0,red wine gift,0,0,0,
331e6ac9-5d92-49db-a1bd-865019b38fa0,EVT-000533,USER-00144,view,2025-12-29T07:16:30,SES-6e7dcd21,tablet,Edge,direct,PROD-01196,Oral-B iO Series 9,Personal Care,Healthcare,285.71,,125,0,0,
a9b747f7-f7af-4898-87e7-eafdf3537a60,EVT-000534,USER-00001,view,2025-12-03T13:34:51,SES-4746356e,desktop,Safari,direct,PROD-00512,Dom Pérignon Rosé 2009,Champagne,Wine,415.51,,398,0,0,
3d6ae3e0-e91a-41e8-99b3-21776ed4af3f,EVT-000535,USER-00023,search,2025-11-26T15:26:18,SES-317188c7,desktop,Chrome,social,,,,,0.0,gaming laptop,0,0,0,
87f194d8-911b-4586-ae03-8b5c014079a3,EVT-000536,USER-00155,search,2025-11-11T18:39:38,SES-e82cbe65,mobile,Firefox,social,,,,,0.0,wireless headphones,0,0,0,
99678f8b-22a5-46d4-9923-7d427a71f78e,EVT-000537,USER-00218,click,2026-01-03T00:25:33,SES-e060b4ca,desktop,Safari,email,PROD-00003,Penfolds Grange,Red Wine,Wine,390.13,,276,0,0,
7a9fef81-c590-4d90-af8d-a44882b57184,EVT-000538,USER-00107,search,2025-10-31T09:57:10,SES-3fb3ebf1,desktop,Firefox,organic,,,,,0.0,home office chair,0,0,0,
55c9a575-04a7-4f82-9058-dcdb9ccb6066,EVT-000539,USER-00147,add_to_cart,2025-11-10T13:36:51,SES-77f07992,mobile,Chrome,email,PROD-01416,REI Flash 55 Pack,Outdoor Gear,Sports,517.67,,0,1,0,
d6f837b0-5b8a-42a6-87f2-79c39c1c3151,EVT-000540,USER-00048,wishlist,2026-01-20T03:11:34,SES-ff9a5a84,tablet,Safari,organic,PROD-01844,Samsung Galaxy Watch 6,Smartwatches,Electronics,790.52,,0,0,0,
05971744-102a-42b6-955e-63cedd253eeb,EVT-000541,USER-00154,search,2025-11-28T10:12:59,SES-8eae93a0,tablet,Chrome,organic,,,,,0.0,red wine gift,0,0,0,
7cfce0ac-b660-49b9-812c-bfbe2aa0dee6,EVT-000542,USER-00144,view,2025-12-23T18:17:13,SES-bda4961e,tablet,Edge,direct,PROD-01196,Oral-B iO Series 9,Personal Care,Healthcare,285.71,,125,0,0,
9c5017c3-6b24-4640-8c97-00d71dae532d,EVT-000543,USER-00001,view,2025-11-02T05:25:42,SES-30fd1bd2,desktop,Safari,direct,PROD-00512,Dom Pérignon Rosé 2009,Champagne,Wine,415.51,,398,0,0,
15448f7f-5227-42a6-ae7b-b7de0bae0393,EVT-000544,USER-00023,search,2025-11-18T08:13:06,SES-307304d7,desktop,Chrome,social,,,,,0.0,gaming laptop,0,0,0,
192c5ca4-7dc8-4039-8200-4f2027d1abf4,EVT-000545,USER-00155,search,2026-01-15T21:49:23,SES-c41ccad8,mobile,Firefox,social,,,,,0.0,wireless headphones,0,0,0,
a0ac83e1-a2b3-461b-82f6-65fba539eecd,EVT-000546,USER-00218,click,2025-12-22T14:41:34,SES-9a3a4f46,desktop,Safari,email,PROD-00003,Penfolds Grange,Red Wine,Wine,390.13,,276,0,0,
9b1f84a6-90fa-44f9-ae7a-f371f38c4bea,EVT-000547,USER-00107,search,2025-12-27T15:39:05,SES-20208540,desktop,Firefox,organic,,,,,0.0,home office chair,0,0,0,
bfaf332e-eed3-49fb-8505-4dbef4325df3,EVT-000548,USER-00147,add_to_cart,2025-12-14T15:40:36,SES-b0e53ae9,mobile,Chrome,email,PROD-01416,REI Flash 55 Pack,Outdoor Gear,Sports,517.67,,0,1,0,
c15cc623-004d-45f0-aab7-0afda5328053,EVT-000549,USER-00048,wishlist,2026-01-18T01:16:01,SES-27b31e3f,tablet,Safari,organic,PROD-01844,Samsung Galaxy Watch 6,Smartwatches,Electronics,790.52,,0,0,0,
827149a0-d839-45be-8c6c-9015fe59920b,EVT-000550,USER-00154,search,2026-01-19T07:57:11,SES-3b0dafe3,tablet,Chrome,organic,,,,,0.0,red wine gift,0,0,0,
b62c282e-fcba-451e-90d8-8c6a7ddfde3e,EVT-000551,USER-00144,view,2025-12-05T08:48:10,SES-20e8cb73,tablet,Edge,direct,PROD-01196,Oral-B iO Series 9,Personal Care,Healthcare,285.71,,125,0,0,
0094a4f1-00e9-48aa-b1d3-a42ca9d1a9c6,EVT-000552,USER-00001,view,2026-01-15T19:22:25,SES-d83882e1,desktop,Safari,direct,PROD-00512,Dom Pérignon Rosé 2009,Champagne,Wine,415.51,,398,0,0,
f77baeed-e3e5-42c0-a353-f2f82d0941ae,EVT-000553,USER-00023,search,2025-12-12T21:42:41,SES-c2143dc0,desktop,Chrome,social,,,,,0.0,gaming laptop,0,0,0,
31e96551-df13-49e8-8ba0-a7e6a3440dbb,EVT-000554,USER-00155,search,2025-11-08T17:35:51,SES-03f84bc6,mobile,Firefox,social,,,,,0.0,wireless headphones,0,0,0,
4cc71913-0377-4ac4-bb57-fbadd602e7e7,EVT-000555,USER-00218,click,2025-11-17T12:08:41,SES-d1f90328,desktop,Safari,email,PROD-00003,Penfolds Grange,Red Wine,Wine,390.13,,276,0,0,
c3e762b9-2d96-47e9-8110-d64d8df46579,EVT-000556,USER-00107,search,2026-01-19T03:08:45,SES-d0873ec3,desktop,Firefox,organic,,,,,0.0,home office chair,0,0,0,
9ca6e122-7f07-470e-b46d-d824ccf18bd4,EVT-000557,USER-00147,add_to_cart,2025-12-27T16:16:07,SES-84e3d6e4,mobile,Chrome,email,PROD-01416,REI Flash 55 Pack,Outdoor Gear,Sports,517.67,,0,1,0,
d79b5796-1489-48b6-b42a-4c6c41d3fa26,EVT-000558,USER-00048,wishlist,2025-11-25T14:47:50,SES-df3f69ee,tablet,Safari,organic,PROD-01844,Samsung Galaxy Watch 6,Smartwatches,Electronics,790.52,,0,0,0,
83ebb0d2-a85d-45dc-968f-011ca8973348,EVT-000559,USER-00154,search,2026-01-16T23:06:27,SES-3f680f69,tablet,Chrome,organic,,,,,0.0,red wine gift,0,0,0,
febe691b-7886-42b8-991f-42ecaf4dfa27,EVT-000560,USER-00144,view,2025-11-23T21:40:16,SES-86e3ddf9,tablet,Edge,direct,PROD-01196,Oral-B iO Series 9,Personal Care,Healthcare,285.71,,125,0,0,
f2db0468-3b1b-46ee-8154-cf24a92688df,EVT-000561,USER-00001,view,2025-11-29T17:05:11,SES-bcdc0699,desktop,Safari,direct,PROD-00512,Dom Pérignon Rosé 2009,Champagne,Wine,415.51,,398,0,0,
fc34edec-ba71-440a-964e-a42f79c3ce97,EVT-000562,USER-00023,search,2025-12-18T22:44:36,SES-2ce242ee,desktop,Chrome,social,,,,,0.0,gaming laptop,0,0,0,
4242a0e4-b388-4d12-a216-b2c5715ae6e7,EVT-000563,USER-00155,search,2025-12-02T06:17:44,SES-c5f7a167,mobile,Firefox,social,,,,,0.0,wireless headphones,0,0,0,
b0253c2b-ad14-47fa-841e-7ff571d1ee66,EVT-000564,USER-00218,click,2025-11-18T13:37:54,SES-7bbd3f1e,desktop,Safari,email,PROD-00003,Penfolds Grange,Red Wine,Wine,390.13,,276,0,0,
38607cc8-acfa-4099-acad-91c451e41e4c,EVT-000565,USER-00107,search,2025-11-21T18:42:17,SES-ad84a331,desktop,Firefox,organic,,,,,0.0,home office chair,0,0,0,
ef354c3a-0743-4106-8777-13967befa2ef,EVT-000566,USER-00147,add_to_cart,2025-11-10T05:59:45,SES-2aaad521,mobile,Chrome,email,PROD-01416,REI Flash 55 Pack,Outdoor Gear,Sports,517.67,,0,1,0,
f0656488-f9bf-420b-852b-5a48fbe874cd,EVT-000567,USER-00048,wishlist,2025-10-26T17:41:57,SES-fe5b7b7d,tablet,Safari,organic,PROD-01844,Samsung Galaxy Watch 6,Smartwatches,Electronics,790.52,,0,0,0,
85b8504f-5c19-413c-8bcd-9d8a3568f35c,EVT-000568,USER-00154,search,2025-12-18T00:18:05,SES-cf6ac7f1,tablet,Chrome,organic,,,,,0.0,red wine gift,0,0,0,
ef76492e-1cf2-463b-9345-3241f0b00491,EVT-000569,USER-00144,view,2025-12-12T05:47:54,SES-3d96f1c1,tablet,Edge,direct,PROD-01196,Oral-B iO Series 9,Personal Care,Healthcare,285.71,,125,0,0,
79bfa1bd-0b3e-4474-8175-b9873042f0c9,EVT-000570,USER-00001,view,2025-12-29T21:19:30,SES-a5c687b6,desktop,Safari,direct,PROD-00512,Dom Pérignon Rosé 2009,Champagne,Wine,415.51,,398,0,0,
c6a238db-5892-4309-8803-ef989407ab3e,EVT-000571,USER-00023,search,2025-11-25T01:49:00,SES-c5d9be93,desktop,Chrome,social,,,,,0.0,gaming laptop,0,0,0,
83cb5e10-0531-42a0-940a-45072fee9a64,EVT-000572,USER-00155,search,2026-01-11T17:41:24,SES-656eb237,mobile,Firefox,social,,,,,0.0,wireless headphones,0,0,0,
b79390ee-792e-45c6-adda-98532143f2ff,EVT-000573,USER-00218,click,2025-12-21T04:50:56,SES-1715ae60,desktop,Safari,email,PROD-00003,Penfolds Grange,Red Wine,Wine,390.13,,276,0,0,
22774c9c-34f3-4484-a76e-24a9f03d172d,EVT-000574,USER-00107,search,2025-11-03T16:26:59,SES-f4718096,desktop,Firefox,organic,,,,,0.0,home office chair,0,0,0,
c7f41cf9-90ff-4f7a-a007-0acb9c121804,EVT-000575,USER-00147,add_to_cart,2025-12-03T19:57:48,SES-5a5190b8,mobile,Chrome,email,PROD-01416,REI Flash 55 Pack,Outdoor Gear,Sports,517.67,,0,1,0,
811252b9-abe7-4c96-b669-25f56203a67d,EVT-000576,USER-00048,wishlist,2026-01-07T23:11:21,SES-6e985354,tablet,Safari,organic,PROD-01844,Samsung Galaxy Watch 6,Smartwatches,Electronics,790.52,,0,0,0,
f5905d91-8763-4376-bc94-eec2ac2f5ccd,EVT-000577,USER-00154,search,2025-12-05T22:13:14,SES-3611b29b,tablet,Chrome,organic,,,,,0.0,red wine gift,0,0,0,
691f241a-7a5e-4051-97a7-f92b706a86d1,EVT-000578,USER-00144,view,2025-12-16T18:20:54,SES-052f3f23,tablet,Edge,direct,PROD-01196,Oral-B iO Series 9,Personal Care,Healthcare,285.71,,125,0,0,
70867e4f-5aef-497f-b5a2-7692b821c8dc,EVT-000579,USER-00001,view,2026-01-07T16:38:52,SES-553d96d3,desktop,Safari,direct,PROD-00512,Dom Pérignon Rosé 2009,Champagne,Wine,415.51,,398,0,0,
165999e6-2e29-4926-b993-20b0002cf214,EVT-000580,USER-00023,search,2026-01-07T16:12:59,SES-d13b618b,desktop,Chrome,social,,,,,0.0,gaming laptop,0,0,0,
a7e16c0a-a7bc-4f60-8d54-e7495ed526b5,EVT-000581,USER-00155,search,2025-11-25T10:29:34,SES-f6f29b53,mobile,Firefox,social,,,,,0.0,wireless headphones,0,0,0,
d6b0b2cc-1fdb-4edf-be2a-a466cfbfe203,EVT-000582,USER-00218,click,2025-11-19T17:58:12,SES-960e42ef,desktop,Safari,email,PROD-00003,Penfolds Grange,Red Wine,Wine,390.13,,276,0,0,
0002700e-d791-4484-9dc4-1be2da520603,EVT-000583,USER-00107,search,2025-11-02T10:41:31,SES-bfd6ce6c,desktop,Firefox,organic,,,,,0.0,home office chair,0,0,0,
40752bab-3b09-4418-8520-9d698ef00da9,EVT-000584,USER-00147,add_to_cart,2025-10-23T13:21:04,SES-15a87390,mobile,Chrome,email,PROD-01416,REI Flash 55 Pack,Outdoor Gear,Sports,517.67,,0,1,0,
945c1c14-7de6-4bb5-af6f-1e3ab155f8ea,EVT-000585,USER-00048,wishlist,2025-12-10T04:30:49,SES-fd2d6a99,tablet,Safari,organic,PROD-01844,Samsung Galaxy Watch 6,Smartwatches,Electronics,790.52,,0,0,0,
79e395e3-7fab-4b0d-a845-c72aee4a9781,EVT-000586,USER-00154,search,2025-12-28T07:19:20,SES-9e97ad9b,tablet,Chrome,organic,,,,,0.0,red wine gift,0,0,0,
50359fab-18e3-487b-a4a0-b2048d4fd8f7,EVT-000587,USER-00144,view,2025-11-06T00:46:11,SES-9cf3bc20,tablet,Edge,direct,PROD-01196,Oral-B iO Series 9,Personal Care,Healthcare,285.71,,125,0,0,
ccd2d4d3-a382-4c04-91b3-0c4b3bde019e,EVT-000588,USER-00001,view,2025-12-07T00:31:40,SES-0331ce00,desktop,Safari,direct,PROD-00512,Dom Pérignon Rosé 2009,Champagne,Wine,415.51,,398,0,0,
2c2f9965-935e-4621-8d99-09e81062b639,EVT-000589,USER-00023,search,2025-12-27T20:35:42,SES-f9e06076,desktop,Chrome,social,,,,,0.0,gaming laptop,0,0,0,
97faecbc-b3c4-4c3b-bca0-541458c851c1,EVT-000590,USER-00155,search,2025-11-06T07:59:07,SES-c6c08242,mobile,Firefox,social,,,,,0.0,wireless headphones,0,0,0,
aeb525c8-affe-4c6f-b620-40077e42fb6f,EVT-000591,USER-00218,click,2025-12-12T13:02:29,SES-fe7e110d,desktop,Safari,email,PROD-00003,Penfolds Grange,Red Wine,Wine,390.13,,276,0,0,
88274dd5-c7b6-460a-932f-28ec81683aab,EVT-000592,USER-00107,search,2025-11-19T21:10:11,SES-c741ab6e,desktop,Firefox,organic,,,,,0.0,home office chair,0,0,0,
0f0e423f-6dd1-4596-992f-cfd81b34255b,EVT-000593,USER-00147,add_to_cart,2025-12-22T07:28:38,SES-88e4aa3b,mobile,Chrome,email,PROD-01416,REI Flash 55 Pack,Outdoor Gear,Sports,517.67,,0,1,0,
d47d078c-3f55-4c7f-8b14-448b159d26ca,EVT-000594,USER-00048,wishlist,2025-12-15T22:29:30,SES-3d269bf8,tablet,Safari,organic,PROD-01844,Samsung Galaxy Watch 6,Smartwatches,Electronics,790.52,,0,0,0,
61d330ca-ebd6-43a6-8106-0478a0a7555f,EVT-000595,USER-00154,search,2025-12-26T05:54:28,SES-ab117689,tablet,Chrome,organic,,,,,0.0,red wine gift,0,0,0,
297293ca-ae33-4b1b-9e80-3b9c15a2653e,EVT-000596,USER-00144,view,2025-11-07T12:49:50,SES-44795509,tablet,Edge,direct,PROD-01196,Oral-B iO Series 9,Personal Care,Healthcare,285.71,,125,0,0,
6f60677c-cf8a-4880-9ddc-6ebe355ef7cd,EVT-000597,USER-00001,view,2025-11-21T05:28:29,SES-0ddabff0,desktop,Safari,direct,PROD-00512,Dom Pérignon Rosé 2009,Champagne,Wine,415.51,,398,0,0,
8d8f2772-52de-4013-bb70-628fb2fc3974,EVT-000598,USER-00023,search,2025-12-09T00:18:48,SES-0721f236,desktop,Chrome,social,,,,,0.0,gaming laptop,0,0,0,
68d17756-5532-4e2d-a235-5273a36daf30,EVT-000599,USER-00155,search,2025-11-19T17:37:25,SES-8d10c150,mobile,Firefox,social,,,,,0.0,wireless headphones,0,0,0,
360978af-0d2d-465b-8e37-40df3230bdc6,EVT-000600,USER-00218,click,2025-10-29T00:29:48,SES-2b6257f8,desktop,Safari,email,PROD-00003,Penfolds Grange,Red Wine,Wine,390.13,,276,0,0,
35e290fd-1213-4ade-a8a4-dacf05098cd6,EVT-000601,USER-00107,search,2026-01-08T09:33:49,SES-f6b0024c,desktop,Firefox,organic,,,,,0.0,home office chair,0,0,0,
60c42f94-5fdd-4855-b13d-a7103573af73,EVT-000602,USER-00147,add_to_cart,2025-11-20T08:41:33,SES-120fc98c,mobile,Chrome,email,PROD-01416,REI Flash 55 Pack,Outdoor Gear,Sports,517.67,,0,1,0,
0e8aa787-f8f2-4ea4-b5a1-37c4ea68cd66,EVT-000603,USER-00048,wishlist,2025-10-24T06:15:44,SES-2bcc4584,tablet,Safari,organic,PROD-01844,Samsung Galaxy Watch 6,Smartwatches,Electronics,790.52,,0,0,0,
698ddc6c-5e6b-46aa-a355-19024c264dd1,EVT-000604,USER-00154,search,2025-12-05T19:29:44,SES-3ac010b6,tablet,Chrome,organic,,,,,0.0,red wine gift,0,0,0,
41c0eede-0173-4ddf-9006-47fb8ed2a91c,EVT-000605,USER-00144,view,2025-10-26T17:21:25,SES-403f0b75,tablet,Edge,direct,PROD-01196,Oral-B iO Series 9,Personal Care,Healthcare,285.71,,125,0,0,
c230cbcd-0b06-44f8-919f-8fe57bc7dcf4,EVT-000606,USER-00001,view,2025-11-12T20:20:02,SES-e1d18b0d,desktop,Safari,direct,PROD-00512,Dom Pérignon Rosé 2009,Champagne,Wine,415.51,,398,0,0,
a7989d3e-629a-422c-8565-d7b6c4b95d02,EVT-000607,USER-00023,search,2025-11-19T05:24:27,SES-5f4e97dc,desktop,Chrome,social,,,,,0.0,gaming laptop,0,0,0,
2dbe3e0e-f54e-4f33-a560-a3b6a2696b7b,EVT-000608,USER-00155,search,2026-01-10T21:24:55,SES-a233f238,mobile,Firefox,social,,,,,0.0,wireless headphones,0,0,0,
94868f38-ea13-4715-a417-0b3e9dfb771c,EVT-000609,USER-00218,click,2025-12-19T07:53:11,SES-d1d264cb,desktop,Safari,email,PROD-00003,Penfolds Grange,Red Wine,Wine,390.13,,276,0,0,
8416ad45-296d-418e-b6f6-877a4e7da9a4,EVT-000610,USER-00107,search,2025-11-03T17:33:20,SES-2f37e600,desktop,Firefox,organic,,,,,0.0,home office chair,0,0,0,
903f96b5-7df9-416e-9c5c-71e3f4b3f8a8,EVT-000611,USER-00147,add_to_cart,2025-10-27T21:52:43,SES-dbb723ed,mobile,Chrome,email,PROD-01416,REI Flash 55 Pack,Outdoor Gear,Sports,517.67,,0,1,0,
d6ac1dd5-a353-4b76-894d-674187eab059,EVT-000612,USER-00048,wishlist,2025-12-09T03:54:20,SES-8cca253c,tablet,Safari,organic,PROD-01844,Samsung Galaxy Watch 6,Smartwatches,Electronics,790.52,,0,0,0,
8bfdf595-5f40-4293-bccd-a97cb009f129,EVT-000613,USER-00154,search,2025-11-21T10:32:42,SES-758e1b91,tablet,Chrome,organic,,,,,0.0,red wine gift,0,0,0,
248cd1ae-dfaa-458b-ba09-a18537b1b124,EVT-000614,USER-00144,view,2025-10-23T05:47:26,SES-cccb5c2f,tablet,Edge,direct,PROD-01196,Oral-B iO Series 9,Personal Care,Healthcare,285.71,,125,0,0,
6499d67a-a9d4-4b25-907c-8d41d2d3fe70,EVT-000615,USER-00001,view,2025-12-03T12:39:15,SES-288f041c,desktop,Safari,direct,PROD-00512,Dom Pérignon Rosé 2009,Champagne,Wine,415.51,,398,0,0,
fd3b4444-c3ce-4eda-9b46-3eeae8a39993,EVT-000616,USER-00023,search,2025-11-25T22:44:39,SES-4e48cb94,desktop,Chrome,social,,,,,0.0,gaming laptop,0,0,0,
63206627-cf79-49e3-ad80-87875df29be2,EVT-000617,USER-00155,search,2025-12-25T20:25:52,SES-2ea3e213,mobile,Firefox,social,,,,,0.0,wireless headphones,0,0,0,
0b64fef6-5bd5-4158-9add-3c4355029aab,EVT-000618,USER-00218,click,2026-01-11T17:32:48,SES-9efadfbe,desktop,Safari,email,PROD-00003,Penfolds Grange,Red Wine,Wine,390.13,,276,0,0,
29efa935-9909-4e57-9866-36d66d9bf3ba,EVT-000619,USER-00107,search,2025-10-22T19:25:29,SES-014f57fd,desktop,Firefox,organic,,,,,0.0,home office chair,0,0,0,
eb3ce1f0-fe7c-4cbb-9899-813d2c2277c9,EVT-000620,USER-00147,add_to_cart,2025-10-27T14:12:34,SES-d89edc3a,mobile,Chrome,email,PROD-01416,REI Flash 55 Pack,Outdoor Gear,Sports,517.67,,0,1,0,
fb333288-e4f5-470b-9ac3-50b9a58ae0ab,EVT-000621,USER-00048,wishlist,2025-11-16T03:48:42,SES-4eae0365,tablet,Safari,organic,PROD-01844,Samsung Galaxy Watch 6,Smartwatches,Electronics,790.52,,0,0,0,
69844f80-b40d-4a11-9258-c1a9dcd1600f,EVT-000622,USER-00154,search,2025-11-05T02:50:14,SES-23c27c49,tablet,Chrome,organic,,,,,0.0,red wine gift,0,0,0,
7e57b7f2-1dec-4350-a70d-ee173236a043,EVT-000623,USER-00144,view,2025-11-25T17:59:49,SES-10d0023e,tablet,Edge,direct,PROD-01196,Oral-B iO Series 9,Personal Care,Healthcare,285.71,,125,0,0,
257da902-25f5-4625-b875-fe0ea51ab8c3,EVT-000624,USER-00001,view,2026-01-16T01:30:01,SES-7b4e9498,desktop,Safari,direct,PROD-00512,Dom Pérignon Rosé 2009,Champagne,Wine,415.51,,398,0,0,
ca7a834b-ed12-49f4-bd90-3c911e9982d4,EVT-000625,USER-00023,search,2025-11-19T05:59:09,SES-7401db0d,desktop,Chrome,social,,,,,0.0,gaming laptop,0,0,0,
4bf24b7b-9715-43fc-bb7d-deb13b9007f0,EVT-000626,USER-00155,search,2026-01-06T23:43:31,SES-24cbb273,mobile,Firefox,social,,,,,0.0,wireless headphones,0,0,0,
8492c9a2-6936-4ed4-bb7a-1bac9baa201d,EVT-000627,USER-00218,click,2026-01-14T03:34:08,SES-c1a75460,desktop,Safari,email,PROD-00003,Penfolds Grange,Red Wine,Wine,390.13,,276,0,0,
15d523db-3919-4c89-bb28-c353677e4a59,EVT-000628,USER-00107,search,2025-12-10T11:39:30,SES-577c2582,desktop,Firefox,organic,,,,,0.0,home office chair,0,0,0,
94ceb4bb-cd80-4e55-8849-d1159f569ff6,EVT-000629,USER-00147,add_to_cart,2025-12-26T08:15:04,SES-ed693e19,mobile,Chrome,email,PROD-01416,REI Flash 55 Pack,Outdoor Gear,Sports,517.67,,0,1,0,
72a7d388-72fa-4f7c-a931-bba7657af930,EVT-000630,USER-00048,wishlist,2026-01-05T09:33:44,SES-b9c3eaea,tablet,Safari,organic,PROD-01844,Samsung Galaxy Watch 6,Smartwatches,Electronics,790.52,,0,0,0,
972e3644-a119-41d9-9033-1932d399e3df,EVT-000631,USER-00154,search,2025-12-16T04:34:10,SES-5085c7ed,tablet,Chrome,organic,,,,,0.0,red wine gift,0,0,0,
3be22cd9-8431-4fe5-acee-d84738026c39,EVT-000632,USER-00144,view,2025-11-06T19:11:30,SES-3f04d769,tablet,Edge,direct,PROD-01196,Oral-B iO Series 9,Personal Care,Healthcare,285.71,,125,0,0,
fdb4fbcf-c949-4b2b-a983-5ae3635332d1,EVT-000633,USER-00001,view,2025-10-31T02:19:55,SES-6f1ec2ff,desktop,Safari,direct,PROD-00512,Dom Pérignon Rosé 2009,Champagne,Wine,415.51,,398,0,0,
f6b3dbc7-a860-4ebe-9029-e1ee17c80ec3,EVT-000634,USER-00023,search,2025-12-30T23:47:56,SES-563b5e54,desktop,Chrome,social,,,,,0.0,gaming laptop,0,0,0,
713c62ef-3392-49c0-9306-a13e1a86c521,EVT-000635,USER-00155,search,2025-11-18T00:38:01,SES-8e9362f9,mobile,Firefox,social,,,,,0.0,wireless headphones,0,0,0,
43530760-b726-47f6-a26b-082d57e12486,EVT-000636,USER-00218,click,2025-11-05T14:18:52,SES-d1e0433d,desktop,Safari,email,PROD-00003,Penfolds Grange,Red Wine,Wine,390.13,,276,0,0,
9eb26b17-2972-4b9d-b33d-ffc9d14f8494,EVT-000637,USER-00107,search,2026-01-01T22:04:01,SES-253a0b84,desktop,Firefox,organic,,,,,0.0,home office chair,0,0,0,
5e40116a-58c0-4894-8b16-40155b6885dd,EVT-000638,USER-00147,add_to_cart,2025-11-10T20:20:15,SES-0cb0ee4d,mobile,Chrome,email,PROD-01416,REI Flash 55 Pack,Outdoor Gear,Sports,517.67,,0,1,0,
149306e6-14ab-4f82-a6d2-dfce0447287c,EVT-000639,USER-00048,wishlist,2025-12-03T16:40:50,SES-419566a9,tablet,Safari,organic,PROD-01844,Samsung Galaxy Watch 6,Smartwatches,Electronics,790.52,,0,0,0,
45d3c7b4-e30b-4ab9-b71f-c6f5fe4e8d1d,EVT-000640,USER-00154,search,2025-12-18T13:36:07,SES-59b7717e,tablet,Chrome,organic,,,,,0.0,red wine gift,0,0,0,
7078e0d7-8671-493f-905e-d0dc5b529e86,EVT-000641,USER-00144,view,2026-01-19T21:37:47,SES-58c4a3d8,tablet,Edge,direct,PROD-01196,Oral-B iO Series 9,Personal Care,Healthcare,285.71,,125,0,0,
de65000d-601b-4d08-b0fe-9fc3adcf0793,EVT-000642,USER-00001,view,2025-10-30T14:00:57,SES-8c3eb4f0,desktop,Safari,direct,PROD-00512,Dom Pérignon Rosé 2009,Champagne,Wine,415.51,,398,0,0,
99e21bc3-d3c0-4be7-bd2c-d56171f7f8ad,EVT-000643,USER-00023,search,2025-11-19T23:32:50,SES-0d0b98df,desktop,Chrome,social,,,,,0.0,gaming laptop,0,0,0,
3c61f6c0-9f23-4cc2-ad12-ce5c4a1b2780,EVT-000644,USER-00155,search,2025-11-12T23:54:18,SES-b4c08766,mobile,Firefox,social,,,,,0.0,wireless headphones,0,0,0,
a1d3854f-0060-48b8-96cd-0eeb8611847b,EVT-000645,USER-00218,click,2025-10-25T20:48:48,SES-07189039,desktop,Safari,email,PROD-00003,Penfolds Grange,Red Wine,Wine,390.13,,276,0,0,
a955c101-9419-43f2-88d2-b4a412ae97f0,EVT-000646,USER-00107,search,2025-12-07T16:30:48,SES-d2bab700,desktop,Firefox,organic,,,,,0.0,home office chair,0,0,0,
0bf62f68-de2c-4af0-8709-2449c28bc2d4,EVT-000647,USER-00147,add_to_cart,2025-11-26T04:16:56,SES-e7609341,mobile,Chrome,email,PROD-01416,REI Flash 55 Pack,Outdoor Gear,Sports,517.67,,0,1,0,
76fc00d7-0691-4bd5-b666-13bdbe2e2130,EVT-000648,USER-00048,wishlist,2025-11-15T21:30:31,SES-11bb3e94,tablet,Safari,organic,PROD-01844,Samsung Galaxy Watch 6,Smartwatches,Electronics,790.52,,0,0,0,
019cc181-08d6-4bb6-8b4c-8dcf32fcf79b,EVT-000649,USER-00154,search,2026-01-09T13:20:55,SES-ed97683d,tablet,Chrome,organic,,,,,0.0,red wine gift,0,0,0,
1d97a7ca-0e52-43a9-b4ab-74daa037f5f9,EVT-000650,USER-00144,view,2025-12-27T14:56:58,SES-edbfcf54,tablet,Edge,direct,PROD-01196,Oral-B iO Series 9,Personal Care,Healthcare,285.71,,125,0,0,
310b048d-e3f2-4faf-a508-d00e8dae7c31,EVT-000651,USER-00001,view,2025-12-23T14:21:03,SES-6e647df0,desktop,Safari,direct,PROD-00512,Dom Pérignon Rosé 2009,Champagne,Wine,415.51,,398,0,0,
202f999c-a9c3-4c2e-9214-6ca12001755a,EVT-000652,USER-00023,search,2025-11-29T05:56:08,SES-0159ee76,desktop,Chrome,social,,,,,0.0,gaming laptop,0,0,0,
1cf9bea6-1240-4859-ab34-239fe402d2a2,EVT-000653,USER-00155,search,2025-12-02T18:34:23,SES-5f3e9d96,mobile,Firefox,social,,,,,0.0,wireless headphones,0,0,0,
112269e0-0faa-49c4-84fa-923f49a286ce,EVT-000654,USER-00218,click,2025-11-30T11:55:53,SES-79e91a4b,desktop,Safari,email,PROD-00003,Penfolds Grange,Red Wine,Wine,390.13,,276,0,0,
2facb937-ba77-4443-af2c-559d9c145913,EVT-000655,USER-00107,search,2026-01-18T12:46:53,SES-6c5da72d,desktop,Firefox,organic,,,,,0.0,home office chair,0,0,0,
d9ceca30-2a30-4c68-8150-346d4e5ea7fb,EVT-000656,USER-00147,add_to_cart,2025-11-01T06:36:33,SES-cc8d2e6e,mobile,Chrome,email,PROD-01416,REI Flash 55 Pack,Outdoor Gear,Sports,517.67,,0,1,0,
c4a79e7a-b91f-4ef4-b38c-5d0631cb1c96,EVT-000657,USER-00048,wishlist,2026-01-17T10:50:55,SES-d02edecb,tablet,Safari,organic,PROD-01844,Samsung Galaxy Watch 6,Smartwatches,Electronics,790.52,,0,0,0,
4c1f5535-12ea-493e-8748-174bfbe65d14,EVT-000658,USER-00154,search,2025-11-17T02:42:41,SES-97486a6b,tablet,Chrome,organic,,,,,0.0,red wine gift,0,0,0,
8fd85ffc-be20-485f-9ff4-c067b1140994,EVT-000659,USER-00144,view,2026-01-20T02:08:13,SES-6b60df1d,tablet,Edge,direct,PROD-01196,Oral-B iO Series 9,Personal Care,Healthcare,285.71,,125,0,0,
355d4e1b-875d-4e7a-88ea-b4bb35efd895,EVT-000660,USER-00001,view,2025-11-21T01:41:35,SES-e8bee0f3,desktop,Safari,direct,PROD-00512,Dom Pérignon Rosé 2009,Champagne,Wine,415.51,,398,0,0,
4cbb98cc-e71c-407d-8ac2-2cb417b1d176,EVT-000661,USER-00023,search,2025-12-19T17:07:50,SES-32de495e,desktop,Chrome,social,,,,,0.0,gaming laptop,0,0,0,
a6919f75-6e7c-449d-a38a-894ea4183ea3,EVT-000662,USER-00155,search,2025-11-21T21:59:46,SES-d0e66eff,mobile,Firefox,social,,,,,0.0,wireless headphones,0,0,0,
7206d8f3-da99-4dae-8113-0d0554e5dc21,EVT-000663,USER-00218,click,2025-11-08T13:45:08,SES-10577456,desktop,Safari,email,PROD-00003,Penfolds Grange,Red Wine,Wine,390.13,,276,0,0,
41025710-33f9-4e39-b4f8-6c6a4d321250,EVT-000664,USER-00107,search,2025-12-16T11:55:45,SES-862c29cc,desktop,Firefox,organic,,,,,0.0,home office chair,0,0,0,
0d9f256d-2fc1-4fa3-8aa6-8f0144869aa7,EVT-000665,USER-00147,add_to_cart,2025-12-04T01:27:17,SES-281a41ec,mobile,Chrome,email,PROD-01416,REI Flash 55 Pack,Outdoor Gear,Sports,517.67,,0,1,0,
9c24f755-d194-4d9c-9b1a-e79446298664,EVT-000666,USER-00048,wishlist,2025-12-27T15:56:06,SES-8e41f595,tablet,Safari,organic,PROD-01844,Samsung Galaxy Watch 6,Smartwatches,Electronics,790.52,,0,0,0,
316fb22b-b3b5-408b-accb-32a54640ef4b,EVT-000667,USER-00154,search,2026-01-15T18:59:59,SES-3b13393e,tablet,Chrome,organic,,,,,0.0,red wine gift,0,0,0,
e7546de9-0669-450a-b2f0-96011f054349,EVT-000668,USER-00144,view,2025-11-23T01:21:43,SES-796011f4,tablet,Edge,direct,PROD-01196,Oral-B iO Series 9,Personal Care,Healthcare,285.71,,125,0,0,
5f8a4e46-613c-4f8b-bfa7-d931104f61b7,EVT-000669,USER-00001,view,2026-01-08T20:16:16,SES-1cdedace,desktop,Safari,direct,PROD-00512,Dom Pérignon Rosé 2009,Champagne,Wine,415.51,,398,0,0,
af4f811b-5367-4ffe-a9b9-525bd7bf3a7a,EVT-000670,USER-00023,search,2025-12-17T21:09:25,SES-7cc4e131,desktop,Chrome,social,,,,,0.0,gaming laptop,0,0,0,
30c6a6ce-04f1-4609-9cda-f74ae58d966a,EVT-000671,USER-00155,search,2025-11-05T06:14:01,SES-cea6f679,mobile,Firefox,social,,,,,0.0,wireless headphones,0,0,0,
9b2d4240-caaf-4fef-9f8b-246850067913,EVT-000672,USER-00218,click,2025-12-28T02:10:59,SES-37494f34,desktop,Safari,email,PROD-00003,Penfolds Grange,Red Wine,Wine,390.13,,276,0,0,
82b3f58e-2c13-4ff1-8b33-f39ce7913cf5,EVT-000673,USER-00107,search,2026-01-05T06:42:27,SES-adfefdc4,desktop,Firefox,organic,,,,,0.0,home office chair,0,0,0,
ad9979f9-85f2-43a9-bd6a-c50be987d342,EVT-000674,USER-00147,add_to_cart,2025-11-11T02:48:49,SES-2e94f842,mobile,Chrome,email,PROD-01416,REI Flash 55 Pack,Outdoor Gear,Sports,517.67,,0,1,0,
4f5aeb1d-40c7-4ec3-a527-839c51034ef0,EVT-000675,USER-00048,wishlist,2025-11-16T00:31:09,SES-b2a3a06e,tablet,Safari,organic,PROD-01844,Samsung Galaxy Watch 6,Smartwatches,Electronics,790.52,,0,0,0,
d6109f25-5949-4687-8dbd-52904e741b2f,EVT-000676,USER-00154,search,2025-11-04T22:06:42,SES-810bedc6,tablet,Chrome,organic,,,,,0.0,red wine gift,0,0,0,
3e8116f2-2fdf-4662-a782-c2fccd1c9398,EVT-000677,USER-00144,view,2025-12-02T04:00:26,SES-7d4e9713,tablet,Edge,direct,PROD-01196,Oral-B iO Series 9,Personal Care,Healthcare,285.71,,125,0,0,
7e5b738b-a520-4e58-94f3-19c2d84567e7,EVT-000678,USER-00001,view,2025-12-15T13:30:15,SES-26fa2255,desktop,Safari,direct,PROD-00512,Dom Pérignon Rosé 2009,Champagne,Wine,415.51,,398,0,0,
44a02196-85ed-4c09-985c-06dbe8ca277e,EVT-000679,USER-00023,search,2025-11-11T02:51:07,SES-da5ca215,desktop,Chrome,social,,,,,0.0,gaming laptop,0,0,0,
2a02325e-50b4-4463-b050-79d4d760e708,EVT-000680,USER-00155,search,2025-11-20T23:27:19,SES-823c4fac,mobile,Firefox,social,,,,,0.0,wireless headphones,0,0,0,
582b1bff-f621-475e-b6dd-8dfa90a6c341,EVT-000681,USER-00218,click,2025-11-21T08:37:18,SES-96ce81c1,desktop,Safari,email,PROD-00003,Penfolds Grange,Red Wine,Wine,390.13,,276,0,0,
8f328a24-3c64-4d3c-b3b2-6932db5c1bb7,EVT-000682,USER-00107,search,2025-10-31T01:23:13,SES-842bb523,desktop,Firefox,organic,,,,,0.0,home office chair,0,0,0,
07e81b8f-c976-4f0a-85eb-b5ae88591aac,EVT-000683,USER-00147,add_to_cart,2025-11-20T14:46:05,SES-bae8ce2c,mobile,Chrome,email,PROD-01416,REI Flash 55 Pack,Outdoor Gear,Sports,517.67,,0,1,0,
388e0e2f-3178-47fa-af67-fb5324d120cb,EVT-000684,USER-00048,wishlist,2025-12-16T18:21:17,SES-fcf6201e,tablet,Safari,organic,PROD-01844,Samsung Galaxy Watch 6,Smartwatches,Electronics,790.52,,0,0,0,
3d6babfa-b313-4f67-ab5e-6c4418e377b7,EVT-000685,USER-00154,search,2025-12-22T18:01:06,SES-10c42fcc,tablet,Chrome,organic,,,,,0.0,red wine gift,0,0,0,
a026d18d-400c-4f74-9829-2f98970dabcc,EVT-000686,USER-00144,view,2025-12-06T12:29:49,SES-0623e2c0,tablet,Edge,direct,PROD-01196,Oral-B iO Series 9,Personal Care,Healthcare,285.71,,125,0,0,
3ca5cfb8-522e-46e8-80de-5a168434fb6f,EVT-000687,USER-00001,view,2025-12-14T17:48:25,SES-36e40ec1,desktop,Safari,direct,PROD-00512,Dom Pérignon Rosé 2009,Champagne,Wine,415.51,,398,0,0,
e755a792-f606-4051-a33d-0053b4b3c883,EVT-000688,USER-00023,search,2025-11-09T13:13:03,SES-189a81ae,desktop,Chrome,social,,,,,0.0,gaming laptop,0,0,0,
43e8955b-ea31-46e0-8c01-b71f57b8ce5a,EVT-000689,USER-00155,search,2025-11-28T05:59:36,SES-1d9aa825,mobile,Firefox,social,,,,,0.0,wireless headphones,0,0,0,
a65413d3-525b-4a22-9908-57cafaa867b1,EVT-000690,USER-00218,click,2026-01-06T17:04:00,SES-7d2abbd5,desktop,Safari,email,PROD-00003,Penfolds Grange,Red Wine,Wine,390.13,,276,0,0,
d87df353-a0c0-40ac-8f1e-b4b1099bcf89,EVT-000691,USER-00107,search,2026-01-15T18:58:27,SES-6e306a97,desktop,Firefox,organic,,,,,0.0,home office chair,0,0,0,
1acd9920-8335-4f0a-8737-a1288ea3f28f,EVT-000692,USER-00147,add_to_cart,2026-01-11T16:56:46,SES-169ad823,mobile,Chrome,email,PROD-01416,REI Flash 55 Pack,Outdoor Gear,Sports,517.67,,0,1,0,
67b4bf81-0e3d-425b-a43d-05de114d3a6f,EVT-000693,USER-00048,wishlist,2025-12-04T03:57:48,SES-a8202f6e,tablet,Safari,organic,PROD-01844,Samsung Galaxy Watch 6,Smartwatches,Electronics,790.52,,0,0,0,
82e9f51a-6c0b-4810-9169-c089ee51f2c2,EVT-000694,USER-00154,search,2025-11-01T01:43:27,SES-511cbeca,tablet,Chrome,organic,,,,,0.0,red wine gift,0,0,0,
05bc2972-2848-4f46-b069-ec2c53150fd3,EVT-000695,USER-00144,view,2025-11-05T04:54:49,SES-59e87463,tablet,Edge,direct,PROD-01196,Oral-B iO Series 9,Personal Care,Healthcare,285.71,,125,0,0,
dad79167-cc89-4866-881a-0087458bbb18,EVT-000696,USER-00001,view,2025-12-12T20:55:47,SES-d9458756,desktop,Safari,direct,PROD-00512,Dom Pérignon Rosé 2009,Champagne,Wine,415.51,,398,0,0,
991749f9-fa1f-41a0-88d5-d6b3627ec8b5,EVT-000697,USER-00023,search,2025-12-04T15:38:03,SES-2a14baf1,desktop,Chrome,social,,,,,0.0,gaming laptop,0,0,0,
2974372c-4e08-4061-a8fe-9ac4221c699d,EVT-000698,USER-00155,search,2025-12-29T03:22:38,SES-8ef2c454,mobile,Firefox,social,,,,,0.0,wireless headphones,0,0,0,
2e338d8f-ef12-4710-99f8-b9a1bfdc9221,EVT-000699,USER-00218,click,2025-11-22T03:52:45,SES-5576ec32,desktop,Safari,email,PROD-00003,Penfolds Grange,Red Wine,Wine,390.13,,276,0,0,
9c4ef763-e2be-4a5e-be58-de6e5691538c,EVT-000700,USER-00107,search,2025-12-10T15:54:13,SES-89fe925d,desktop,Firefox,organic,,,,,0.0,home office chair,0,0,0,
e555671f-f52e-4448-86ce-ca4b3414549a,EVT-000701,USER-00147,add_to_cart,2025-12-28T06:28:32,SES-ef690553,mobile,Chrome,email,PROD-01416,REI Flash 55 Pack,Outdoor Gear,Sports,517.67,,0,1,0,
3cc9e1f1-5629-4c53-977f-722185eeb5ee,EVT-000702,USER-00048,wishlist,2025-12-30T22:24:15,SES-f20f7c76,tablet,Safari,organic,PROD-01844,Samsung Galaxy Watch 6,Smartwatches,Electronics,790.52,,0,0,0,
006ed314-a41d-499b-85ff-b22cada57474,EVT-000703,USER-00154,search,2025-11-26T11:06:08,SES-fc8a968e,tablet,Chrome,organic,,,,,0.0,red wine gift,0,0,0,
4fc30ffe-d72e-47b5-a86a-c1105aabcd28,EVT-000704,USER-00144,view,2025-12-07T05:19:52,SES-18b8255d,tablet,Edge,direct,PROD-01196,Oral-B iO Series 9,Personal Care,Healthcare,285.71,,125,0,0,
18d7887c-5cb9-4346-9714-dc216b91e230,EVT-000705,USER-00001,view,2025-11-26T03:15:39,SES-70a94883,desktop,Safari,direct,PROD-00512,Dom Pérignon Rosé 2009,Champagne,Wine,415.51,,398,0,0,
25ff1ef2-e028-4c8a-be98-adadd788af5f,EVT-000706,USER-00023,search,2025-12-03T06:28:15,SES-2e7cf507,desktop,Chrome,social,,,,,0.0,gaming laptop,0,0,0,
35bf83cd-0ee7-4f6c-be76-c8817b4206d7,EVT-000707,USER-00155,search,2025-12-07T01:04:32,SES-8d3649b6,mobile,Firefox,social,,,,,0.0,wireless headphones,0,0,0,
197f1f4a-0c26-43ea-9e3e-393ef2d2cdbb,EVT-000708,USER-00218,click,2025-12-02T13:46:43,SES-5b1c2785,desktop,Safari,email,PROD-00003,Penfolds Grange,Red Wine,Wine,390.13,,276,0,0,
72334cab-cff1-4ceb-b804-717872e33a1b,EVT-000709,USER-00107,search,2025-12-01T13:54:04,SES-e5769a5b,desktop,Firefox,organic,,,,,0.0,home office chair,0,0,0,
b2ff6dca-1f12-458b-b835-57c85c590e9d,EVT-000710,USER-00147,add_to_cart,2025-12-06T12:47:56,SES-b664e2c9,mobile,Chrome,email,PROD-01416,REI Flash 55 Pack,Outdoor Gear,Sports,517.67,,0,1,0,
fe8e0f13-f90d-405d-acf0-2950a99fe311,EVT-000711,USER-00048,wishlist,2025-10-25T10:24:43,SES-ca74d6c7,tablet,Safari,organic,PROD-01844,Samsung Galaxy Watch 6,Smartwatches,Electronics,790.52,,0,0,0,
eff20da6-624d-4254-8647-5d20538c4f10,EVT-000712,USER-00154,search,2026-01-19T08:20:39,SES-cb3c3620,tablet,Chrome,organic,,,,,0.0,red wine gift,0,0,0,
80b37bb3-2462-4801-bcbb-94f229076dcd,EVT-000713,USER-00144,view,2025-12-16T00:16:55,SES-1bd5b7bc,tablet,Edge,direct,PROD-01196,Oral-B iO Series 9,Personal Care,Healthcare,285.71,,125,0,0,
3dce00b7-b068-46e9-92de-9dfb8f34a9d6,EVT-000714,USER-00001,view,2025-10-25T07:29:50,SES-d7dd9a63,desktop,Safari,direct,PROD-00512,Dom Pérignon Rosé 2009,Champagne,Wine,415.51,,398,0,0,
02df3a16-40c8-400f-93ba-7fbd02c30152,EVT-000715,USER-00023,search,2026-01-05T04:37:56,SES-656c2454,desktop,Chrome,social,,,,,0.0,gaming laptop,0,0,0,
e92d67aa-2dd0-462a-83f3-2efe39596e1d,EVT-000716,USER-00155,search,2025-12-02T14:44:27,SES-bea2486c,mobile,Firefox,social,,,,,0.0,wireless headphones,0,0,0,
ee9d920a-0ac3-48ef-96e3-70eba19c6ade,EVT-000717,USER-00218,click,2025-10-31T07:59:02,SES-b055b571,desktop,Safari,email,PROD-00003,Penfolds Grange,Red Wine,Wine,390.13,,276,0,0,
eea9c91e-8821-4a35-a17a-0b7f5bf3b640,EVT-000718,USER-00107,search,2026-01-04T03:12:09,SES-987d125f,desktop,Firefox,organic,,,,,0.0,home office chair,0,0,0,
1f1985e7-8593-4b74-b58a-696b64804a9c,EVT-000719,USER-00147,add_to_cart,2025-11-05T09:31:03,SES-0923eb26,mobile,Chrome,email,PROD-01416,REI Flash 55 Pack,Outdoor Gear,Sports,517.67,,0,1,0,
3cfbef58-8723-472b-9072-471c60778220,EVT-000720,USER-00048,wishlist,2025-12-21T11:28:09,SES-05df4481,tablet,Safari,organic,PROD-01844,Samsung Galaxy Watch 6,Smartwatches,Electronics,790.52,,0,0,0,
9bc60ac7-9d64-4fa8-945a-2ff7f9f53777,EVT-000721,USER-00154,search,2026-01-18T19:02:24,SES-a9782ade,tablet,Chrome,organic,,,,,0.0,red wine gift,0,0,0,
0f6543f9-f800-4367-919b-1b954ee8e950,EVT-000722,USER-00144,view,2025-11-21T02:32:57,SES-ddd282a2,tablet,Edge,direct,PROD-01196,Oral-B iO Series 9,Personal Care,Healthcare,285.71,,125,0,0,
85976533-1a8a-4a3e-a66a-ac0d6036dcdb,EVT-000723,USER-00001,view,2026-01-07T02:54:54,SES-c18b3cb3,desktop,Safari,direct,PROD-00512,Dom Pérignon Rosé 2009,Champagne,Wine,415.51,,398,0,0,
753d9e48-442c-4d32-b31b-f66e9c448f36,EVT-000724,USER-00023,search,2025-11-15T07:20:05,SES-0a3cc5b6,desktop,Chrome,social,,,,,0.0,gaming laptop,0,0,0,
5ffbe6ce-23b4-49a0-bf17-2d725b6b0663,EVT-000725,USER-00155,search,2025-12-18T02:10:43,SES-54e21248,mobile,Firefox,social,,,,,0.0,wireless headphones,0,0,0,
69cdd5ca-3839-4884-93e7-751155722d63,EVT-000726,USER-00218,click,2025-12-11T11:27:28,SES-59fb50e1,desktop,Safari,email,PROD-00003,Penfolds Grange,Red Wine,Wine,390.13,,276,0,0,
98cf9fdf-d26a-436e-a2f6-5b9f570b8ffe,EVT-000727,USER-00107,search,2025-11-27T23:20:29,SES-9cb4ea71,desktop,Firefox,organic,,,,,0.0,home office chair,0,0,0,
ad452c30-42ee-41b7-b0c5-cbe5650cd6ef,EVT-000728,USER-00147,add_to_cart,2025-11-04T02:30:04,SES-cbac1c1c,mobile,Chrome,email,PROD-01416,REI Flash 55 Pack,Outdoor Gear,Sports,517.67,,0,1,0,
cbb7244f-4c03-42ec-9172-b5237cb97a72,EVT-000729,USER-00048,wishlist,2025-12-22T00:42:26,SES-373ad964,tablet,Safari,organic,PROD-01844,Samsung Galaxy Watch 6,Smartwatches,Electronics,790.52,,0,0,0,
d1e0a299-f4a2-4ec4-b9eb-132a12fd051f,EVT-000730,USER-00154,search,2025-12-14T11:50:21,SES-9d46486c,tablet,Chrome,organic,,,,,0.0,red wine gift,0,0,0,
bd032a57-e81b-482b-85dd-84bac989a8e9,EVT-000731,USER-00144,view,2026-01-18T02:52:38,SES-cc9e5f5a,tablet,Edge,direct,PROD-01196,Oral-B iO Series 9,Personal Care,Healthcare,285.71,,125,0,0,
0234e025-e20d-4ec2-b34c-6e5d80e260b0,EVT-000732,USER-00001,view,2025-12-16T15:48:49,SES-ddb370de,desktop,Safari,direct,PROD-00512,Dom Pérignon Rosé 2009,Champagne,Wine,415.51,,398,0,0,
b92a0f73-a64e-426d-8128-6dd0002c8d5c,EVT-000733,USER-00023,search,2026-01-15T23:21:50,SES-2b199209,desktop,Chrome,social,,,,,0.0,gaming laptop,0,0,0,
e2369a7c-ca88-4954-8c7f-942b732667e7,EVT-000734,USER-00155,search,2025-11-20T05:28:07,SES-15e17568,mobile,Firefox,social,,,,,0.0,wireless headphones,0,0,0,
34237f6a-12c2-4279-a0d1-f6f13ea3d0cc,EVT-000735,USER-00218,click,2025-10-27T22:40:38,SES-c8dec274,desktop,Safari,email,PROD-00003,Penfolds Grange,Red Wine,Wine,390.13,,276,0,0,
fd4e5b0c-f763-4668-8dae-514d11e6845c,EVT-000736,USER-00107,search,2026-01-04T01:59:16,SES-4967e71e,desktop,Firefox,organic,,,,,0.0,home office chair,0,0,0,
79cb28bf-bdd4-4c1f-a705-9163661df3e0,EVT-000737,USER-00147,add_to_cart,2026-01-12T19:10:20,SES-fbb45bd0,mobile,Chrome,email,PROD-01416,REI Flash 55 Pack,Outdoor Gear,Sports,517.67,,0,1,0,
0902784a-34f4-4cd3-a108-03ffbb90a38a,EVT-000738,USER-00048,wishlist,2025-11-29T20:53:31,SES-fe35ca9e,tablet,Safari,organic,PROD-01844,Samsung Galaxy Watch 6,Smartwatches,Electronics,790.52,,0,0,0,
f8efe214-8ebf-43ae-b432-50fdea5e9875,EVT-000739,USER-00154,search,2025-11-03T23:22:52,SES-dd1c9fd2,tablet,Chrome,organic,,,,,0.0,red wine gift,0,0,0,
d1a34411-794e-4a5e-b84a-1e9182d9bc7f,EVT-000740,USER-00144,view,2025-11-30T20:51:09,SES-4405910c,tablet,Edge,direct,PROD-01196,Oral-B iO Series 9,Personal Care,Healthcare,285.71,,125,0,0,
7200ba2e-1cfa-44e8-8f58-3eacfdf2282b,EVT-000741,USER-00001,view,2025-12-26T19:19:38,SES-b172c136,desktop,Safari,direct,PROD-00512,Dom Pérignon Rosé 2009,Champagne,Wine,415.51,,398,0,0,
07b56247-d5ac-4328-bf77-96ab6f595849,EVT-000742,USER-00023,search,2025-10-23T07:48:02,SES-62e4547d,desktop,Chrome,social,,,,,0.0,gaming laptop,0,0,0,
0fb3ccb2-24ed-4007-a3b0-8515aa3df64c,EVT-000743,USER-00155,search,2025-12-06T16:20:59,SES-f2cc9542,mobile,Firefox,social,,,,,0.0,wireless headphones,0,0,0,
19da281a-900a-41cb-b711-8215fecce23c,EVT-000744,USER-00218,click,2026-01-09T03:29:47,SES-2f7d5721,desktop,Safari,email,PROD-00003,Penfolds Grange,Red Wine,Wine,390.13,,276,0,0,
2b3e560d-c6dc-415d-98e0-ff8bcd4a00a8,EVT-000745,USER-00107,search,2026-01-04T19:50:16,SES-e18d8d97,desktop,Firefox,organic,,,,,0.0,home office chair,0,0,0,
6333d517-eddb-46b1-b0e2-b5cb48d69eeb,EVT-000746,USER-00147,add_to_cart,2026-01-15T16:37:10,SES-61ba90ef,mobile,Chrome,email,PROD-01416,REI Flash 55 Pack,Outdoor Gear,Sports,517.67,,0,1,0,
8ea7523c-65ec-46aa-b2d1-ff4258e63a2d,EVT-000747,USER-00048,wishlist,2025-12-12T00:58:34,SES-25053aab,tablet,Safari,organic,PROD-01844,Samsung Galaxy Watch 6,Smartwatches,Electronics,790.52,,0,0,0,
6e039aa4-2fc4-439e-b79d-692252d57b95,EVT-000748,USER-00154,search,2025-12-06T10:19:17,SES-1daa3bf0,tablet,Chrome,organic,,,,,0.0,red wine gift,0,0,0,
8f7aa1e5-503e-429a-bc4e-2b5f14d03ec7,EVT-000749,USER-00144,view,2026-01-12T05:24:09,SES-f9c5ecef,tablet,Edge,direct,PROD-01196,Oral-B iO Series 9,Personal Care,Healthcare,285.71,,125,0,0,
cc505d9b-1d6e-4881-813e-56b3a19cd159,EVT-000750,USER-00001,view,2025-10-28T00:33:55,SES-4fb3ceb2,desktop,Safari,direct,PROD-00512,Dom Pérignon Rosé 2009,Champagne,Wine,415.51,,398,0,0,
259df66c-aec5-4872-8515-c55427e23b71,EVT-000751,USER-00023,search,2025-10-30T23:11:57,SES-c19d8cda,desktop,Chrome,social,,,,,0.0,gaming laptop,0,0,0,
b7d72625-6146-410d-a83f-c3a5a090d2d0,EVT-000752,USER-00155,search,2025-10-28T01:22:22,SES-14ecaf0a,mobile,Firefox,social,,,,,0.0,wireless headphones,0,0,0,
a412d51e-fec9-4ebd-bbf2-dd4016c94d0d,EVT-000753,USER-00218,click,2025-11-17T23:28:56,SES-fda6d9ab,desktop,Safari,email,PROD-00003,Penfolds Grange,Red Wine,Wine,390.13,,276,0,0,
1a28f24a-0416-4b9c-9fcb-b8ca7e5da68b,EVT-000754,USER-00107,search,2026-01-11T07:43:23,SES-36d8d765,desktop,Firefox,organic,,,,,0.0,home office chair,0,0,0,
f40cb0ed-e39b-4a98-bfbf-585034491774,EVT-000755,USER-00147,add_to_cart,2025-12-24T20:15:34,SES-3cfd60d5,mobile,Chrome,email,PROD-01416,REI Flash 55 Pack,Outdoor Gear,Sports,517.67,,0,1,0,
3614eefc-8258-4d6b-94b0-a727502035d7,EVT-000756,USER-00048,wishlist,2025-11-02T03:22:17,SES-84295857,tablet,Safari,organic,PROD-01844,Samsung Galaxy Watch 6,Smartwatches,Electronics,790.52,,0,0,0,
28e61c85-b1f5-42bf-a1a1-566e00cc9eec,EVT-000757,USER-00154,search,2025-11-24T03:00:07,SES-b6da5649,tablet,Chrome,organic,,,,,0.0,red wine gift,0,0,0,
f196e8eb-728e-4005-a1cf-3db6d11faced,EVT-000758,USER-00144,view,2025-12-19T10:50:28,SES-4b74cb7e,tablet,Edge,direct,PROD-01196,Oral-B iO Series 9,Personal Care,Healthcare,285.71,,125,0,0,
ccacb97c-aca3-4eab-b752-b41e016e264e,EVT-000759,USER-00001,view,2025-11-01T04:53:08,SES-1e51769f,desktop,Safari,direct,PROD-00512,Dom Pérignon Rosé 2009,Champagne,Wine,415.51,,398,0,0,
331eb828-23d1-4313-8afd-b58d290ef9ea,EVT-000760,USER-00023,search,2026-01-10T13:11:19,SES-b7a0755a,desktop,Chrome,social,,,,,0.0,gaming laptop,0,0,0,
8213b713-f336-4aa0-9e6b-61dcdab580d2,EVT-000761,USER-00155,search,2025-11-19T23:01:21,SES-e31d2fd3,mobile,Firefox,social,,,,,0.0,wireless headphones,0,0,0,
d7eae002-4c37-46de-8075-a139ab461ae7,EVT-000762,USER-00218,click,2025-12-16T15:30:29,SES-e01a2a10,desktop,Safari,email,PROD-00003,Penfolds Grange,Red Wine,Wine,390.13,,276,0,0,
1b164b5d-121e-45e3-ae5c-51e2d5ea49fd,EVT-000763,USER-00107,search,2025-12-08T11:49:51,SES-f40392c1,desktop,Firefox,organic,,,,,0.0,home office chair,0,0,0,
184d6445-aeea-4862-9b65-765764d7c4d9,EVT-000764,USER-00147,add_to_cart,2025-12-28T19:07:39,SES-d28829f1,mobile,Chrome,email,PROD-01416,REI Flash 55 Pack,Outdoor Gear,Sports,517.67,,0,1,0,
9a7bf2dc-dede-46a3-a5ba-ec8c7d956cb9,EVT-000765,USER-00048,wishlist,2025-11-23T21:55:55,SES-6dd81df0,tablet,Safari,organic,PROD-01844,Samsung Galaxy Watch 6,Smartwatches,Electronics,790.52,,0,0,0,
dbd21a90-cd8d-44b6-978f-e3f929ffd36e,EVT-000766,USER-00154,search,2026-01-14T15:55:38,SES-2fd2346c,tablet,Chrome,organic,,,,,0.0,red wine gift,0,0,0,
f0a98baa-20ba-4aca-bbb8-16b29cd3c924,EVT-000767,USER-00144,view,2025-10-28T15:45:16,SES-a3e6e5c1,tablet,Edge,direct,PROD-01196,Oral-B iO Series 9,Personal Care,Healthcare,285.71,,125,0,0,
49b47feb-e43a-4126-bf6d-d37136e8639f,EVT-000768,USER-00001,view,2025-11-03T12:54:41,SES-41472aa3,desktop,Safari,direct,PROD-00512,Dom Pérignon Rosé 2009,Champagne,Wine,415.51,,398,0,0,
b22b9e2c-a70f-48e3-a15f-27970298b9fd,EVT-000769,USER-00023,search,2026-01-02T15:21:23,SES-6fd8e5c2,desktop,Chrome,social,,,,,0.0,gaming laptop,0,0,0,
30a0606d-ee17-43f0-a1e0-05a6a5c61269,EVT-000770,USER-00155,search,2025-12-18T12:11:12,SES-99e99cc6,mobile,Firefox,social,,,,,0.0,wireless headphones,0,0,0,
8394d8aa-4c12-4bac-b97d-9190f67d65e8,EVT-000771,USER-00218,click,2025-12-27T05:25:32,SES-18268436,desktop,Safari,email,PROD-00003,Penfolds Grange,Red Wine,Wine,390.13,,276,0,0,
fe9145a2-a6fe-434e-be43-0eac4f757a92,EVT-000772,USER-00107,search,2025-12-11T08:13:42,SES-0964ca64,desktop,Firefox,organic,,,,,0.0,home office chair,0,0,0,
ffb934a6-ba0a-4ead-a9e2-eb22b2ab7859,EVT-000773,USER-00147,add_to_cart,2026-01-02T12:46:15,SES-4a9579db,mobile,Chrome,email,PROD-01416,REI Flash 55 Pack,Outdoor Gear,Sports,517.67,,0,1,0,
35874cee-8cc8-4573-8d3f-79b0ef4c20cc,EVT-000774,USER-00048,wishlist,2025-12-31T08:32:50,SES-cbec4ed5,tablet,Safari,organic,PROD-01844,Samsung Galaxy Watch 6,Smartwatches,Electronics,790.52,,0,0,0,
b26f3b18-0ada-472d-adcf-db9838a04112,EVT-000775,USER-00154,search,2025-10-27T21:28:32,SES-b0e03303,tablet,Chrome,organic,,,,,0.0,red wine gift,0,0,0,
9aa2319a-2fdb-4a15-bdfa-7a2984de6329,EVT-000776,USER-00144,view,2025-12-29T20:42:44,SES-66c753a8,tablet,Edge,direct,PROD-01196,Oral-B iO Series 9,Personal Care,Healthcare,285.71,,125,0,0,
fc4ee742-a4fb-47ba-a31a-b69b9c2374b9,EVT-000777,USER-00001,view,2025-11-11T15:45:51,SES-e5d17a48,desktop,Safari,direct,PROD-00512,Dom Pérignon Rosé 2009,Champagne,Wine,415.51,,398,0,0,
0dd6112f-db3a-4c9a-ab8e-cbe1f2291ed3,EVT-000778,USER-00023,search,2025-12-11T20:54:42,SES-dd759b94,desktop,Chrome,social,,,,,0.0,gaming laptop,0,0,0,
b00b81ea-ae6c-4907-94e2-10851a94a902,EVT-000779,USER-00155,search,2025-11-05T17:49:39,SES-cd96f9ff,mobile,Firefox,social,,,,,0.0,wireless headphones,0,0,0,
eb0c33d2-c6b9-4c5e-a515-c44df70a0103,EVT-000780,USER-00218,click,2025-12-16T07:35:56,SES-a23b167e,desktop,Safari,email,PROD-00003,Penfolds Grange,Red Wine,Wine,390.13,,276,0,0,
d4d20053-ebd3-47cf-9522-fbfb0befe8ad,EVT-000781,USER-00107,search,2026-01-02T15:14:33,SES-8c1ff3d8,desktop,Firefox,organic,,,,,0.0,home office chair,0,0,0,
8641a5e6-c5ab-4018-b9f2-6136d47f31b9,EVT-000782,USER-00147,add_to_cart,2025-12-09T20:04:22,SES-9444f4df,mobile,Chrome,email,PROD-01416,REI Flash 55 Pack,Outdoor Gear,Sports,517.67,,0,1,0,
9567ce6d-ff53-4ad8-a8a2-ef6c9894255c,EVT-000783,USER-00048,wishlist,2025-11-04T23:46:15,SES-0b4f14c9,tablet,Safari,organic,PROD-01844,Samsung Galaxy Watch 6,Smartwatches,Electronics,790.52,,0,0,0,
5246c11e-d36c-4238-8580-10e01ad1b04c,EVT-000784,USER-00154,search,2025-11-13T10:49:25,SES-8c663abd,tablet,Chrome,organic,,,,,0.0,red wine gift,0,0,0,
009237cc-d677-4ff9-8ba4-71ccf6d52780,EVT-000785,USER-00144,view,2026-01-17T15:33:09,SES-7ea72bdf,tablet,Edge,direct,PROD-01196,Oral-B iO Series 9,Personal Care,Healthcare,285.71,,125,0,0,
31dc05ce-efca-432d-a3bd-5d04ec4c8d39,EVT-000786,USER-00001,view,2025-12-27T08:22:47,SES-f856ce3f,desktop,Safari,direct,PROD-00512,Dom Pérignon Rosé 2009,Champagne,Wine,415.51,,398,0,0,
ec818aba-1dc9-4a49-a046-1954673eec6a,EVT-000787,USER-00023,search,2025-12-23T20:27:51,SES-d68fd73c,desktop,Chrome,social,,,,,0.0,gaming laptop,0,0,0,
93a92097-6bc0-4573-8bd2-6acb4818666b,EVT-000788,USER-00155,search,2026-01-13T11:49:44,SES-8d7a5ce5,mobile,Firefox,social,,,,,0.0,wireless headphones,0,0,0,
031ddba2-3b79-4275-9e44-cf638a1bc782,EVT-000789,USER-00218,click,2025-11-06T18:34:56,SES-93c7dd95,desktop,Safari,email,PROD-00003,Penfolds Grange,Red Wine,Wine,390.13,,276,0,0,
eb38009b-3e72-4c97-90a2-88e976f573df,EVT-000790,USER-00107,search,2025-11-20T23:03:32,SES-9085b119,desktop,Firefox,organic,,,,,0.0,home office chair,0,0,0,
3d1eceb1-d4c3-41b9-bd25-236042a01559,EVT-000791,USER-00147,add_to_cart,2025-12-22T17:50:00,SES-4e2906d1,mobile,Chrome,email,PROD-01416,REI Flash 55 Pack,Outdoor Gear,Sports,517.67,,0,1,0,
ee7c68a2-dd74-4f3c-9eab-80608558d3c6,EVT-000792,USER-00048,wishlist,2025-11-21T22:21:27,SES-a9a0b177,tablet,Safari,organic,PROD-01844,Samsung Galaxy Watch 6,Smartwatches,Electronics,790.52,,0,0,0,
796c008a-3aa2-4e12-9b9d-dd979b606920,EVT-000793,USER-00154,search,2025-12-31T13:39:06,SES-3afa357a,tablet,Chrome,organic,,,,,0.0,red wine gift,0,0,0,
7fb71ccc-7200-4dd0-8168-04940291dc0f,EVT-000794,USER-00144,view,2025-10-23T08:57:39,SES-1806451e,tablet,Edge,direct,PROD-01196,Oral-B iO Series 9,Personal Care,Healthcare,285.71,,125,0,0,
62e6b578-6083-4ed9-91a8-1b8807003b3c,EVT-000795,USER-00001,view,2026-01-08T23:09:09,SES-18c7988f,desktop,Safari,direct,PROD-00512,Dom Pérignon Rosé 2009,Champagne,Wine,415.51,,398,0,0,
33329ffc-87ea-414d-be73-8fda224ee4ea,EVT-000796,USER-00023,search,2025-12-08T19:57:24,SES-b4a84e00,desktop,Chrome,social,,,,,0.0,gaming laptop,0,0,0,
82096e54-427c-4c15-819e-c50a35f8dc73,EVT-000797,USER-00155,search,2025-12-22T07:10:18,SES-6f9dc858,mobile,Firefox,social,,,,,0.0,wireless headphones,0,0,0,
6e8a6b19-aa76-46e0-be1b-cf805f32d8a7,EVT-000798,USER-00218,click,2025-12-28T12:33:38,SES-64d954bb,desktop,Safari,email,PROD-00003,Penfolds Grange,Red Wine,Wine,390.13,,276,0,0,
9fceb21b-f9de-4559-8b8f-ef41345f88ab,EVT-000799,USER-00107,search,2025-11-11T05:35:38,SES-0bcdfb53,desktop,Firefox,organic,,,,,0.0,home office chair,0,0,0,
a4bb69f3-af1c-4790-8c14-74d575b92b2b,EVT-000800,USER-00147,add_to_cart,2025-11-02T21:13:13,SES-bd71b1b1,mobile,Chrome,email,PROD-01416,REI Flash 55 Pack,Outdoor Gear,Sports,517.67,,0,1,0,
79db0394-2083-4f8a-8c8d-890ad4e81003,EVT-000801,USER-00048,wishlist,2025-10-29T06:22:54,SES-476728c8,tablet,Safari,organic,PROD-01844,Samsung Galaxy Watch 6,Smartwatches,Electronics,790.52,,0,0,0,
9f2dff60-8ac2-4186-ae55-f73dfdb91006,EVT-000802,USER-00154,search,2025-10-22T18:00:45,SES-8df816a4,tablet,Chrome,organic,,,,,0.0,red wine gift,0,0,0,
da46492b-9b98-4836-849b-547c2d87ef96,EVT-000803,USER-00144,view,2025-11-06T14:29:48,SES-0dc7a51e,tablet,Edge,direct,PROD-01196,Oral-B iO Series 9,Personal Care,Healthcare,285.71,,125,0,0,
e5f4c09c-c86d-41c9-bfcb-e2db3da0c0c9,EVT-000804,USER-00001,view,2025-12-20T08:51:49,SES-0db2d926,desktop,Safari,direct,PROD-00512,Dom Pérignon Rosé 2009,Champagne,Wine,415.51,,398,0,0,
444de736-2189-4fd3-b64b-1c44ecbbfc0f,EVT-000805,USER-00023,search,2026-01-16T04:14:34,SES-01d4c3a7,desktop,Chrome,social,,,,,0.0,gaming laptop,0,0,0,
4c0530e2-432b-4dea-8574-53cb78b792dc,EVT-000806,USER-00155,search,2025-11-03T11:57:36,SES-668ab6ba,mobile,Firefox,social,,,,,0.0,wireless headphones,0,0,0,
49f6d67d-961a-4f29-b571-01aac2db1878,EVT-000807,USER-00218,click,2025-12-12T05:12:13,SES-27774bff,desktop,Safari,email,PROD-00003,Penfolds Grange,Red Wine,Wine,390.13,,276,0,0,
af1af8eb-4513-4a12-83f6-be34377fad49,EVT-000808,USER-00107,search,2025-11-01T03:38:17,SES-2967b796,desktop,Firefox,organic,,,,,0.0,home office chair,0,0,0,
8a306447-0a91-4f61-8377-dbd911bc4645,EVT-000809,USER-00147,add_to_cart,2025-11-15T17:57:40,SES-61b3f4e2,mobile,Chrome,email,PROD-01416,REI Flash 55 Pack,Outdoor Gear,Sports,517.67,,0,1,0,
78dce9c8-1cbd-4dd2-8210-9457000c8f15,EVT-000810,USER-00048,wishlist,2025-11-11T13:58:05,SES-38fb3f80,tablet,Safari,organic,PROD-01844,Samsung Galaxy Watch 6,Smartwatches,Electronics,790.52,,0,0,0,
62030298-9a28-485e-a6e2-07c18c0304a3,EVT-000811,USER-00154,search,2025-11-01T19:21:04,SES-70b35bc6,tablet,Chrome,organic,,,,,0.0,red wine gift,0,0,0,
ec792143-358c-4406-8e4c-8fc32711bad7,EVT-000812,USER-00144,view,2025-12-07T17:49:45,SES-2e5b62ae,tablet,Edge,direct,PROD-01196,Oral-B iO Series 9,Personal Care,Healthcare,285.71,,125,0,0,
e0f0c6a5-d3f2-4cf2-85a4-813f46f03ba8,EVT-000813,USER-00001,view,2025-10-25T03:22:58,SES-b748ad48,desktop,Safari,direct,PROD-00512,Dom Pérignon Rosé 2009,Champagne,Wine,415.51,,398,0,0,
a3420578-e8d0-4dac-8163-76f1686f9455,EVT-000814,USER-00023,search,2026-01-11T14:19:21,SES-a38b694c,desktop,Chrome,social,,,,,0.0,gaming laptop,0,0,0,
085720b2-f0ab-419e-81e7-966672cd6d18,EVT-000815,USER-00155,search,2025-12-10T20:32:21,SES-f6278114,mobile,Firefox,social,,,,,0.0,wireless headphones,0,0,0,
4b07e11e-5925-4ed6-861f-9e04cde2661e,EVT-000816,USER-00218,click,2025-12-04T20:05:43,SES-13b492a0,desktop,Safari,email,PROD-00003,Penfolds Grange,Red Wine,Wine,390.13,,276,0,0,
554ed6ba-4650-41a9-9408-c4e1cc87b2f2,EVT-000817,USER-00107,search,2025-11-29T16:21:31,SES-5fc00d3b,desktop,Firefox,organic,,,,,0.0,home office chair,0,0,0,
14600551-302c-4d89-aa36-1c462902499a,EVT-000818,USER-00147,add_to_cart,2025-10-28T03:36:38,SES-07fac982,mobile,Chrome,email,PROD-01416,REI Flash 55 Pack,Outdoor Gear,Sports,517.67,,0,1,0,
2fa4fe23-8dff-4251-8f62-18a3d1cd5480,EVT-000819,USER-00048,wishlist,2026-01-20T15:46:09,SES-6f64a901,tablet,Safari,organic,PROD-01844,Samsung Galaxy Watch 6,Smartwatches,Electronics,790.52,,0,0,0,
2cdff3e4-a508-43a4-871a-33cdc60bb2bc,EVT-000820,USER-00154,search,2025-11-03T13:46:14,SES-115f2975,tablet,Chrome,organic,,,,,0.0,red wine gift,0,0,0,
5262830f-d61e-4e99-85a6-f697cc7dd475,EVT-000821,USER-00144,view,2025-11-20T20:48:08,SES-62515241,tablet,Edge,direct,PROD-01196,Oral-B iO Series 9,Personal Care,Healthcare,285.71,,125,0,0,
8cc97ee4-d9c7-4d67-8471-5277b815871e,EVT-000822,USER-00001,view,2025-12-01T00:36:58,SES-b8b3dc5d,desktop,Safari,direct,PROD-00512,Dom Pérignon Rosé 2009,Champagne,Wine,415.51,,398,0,0,
9eff73b6-50ea-4fb5-a907-2225a79c1aa1,EVT-000823,USER-00023,search,2025-12-08T17:04:39,SES-2cbe9d93,desktop,Chrome,social,,,,,0.0,gaming laptop,0,0,0,
30e32668-4eb7-4824-b130-c8d25d09ff73,EVT-000824,USER-00155,search,2025-11-09T14:46:58,SES-7eb6b17d,mobile,Firefox,social,,,,,0.0,wireless headphones,0,0,0,
31ed94d5-cfbb-47cb-aa23-1d2c67fdbbed,EVT-000825,USER-00218,click,2026-01-10T09:17:57,SES-308e8a43,desktop,Safari,email,PROD-00003,Penfolds Grange,Red Wine,Wine,390.13,,276,0,0,
72b1bba6-0e09-4289-a90b-c2742ade9a93,EVT-000826,USER-00107,search,2025-11-14T13:21:03,SES-e0a196ab,desktop,Firefox,organic,,,,,0.0,home office chair,0,0,0,
1c164539-3c9b-487c-84e1-71539d9d6463,EVT-000827,USER-00147,add_to_cart,2026-01-12T11:16:51,SES-eb83a4f1,mobile,Chrome,email,PROD-01416,REI Flash 55 Pack,Outdoor Gear,Sports,517.67,,0,1,0,
14099138-bc59-4b4f-895e-4055030a51fc,EVT-000828,USER-00048,wishlist,2026-01-13T01:16:46,SES-669d2342,tablet,Safari,organic,PROD-01844,Samsung Galaxy Watch 6,Smartwatches,Electronics,790.52,,0,0,0,
4d06500d-c7c8-46a3-901e-f7fc8485a099,EVT-000829,USER-00154,search,2025-12-14T19:52:39,SES-0a1d7309,tablet,Chrome,organic,,,,,0.0,red wine gift,0,0,0,
6fe33682-7489-4bc5-a03e-3d78ef84842e,EVT-000830,USER-00144,view,2025-11-17T00:24:21,SES-4e9707f4,tablet,Edge,direct,PROD-01196,Oral-B iO Series 9,Personal Care,Healthcare,285.71,,125,0,0,
878c92d8-6864-4325-bc7e-725708b8e40d,EVT-000831,USER-00001,view,2026-01-10T12:35:51,SES-aeeb8d63,desktop,Safari,direct,PROD-00512,Dom Pérignon Rosé 2009,Champagne,Wine,415.51,,398,0,0,
a0534207-8f1b-4026-a0de-c13bf1f43e43,EVT-000832,USER-00023,search,2025-12-21T05:45:49,SES-a9ad645a,desktop,Chrome,social,,,,,0.0,gaming laptop,0,0,0,
9e03f793-8f05-4a75-b1d5-a44d938fc8f4,EVT-000833,USER-00155,search,2025-12-27T21:31:16,SES-4899b27c,mobile,Firefox,social,,,,,0.0,wireless headphones,0,0,0,
0ab6698b-450e-43dc-a7d8-b58a70d76328,EVT-000834,USER-00218,click,2025-12-04T09:10:34,SES-2fdd2f8c,desktop,Safari,email,PROD-00003,Penfolds Grange,Red Wine,Wine,390.13,,276,0,0,
41acc2fc-64b7-49b8-ba1b-7beda72debbe,EVT-000835,USER-00107,search,2026-01-14T04:16:33,SES-bbdb4893,desktop,Firefox,organic,,,,,0.0,home office chair,0,0,0,
87c3d198-8916-4756-badf-d90ec2793708,EVT-000836,USER-00147,add_to_cart,2025-12-25T15:33:06,SES-2bfc667d,mobile,Chrome,email,PROD-01416,REI Flash 55 Pack,Outdoor Gear,Sports,517.67,,0,1,0,
c5fef898-6091-463a-a4f9-19b991893375,EVT-000837,USER-00048,wishlist,2025-12-21T16:00:46,SES-a3c7aa0d,tablet,Safari,organic,PROD-01844,Samsung Galaxy Watch 6,Smartwatches,Electronics,790.52,,0,0,0,
4988e46c-a5af-4413-938b-12c4ea702232,EVT-000838,USER-00154,search,2025-11-03T16:59:53,SES-9307447f,tablet,Chrome,organic,,,,,0.0,red wine gift,0,0,0,
b15dfa01-8a14-44b6-9ef7-fdaf9bc5658d,EVT-000839,USER-00144,view,2025-12-03T17:23:11,SES-914cc4eb,tablet,Edge,direct,PROD-01196,Oral-B iO Series 9,Personal Care,Healthcare,285.71,,125,0,0,
f9e0c829-1631-430f-afda-6ea9e36a6c9c,EVT-000840,USER-00001,view,2025-11-05T22:42:29,SES-9a00482a,desktop,Safari,direct,PROD-00512,Dom Pérignon Rosé 2009,Champagne,Wine,415.51,,398,0,0,
409ea4a4-9da0-4896-a830-d351e56f0b62,EVT-000841,USER-00023,search,2025-12-23T12:22:34,SES-3c3626e7,desktop,Chrome,social,,,,,0.0,gaming laptop,0,0,0,
17acf106-f0c7-4f18-ba75-8f780e9ee0f6,EVT-000842,USER-00155,search,2025-10-24T20:23:45,SES-220e3254,mobile,Firefox,social,,,,,0.0,wireless headphones,0,0,0,
2eac3e0d-1538-4191-9d93-f494d970082c,EVT-000843,USER-00218,click,2025-11-09T16:33:46,SES-0a2ee519,desktop,Safari,email,PROD-00003,Penfolds Grange,Red Wine,Wine,390.13,,276,0,0,
86526864-dd79-4e77-aaca-61b38b7eb858,EVT-000844,USER-00107,search,2025-11-05T12:04:55,SES-0662fa5a,desktop,Firefox,organic,,,,,0.0,home office chair,0,0,0,
076a2464-1df1-49f7-a783-24d43d6f48a1,EVT-000845,USER-00147,add_to_cart,2026-01-10T05:17:21,SES-da6750c8,mobile,Chrome,email,PROD-01416,REI Flash 55 Pack,Outdoor Gear,Sports,517.67,,0,1,0,
7dea77ba-7b24-4788-a190-05bd96cc9f4c,EVT-000846,USER-00048,wishlist,2026-01-03T00:58:10,SES-d4b1a067,tablet,Safari,organic,PROD-01844,Samsung Galaxy Watch 6,Smartwatches,Electronics,790.52,,0,0,0,
22f30b6d-253e-4ce6-8922-ae793e3ebd16,EVT-000847,USER-00154,search,2025-12-25T13:56:05,SES-776e5ad3,tablet,Chrome,organic,,,,,0.0,red wine gift,0,0,0,
20a240fe-75ee-4370-b9f3-90baacc8508a,EVT-000848,USER-00144,view,2025-11-15T02:45:32,SES-27d9ad9d,tablet,Edge,direct,PROD-01196,Oral-B iO Series 9,Personal Care,Healthcare,285.71,,125,0,0,
8e3ad999-6279-4787-9614-2f3f12e7b306,EVT-000849,USER-00001,view,2025-11-08T07:51:54,SES-b053f815,desktop,Safari,direct,PROD-00512,Dom Pérignon Rosé 2009,Champagne,Wine,415.51,,398,0,0,
e5227e3a-f0fd-42c6-b097-07bbaf628566,EVT-000850,USER-00023,search,2025-12-11T09:50:44,SES-d41d0ac1,desktop,Chrome,social,,,,,0.0,gaming laptop,0,0,0,
e7581461-facc-4b6f-8324-b4d00e7c27a8,EVT-000851,USER-00155,search,2026-01-02T18:08:00,SES-7d2938ee,mobile,Firefox,social,,,,,0.0,wireless headphones,0,0,0,
080ddafa-d124-4ca1-82b8-18efe362769b,EVT-000852,USER-00218,click,2025-12-29T16:10:56,SES-824e1ccf,desktop,Safari,email,PROD-00003,Penfolds Grange,Red Wine,Wine,390.13,,276,0,0,
22f0393b-b795-49da-9ef1-5b0c72399500,EVT-000853,USER-00107,search,2025-12-14T19:47:18,SES-42115e32,desktop,Firefox,organic,,,,,0.0,home office chair,0,0,0,
46d1f528-675a-472e-99be-d0ea4e5bcb71,EVT-000854,USER-00147,add_to_cart,2025-11-11T04:46:52,SES-7cb46eeb,mobile,Chrome,email,PROD-01416,REI Flash 55 Pack,Outdoor Gear,Sports,517.67,,0,1,0,
3f358c96-41fb-4891-b357-a55e691c54b7,EVT-000855,USER-00048,wishlist,2025-12-07T23:27:32,SES-60ca5855,tablet,Safari,organic,PROD-01844,Samsung Galaxy Watch 6,Smartwatches,Electronics,790.52,,0,0,0,
d7cbf6f8-8a4f-41e6-93d9-32aea6bd074b,EVT-000856,USER-00154,search,2025-12-08T09:29:50,SES-ba464dee,tablet,Chrome,organic,,,,,0.0,red wine gift,0,0,0,
2b706c7e-3846-47b2-a9f2-187faa23e503,EVT-000857,USER-00144,view,2025-11-19T21:45:45,SES-777b0343,tablet,Edge,direct,PROD-01196,Oral-B iO Series 9,Personal Care,Healthcare,285.71,,125,0,0,
b272bb93-e0f6-4559-bbfb-6922dd0a6163,EVT-000858,USER-00001,view,2025-11-19T20:23:40,SES-61602ab7,desktop,Safari,direct,PROD-00512,Dom Pérignon Rosé 2009,Champagne,Wine,415.51,,398,0,0,
7c11f4f7-bbc5-4b16-80ab-d656d5d16b70,EVT-000859,USER-00023,search,2025-12-26T13:23:59,SES-5eff1487,desktop,Chrome,social,,,,,0.0,gaming laptop,0,0,0,
10aebf9a-a607-4f84-b49b-6bdb177e2ae9,EVT-000860,USER-00155,search,2025-11-01T10:59:31,SES-502c26fc,mobile,Firefox,social,,,,,0.0,wireless headphones,0,0,0,
313c9f56-06a8-4c91-adc7-22dad33ede0d,EVT-000861,USER-00218,click,2025-12-18T21:50:54,SES-79de9ffb,desktop,Safari,email,PROD-00003,Penfolds Grange,Red Wine,Wine,390.13,,276,0,0,
3e215530-e375-4c9c-8769-5498f40cbf85,EVT-000862,USER-00107,search,2025-12-09T14:37:08,SES-512050f0,desktop,Firefox,organic,,,,,0.0,home office chair,0,0,0,
7bd15b54-72fc-4a01-b846-8ed374968e1e,EVT-000863,USER-00147,add_to_cart,2025-11-27T09:53:32,SES-0938950c,mobile,Chrome,email,PROD-01416,REI Flash 55 Pack,Outdoor Gear,Sports,517.67,,0,1,0,
46e98023-3502-4c24-a941-5ac50715f2f4,EVT-000864,USER-00048,wishlist,2025-12-26T13:46:56,SES-77646f49,tablet,Safari,organic,PROD-01844,Samsung Galaxy Watch 6,Smartwatches,Electronics,790.52,,0,0,0,
530b90c7-83fc-4e34-94b0-126f737f3bd1,EVT-000865,USER-00154,search,2025-11-18T11:08:54,SES-20fbb366,tablet,Chrome,organic,,,,,0.0,red wine gift,0,0,0,
fe49a819-6e71-4d4f-8857-f1d53933a30e,EVT-000866,USER-00144,view,2025-11-29T17:27:59,SES-db483ec5,tablet,Edge,direct,PROD-01196,Oral-B iO Series 9,Personal Care,Healthcare,285.71,,125,0,0,
e874b24d-e221-482a-b609-9881900eb905,EVT-000867,USER-00001,view,2025-11-29T04:57:25,SES-2d21648e,desktop,Safari,direct,PROD-00512,Dom Pérignon Rosé 2009,Champagne,Wine,415.51,,398,0,0,
b4b759d9-88f8-493e-a6ee-240dd3c5b12f,EVT-000868,USER-00023,search,2025-12-29T11:34:41,SES-8e9c71be,desktop,Chrome,social,,,,,0.0,gaming laptop,0,0,0,
ebd6e2c0-5715-498b-85d3-52294aafeac1,EVT-000869,USER-00155,search,2026-01-08T09:43:37,SES-8bc44da6,mobile,Firefox,social,,,,,0.0,wireless headphones,0,0,0,
735a25ca-8a99-4072-91ea-10a5f5196b56,EVT-000870,USER-00218,click,2025-11-02T04:02:24,SES-947e13dd,desktop,Safari,email,PROD-00003,Penfolds Grange,Red Wine,Wine,390.13,,276,0,0,
e9f684ba-0add-4bfa-ad68-316ca666aed5,EVT-000871,USER-00107,search,2025-12-06T19:02:35,SES-83f7fb14,desktop,Firefox,organic,,,,,0.0,home office chair,0,0,0,
f773ecbf-5609-4fae-9e5d-f746401d6f72,EVT-000872,USER-00147,add_to_cart,2025-12-02T05:22:07,SES-2edc0e21,mobile,Chrome,email,PROD-01416,REI Flash 55 Pack,Outdoor Gear,Sports,517.67,,0,1,0,
c74e2413-7f2c-44fe-9ce3-7e1fd7422286,EVT-000873,USER-00048,wishlist,2026-01-09T17:30:24,SES-9cece53c,tablet,Safari,organic,PROD-01844,Samsung Galaxy Watch 6,Smartwatches,Electronics,790.52,,0,0,0,
aca8e3ce-78d1-4239-881c-8246b97cf22c,EVT-000874,USER-00154,search,2025-12-02T23:51:43,SES-585a3626,tablet,Chrome,organic,,,,,0.0,red wine gift,0,0,0,
ab4944b7-81bc-4441-b08a-c0aa5c93b448,EVT-000875,USER-00144,view,2025-11-06T03:10:56,SES-b082103c,tablet,Edge,direct,PROD-01196,Oral-B iO Series 9,Personal Care,Healthcare,285.71,,125,0,0,
66057e3d-90ad-4e5f-82bb-17e90e71d33e,EVT-000876,USER-00001,view,2025-10-25T11:06:20,SES-f688cdad,desktop,Safari,direct,PROD-00512,Dom Pérignon Rosé 2009,Champagne,Wine,415.51,,398,0,0,
c40faf93-c219-4379-9e7f-397d429b17a0,EVT-000877,USER-00023,search,2025-11-19T06:21:03,SES-8b0bd4d5,desktop,Chrome,social,,,,,0.0,gaming laptop,0,0,0,
c65b5a01-403b-40ca-a2d7-fd9a4f381c55,EVT-000878,USER-00155,search,2025-12-06T03:00:30,SES-392871b1,mobile,Firefox,social,,,,,0.0,wireless headphones,0,0,0,
0e20f643-a743-4e93-b3aa-8917f3bfbb65,EVT-000879,USER-00218,click,2025-11-03T09:50:40,SES-ef90ae06,desktop,Safari,email,PROD-00003,Penfolds Grange,Red Wine,Wine,390.13,,276,0,0,
62af44ca-237f-436b-8dbf-285078b3bb4c,EVT-000880,USER-00107,search,2025-12-16T12:37:54,SES-ee92fcdf,desktop,Firefox,organic,,,,,0.0,home office chair,0,0,0,
9019b214-b2f9-4e75-92ee-030aca64ff8a,EVT-000881,USER-00147,add_to_cart,2025-11-29T13:21:56,SES-e7be8fd6,mobile,Chrome,email,PROD-01416,REI Flash 55 Pack,Outdoor Gear,Sports,517.67,,0,1,0,
f03e3228-7750-43df-b631-7dbc78a12ffe,EVT-000882,USER-00048,wishlist,2025-10-23T19:36:25,SES-d31b4bb3,tablet,Safari,organic,PROD-01844,Samsung Galaxy Watch 6,Smartwatches,Electronics,790.52,,0,0,0,
f477468e-ff5c-4a5d-8fac-f061316bcf0f,EVT-000883,USER-00154,search,2025-12-18T02:40:52,SES-6f4f7bf8,tablet,Chrome,organic,,,,,0.0,red wine gift,0,0,0,
9af0d06e-2108-451e-8a16-b776223c3981,EVT-000884,USER-00144,view,2025-11-21T03:24:54,SES-ec8d15ff,tablet,Edge,direct,PROD-01196,Oral-B iO Series 9,Personal Care,Healthcare,285.71,,125,0,0,
bafdfc82-14b0-49c0-8932-a70aa089febd,EVT-000885,USER-00001,view,2025-10-26T01:20:59,SES-2f1bf67f,desktop,Safari,direct,PROD-00512,Dom Pérignon Rosé 2009,Champagne,Wine,415.51,,398,0,0,
ae7b3b27-7c49-44db-a843-e1cd2a58af61,EVT-000886,USER-00023,search,2025-12-24T09:08:32,SES-74fbb509,desktop,Chrome,social,,,,,0.0,gaming laptop,0,0,0,
db60c2e6-510f-481d-9973-17e40004a4de,EVT-000887,USER-00155,search,2025-12-24T21:31:23,SES-64c28d9e,mobile,Firefox,social,,,,,0.0,wireless headphones,0,0,0,
a1911008-cc4b-43b8-b208-d1b20df7e7d7,EVT-000888,USER-00218,click,2026-01-17T11:17:06,SES-387218e4,desktop,Safari,email,PROD-00003,Penfolds Grange,Red Wine,Wine,390.13,,276,0,0,
66710a63-7714-42af-bb80-46de4fb8d6fd,EVT-000889,USER-00107,search,2025-12-25T13:17:47,SES-e765a758,desktop,Firefox,organic,,,,,0.0,home office chair,0,0,0,
d7692257-a92d-4c72-924b-958b20fabea4,EVT-000890,USER-00147,add_to_cart,2025-12-21T22:20:46,SES-28ba9b02,mobile,Chrome,email,PROD-01416,REI Flash 55 Pack,Outdoor Gear,Sports,517.67,,0,1,0,
76de2421-d048-45c0-8cbd-9e1be0177445,EVT-000891,USER-00048,wishlist,2025-12-04T21:38:29,SES-8ba72b0d,tablet,Safari,organic,PROD-01844,Samsung Galaxy Watch 6,Smartwatches,Electronics,790.52,,0,0,0,
7efd6a9f-3a15-4fca-abea-3b1225468c9a,EVT-000892,USER-00154,search,2025-10-26T21:16:07,SES-565bab3a,tablet,Chrome,organic,,,,,0.0,red wine gift,0,0,0,
e237078c-4ce8-419b-aba7-beb7a2b5e021,EVT-000893,USER-00144,view,2026-01-18T21:58:30,SES-51e627b1,tablet,Edge,direct,PROD-01196,Oral-B iO Series 9,Personal Care,Healthcare,285.71,,125,0,0,
1a80a1d8-07b5-43be-abc2-c219a23e0147,EVT-000894,USER-00001,view,2026-01-18T19:31:43,SES-0845d00d,desktop,Safari,direct,PROD-00512,Dom Pérignon Rosé 2009,Champagne,Wine,415.51,,398,0,0,
974381a6-bdc3-4cff-b9bc-e8d345e252ce,EVT-000895,USER-00023,search,2025-11-26T04:30:10,SES-045bdeef,desktop,Chrome,social,,,,,0.0,gaming laptop,0,0,0,
71d1c683-b1de-4c78-9af3-9162bcb6fd1a,EVT-000896,USER-00155,search,2025-11-05T06:31:48,SES-a586d890,mobile,Firefox,social,,,,,0.0,wireless headphones,0,0,0,
df6ab0f9-eb7d-4be8-8579-43a55606f316,EVT-000897,USER-00218,click,2025-12-07T04:13:55,SES-8fc28ef2,desktop,Safari,email,PROD-00003,Penfolds Grange,Red Wine,Wine,390.13,,276,0,0,
3447499c-87e2-4474-8ed0-2eefd951a16a,EVT-000898,USER-00107,search,2026-01-16T10:07:36,SES-f1e170ac,desktop,Firefox,organic,,,,,0.0,home office chair,0,0,0,
3306baaa-0892-448f-9687-5d8fa2aca713,EVT-000899,USER-00147,add_to_cart,2025-12-31T22:47:37,SES-42c933c2,mobile,Chrome,email,PROD-01416,REI Flash 55 Pack,Outdoor Gear,Sports,517.67,,0,1,0,
a3d98030-918b-4972-ab56-6ffcc618765d,EVT-000900,USER-00048,wishlist,2025-12-06T05:57:45,SES-c66a48b2,tablet,Safari,organic,PROD-01844,Samsung Galaxy Watch 6,Smartwatches,Electronics,790.52,,0,0,0,
e728f442-0e5f-4526-840e-bc04d7726565,EVT-000901,USER-00154,search,2025-11-18T15:09:45,SES-25a6625b,tablet,Chrome,organic,,,,,0.0,red wine gift,0,0,0,
adfb7ce6-33d8-4e28-8a54-56b9207feca7,EVT-000902,USER-00144,view,2025-10-23T15:10:50,SES-a028bf2a,tablet,Edge,direct,PROD-01196,Oral-B iO Series 9,Personal Care,Healthcare,285.71,,125,0,0,
62b36552-512f-4f7d-bdb4-74f374c912b4,EVT-000903,USER-00001,view,2025-11-07T02:49:44,SES-55f4a95e,desktop,Safari,direct,PROD-00512,Dom Pérignon Rosé 2009,Champagne,Wine,415.51,,398,0,0,
416065f7-811d-449a-a69d-8fb807a8b54c,EVT-000904,USER-00023,search,2025-11-26T11:32:30,SES-e29df249,desktop,Chrome,social,,,,,0.0,gaming laptop,0,0,0,
83e369f1-a1a9-4cd0-9e1e-572d7ab55080,EVT-000905,USER-00155,search,2025-12-10T08:30:05,SES-c94869e8,mobile,Firefox,social,,,,,0.0,wireless headphones,0,0,0,
7cc521f0-f08b-4f19-b76e-e7f2e68bfcca,EVT-000906,USER-00218,click,2026-01-13T20:10:48,SES-27d9766c,desktop,Safari,email,PROD-00003,Penfolds Grange,Red Wine,Wine,390.13,,276,0,0,
cc274eba-81d9-4b31-912e-53d4d7badc05,EVT-000907,USER-00107,search,2026-01-14T08:15:23,SES-6478dea9,desktop,Firefox,organic,,,,,0.0,home office chair,0,0,0,
fee3d741-a1c5-4745-9472-90c615e3772b,EVT-000908,USER-00147,add_to_cart,2025-12-10T14:29:00,SES-8f8a115a,mobile,Chrome,email,PROD-01416,REI Flash 55 Pack,Outdoor Gear,Sports,517.67,,0,1,0,
ef5bb2e4-ebb0-4a55-8ada-3fe7da79eeef,EVT-000909,USER-00048,wishlist,2025-11-12T05:04:57,SES-d7272103,tablet,Safari,organic,PROD-01844,Samsung Galaxy Watch 6,Smartwatches,Electronics,790.52,,0,0,0,
622a4a8a-40be-4ae6-aa50-74faba1d03c2,EVT-000910,USER-00154,search,2025-11-25T14:46:18,SES-982c2adb,tablet,Chrome,organic,,,,,0.0,red wine gift,0,0,0,
ea8e6ed9-78f8-4120-a12b-a176ee7eadea,EVT-000911,USER-00144,view,2026-01-18T09:01:28,SES-573df3c9,tablet,Edge,direct,PROD-01196,Oral-B iO Series 9,Personal Care,Healthcare,285.71,,125,0,0,
3b495bd3-7514-438c-b35c-be09a44ea417,EVT-000912,USER-00001,view,2025-12-30T07:33:07,SES-453f48a8,desktop,Safari,direct,PROD-00512,Dom Pérignon Rosé 2009,Champagne,Wine,415.51,,398,0,0,
85c08ce5-0d6f-4f7b-b4bd-95a004d5c7ac,EVT-000913,USER-00023,search,2025-12-12T17:23:52,SES-8b9eef93,desktop,Chrome,social,,,,,0.0,gaming laptop,0,0,0,
64329443-0cee-4cf9-92be-57664173a953,EVT-000914,USER-00155,search,2025-11-29T16:09:00,SES-e25b9dbc,mobile,Firefox,social,,,,,0.0,wireless headphones,0,0,0,
32ba7aa8-0385-4bd2-96f8-87b5429247a8,EVT-000915,USER-00218,click,2025-12-11T13:24:40,SES-fec52768,desktop,Safari,email,PROD-00003,Penfolds Grange,Red Wine,Wine,390.13,,276,0,0,
9f5444e1-8d43-40ed-ba2e-e3dd463a6931,EVT-000916,USER-00107,search,2025-10-28T20:11:03,SES-c1e39873,desktop,Firefox,organic,,,,,0.0,home office chair,0,0,0,
b5c17c98-9774-462f-911a-aaf0ef3b189b,EVT-000917,USER-00147,add_to_cart,2025-11-08T16:32:11,SES-e7b297e5,mobile,Chrome,email,PROD-01416,REI Flash 55 Pack,Outdoor Gear,Sports,517.67,,0,1,0,
8c164f13-cda1-40ac-899a-2f42a5901aa9,EVT-000918,USER-00048,wishlist,2025-12-25T10:19:55,SES-b9b434e7,tablet,Safari,organic,PROD-01844,Samsung Galaxy Watch 6,Smartwatches,Electronics,790.52,,0,0,0,
a55c3a56-c65c-449f-bfae-c38981d05169,EVT-000919,USER-00154,search,2025-11-06T10:43:24,SES-32bbbd1f,tablet,Chrome,organic,,,,,0.0,red wine gift,0,0,0,
754a6f72-3602-4c08-be37-a552a520b5b2,EVT-000920,USER-00144,view,2025-11-25T21:50:20,SES-0ce0bf8c,tablet,Edge,direct,PROD-01196,Oral-B iO Series 9,Personal Care,Healthcare,285.71,,125,0,0,
3b2a6631-7139-4e0b-9ac8-a679a6acf9ad,EVT-000921,USER-00001,view,2025-12-25T10:21:54,SES-9031911a,desktop,Safari,direct,PROD-00512,Dom Pérignon Rosé 2009,Champagne,Wine,415.51,,398,0,0,
19ca4b26-c574-4f45-aaab-312cc55bd728,EVT-000922,USER-00023,search,2025-12-31T13:48:29,SES-9450d746,desktop,Chrome,social,,,,,0.0,gaming laptop,0,0,0,
2fac1632-0a18-4afa-9792-4900d6ba7066,EVT-000923,USER-00155,search,2025-12-16T10:09:31,SES-dc64e6c5,mobile,Firefox,social,,,,,0.0,wireless headphones,0,0,0,
5bb726d2-63d0-4195-b0ae-21a6f6507532,EVT-000924,USER-00218,click,2025-11-24T16:32:05,SES-b8d59e53,desktop,Safari,email,PROD-00003,Penfolds Grange,Red Wine,Wine,390.13,,276,0,0,
1943e8b7-edda-40c1-877b-486dec48ab8a,EVT-000925,USER-00107,search,2025-12-06T08:35:58,SES-4a8bba7c,desktop,Firefox,organic,,,,,0.0,home office chair,0,0,0,
b9334376-3efd-432d-9e8d-1390153cf1c6,EVT-000926,USER-00147,add_to_cart,2025-12-31T04:25:30,SES-0039c880,mobile,Chrome,email,PROD-01416,REI Flash 55 Pack,Outdoor Gear,Sports,517.67,,0,1,0,
354c97e3-4b87-461c-975b-ce545ae131b5,EVT-000927,USER-00048,wishlist,2026-01-14T02:45:40,SES-0a3a9353,tablet,Safari,organic,PROD-01844,Samsung Galaxy Watch 6,Smartwatches,Electronics,790.52,,0,0,0,
b46dabe2-7c8c-4e66-a241-fc446f71c15c,EVT-000928,USER-00154,search,2026-01-07T03:03:57,SES-d1b51565,tablet,Chrome,organic,,,,,0.0,red wine gift,0,0,0,
45aa9aa2-672c-4b78-a07d-e8b3a2cce795,EVT-000929,USER-00144,view,2025-11-05T08:14:40,SES-d3bfd683,tablet,Edge,direct,PROD-01196,Oral-B iO Series 9,Personal Care,Healthcare,285.71,,125,0,0,
dbe60182-6caa-4fa7-bb7a-d4d1528f2275,EVT-000930,USER-00001,view,2025-11-18T18:30:32,SES-56cfe28c,desktop,Safari,direct,PROD-00512,Dom Pérignon Rosé 2009,Champagne,Wine,415.51,,398,0,0,
8d8e1606-40d3-471d-a1f3-73301ce84789,EVT-000931,USER-00023,search,2026-01-06T23:01:15,SES-c6b853b9,desktop,Chrome,social,,,,,0.0,gaming laptop,0,0,0,
03ac4e34-8e04-4027-88e3-88d9dd08fd5e,EVT-000932,USER-00155,search,2026-01-04T18:56:02,SES-32f8ea66,mobile,Firefox,social,,,,,0.0,wireless headphones,0,0,0,
d704ca22-8401-4958-b670-9e66df1f6a09,EVT-000933,USER-00218,click,2025-12-25T16:12:54,SES-23c9061d,desktop,Safari,email,PROD-00003,Penfolds Grange,Red Wine,Wine,390.13,,276,0,0,
3e5e9c29-1857-4acc-ab5f-eb168a28589d,EVT-000934,USER-00107,search,2025-11-21T03:48:26,SES-f26847cf,desktop,Firefox,organic,,,,,0.0,home office chair,0,0,0,
73c5a578-a731-4ae4-b364-108f6ccc3e70,EVT-000935,USER-00147,add_to_cart,2026-01-20T09:47:12,SES-3fa4c39f,mobile,Chrome,email,PROD-01416,REI Flash 55 Pack,Outdoor Gear,Sports,517.67,,0,1,0,
8efb68fa-ab06-40c0-86f9-cf78e49fc8cf,EVT-000936,USER-00048,wishlist,2025-11-29T23:50:59,SES-16834712,tablet,Safari,organic,PROD-01844,Samsung Galaxy Watch 6,Smartwatches,Electronics,790.52,,0,0,0,
04ab10c8-abae-42a0-adaa-3a383b2e3734,EVT-000937,USER-00154,search,2025-10-29T08:52:13,SES-502819c4,tablet,Chrome,organic,,,,,0.0,red wine gift,0,0,0,
bd7f9782-531b-406a-b060-978d533310cc,EVT-000938,USER-00144,view,2026-01-19T16:44:13,SES-d566c5e8,tablet,Edge,direct,PROD-01196,Oral-B iO Series 9,Personal Care,Healthcare,285.71,,125,0,0,
e9960024-7414-4892-a9b9-ca7fa556ef08,EVT-000939,USER-00001,view,2026-01-12T05:41:58,SES-78e34820,desktop,Safari,direct,PROD-00512,Dom Pérignon Rosé 2009,Champagne,Wine,415.51,,398,0,0,
d4f4095e-3d71-4cd8-b297-774a803c2ed3,EVT-000940,USER-00023,search,2025-12-24T09:12:02,SES-3bbb7439,desktop,Chrome,social,,,,,0.0,gaming laptop,0,0,0,
3ea78a7c-4f20-4cf7-84c7-97b251f11fc8,EVT-000941,USER-00155,search,2025-12-08T17:08:10,SES-18108b94,mobile,Firefox,social,,,,,0.0,wireless headphones,0,0,0,
d4ad34e7-e77e-4db0-8363-a5e4a86242ab,EVT-000942,USER-00218,click,2025-11-28T07:17:27,SES-7815a391,desktop,Safari,email,PROD-00003,Penfolds Grange,Red Wine,Wine,390.13,,276,0,0,
2767da73-199a-4e66-9277-f8edb13198e3,EVT-000943,USER-00107,search,2025-12-07T13:11:31,SES-bc2c6600,desktop,Firefox,organic,,,,,0.0,home office chair,0,0,0,
2693f005-4ac9-4d74-9f56-f9afc1492511,EVT-000944,USER-00147,add_to_cart,2025-12-20T13:38:35,SES-ff107244,mobile,Chrome,email,PROD-01416,REI Flash 55 Pack,Outdoor Gear,Sports,517.67,,0,1,0,
e58067da-3df4-4817-b9ae-1d7516cac8f1,EVT-000945,USER-00048,wishlist,2025-12-25T17:26:42,SES-33e1d214,tablet,Safari,organic,PROD-01844,Samsung Galaxy Watch 6,Smartwatches,Electronics,790.52,,0,0,0,
e4d2240b-2dcb-4a2b-990c-4498088f38e9,EVT-000946,USER-00154,search,2025-11-09T06:13:57,SES-909271ab,tablet,Chrome,organic,,,,,0.0,red wine gift,0,0,0,
976c58a5-33f7-4f6b-bc26-2c7aebe3d6da,EVT-000947,USER-00144,view,2025-12-17T16:11:50,SES-306736fd,tablet,Edge,direct,PROD-01196,Oral-B iO Series 9,Personal Care,Healthcare,285.71,,125,0,0,
0c678d13-d1f0-4251-89ee-b3a8b670631c,EVT-000948,USER-00001,view,2025-12-30T12:51:16,SES-e196bf6b,desktop,Safari,direct,PROD-00512,Dom Pérignon Rosé 2009,Champagne,Wine,415.51,,398,0,0,
f6ad7e85-a5da-4ac3-bad6-8547eac5471b,EVT-000949,USER-00023,search,2025-12-10T23:16:44,SES-8fa349a6,desktop,Chrome,social,,,,,0.0,gaming laptop,0,0,0,
f7d7c4bb-a87b-4e73-9bfc-e8cf5f758ada,EVT-000950,USER-00155,search,2026-01-06T00:44:15,SES-233cc25a,mobile,Firefox,social,,,,,0.0,wireless headphones,0,0,0,
eabfc370-c52b-4b44-87b8-85fb19c5740b,EVT-000951,USER-00218,click,2025-12-25T17:17:22,SES-a5df3ce6,desktop,Safari,email,PROD-00003,Penfolds Grange,Red Wine,Wine,390.13,,276,0,0,
6690346b-2188-449c-a005-7c7f4f6f160f,EVT-000952,USER-00107,search,2025-12-12T18:16:45,SES-ac862472,desktop,Firefox,organic,,,,,0.0,home office chair,0,0,0,
218dd717-3e44-4745-9b39-be68ec43bbc4,EVT-000953,USER-00147,add_to_cart,2025-11-16T21:58:11,SES-07ecb8c0,mobile,Chrome,email,PROD-01416,REI Flash 55 Pack,Outdoor Gear,Sports,517.67,,0,1,0,
9be96159-ce45-4fda-90cd-bdf14396dee9,EVT-000954,USER-00048,wishlist,2025-11-04T07:30:16,SES-943cfdcc,tablet,Safari,organic,PROD-01844,Samsung Galaxy Watch 6,Smartwatches,Electronics,790.52,,0,0,0,
b2965198-dde2-4ccf-9dc9-8bc7d7333233,EVT-000955,USER-00154,search,2025-12-29T11:50:54,SES-bef5bdef,tablet,Chrome,organic,,,,,0.0,red wine gift,0,0,0,
bd074438-79c8-4b17-a46c-415649aeae5d,EVT-000956,USER-00144,view,2025-11-23T05:04:57,SES-541db892,tablet,Edge,direct,PROD-01196,Oral-B iO Series 9,Personal Care,Healthcare,285.71,,125,0,0,
f26dd624-db9d-4b11-9feb-47059f052a94,EVT-000957,USER-00001,view,2025-12-18T22:03:15,SES-587b67e7,desktop,Safari,direct,PROD-00512,Dom Pérignon Rosé 2009,Champagne,Wine,415.51,,398,0,0,
8bdc5c6e-04df-43f3-82a4-b1ad66b4b24f,EVT-000958,USER-00023,search,2025-12-18T03:06:58,SES-ea98dd5c,desktop,Chrome,social,,,,,0.0,gaming laptop,0,0,0,
35ff7316-de22-4917-9d91-042213e9452d,EVT-000959,USER-00155,search,2025-11-25T13:03:00,SES-8c23a223,mobile,Firefox,social,,,,,0.0,wireless headphones,0,0,0,
9eb23171-d151-42f6-bf3f-c9402a62853b,EVT-000960,USER-00218,click,2025-12-18T11:53:50,SES-b147efb9,desktop,Safari,email,PROD-00003,Penfolds Grange,Red Wine,Wine,390.13,,276,0,0,
b41c2581-738f-4b0c-9903-62183635324d,EVT-000961,USER-00107,search,2025-12-21T16:45:01,SES-08fbe290,desktop,Firefox,organic,,,,,0.0,home office chair,0,0,0,
5c7e5b45-73f9-4a59-a3db-53df23ab1c8f,EVT-000962,USER-00147,add_to_cart,2026-01-11T07:42:16,SES-59937eee,mobile,Chrome,email,PROD-01416,REI Flash 55 Pack,Outdoor Gear,Sports,517.67,,0,1,0,
218045de-f99c-44a4-8386-292da0245a44,EVT-000963,USER-00048,wishlist,2025-11-30T22:47:26,SES-17950ec6,tablet,Safari,organic,PROD-01844,Samsung Galaxy Watch 6,Smartwatches,Electronics,790.52,,0,0,0,
2a979967-00fa-4f69-9bed-0cc625eadbe0,EVT-000964,USER-00154,search,2025-10-29T07:22:44,SES-2bcefccc,tablet,Chrome,organic,,,,,0.0,red wine gift,0,0,0,
708cd774-7304-440a-90bd-5ac56e4ca548,EVT-000965,USER-00144,view,2025-10-27T02:37:18,SES-39c096f1,tablet,Edge,direct,PROD-01196,Oral-B iO Series 9,Personal Care,Healthcare,285.71,,125,0,0,
61d9ebe8-9e26-447d-90b7-fec4966de228,EVT-000966,USER-00001,view,2025-10-25T14:43:13,SES-4cec5e26,desktop,Safari,direct,PROD-00512,Dom Pérignon Rosé 2009,Champagne,Wine,415.51,,398,0,0,
b7907260-2671-4aef-9bd7-a15a36f32ce3,EVT-000967,USER-00023,search,2026-01-13T11:18:21,SES-8cd50c66,desktop,Chrome,social,,,,,0.0,gaming laptop,0,0,0,
0cb51f66-b4bf-42f2-8233-bbd557543223,EVT-000968,USER-00155,search,2026-01-01T21:39:28,SES-043b3d2c,mobile,Firefox,social,,,,,0.0,wireless headphones,0,0,0,
0c741441-ecf0-434b-84ae-0a4676cf724f,EVT-000969,USER-00218,click,2025-11-07T04:50:41,SES-265b9963,desktop,Safari,email,PROD-00003,Penfolds Grange,Red Wine,Wine,390.13,,276,0,0,
2a0c6d57-d259-494c-af13-f25fd6a9c1a7,EVT-000970,USER-00107,search,2025-11-14T05:50:22,SES-f4360973,desktop,Firefox,organic,,,,,0.0,home office chair,0,0,0,
8a52cac3-9c66-4811-88ef-e70f19db624d,EVT-000971,USER-00147,add_to_cart,2025-11-01T02:53:05,SES-05b2843e,mobile,Chrome,email,PROD-01416,REI Flash 55 Pack,Outdoor Gear,Sports,517.67,,0,1,0,
4c6fb4a6-a501-4a07-8207-05b5f2eb0452,EVT-000972,USER-00048,wishlist,2025-12-26T08:05:59,SES-2b69e8b9,tablet,Safari,organic,PROD-01844,Samsung Galaxy Watch 6,Smartwatches,Electronics,790.52,,0,0,0,
78bc1b31-7733-41e9-8521-b9db1eb42ce1,EVT-000973,USER-00154,search,2025-11-02T01:26:27,SES-4d214989,tablet,Chrome,organic,,,,,0.0,red wine gift,0,0,0,
2132239a-da8d-41c0-8c60-a4a1648c20b4,EVT-000974,USER-00144,view,2025-12-10T05:41:41,SES-41d8bbd3,tablet,Edge,direct,PROD-01196,Oral-B iO Series 9,Personal Care,Healthcare,285.71,,125,0,0,
5b1c2737-9af1-4cbb-a719-b5662c6fb325,EVT-000975,USER-00001,view,2025-12-27T16:51:54,SES-999c65e1,desktop,Safari,direct,PROD-00512,Dom Pérignon Rosé 2009,Champagne,Wine,415.51,,398,0,0,
c56642a8-3d24-43e2-926b-875e8d57163e,EVT-000976,USER-00023,search,2025-12-08T00:03:07,SES-d9b54cd3,desktop,Chrome,social,,,,,0.0,gaming laptop,0,0,0,
a82a0397-2196-433b-83d9-f3c4eab393f0,EVT-000977,USER-00155,search,2025-11-23T04:06:37,SES-e61354e2,mobile,Firefox,social,,,,,0.0,wireless headphones,0,0,0,
ca710907-e379-476e-bbf8-24a431122918,EVT-000978,USER-00218,click,2026-01-04T12:38:47,SES-457505b0,desktop,Safari,email,PROD-00003,Penfolds Grange,Red Wine,Wine,390.13,,276,0,0,
7e241682-160f-454d-b665-92b7784617ad,EVT-000979,USER-00107,search,2025-11-14T05:26:38,SES-57aec7e6,desktop,Firefox,organic,,,,,0.0,home office chair,0,0,0,
a8655309-ebc3-4483-bf7f-dab173208ba6,EVT-000980,USER-00147,add_to_cart,2026-01-05T16:13:18,SES-9a90f02b,mobile,Chrome,email,PROD-01416,REI Flash 55 Pack,Outdoor Gear,Sports,517.67,,0,1,0,
1b5c64c1-aaeb-42ca-8ee1-bf6387211575,EVT-000981,USER-00048,wishlist,2026-01-09T06:00:00,SES-e866e823,tablet,Safari,organic,PROD-01844,Samsung Galaxy Watch 6,Smartwatches,Electronics,790.52,,0,0,0,
d32320a2-5fda-4504-ac55-6c83620459e4,EVT-000982,USER-00154,search,2026-01-19T19:19:09,SES-1991f9bc,tablet,Chrome,organic,,,,,0.0,red wine gift,0,0,0,
7e4fa95a-a5dc-4546-8cb0-e7b91bb88e16,EVT-000983,USER-00144,view,2026-01-01T21:07:14,SES-bd835145,tablet,Edge,direct,PROD-01196,Oral-B iO Series 9,Personal Care,Healthcare,285.71,,125,0,0,
138344f1-39d0-4318-b989-fd999ba5815b,EVT-000984,USER-00001,view,2026-01-07T23:49:23,SES-05a44eae,desktop,Safari,direct,PROD-00512,Dom Pérignon Rosé 2009,Champagne,Wine,415.51,,398,0,0,
ed4b769c-a02c-4092-b7e5-44ac942ff209,EVT-000985,USER-00023,search,2025-11-14T17:17:14,SES-183c54c3,desktop,Chrome,social,,,,,0.0,gaming laptop,0,0,0,
75365678-9f62-4c06-b749-1c3187f060f1,EVT-000986,USER-00155,search,2025-11-01T23:36:12,SES-fac69d45,mobile,Firefox,social,,,,,0.0,wireless headphones,0,0,0,
69316932-1d71-4b81-be24-55720fdd7497,EVT-000987,USER-00218,click,2026-01-18T02:36:07,SES-21a7e77a,desktop,Safari,email,PROD-00003,Penfolds Grange,Red Wine,Wine,390.13,,276,0,0,
a3ef51a8-42c8-458b-b2a8-0c8f9b1454f4,EVT-000988,USER-00107,search,2026-01-16T06:14:17,SES-63502fbb,desktop,Firefox,organic,,,,,0.0,home office chair,0,0,0,
036f6763-fd8e-4ce5-8fba-387c64fe35ac,EVT-000989,USER-00147,add_to_cart,2025-11-08T15:22:26,SES-65be1e7c,mobile,Chrome,email,PROD-01416,REI Flash 55 Pack,Outdoor Gear,Sports,517.67,,0,1,0,
4d7104bc-0549-40b4-8817-5245c545c712,EVT-000990,USER-00048,wishlist,2026-01-01T10:40:21,SES-45cb21cb,tablet,Safari,organic,PROD-01844,Samsung Galaxy Watch 6,Smartwatches,Electronics,790.52,,0,0,0,
3cee76b9-5b46-4886-bd33-17d705494eca,EVT-000991,USER-00154,search,2026-01-17T09:32:30,SES-b3f19ade,tablet,Chrome,organic,,,,,0.0,red wine gift,0,0,0,
a920920e-f95a-4726-bb05-a3729ba4a7c1,EVT-000992,USER-00144,view,2025-11-29T00:54:31,SES-4635a977,tablet,Edge,direct,PROD-01196,Oral-B iO Series 9,Personal Care,Healthcare,285.71,,125,0,0,
61bd14a3-e5de-4a1f-befe-398c848c2e82,EVT-000993,USER-00001,view,2026-01-04T03:06:12,SES-771ba123,desktop,Safari,direct,PROD-00512,Dom Pérignon Rosé 2009,Champagne,Wine,415.51,,398,0,0,
745f5ddb-0248-4b7b-b6c9-01b790e8d751,EVT-000994,USER-00023,search,2025-12-02T12:43:52,SES-8024496b,desktop,Chrome,social,,,,,0.0,gaming laptop,0,0,0,
7f5e2560-8fe6-4a7b-8da6-317a470172ad,EVT-000995,USER-00155,search,2026-01-20T07:13:15,SES-cafa3522,mobile,Firefox,social,,,,,0.0,wireless headphones,0,0,0,
0535c9b1-5370-4042-ae9b-040fed282628,EVT-000996,USER-00218,click,2025-10-28T23:55:19,SES-a9c5849c,desktop,Safari,email,PROD-00003,Penfolds Grange,Red Wine,Wine,390.13,,276,0,0,
60f74efe-125f-4fed-8e81-2280b50cbe01,EVT-000997,USER-00107,search,2025-10-28T18:13:44,SES-22abb46e,desktop,Firefox,organic,,,,,0.0,home office chair,0,0,0,
312276e3-8146-4094-9d9e-69c60a64784e,EVT-000998,USER-00147,add_to_cart,2025-12-21T03:46:05,SES-7d49b0f8,mobile,Chrome,email,PROD-01416,REI Flash 55 Pack,Outdoor Gear,Sports,517.67,,0,1,0,
32b57032-da5a-4ce8-b670-a1a5d3e5d1a9,EVT-000999,USER-00048,wishlist,2025-11-16T01:35:56,SES-fcf15351,tablet,Safari,organic,PROD-01844,Samsung Galaxy Watch 6,Smartwatches,Electronics,790.52,,0,0,0,
3ec9b287-30f4-444a-ba6f-1c7a3ec887b8,EVT-001000,USER-00154,search,2025-11-02T20:40:21,SES-50c2de07,tablet,Chrome,organic,,,,,0.0,red wine gift,0,0,0,
cafd3ee2-913c-4301-a91f-973e4abf04eb,EVT-001001,USER-00144,view,2025-10-26T09:07:13,SES-861afc38,tablet,Edge,direct,PROD-01196,Oral-B iO Series 9,Personal Care,Healthcare,285.71,,125,0,0,
074c6ae8-940d-47f5-b976-66545ca035a3,EVT-001002,USER-00001,view,2026-01-12T23:07:14,SES-e768e3b6,desktop,Safari,direct,PROD-00512,Dom Pérignon Rosé 2009,Champagne,Wine,415.51,,398,0,0,
055c449d-1e3b-4288-8ae5-f4fc84fecd58,EVT-001003,USER-00023,search,2026-01-03T13:24:16,SES-360924cc,desktop,Chrome,social,,,,,0.0,gaming laptop,0,0,0,
7f704a22-a672-41bf-b379-c448027d5215,EVT-001004,USER-00155,search,2025-10-29T19:45:21,SES-e57b98f0,mobile,Firefox,social,,,,,0.0,wireless headphones,0,0,0,
622be80d-1939-44df-a1d6-adcdfb49f350,EVT-001005,USER-00218,click,2025-12-04T14:45:55,SES-3839af64,desktop,Safari,email,PROD-00003,Penfolds Grange,Red Wine,Wine,390.13,,276,0,0,
69296240-a5bb-4d08-a098-d93e0eb5b57b,EVT-001006,USER-00107,search,2026-01-04T20:40:06,SES-e603629b,desktop,Firefox,organic,,,,,0.0,home office chair,0,0,0,
9d68f9e2-3792-44b4-93fe-5fedc3d0eca3,EVT-001007,USER-00147,add_to_cart,2025-11-28T02:09:47,SES-74369e55,mobile,Chrome,email,PROD-01416,REI Flash 55 Pack,Outdoor Gear,Sports,517.67,,0,1,0,
5be68fb4-3621-4078-aa75-931270807758,EVT-001008,USER-00048,wishlist,2025-12-20T15:15:16,SES-397b7bf9,tablet,Safari,organic,PROD-01844,Samsung Galaxy Watch 6,Smartwatches,Electronics,790.52,,0,0,0,
a4a14850-a88a-43bc-8d3c-625531f3e4fb,EVT-001009,USER-00154,search,2025-12-23T00:57:04,SES-89ca667f,tablet,Chrome,organic,,,,,0.0,red wine gift,0,0,0,
2931ccb2-e72c-4fcb-a925-dbc1afd2170c,EVT-001010,USER-00144,view,2026-01-12T08:51:15,SES-0a835113,tablet,Edge,direct,PROD-01196,Oral-B iO Series 9,Personal Care,Healthcare,285.71,,125,0,0,
b3c69cbe-35a9-4561-a45c-e44b213eae09,EVT-001011,USER-00001,view,2025-10-25T14:34:29,SES-a9834fcd,desktop,Safari,direct,PROD-00512,Dom Pérignon Rosé 2009,Champagne,Wine,415.51,,398,0,0,
16380ef8-e265-49eb-a724-00720a04e528,EVT-001012,USER-00023,search,2026-01-20T09:57:32,SES-ca9c1a32,desktop,Chrome,social,,,,,0.0,gaming laptop,0,0,0,
6fc76fae-7787-4c36-b461-0e9eb7ddd9f5,EVT-001013,USER-00155,search,2025-11-08T15:32:07,SES-9d02f01d,mobile,Firefox,social,,,,,0.0,wireless headphones,0,0,0,
b33d1a79-9dc5-41e6-8508-49855d270a77,EVT-001014,USER-00218,click,2025-11-22T22:17:04,SES-5a4ba27a,desktop,Safari,email,PROD-00003,Penfolds Grange,Red Wine,Wine,390.13,,276,0,0,
52312e97-b1c8-406d-81ab-8f5ed126a51c,EVT-001015,USER-00107,search,2025-11-02T04:47:51,SES-c6746ece,desktop,Firefox,organic,,,,,0.0,home office chair,0,0,0,
fc217d28-db4c-44d2-ab7f-8d1225cb6f99,EVT-001016,USER-00147,add_to_cart,2025-12-29T14:04:42,SES-58e406b4,mobile,Chrome,email,PROD-01416,REI Flash 55 Pack,Outdoor Gear,Sports,517.67,,0,1,0,
52f47128-3e3c-4e4a-88e8-06724482a2ce,EVT-001017,USER-00048,wishlist,2025-12-05T09:21:46,SES-44428b88,tablet,Safari,organic,PROD-01844,Samsung Galaxy Watch 6,Smartwatches,Electronics,790.52,,0,0,0,
6f785068-c5e7-4f57-a451-2052f1471433,EVT-001018,USER-00154,search,2025-11-28T09:52:07,SES-7b530735,tablet,Chrome,organic,,,,,0.0,red wine gift,0,0,0,
bce6526f-4e12-4dca-814f-3e403b49c956,EVT-001019,USER-00144,view,2025-11-04T16:20:48,SES-6eb4b4fc,tablet,Edge,direct,PROD-01196,Oral-B iO Series 9,Personal Care,Healthcare,285.71,,125,0,0,
38762728-eda4-49c4-af50-f2c0cb31779a,EVT-001020,USER-00001,view,2025-12-23T15:10:09,SES-86331da2,desktop,Safari,direct,PROD-00512,Dom Pérignon Rosé 2009,Champagne,Wine,415.51,,398,0,0,
57a168b8-6e8f-44ed-8db9-dacf82553787,EVT-001021,USER-00023,search,2025-12-17T10:55:58,SES-95e0726c,desktop,Chrome,social,,,,,0.0,gaming laptop,0,0,0,
6d1e46c6-2a14-4005-917f-4867e92bd7d6,EVT-001022,USER-00155,search,2025-12-15T18:35:39,SES-133ea2d6,mobile,Firefox,social,,,,,0.0,wireless headphones,0,0,0,
274d9a01-ebc1-4f54-97fd-9e3a83336156,EVT-001023,USER-00218,click,2025-11-11T03:20:39,SES-c18bd04a,desktop,Safari,email,PROD-00003,Penfolds Grange,Red Wine,Wine,390.13,,276,0,0,
4f6210a6-83fe-45b4-9f35-84f07b5ec1d5,EVT-001024,USER-00107,search,2025-11-10T17:59:07,SES-26259f4d,desktop,Firefox,organic,,,,,0.0,home office chair,0,0,0,
dda8a9b3-cb8e-4272-8f67-ade8c3cc8ee6,EVT-001025,USER-00147,add_to_cart,2025-11-16T06:17:07,SES-ea7f9b7f,mobile,Chrome,email,PROD-01416,REI Flash 55 Pack,Outdoor Gear,Sports,517.67,,0,1,0,
cf336fdf-c96a-4ff4-b62f-12ed0b74a4e1,EVT-001026,USER-00048,wishlist,2025-12-09T10:16:56,SES-157f7bcb,tablet,Safari,organic,PROD-01844,Samsung Galaxy Watch 6,Smartwatches,Electronics,790.52,,0,0,0,
cf5e2263-bcca-4976-b867-57603d347181,EVT-001027,USER-00154,search,2025-12-04T05:24:46,SES-9e24a3c9,tablet,Chrome,organic,,,,,0.0,red wine gift,0,0,0,
cdd45b13-b2e1-4ada-9f94-0de0ef61ea13,EVT-001028,USER-00144,view,2025-12-27T15:45:44,SES-2640cd07,tablet,Edge,direct,PROD-01196,Oral-B iO Series 9,Personal Care,Healthcare,285.71,,125,0,0,
323ec531-1980-4268-90d6-2cf04ad863da,EVT-001029,USER-00001,view,2025-11-19T12:33:57,SES-cc26ddcb,desktop,Safari,direct,PROD-00512,Dom Pérignon Rosé 2009,Champagne,Wine,415.51,,398,0,0,
04528ff9-b704-4362-887e-dfe18e9d25ea,EVT-001030,USER-00023,search,2025-11-13T15:22:28,SES-046ff9e6,desktop,Chrome,social,,,,,0.0,gaming laptop,0,0,0,
eafc7380-0727-431d-ba1c-6f2981f45d51,EVT-001031,USER-00155,search,2025-11-11T06:44:33,SES-f18f12df,mobile,Firefox,social,,,,,0.0,wireless headphones,0,0,0,
0765ff39-0022-48c0-906c-3b3723e476cd,EVT-001032,USER-00218,click,2026-01-02T19:16:24,SES-fd901ab7,desktop,Safari,email,PROD-00003,Penfolds Grange,Red Wine,Wine,390.13,,276,0,0,
66956fe6-196d-4da9-8df1-4d2934dea10b,EVT-001033,USER-00107,search,2025-11-07T11:37:31,SES-6b859d35,desktop,Firefox,organic,,,,,0.0,home office chair,0,0,0,
1db5e3a7-e9ef-4c75-9e52-bbba1df1a49d,EVT-001034,USER-00147,add_to_cart,2025-12-03T21:22:10,SES-8a4baab2,mobile,Chrome,email,PROD-01416,REI Flash 55 Pack,Outdoor Gear,Sports,517.67,,0,1,0,
218f0dd0-4414-4b60-a9be-4b1495cb9b15,EVT-001035,USER-00048,wishlist,2026-01-09T18:18:31,SES-ccf66259,tablet,Safari,organic,PROD-01844,Samsung Galaxy Watch 6,Smartwatches,Electronics,790.52,,0,0,0,
aed65579-f86b-4ef0-a95e-7f092ce5ea1c,EVT-001036,USER-00154,search,2025-12-13T01:29:32,SES-5592ac0f,tablet,Chrome,organic,,,,,0.0,red wine gift,0,0,0,
483c31af-61bb-4127-9116-65d483db72b9,EVT-001037,USER-00144,view,2026-01-09T06:16:20,SES-325d759f,tablet,Edge,direct,PROD-01196,Oral-B iO Series 9,Personal Care,Healthcare,285.71,,125,0,0,
7ada55d6-bf77-4cb2-9e06-14ce2196079c,EVT-001038,USER-00001,view,2026-01-07T10:46:21,SES-3c60d465,desktop,Safari,direct,PROD-00512,Dom Pérignon Rosé 2009,Champagne,Wine,415.51,,398,0,0,
60750d7b-7023-4665-9d81-b5bc04f59296,EVT-001039,USER-00023,search,2025-11-10T10:00:40,SES-db56ddf9,desktop,Chrome,social,,,,,0.0,gaming laptop,0,0,0,
7297fdae-4ff0-4d38-afa8-5bfaea25072b,EVT-001040,USER-00155,search,2025-10-31T02:21:59,SES-cfde970d,mobile,Firefox,social,,,,,0.0,wireless headphones,0,0,0,
ace1b5e9-dd44-4f41-899f-1437d57e7175,EVT-001041,USER-00218,click,2025-12-18T06:20:21,SES-b0ec3665,desktop,Safari,email,PROD-00003,Penfolds Grange,Red Wine,Wine,390.13,,276,0,0,
cc8674f5-137f-46b3-b6fd-e5b26c15faf6,EVT-001042,USER-00107,search,2025-10-25T02:25:11,SES-76fc9199,desktop,Firefox,organic,,,,,0.0,home office chair,0,0,0,
f149e4e7-31d0-444e-a69f-fa317bf02e63,EVT-001043,USER-00147,add_to_cart,2025-12-22T19:52:30,SES-0fd6fce7,mobile,Chrome,email,PROD-01416,REI Flash 55 Pack,Outdoor Gear,Sports,517.67,,0,1,0,
6adb7f00-f604-4039-9745-ae9b61f183e3,EVT-001044,USER-00048,wishlist,2025-12-26T16:00:57,SES-06d94dff,tablet,Safari,organic,PROD-01844,Samsung Galaxy Watch 6,Smartwatches,Electronics,790.52,,0,0,0,
3c8331b1-6e2b-45c3-b536-f7afc888ee03,EVT-001045,USER-00154,search,2025-11-01T02:06:21,SES-0e4ff2ac,tablet,Chrome,organic,,,,,0.0,red wine gift,0,0,0,
00221a73-ab19-4791-9e92-90fd40b628cb,EVT-001046,USER-00144,view,2025-11-11T12:12:40,SES-baa6f946,tablet,Edge,direct,PROD-01196,Oral-B iO Series 9,Personal Care,Healthcare,285.71,,125,0,0,
5954f4fd-14ff-4663-b501-661b624c44d5,EVT-001047,USER-00001,view,2025-10-25T23:22:56,SES-60368601,desktop,Safari,direct,PROD-00512,Dom Pérignon Rosé 2009,Champagne,Wine,415.51,,398,0,0,
cac93748-8724-40f6-bdf3-6a48eca52dc9,EVT-001048,USER-00023,search,2026-01-09T09:23:12,SES-facb6148,desktop,Chrome,social,,,,,0.0,gaming laptop,0,0,0,
02ca5962-2284-400f-aabd-37bbbd54d2fd,EVT-001049,USER-00155,search,2025-11-05T09:27:50,SES-62003dbf,mobile,Firefox,social,,,,,0.0,wireless headphones,0,0,0,
dcb599e1-a349-4e92-89f1-78147bf6e947,EVT-001050,USER-00218,click,2026-01-17T11:26:54,SES-cd3ae0b8,desktop,Safari,email,PROD-00003,Penfolds Grange,Red Wine,Wine,390.13,,276,0,0,
dc23b1c9-38ab-4b9f-8f81-f67fe6417cfb,EVT-001051,USER-00107,search,2025-10-23T06:07:51,SES-557f0d07,desktop,Firefox,organic,,,,,0.0,home office chair,0,0,0,
bb3d8094-127f-4195-a14d-0531bf2f1405,EVT-001052,USER-00147,add_to_cart,2025-11-26T15:46:02,SES-f07b20fb,mobile,Chrome,email,PROD-01416,REI Flash 55 Pack,Outdoor Gear,Sports,517.67,,0,1,0,
e339e5c9-0ec3-494a-bb47-f8b60e8c11a3,EVT-001053,USER-00048,wishlist,2026-01-05T22:22:43,SES-072bac5f,tablet,Safari,organic,PROD-01844,Samsung Galaxy Watch 6,Smartwatches,Electronics,790.52,,0,0,0,
8db06ffa-840b-4111-a112-22592aabb86d,EVT-001054,USER-00154,search,2025-12-01T08:42:07,SES-5e049eb8,tablet,Chrome,organic,,,,,0.0,red wine gift,0,0,0,
c8d3d5b4-63d3-4382-b71e-77fbb937c592,EVT-001055,USER-00144,view,2025-12-16T22:09:10,SES-01f3862e,tablet,Edge,direct,PROD-01196,Oral-B iO Series 9,Personal Care,Healthcare,285.71,,125,0,0,
95ad92aa-2ad4-4d38-887a-a2e97639800c,EVT-001056,USER-00001,view,2025-12-14T19:33:18,SES-f9b3292b,desktop,Safari,direct,PROD-00512,Dom Pérignon Rosé 2009,Champagne,Wine,415.51,,398,0,0,
6458300d-8057-4063-92e2-227af7eefd95,EVT-001057,USER-00023,search,2026-01-14T16:20:23,SES-d4a7b81f,desktop,Chrome,social,,,,,0.0,gaming laptop,0,0,0,
8790a488-76d2-4c61-9f62-b93bf90ec35b,EVT-001058,USER-00155,search,2025-10-29T17:37:13,SES-05e29f95,mobile,Firefox,social,,,,,0.0,wireless headphones,0,0,0,
ab680b2a-1886-4ad4-a56c-33d7a652b1ce,EVT-001059,USER-00218,click,2025-11-24T19:50:39,SES-252c2bff,desktop,Safari,email,PROD-00003,Penfolds Grange,Red Wine,Wine,390.13,,276,0,0,
1d9bcca3-6849-4a7a-93ed-299b64517762,EVT-001060,USER-00107,search,2025-11-09T17:43:11,SES-33507ce7,desktop,Firefox,organic,,,,,0.0,home office chair,0,0,0,
ca099602-0af4-424c-aec0-547646c9fead,EVT-001061,USER-00147,add_to_cart,2025-12-27T23:56:46,SES-7fc0d3c5,mobile,Chrome,email,PROD-01416,REI Flash 55 Pack,Outdoor Gear,Sports,517.67,,0,1,0,
5bb86e2d-68e5-4d6e-8e92-3b4241000f43,EVT-001062,USER-00048,wishlist,2026-01-01T14:53:57,SES-756e360f,tablet,Safari,organic,PROD-01844,Samsung Galaxy Watch 6,Smartwatches,Electronics,790.52,,0,0,0,
af32cc83-d274-4780-9e45-02a3ed1bfdbc,EVT-001063,USER-00154,search,2026-01-19T04:41:11,SES-0f250cf4,tablet,Chrome,organic,,,,,0.0,red wine gift,0,0,0,
93414717-af93-459e-9d90-c5e4aab86c23,EVT-001064,USER-00144,view,2026-01-01T10:57:10,SES-0e5ce686,tablet,Edge,direct,PROD-01196,Oral-B iO Series 9,Personal Care,Healthcare,285.71,,125,0,0,
bbf4b08f-0b4f-4abd-b2fa-ac7c6444f34b,EVT-001065,USER-00001,view,2025-12-24T02:26:21,SES-fb5f8644,desktop,Safari,direct,PROD-00512,Dom Pérignon Rosé 2009,Champagne,Wine,415.51,,398,0,0,
5c5c90ce-1c7d-450e-ba48-10ba3c5540af,EVT-001066,USER-00023,search,2025-12-13T00:37:07,SES-4cbe6c7d,desktop,Chrome,social,,,,,0.0,gaming laptop,0,0,0,
e51daadc-18b8-45b7-be7f-587a90645623,EVT-001067,USER-00155,search,2025-12-09T22:06:07,SES-f5c65731,mobile,Firefox,social,,,,,0.0,wireless headphones,0,0,0,
8667550e-857f-43be-b121-3cd850771765,EVT-001068,USER-00218,click,2025-11-10T04:58:49,SES-28fa29e2,desktop,Safari,email,PROD-00003,Penfolds Grange,Red Wine,Wine,390.13,,276,0,0,
8f204422-e073-44ea-8a53-f25630ad8426,EVT-001069,USER-00107,search,2026-01-11T13:34:07,SES-58eef4c7,desktop,Firefox,organic,,,,,0.0,home office chair,0,0,0,
25d2f053-0a68-4dae-bb6d-0631d52b16a1,EVT-001070,USER-00147,add_to_cart,2025-11-11T21:22:50,SES-6e80366e,mobile,Chrome,email,PROD-01416,REI Flash 55 Pack,Outdoor Gear,Sports,517.67,,0,1,0,
ddc4de85-fd58-4e34-af38-f90b3efccc4d,EVT-001071,USER-00048,wishlist,2025-12-17T02:59:16,SES-86defc23,tablet,Safari,organic,PROD-01844,Samsung Galaxy Watch 6,Smartwatches,Electronics,790.52,,0,0,0,
650ac69c-46a1-4299-9067-6850ae3590ef,EVT-001072,USER-00154,search,2026-01-11T02:19:14,SES-a17f4f9c,tablet,Chrome,organic,,,,,0.0,red wine gift,0,0,0,
8a87b8a4-550c-4bd9-adc2-a16c5f11b9ec,EVT-001073,USER-00144,view,2025-12-07T17:48:25,SES-691f07bc,tablet,Edge,direct,PROD-01196,Oral-B iO Series 9,Personal Care,Healthcare,285.71,,125,0,0,
828bed8d-c0f5-43ea-a176-07b61874734f,EVT-001074,USER-00001,view,2025-12-10T08:59:42,SES-fc0a1bb7,desktop,Safari,direct,PROD-00512,Dom Pérignon Rosé 2009,Champagne,Wine,415.51,,398,0,0,
8d9f8ea9-03d2-4068-9854-254438eb5481,EVT-001075,USER-00023,search,2025-11-25T22:23:45,SES-83d5cede,desktop,Chrome,social,,,,,0.0,gaming laptop,0,0,0,
00c01ffd-d9e8-47e8-aa91-840e8fb8bab4,EVT-001076,USER-00155,search,2025-11-26T08:36:00,SES-b342d9f5,mobile,Firefox,social,,,,,0.0,wireless headphones,0,0,0,
c62e3a8a-0e40-418f-af66-43099c792fcb,EVT-001077,USER-00218,click,2025-12-21T19:05:22,SES-1ca5281c,desktop,Safari,email,PROD-00003,Penfolds Grange,Red Wine,Wine,390.13,,276,0,0,
bc933424-2c8f-4386-bc8e-afb74b2c2f7f,EVT-001078,USER-00107,search,2026-01-18T02:30:44,SES-85513c22,desktop,Firefox,organic,,,,,0.0,home office chair,0,0,0,
a65b1773-762f-44a9-93a7-9570ee60cb3b,EVT-001079,USER-00147,add_to_cart,2025-12-15T23:47:18,SES-7b4de55c,mobile,Chrome,email,PROD-01416,REI Flash 55 Pack,Outdoor Gear,Sports,517.67,,0,1,0,
72af7e13-9480-43e3-94aa-a0e3a8339102,EVT-001080,USER-00048,wishlist,2026-01-13T14:32:45,SES-66e66260,tablet,Safari,organic,PROD-01844,Samsung Galaxy Watch 6,Smartwatches,Electronics,790.52,,0,0,0,
5e22e9c7-7e1e-4bfb-930e-7694e0737338,EVT-001081,USER-00154,search,2025-11-05T03:11:53,SES-678319a7,tablet,Chrome,organic,,,,,0.0,red wine gift,0,0,0,
8c323b5f-3d3c-4f42-bd53-8c97574ca071,EVT-001082,USER-00144,view,2026-01-08T13:46:59,SES-92ea4714,tablet,Edge,direct,PROD-01196,Oral-B iO Series 9,Personal Care,Healthcare,285.71,,125,0,0,
4ab43647-6fc9-43e8-ae34-afd272dbc6e3,EVT-001083,USER-00001,view,2025-10-29T06:24:40,SES-f7468a57,desktop,Safari,direct,PROD-00512,Dom Pérignon Rosé 2009,Champagne,Wine,415.51,,398,0,0,
3b030666-30cf-4eba-9085-aed00aa7278f,EVT-001084,USER-00023,search,2025-12-04T08:35:22,SES-332d3865,desktop,Chrome,social,,,,,0.0,gaming laptop,0,0,0,
ea9da6d4-f92e-434d-95ab-50daa2219431,EVT-001085,USER-00155,search,2025-12-03T06:06:14,SES-4a001dd5,mobile,Firefox,social,,,,,0.0,wireless headphones,0,0,0,
d659375d-7b2d-443c-8f95-cfa8febd0f0c,EVT-001086,USER-00218,click,2025-12-22T11:22:54,SES-329562b5,desktop,Safari,email,PROD-00003,Penfolds Grange,Red Wine,Wine,390.13,,276,0,0,
07d1e391-f5c7-4c65-9eb7-39172e238b83,EVT-001087,USER-00107,search,2025-11-28T06:20:54,SES-9964cf00,desktop,Firefox,organic,,,,,0.0,home office chair,0,0,0,
fbe3d2d5-7b9c-4fe5-ac0f-73f371a3d8dc,EVT-001088,USER-00147,add_to_cart,2026-01-15T14:26:35,SES-cde618f2,mobile,Chrome,email,PROD-01416,REI Flash 55 Pack,Outdoor Gear,Sports,517.67,,0,1,0,
eaf81b4c-d347-4341-8077-28d280a70fe1,EVT-001089,USER-00048,wishlist,2025-10-29T15:03:46,SES-fc551967,tablet,Safari,organic,PROD-01844,Samsung Galaxy Watch 6,Smartwatches,Electronics,790.52,,0,0,0,
3612fac8-3c71-4a4d-ad3b-7448cdf9ac61,EVT-001090,USER-00154,search,2025-12-17T00:09:02,SES-06ad7560,tablet,Chrome,organic,,,,,0.0,red wine gift,0,0,0,
e56908d8-f100-4c13-a342-060c3cf97fd5,EVT-001091,USER-00144,view,2025-10-30T08:01:03,SES-b0552c92,tablet,Edge,direct,PROD-01196,Oral-B iO Series 9,Personal Care,Healthcare,285.71,,125,0,0,
7d753b7f-f555-4af9-96d9-747f4840994e,EVT-001092,USER-00001,view,2025-11-04T02:18:33,SES-61a2aaca,desktop,Safari,direct,PROD-00512,Dom Pérignon Rosé 2009,Champagne,Wine,415.51,,398,0,0,
772998ba-8382-45e4-a63d-a4f3c8b8d453,EVT-001093,USER-00023,search,2026-01-06T17:01:26,SES-b126d3b0,desktop,Chrome,social,,,,,0.0,gaming laptop,0,0,0,
41ac2caa-1f1e-4655-8391-8fec507ce7a1,EVT-001094,USER-00155,search,2025-12-11T23:12:07,SES-0117cf8f,mobile,Firefox,social,,,,,0.0,wireless headphones,0,0,0,
3b04d573-0a11-4a12-a1ae-c1eaf53f823f,EVT-001095,USER-00218,click,2025-11-20T16:50:55,SES-eea98109,desktop,Safari,email,PROD-00003,Penfolds Grange,Red Wine,Wine,390.13,,276,0,0,
ae3e7422-d321-45f2-94d2-e75e14bc0f65,EVT-001096,USER-00107,search,2025-11-01T13:04:25,SES-3eab3950,desktop,Firefox,organic,,,,,0.0,home office chair,0,0,0,
553b8b94-55c2-408a-ae10-e3653dcbd9da,EVT-001097,USER-00147,add_to_cart,2025-11-03T04:43:13,SES-3257bfa6,mobile,Chrome,email,PROD-01416,REI Flash 55 Pack,Outdoor Gear,Sports,517.67,,0,1,0,
c5f2ec26-1112-47fb-b78b-7fceb70c5d19,EVT-001098,USER-00048,wishlist,2025-12-10T04:00:47,SES-2adea444,tablet,Safari,organic,PROD-01844,Samsung Galaxy Watch 6,Smartwatches,Electronics,790.52,,0,0,0,
12b67749-c96c-4de6-849f-f73d859f6c8a,EVT-001099,USER-00154,search,2025-11-14T03:12:16,SES-7091a289,tablet,Chrome,organic,,,,,0.0,red wine gift,0,0,0,
bc563ed3-30a4-4e56-baaa-e0a4cb49c902,EVT-001100,USER-00144,view,2025-10-27T17:53:03,SES-2d347869,tablet,Edge,direct,PROD-01196,Oral-B iO Series 9,Personal Care,Healthcare,285.71,,125,0,0,
f2a237c8-b581-470d-9057-aecaa5400501,EVT-001101,USER-00001,view,2025-12-20T03:30:06,SES-d137c936,desktop,Safari,direct,PROD-00512,Dom Pérignon Rosé 2009,Champagne,Wine,415.51,,398,0,0,
712a2e0b-be80-4ae4-b969-7b5d5ee602d9,EVT-001102,USER-00023,search,2025-12-14T05:28:27,SES-600323db,desktop,Chrome,social,,,,,0.0,gaming laptop,0,0,0,
344ce665-4de5-4bd9-a374-b2c5c65da8f7,EVT-001103,USER-00155,search,2025-11-23T21:01:42,SES-5adbaeb8,mobile,Firefox,social,,,,,0.0,wireless headphones,0,0,0,
2e905a6f-8168-4a3c-acfe-03cb2e2287e3,EVT-001104,USER-00218,click,2025-10-24T22:27:26,SES-7074b30f,desktop,Safari,email,PROD-00003,Penfolds Grange,Red Wine,Wine,390.13,,276,0,0,
0991ba5e-7a17-4d2f-81ed-2d49f05c6340,EVT-001105,USER-00107,search,2025-11-13T11:56:12,SES-2348c58c,desktop,Firefox,organic,,,,,0.0,home office chair,0,0,0,
0d59f347-c91c-4706-8efa-61bc34aa069a,EVT-001106,USER-00147,add_to_cart,2026-01-10T11:45:42,SES-4d33d27c,mobile,Chrome,email,PROD-01416,REI Flash 55 Pack,Outdoor Gear,Sports,517.67,,0,1,0,
86b69c4a-3999-40d8-9b8f-fb57ab0606d6,EVT-001107,USER-00048,wishlist,2025-11-19T21:26:13,SES-2f3efa83,tablet,Safari,organic,PROD-01844,Samsung Galaxy Watch 6,Smartwatches,Electronics,790.52,,0,0,0,
a8cbdb3a-003c-4427-ad54-ba29852680c1,EVT-001108,USER-00154,search,2026-01-20T06:58:55,SES-9f8881d1,tablet,Chrome,organic,,,,,0.0,red wine gift,0,0,0,
49e1b250-e19b-40ed-a00e-919ad054ee99,EVT-001109,USER-00144,view,2026-01-11T03:39:19,SES-93d784c5,tablet,Edge,direct,PROD-01196,Oral-B iO Series 9,Personal Care,Healthcare,285.71,,125,0,0,
e3faa670-0c07-4bcb-8667-7ea516b67563,EVT-001110,USER-00001,view,2025-11-16T03:41:29,SES-9e746e3e,desktop,Safari,direct,PROD-00512,Dom Pérignon Rosé 2009,Champagne,Wine,415.51,,398,0,0,
e4dca2f1-9cb8-45b9-bd3f-7bf09934df0d,EVT-001111,USER-00023,search,2025-11-29T15:41:20,SES-6c0a0c10,desktop,Chrome,social,,,,,0.0,gaming laptop,0,0,0,
3edc8b66-83c5-402c-9ace-6e4c0c89f52b,EVT-001112,USER-00155,search,2025-12-30T00:40:30,SES-71a460d6,mobile,Firefox,social,,,,,0.0,wireless headphones,0,0,0,
7355326b-8a33-4317-8d98-bb40f690fc53,EVT-001113,USER-00218,click,2025-11-26T11:54:32,SES-ca08588c,desktop,Safari,email,PROD-00003,Penfolds Grange,Red Wine,Wine,390.13,,276,0,0,
47cdb9db-7362-4fea-9bf5-daaf8328d29d,EVT-001114,USER-00107,search,2025-10-29T08:16:15,SES-2b4dafd4,desktop,Firefox,organic,,,,,0.0,home office chair,0,0,0,
e2e767fc-f86e-4d2c-8d97-d88237a126d6,EVT-001115,USER-00147,add_to_cart,2026-01-15T10:52:04,SES-24dc3031,mobile,Chrome,email,PROD-01416,REI Flash 55 Pack,Outdoor Gear,Sports,517.67,,0,1,0,
db007e20-e9d1-470a-b73d-b997bb420b2a,EVT-001116,USER-00048,wishlist,2026-01-15T08:36:34,SES-04fc2210,tablet,Safari,organic,PROD-01844,Samsung Galaxy Watch 6,Smartwatches,Electronics,790.52,,0,0,0,
c19d2375-e3f7-4fcb-97f1-1991bc9af33f,EVT-001117,USER-00154,search,2025-11-07T01:46:36,SES-0bbf27aa,tablet,Chrome,organic,,,,,0.0,red wine gift,0,0,0,
8aa55327-8960-4f63-88c7-c596910eb359,EVT-001118,USER-00144,view,2025-11-19T17:10:43,SES-5d53d942,tablet,Edge,direct,PROD-01196,Oral-B iO Series 9,Personal Care,Healthcare,285.71,,125,0,0,
d7099e57-b6be-418f-8056-af2f1dfa6581,EVT-001119,USER-00001,view,2025-10-30T00:10:21,SES-cf3e7140,desktop,Safari,direct,PROD-00512,Dom Pérignon Rosé 2009,Champagne,Wine,415.51,,398,0,0,
cecd74bd-c49f-487f-bea2-9e3a9ad9d67b,EVT-001120,USER-00023,search,2025-12-13T15:13:37,SES-d16b5b40,desktop,Chrome,social,,,,,0.0,gaming laptop,0,0,0,
1e935533-aa0f-4d10-8bdf-6204342c303d,EVT-001121,USER-00155,search,2025-12-17T14:36:20,SES-4603756b,mobile,Firefox,social,,,,,0.0,wireless headphones,0,0,0,
fce5da53-edb4-40aa-aa33-f3f3e66010e6,EVT-001122,USER-00218,click,2025-11-15T04:25:42,SES-6f9fe3e3,desktop,Safari,email,PROD-00003,Penfolds Grange,Red Wine,Wine,390.13,,276,0,0,
e72baf3e-a828-4e7c-bfd8-9597dc55287f,EVT-001123,USER-00107,search,2026-01-13T14:01:06,SES-4a68f90a,desktop,Firefox,organic,,,,,0.0,home office chair,0,0,0,
1ab9a346-3281-4684-a954-bd1f2d3c8dbc,EVT-001124,USER-00147,add_to_cart,2025-12-12T00:23:49,SES-fe6c2666,mobile,Chrome,email,PROD-01416,REI Flash 55 Pack,Outdoor Gear,Sports,517.67,,0,1,0,
be74df79-1444-43aa-b2bf-98272c689f34,EVT-001125,USER-00048,wishlist,2025-12-21T02:14:20,SES-f5227cd0,tablet,Safari,organic,PROD-01844,Samsung Galaxy Watch 6,Smartwatches,Electronics,790.52,,0,0,0,
6fc1e244-6215-4e71-9aa5-d2635d13fccc,EVT-001126,USER-00154,search,2025-12-10T07:07:24,SES-d22f473f,tablet,Chrome,organic,,,,,0.0,red wine gift,0,0,0,
889f3406-deb8-4539-8d62-ffd86f2b669b,EVT-001127,USER-00144,view,2025-11-22T01:29:59,SES-92f2b163,tablet,Edge,direct,PROD-01196,Oral-B iO Series 9,Personal Care,Healthcare,285.71,,125,0,0,
1bb9a1ca-fc8a-40c2-a3e0-07d91c7f5fa9,EVT-001128,USER-00001,view,2025-11-30T12:10:43,SES-8b9fa0d9,desktop,Safari,direct,PROD-00512,Dom Pérignon Rosé 2009,Champagne,Wine,415.51,,398,0,0,
26b2bbbe-493c-4348-aba9-67bc975e8e75,EVT-001129,USER-00023,search,2025-12-21T19:28:35,SES-7c480578,desktop,Chrome,social,,,,,0.0,gaming laptop,0,0,0,
23366bc0-34c7-4d80-874a-9d1ec3974cda,EVT-001130,USER-00155,search,2025-10-28T05:55:45,SES-135bf538,mobile,Firefox,social,,,,,0.0,wireless headphones,0,0,0,
3d7c02fc-5424-4abb-8bee-d0f3d9a7a637,EVT-001131,USER-00218,click,2025-12-14T18:03:56,SES-4dbf27b4,desktop,Safari,email,PROD-00003,Penfolds Grange,Red Wine,Wine,390.13,,276,0,0,
08828c91-c045-4403-8bed-887ac2f845f1,EVT-001132,USER-00107,search,2025-12-29T11:15:50,SES-6f192c63,desktop,Firefox,organic,,,,,0.0,home office chair,0,0,0,
d29331f7-6765-4979-8a80-dff42f82be07,EVT-001133,USER-00147,add_to_cart,2026-01-17T07:59:36,SES-de67cd77,mobile,Chrome,email,PROD-01416,REI Flash 55 Pack,Outdoor Gear,Sports,517.67,,0,1,0,
d557ca9f-b78e-45c2-b835-51572add8d2c,EVT-001134,USER-00048,wishlist,2025-11-02T12:17:08,SES-c5bc9d39,tablet,Safari,organic,PROD-01844,Samsung Galaxy Watch 6,Smartwatches,Electronics,790.52,,0,0,0,
dd4e1fbc-7dd4-4db9-b8ec-b34fda2e818f,EVT-001135,USER-00154,search,2025-12-18T07:53:16,SES-ee8a58c5,tablet,Chrome,organic,,,,,0.0,red wine gift,0,0,0,
b12417bd-e401-448a-bbec-ad9d553a6c33,EVT-001136,USER-00144,view,2025-12-07T11:23:21,SES-78619ffb,tablet,Edge,direct,PROD-01196,Oral-B iO Series 9,Personal Care,Healthcare,285.71,,125,0,0,
eda3ddff-8150-4b31-b1b3-4e96f1574240,EVT-001137,USER-00001,view,2026-01-19T19:36:22,SES-7eadce63,desktop,Safari,direct,PROD-00512,Dom Pérignon Rosé 2009,Champagne,Wine,415.51,,398,0,0,
a1a6ec45-0621-4241-9199-73bea263e362,EVT-001138,USER-00023,search,2025-11-17T06:53:15,SES-9de426d8,desktop,Chrome,social,,,,,0.0,gaming laptop,0,0,0,
b04f1551-c438-4446-885b-34358955360d,EVT-001139,USER-00155,search,2025-12-25T04:04:13,SES-869fe01d,mobile,Firefox,social,,,,,0.0,wireless headphones,0,0,0,
7cc36dc8-7fc2-4103-85ae-ba4d3aa5cdb1,EVT-001140,USER-00218,click,2025-10-25T15:46:59,SES-6c6caea5,desktop,Safari,email,PROD-00003,Penfolds Grange,Red Wine,Wine,390.13,,276,0,0,
f1b12298-904c-40b6-9fae-4a2b23ef7823,EVT-001141,USER-00107,search,2025-10-25T21:08:06,SES-69f568f9,desktop,Firefox,organic,,,,,0.0,home office chair,0,0,0,
dac2445d-d565-4dae-9418-868c29d86e78,EVT-001142,USER-00147,add_to_cart,2025-11-24T13:37:55,SES-61f886f6,mobile,Chrome,email,PROD-01416,REI Flash 55 Pack,Outdoor Gear,Sports,517.67,,0,1,0,
33c14992-2ea8-4c7a-a549-697d64da6b3b,EVT-001143,USER-00048,wishlist,2025-12-02T15:52:33,SES-1f5469e9,tablet,Safari,organic,PROD-01844,Samsung Galaxy Watch 6,Smartwatches,Electronics,790.52,,0,0,0,
0846819e-3519-4e5d-86d1-a09608fb8816,EVT-001144,USER-00154,search,2025-11-17T01:49:35,SES-9a39643d,tablet,Chrome,organic,,,,,0.0,red wine gift,0,0,0,
df858f7d-4696-46dc-975f-636bd7ff7788,EVT-001145,USER-00144,view,2025-11-11T05:09:16,SES-bae93c6d,tablet,Edge,direct,PROD-01196,Oral-B iO Series 9,Personal Care,Healthcare,285.71,,125,0,0,
f16896dd-86d0-44ff-847e-6331be874309,EVT-001146,USER-00001,view,2025-11-24T05:28:01,SES-8b23b8fc,desktop,Safari,direct,PROD-00512,Dom Pérignon Rosé 2009,Champagne,Wine,415.51,,398,0,0,
68c1595d-b793-496e-80a7-331a0befaa32,EVT-001147,USER-00023,search,2026-01-16T23:11:05,SES-fffd36ad,desktop,Chrome,social,,,,,0.0,gaming laptop,0,0,0,
f97382ad-50f0-4f13-982b-72551892748e,EVT-001148,USER-00155,search,2026-01-04T23:53:35,SES-305315ec,mobile,Firefox,social,,,,,0.0,wireless headphones,0,0,0,
fccd52d1-2bb1-4820-a959-7aa63e63dcb7,EVT-001149,USER-00218,click,2025-10-28T12:19:21,SES-87166598,desktop,Safari,email,PROD-00003,Penfolds Grange,Red Wine,Wine,390.13,,276,0,0,
c17e8b0c-2447-436d-a9ff-e23577b81406,EVT-001150,USER-00107,search,2025-11-05T06:29:43,SES-738966aa,desktop,Firefox,organic,,,,,0.0,home office chair,0,0,0,
3911b0f5-2379-4595-9ffa-fcb2e6a3b1f9,EVT-001151,USER-00147,add_to_cart,2025-11-11T13:49:39,SES-d4c39bbe,mobile,Chrome,email,PROD-01416,REI Flash 55 Pack,Outdoor Gear,Sports,517.67,,0,1,0,
0632c12d-eaff-4692-82b6-5a7fdba89f42,EVT-001152,USER-00048,wishlist,2025-12-14T20:44:07,SES-4f82cb4c,tablet,Safari,organic,PROD-01844,Samsung Galaxy Watch 6,Smartwatches,Electronics,790.52,,0,0,0,
aaf07e43-e8ae-4c70-bffc-ca29e57ce109,EVT-001153,USER-00154,search,2026-01-10T01:07:25,SES-e6ab14c8,tablet,Chrome,organic,,,,,0.0,red wine gift,0,0,0,
c678c66b-cb8f-451c-90bc-95dfdc86d833,EVT-001154,USER-00144,view,2026-01-01T23:58:36,SES-15173f52,tablet,Edge,direct,PROD-01196,Oral-B iO Series 9,Personal Care,Healthcare,285.71,,125,0,0,
09c2486b-5513-47d5-bd8c-f67c2517b008,EVT-001155,USER-00001,view,2025-11-23T17:58:28,SES-a9889a26,desktop,Safari,direct,PROD-00512,Dom Pérignon Rosé 2009,Champagne,Wine,415.51,,398,0,0,
b3482b76-a917-4c77-907e-56bea25ecda3,EVT-001156,USER-00023,search,2026-01-20T11:24:41,SES-ec2ee253,desktop,Chrome,social,,,,,0.0,gaming laptop,0,0,0,
0d1def59-2e36-4eb0-a0c7-5c90175718e1,EVT-001157,USER-00155,search,2026-01-04T06:40:14,SES-8f2df7c3,mobile,Firefox,social,,,,,0.0,wireless headphones,0,0,0,
e4f718b4-b9c6-4352-93fd-a77966866790,EVT-001158,USER-00218,click,2025-12-26T03:36:52,SES-0c40d8a4,desktop,Safari,email,PROD-00003,Penfolds Grange,Red Wine,Wine,390.13,,276,0,0,
6b5966cb-3aa3-4c22-bdfe-a111ff1c8555,EVT-001159,USER-00107,search,2026-01-19T07:47:16,SES-b60f28d5,desktop,Firefox,organic,,,,,0.0,home office chair,0,0,0,
8cfebbfa-bcfc-4015-896b-b5d56a888810,EVT-001160,USER-00147,add_to_cart,2026-01-16T00:26:50,SES-37b03c4a,mobile,Chrome,email,PROD-01416,REI Flash 55 Pack,Outdoor Gear,Sports,517.67,,0,1,0,
5d19e60e-5134-4bd0-8b7b-1bd08dc6d3af,EVT-001161,USER-00048,wishlist,2025-10-28T19:09:55,SES-eb0f7b8b,tablet,Safari,organic,PROD-01844,Samsung Galaxy Watch 6,Smartwatches,Electronics,790.52,,0,0,0,
248d63f9-9ed5-49e2-beb3-92f19821a873,EVT-001162,USER-00154,search,2025-11-14T14:57:26,SES-2a3b93c4,tablet,Chrome,organic,,,,,0.0,red wine gift,0,0,0,
4d9169ec-ad43-480b-a25e-91ad1a6d2ed7,EVT-001163,USER-00144,view,2025-12-09T15:59:46,SES-cc636edb,tablet,Edge,direct,PROD-01196,Oral-B iO Series 9,Personal Care,Healthcare,285.71,,125,0,0,
9e839e5b-b8db-406c-974a-3e173ff4e4a5,EVT-001164,USER-00001,view,2025-10-29T19:49:35,SES-7fe2e645,desktop,Safari,direct,PROD-00512,Dom Pérignon Rosé 2009,Champagne,Wine,415.51,,398,0,0,
0b7b8bb3-ec07-46d2-afde-1ac7d71107f3,EVT-001165,USER-00023,search,2026-01-08T23:15:29,SES-bbd1e00d,desktop,Chrome,social,,,,,0.0,gaming laptop,0,0,0,
15d40850-30dc-4569-aa64-b37a448fc767,EVT-001166,USER-00155,search,2025-12-16T11:48:34,SES-c7dac9c1,mobile,Firefox,social,,,,,0.0,wireless headphones,0,0,0,
f87e7d25-8b01-4cba-9082-096c717eb425,EVT-001167,USER-00218,click,2026-01-18T13:09:24,SES-bb902a01,desktop,Safari,email,PROD-00003,Penfolds Grange,Red Wine,Wine,390.13,,276,0,0,
3e4bd02f-bd41-4f0e-8532-9cbfbba2671b,EVT-001168,USER-00107,search,2025-12-20T23:20:11,SES-19b5807d,desktop,Firefox,organic,,,,,0.0,home office chair,0,0,0,
36020e68-00c4-47a4-bbb7-307c619ece33,EVT-001169,USER-00147,add_to_cart,2025-12-30T00:14:59,SES-df0cfdb4,mobile,Chrome,email,PROD-01416,REI Flash 55 Pack,Outdoor Gear,Sports,517.67,,0,1,0,
7513dd28-ad5c-4157-91e0-44c7468c3b2a,EVT-001170,USER-00048,wishlist,2026-01-11T19:37:42,SES-22adf4aa,tablet,Safari,organic,PROD-01844,Samsung Galaxy Watch 6,Smartwatches,Electronics,790.52,,0,0,0,
2659fc6c-2ed1-4b13-9053-e8efc4e53b53,EVT-001171,USER-00154,search,2026-01-05T01:50:48,SES-d5809344,tablet,Chrome,organic,,,,,0.0,red wine gift,0,0,0,
08069a44-f791-4078-8ca3-72e7e7886ee9,EVT-001172,USER-00144,view,2026-01-09T03:30:42,SES-84e6461f,tablet,Edge,direct,PROD-01196,Oral-B iO Series 9,Personal Care,Healthcare,285.71,,125,0,0,
10641f0f-0319-4fbd-8450-bfd9321dc9dc,EVT-001173,USER-00001,view,2025-10-26T04:19:44,SES-5d30d398,desktop,Safari,direct,PROD-00512,Dom Pérignon Rosé 2009,Champagne,Wine,415.51,,398,0,0,
8004e60a-2259-443d-af23-0c87da4ffe20,EVT-001174,USER-00023,search,2025-11-25T07:48:28,SES-f302a772,desktop,Chrome,social,,,,,0.0,gaming laptop,0,0,0,
9c12ff41-91cd-43ee-a236-5a8bdbbf167a,EVT-001175,USER-00155,search,2025-10-29T14:49:09,SES-a71db67c,mobile,Firefox,social,,,,,0.0,wireless headphones,0,0,0,
a250face-8eea-48e9-b7e8-28810201acce,EVT-001176,USER-00218,click,2025-12-02T03:50:21,SES-ae8d6228,desktop,Safari,email,PROD-00003,Penfolds Grange,Red Wine,Wine,390.13,,276,0,0,
5985ab1f-b3cd-46b1-97d8-912690a1a77b,EVT-001177,USER-00107,search,2025-12-19T19:42:51,SES-86da9a56,desktop,Firefox,organic,,,,,0.0,home office chair,0,0,0,
384e9dfe-5a11-4290-810c-c9e0ffad2852,EVT-001178,USER-00147,add_to_cart,2026-01-02T12:35:54,SES-6894f54f,mobile,Chrome,email,PROD-01416,REI Flash 55 Pack,Outdoor Gear,Sports,517.67,,0,1,0,
f7387852-856c-4ca5-bf7b-00c49d7fbff8,EVT-001179,USER-00048,wishlist,2025-12-21T05:00:03,SES-c0f1f755,tablet,Safari,organic,PROD-01844,Samsung Galaxy Watch 6,Smartwatches,Electronics,790.52,,0,0,0,
3dd7971c-abb1-4b84-b629-c3893f635379,EVT-001180,USER-00154,search,2025-10-30T13:43:33,SES-c3f54739,tablet,Chrome,organic,,,,,0.0,red wine gift,0,0,0,
a7c03fd5-6664-4675-bf0d-aac1e216fcf3,EVT-001181,USER-00144,view,2026-01-16T21:59:51,SES-a20d3581,tablet,Edge,direct,PROD-01196,Oral-B iO Series 9,Personal Care,Healthcare,285.71,,125,0,0,
8fdde67f-b03a-4819-a1f6-fe13e325618c,EVT-001182,USER-00001,view,2025-12-15T06:50:36,SES-9536d12b,desktop,Safari,direct,PROD-00512,Dom Pérignon Rosé 2009,Champagne,Wine,415.51,,398,0,0,
b5f7db94-dd72-468f-8700-dca8a989d3b8,EVT-001183,USER-00023,search,2025-12-08T05:32:52,SES-1243b0ed,desktop,Chrome,social,,,,,0.0,gaming laptop,0,0,0,
96746c99-2139-4dc7-97e9-cf86b85ced9a,EVT-001184,USER-00155,search,2025-11-04T07:36:13,SES-9abe4110,mobile,Firefox,social,,,,,0.0,wireless headphones,0,0,0,
acc398de-3fec-41f0-bc5f-f4330dc75c60,EVT-001185,USER-00218,click,2025-11-18T00:15:34,SES-c4c67144,desktop,Safari,email,PROD-00003,Penfolds Grange,Red Wine,Wine,390.13,,276,0,0,
58749baf-7974-4cbf-a598-347bc9a8b610,EVT-001186,USER-00107,search,2025-12-31T23:24:35,SES-fcb54536,desktop,Firefox,organic,,,,,0.0,home office chair,0,0,0,
928c020b-24bb-4eb1-ac63-10a2b75a52d0,EVT-001187,USER-00147,add_to_cart,2025-10-26T19:11:34,SES-30c7dd19,mobile,Chrome,email,PROD-01416,REI Flash 55 Pack,Outdoor Gear,Sports,517.67,,0,1,0,
41abac5e-d949-45cc-8187-d9d63ad99bb0,EVT-001188,USER-00048,wishlist,2025-11-01T20:24:34,SES-d313d3da,tablet,Safari,organic,PROD-01844,Samsung Galaxy Watch 6,Smartwatches,Electronics,790.52,,0,0,0,
95c35e6a-a673-4228-939d-73fca68b9e84,EVT-001189,USER-00154,search,2025-10-26T04:53:01,SES-34b01d80,tablet,Chrome,organic,,,,,0.0,red wine gift,0,0,0,
83ad7031-91d7-4351-a929-e97fed1e8f3f,EVT-001190,USER-00144,view,2025-12-09T23:05:01,SES-b52fa6c9,tablet,Edge,direct,PROD-01196,Oral-B iO Series 9,Personal Care,Healthcare,285.71,,125,0,0,
b479a913-3826-4358-8eb2-b86d204421b0,EVT-001191,USER-00001,view,2025-12-11T00:43:59,SES-67435e52,desktop,Safari,direct,PROD-00512,Dom Pérignon Rosé 2009,Champagne,Wine,415.51,,398,0,0,
965399a7-c133-4de9-9d5c-20a2c09fac7b,EVT-001192,USER-00023,search,2025-11-13T14:47:18,SES-af896f1b,desktop,Chrome,social,,,,,0.0,gaming laptop,0,0,0,
e833864a-fe04-4255-8969-a3d87a9186c0,EVT-001193,USER-00155,search,2025-12-24T21:19:27,SES-fb73a601,mobile,Firefox,social,,,,,0.0,wireless headphones,0,0,0,
190597b0-e0c9-4c19-949f-c34efbe7eb1c,EVT-001194,USER-00218,click,2025-11-25T18:05:20,SES-35a56832,desktop,Safari,email,PROD-00003,Penfolds Grange,Red Wine,Wine,390.13,,276,0,0,
4649c968-d259-4ebe-bdcd-16008c899c1f,EVT-001195,USER-00107,search,2025-12-03T15:26:00,SES-5047ac14,desktop,Firefox,organic,,,,,0.0,home office chair,0,0,0,
978b3c07-71e7-42ea-bc76-c78fe7f628ce,EVT-001196,USER-00147,add_to_cart,2025-12-08T02:48:03,SES-ff0e0f46,mobile,Chrome,email,PROD-01416,REI Flash 55 Pack,Outdoor Gear,Sports,517.67,,0,1,0,
204a847a-053b-40ef-97df-c02153324ecd,EVT-001197,USER-00048,wishlist,2025-11-21T04:56:43,SES-7b2c50d9,tablet,Safari,organic,PROD-01844,Samsung Galaxy Watch 6,Smartwatches,Electronics,790.52,,0,0,0,
3bd89b89-7d2f-4248-ab31-5121d948258d,EVT-001198,USER-00154,search,2026-01-06T15:03:14,SES-9ae4b020,tablet,Chrome,organic,,,,,0.0,red wine gift,0,0,0,
da95cb2e-029b-4e35-be8b-7b4dc0e569d9,EVT-001199,USER-00144,view,2026-01-13T06:11:06,SES-f96a11c3,tablet,Edge,direct,PROD-01196,Oral-B iO Series 9,Personal Care,Healthcare,285.71,,125,0,0,
2504a28a-28a9-40ee-91e2-0f59846d186d,EVT-001200,USER-00001,view,2026-01-15T20:12:19,SES-56fcb272,desktop,Safari,direct,PROD-00512,Dom Pérignon Rosé 2009,Champagne,Wine,415.51,,398,0,0,
babacba0-401e-4187-817c-36d81c493e1d,EVT-001201,USER-00023,search,2025-11-13T20:38:14,SES-da9c714a,desktop,Chrome,social,,,,,0.0,gaming laptop,0,0,0,
853e7149-83e3-4b25-8cfb-a965831a857b,EVT-001202,USER-00155,search,2025-10-24T19:53:45,SES-7eb1a126,mobile,Firefox,social,,,,,0.0,wireless headphones,0,0,0,
a278246c-c6ed-4b28-8310-9c53cf45dea4,EVT-001203,USER-00218,click,2025-10-28T02:55:10,SES-ed39613f,desktop,Safari,email,PROD-00003,Penfolds Grange,Red Wine,Wine,390.13,,276,0,0,
322c2623-961a-4831-ab46-524ec2865b75,EVT-001204,USER-00107,search,2025-10-25T07:20:17,SES-6360bb9a,desktop,Firefox,organic,,,,,0.0,home office chair,0,0,0,
24d3b223-c4ce-4a97-a3b5-b933614e8c8d,EVT-001205,USER-00147,add_to_cart,2026-01-05T20:34:44,SES-730f1f66,mobile,Chrome,email,PROD-01416,REI Flash 55 Pack,Outdoor Gear,Sports,517.67,,0,1,0,
60dcabbd-b109-4ab9-b6c2-880df3d004a3,EVT-001206,USER-00048,wishlist,2026-01-06T15:42:28,SES-91045d5f,tablet,Safari,organic,PROD-01844,Samsung Galaxy Watch 6,Smartwatches,Electronics,790.52,,0,0,0,
c3b47b39-eb9f-462c-bb5f-3611756b58a6,EVT-001207,USER-00154,search,2026-01-09T12:32:33,SES-d12ab376,tablet,Chrome,organic,,,,,0.0,red wine gift,0,0,0,
3ce98cce-5dc9-4e47-9c59-f1211e1876f7,EVT-001208,USER-00144,view,2025-11-10T19:02:55,SES-3d22de13,tablet,Edge,direct,PROD-01196,Oral-B iO Series 9,Personal Care,Healthcare,285.71,,125,0,0,
5659c4c0-4c84-48cd-8583-74e038b59eb6,EVT-001209,USER-00001,view,2025-12-13T14:40:21,SES-beb2658b,desktop,Safari,direct,PROD-00512,Dom Pérignon Rosé 2009,Champagne,Wine,415.51,,398,0,0,
40c56488-aa0c-4e10-9741-caf8186ac483,EVT-001210,USER-00023,search,2025-12-20T18:59:44,SES-6b240a4d,desktop,Chrome,social,,,,,0.0,gaming laptop,0,0,0,
34d8a64a-017a-4c13-8394-b6cd97bb4032,EVT-001211,USER-00155,search,2026-01-14T06:33:39,SES-696ba5fc,mobile,Firefox,social,,,,,0.0,wireless headphones,0,0,0,
e5a4218c-b83a-4b40-b35b-7ba2abbc8cb7,EVT-001212,USER-00218,click,2025-11-28T13:58:06,SES-d504e67d,desktop,Safari,email,PROD-00003,Penfolds Grange,Red Wine,Wine,390.13,,276,0,0,
b1514439-5ca5-4ae3-a7f2-e1db35533be8,EVT-001213,USER-00107,search,2025-12-27T22:58:03,SES-e27dc3e3,desktop,Firefox,organic,,,,,0.0,home office chair,0,0,0,
617615d0-0941-4774-8f2a-c62b98445e9b,EVT-001214,USER-00147,add_to_cart,2025-12-28T02:49:17,SES-10c8b0f4,mobile,Chrome,email,PROD-01416,REI Flash 55 Pack,Outdoor Gear,Sports,517.67,,0,1,0,
17f14c85-dba8-446e-88e7-3795da540451,EVT-001215,USER-00048,wishlist,2026-01-02T09:24:57,SES-f3e586db,tablet,Safari,organic,PROD-01844,Samsung Galaxy Watch 6,Smartwatches,Electronics,790.52,,0,0,0,
ba34107c-9fb5-4df1-b1e8-e9b443b44591,EVT-001216,USER-00154,search,2025-10-24T12:05:36,SES-640026bf,tablet,Chrome,organic,,,,,0.0,red wine gift,0,0,0,
c66c0079-c0b0-44eb-9f1e-0423020caeb6,EVT-001217,USER-00144,view,2025-12-15T09:20:18,SES-69bcfd94,tablet,Edge,direct,PROD-01196,Oral-B iO Series 9,Personal Care,Healthcare,285.71,,125,0,0,
c51e11cf-b5de-4b39-b8df-007f646c2aa7,EVT-001218,USER-00001,view,2025-12-08T13:28:29,SES-1294a12a,desktop,Safari,direct,PROD-00512,Dom Pérignon Rosé 2009,Champagne,Wine,415.51,,398,0,0,
7e878819-bd30-49e4-ade4-b55640e2f442,EVT-001219,USER-00023,search,2025-10-27T19:25:31,SES-56b1c478,desktop,Chrome,social,,,,,0.0,gaming laptop,0,0,0,
45c81748-3064-4082-a80a-da25b5e26bdb,EVT-001220,USER-00155,search,2025-11-29T07:59:44,SES-3fab5d6c,mobile,Firefox,social,,,,,0.0,wireless headphones,0,0,0,
5f84a1c2-8204-49d2-bbcb-4b5752495234,EVT-001221,USER-00218,click,2026-01-05T02:05:48,SES-d8c59c6c,desktop,Safari,email,PROD-00003,Penfolds Grange,Red Wine,Wine,390.13,,276,0,0,
16e3371d-9d37-482e-a27d-d8ed3b5c99a5,EVT-001222,USER-00107,search,2025-11-28T08:56:02,SES-f23ca0a2,desktop,Firefox,organic,,,,,0.0,home office chair,0,0,0,
c860c8cb-68cd-4852-9207-c1bb7a399348,EVT-001223,USER-00147,add_to_cart,2025-12-29T06:25:24,SES-d498c6cc,mobile,Chrome,email,PROD-01416,REI Flash 55 Pack,Outdoor Gear,Sports,517.67,,0,1,0,
830cccbb-c180-480a-8246-540279467961,EVT-001224,USER-00048,wishlist,2025-11-03T21:45:13,SES-f9f72e34,tablet,Safari,organic,PROD-01844,Samsung Galaxy Watch 6,Smartwatches,Electronics,790.52,,0,0,0,
a67f5ca1-28c7-49ad-b50e-bd7d2cc9cb4d,EVT-001225,USER-00154,search,2025-12-03T11:14:47,SES-1b0c64da,tablet,Chrome,organic,,,,,0.0,red wine gift,0,0,0,
8a5904a5-473f-498a-81a8-e8dffa9ce62d,EVT-001226,USER-00144,view,2025-12-29T20:09:53,SES-05bd2d27,tablet,Edge,direct,PROD-01196,Oral-B iO Series 9,Personal Care,Healthcare,285.71,,125,0,0,
8b713a91-00ba-4695-ac02-e3b130f819e1,EVT-001227,USER-00001,view,2025-12-03T04:31:25,SES-f6235f81,desktop,Safari,direct,PROD-00512,Dom Pérignon Rosé 2009,Champagne,Wine,415.51,,398,0,0,
114578da-8174-4077-8af3-5ff97fd86517,EVT-001228,USER-00023,search,2025-12-15T02:27:42,SES-e3e99788,desktop,Chrome,social,,,,,0.0,gaming laptop,0,0,0,
c12e0c73-6ecf-4be9-bc7d-d23b48252b9a,EVT-001229,USER-00155,search,2025-11-05T02:57:28,SES-300c78fc,mobile,Firefox,social,,,,,0.0,wireless headphones,0,0,0,
2646b9fc-3e71-4868-84b2-e90938997e46,EVT-001230,USER-00218,click,2025-11-02T23:15:28,SES-58a11f53,desktop,Safari,email,PROD-00003,Penfolds Grange,Red Wine,Wine,390.13,,276,0,0,
5ae55936-91ad-43cb-be2b-95f0fd201f13,EVT-001231,USER-00107,search,2025-12-04T06:26:00,SES-0ae4d635,desktop,Firefox,organic,,,,,0.0,home office chair,0,0,0,
1bc927eb-4e70-4ecb-8568-794eae567ee2,EVT-001232,USER-00147,add_to_cart,2025-11-03T04:52:19,SES-2853622d,mobile,Chrome,email,PROD-01416,REI Flash 55 Pack,Outdoor Gear,Sports,517.67,,0,1,0,
d616055b-a565-4a41-9eb3-5210fd2c1d0c,EVT-001233,USER-00048,wishlist,2026-01-17T20:25:58,SES-09fdae91,tablet,Safari,organic,PROD-01844,Samsung Galaxy Watch 6,Smartwatches,Electronics,790.52,,0,0,0,
d800f64f-14e5-45c0-ab49-6c2136d4ce44,EVT-001234,USER-00154,search,2025-12-21T12:30:19,SES-66f5c6ca,tablet,Chrome,organic,,,,,0.0,red wine gift,0,0,0,
80c83545-b672-47b2-a4e1-40a1e21bfd38,EVT-001235,USER-00144,view,2026-01-18T11:21:23,SES-356b830a,tablet,Edge,direct,PROD-01196,Oral-B iO Series 9,Personal Care,Healthcare,285.71,,125,0,0,
6f5d1756-093f-4492-beab-dd6db36729af,EVT-001236,USER-00001,view,2025-11-27T10:45:09,SES-3e14f519,desktop,Safari,direct,PROD-00512,Dom Pérignon Rosé 2009,Champagne,Wine,415.51,,398,0,0,
2f4e08e0-57bb-4506-a94c-fc56eb3cc75c,EVT-001237,USER-00023,search,2025-11-25T21:39:26,SES-bef8bf67,desktop,Chrome,social,,,,,0.0,gaming laptop,0,0,0,
af942fe5-73b6-44c2-8b4f-b2fe55312b83,EVT-001238,USER-00155,search,2025-11-10T13:09:23,SES-69d8f81d,mobile,Firefox,social,,,,,0.0,wireless headphones,0,0,0,
b5c4a9c4-4463-4fac-b891-8328747ec6dc,EVT-001239,USER-00218,click,2025-11-25T01:28:12,SES-03872465,desktop,Safari,email,PROD-00003,Penfolds Grange,Red Wine,Wine,390.13,,276,0,0,
775a4f5c-4aa3-4440-8571-cb7e3c02c885,EVT-001240,USER-00107,search,2025-12-04T03:06:21,SES-6c4bfdc1,desktop,Firefox,organic,,,,,0.0,home office chair,0,0,0,
f380cd5d-17cb-4570-b2f3-c08112238eef,EVT-001241,USER-00147,add_to_cart,2026-01-19T21:11:03,SES-85ea0465,mobile,Chrome,email,PROD-01416,REI Flash 55 Pack,Outdoor Gear,Sports,517.67,,0,1,0,
180e7f1a-9960-4caf-8045-9d7dd8b631be,EVT-001242,USER-00048,wishlist,2025-10-28T08:53:55,SES-b862c4a7,tablet,Safari,organic,PROD-01844,Samsung Galaxy Watch 6,Smartwatches,Electronics,790.52,,0,0,0,
984f80da-2586-4b09-96a4-14c926a59f32,EVT-001243,USER-00154,search,2025-11-14T20:54:22,SES-db19ff36,tablet,Chrome,organic,,,,,0.0,red wine gift,0,0,0,
251a2034-6a6b-448f-83fb-d0477c2e2230,EVT-001244,USER-00144,view,2025-11-14T06:36:23,SES-fa848868,tablet,Edge,direct,PROD-01196,Oral-B iO Series 9,Personal Care,Healthcare,285.71,,125,0,0,
3402435b-c763-4ffb-a986-f5fe183761b0,EVT-001245,USER-00001,view,2025-10-31T16:17:00,SES-dea129f1,desktop,Safari,direct,PROD-00512,Dom Pérignon Rosé 2009,Champagne,Wine,415.51,,398,0,0,
e12cd6cd-4fa5-4cb6-8878-0338723b912c,EVT-001246,USER-00023,search,2025-12-18T21:30:27,SES-305ddd13,desktop,Chrome,social,,,,,0.0,gaming laptop,0,0,0,
4a07b407-25bb-4fae-b02f-e44daf8a8433,EVT-001247,USER-00155,search,2025-10-23T17:20:48,SES-a5af4994,mobile,Firefox,social,,,,,0.0,wireless headphones,0,0,0,
f66f0742-3c95-4ee1-a7fe-6e5c0d81f74d,EVT-001248,USER-00218,click,2025-11-13T19:10:16,SES-b8349990,desktop,Safari,email,PROD-00003,Penfolds Grange,Red Wine,Wine,390.13,,276,0,0,
a9f25ef1-73e5-4e3c-b7ff-068662455309,EVT-001249,USER-00107,search,2025-12-01T20:26:30,SES-5747d0d5,desktop,Firefox,organic,,,,,0.0,home office chair,0,0,0,
fe8718cd-ffec-468f-af18-8313d14dfbbc,EVT-001250,USER-00147,add_to_cart,2026-01-03T07:40:26,SES-dc3f8b74,mobile,Chrome,email,PROD-01416,REI Flash 55 Pack,Outdoor Gear,Sports,517.67,,0,1,0,
474a936d-d1b0-40eb-a21d-b245bbc548e8,EVT-001251,USER-00048,wishlist,2026-01-03T19:32:32,SES-72a1f4a4,tablet,Safari,organic,PROD-01844,Samsung Galaxy Watch 6,Smartwatches,Electronics,790.52,,0,0,0,
1aba1109-0d92-47f2-bdcb-1c03120c99d0,EVT-001252,USER-00154,search,2026-01-16T23:54:02,SES-443ef994,tablet,Chrome,organic,,,,,0.0,red wine gift,0,0,0,
4ae8fa83-1a62-4512-b994-c1a7a816f10e,EVT-001253,USER-00144,view,2026-01-09T04:05:18,SES-7144bc0e,tablet,Edge,direct,PROD-01196,Oral-B iO Series 9,Personal Care,Healthcare,285.71,,125,0,0,
d6e6b2d2-1009-4d35-b9aa-58210a92e42e,EVT-001254,USER-00001,view,2026-01-07T18:10:29,SES-d329c3a0,desktop,Safari,direct,PROD-00512,Dom Pérignon Rosé 2009,Champagne,Wine,415.51,,398,0,0,
78d7f00d-cd35-408c-abcb-c60ab5a66768,EVT-001255,USER-00023,search,2025-12-13T19:24:25,SES-e0bcc83f,desktop,Chrome,social,,,,,0.0,gaming laptop,0,0,0,
23e230f0-d14e-4766-8acc-10be1ef0fa2d,EVT-001256,USER-00155,search,2025-12-16T21:34:43,SES-8c2e92ca,mobile,Firefox,social,,,,,0.0,wireless headphones,0,0,0,
150a0147-5b21-4cb8-8c2c-ace57171c956,EVT-001257,USER-00218,click,2025-10-27T04:36:14,SES-2cf1b805,desktop,Safari,email,PROD-00003,Penfolds Grange,Red Wine,Wine,390.13,,276,0,0,
729e2ea9-8ab0-41f8-a3ec-56fd027e99a0,EVT-001258,USER-00107,search,2026-01-08T14:10:55,SES-fd3f641b,desktop,Firefox,organic,,,,,0.0,home office chair,0,0,0,
d9c63357-bfb2-43cd-98f9-f869b0a0d549,EVT-001259,USER-00147,add_to_cart,2025-10-24T04:38:44,SES-8d7a253d,mobile,Chrome,email,PROD-01416,REI Flash 55 Pack,Outdoor Gear,Sports,517.67,,0,1,0,
58bb42b5-8e97-4b7c-9e1a-0b6bbbabb4e5,EVT-001260,USER-00048,wishlist,2026-01-15T12:45:46,SES-6fd649b2,tablet,Safari,organic,PROD-01844,Samsung Galaxy Watch 6,Smartwatches,Electronics,790.52,,0,0,0,
c6196394-9036-43dc-a5db-c4712780e269,EVT-001261,USER-00154,search,2025-12-31T15:14:51,SES-e9f05036,tablet,Chrome,organic,,,,,0.0,red wine gift,0,0,0,
09499284-b11a-4788-83f9-8cd09191b199,EVT-001262,USER-00144,view,2025-11-16T00:17:27,SES-7126c822,tablet,Edge,direct,PROD-01196,Oral-B iO Series 9,Personal Care,Healthcare,285.71,,125,0,0,
bc6b1897-b7e4-42a9-8a21-7d6d4e268075,EVT-001263,USER-00001,view,2026-01-09T15:28:32,SES-9ac244c8,desktop,Safari,direct,PROD-00512,Dom Pérignon Rosé 2009,Champagne,Wine,415.51,,398,0,0,
3c433ba4-ecfb-4b20-9639-b048636a05fa,EVT-001264,USER-00023,search,2025-10-28T06:28:40,SES-2867de52,desktop,Chrome,social,,,,,0.0,gaming laptop,0,0,0,
203e6244-256d-4644-a53e-72e6ca2fdb71,EVT-001265,USER-00155,search,2025-10-30T04:26:51,SES-aef35a91,mobile,Firefox,social,,,,,0.0,wireless headphones,0,0,0,
c323b58c-22d7-483e-b1a9-5f63ebf45045,EVT-001266,USER-00218,click,2025-10-28T05:56:39,SES-b7e14aee,desktop,Safari,email,PROD-00003,Penfolds Grange,Red Wine,Wine,390.13,,276,0,0,
a66ace03-2e23-4c05-9d89-838895908c5f,EVT-001267,USER-00107,search,2025-11-04T01:11:55,SES-ffe29cb7,desktop,Firefox,organic,,,,,0.0,home office chair,0,0,0,
f95aef6c-9215-41f6-83b6-409255452910,EVT-001268,USER-00147,add_to_cart,2025-12-04T07:50:19,SES-d4cb96eb,mobile,Chrome,email,PROD-01416,REI Flash 55 Pack,Outdoor Gear,Sports,517.67,,0,1,0,
9ea5428e-3ee4-40d0-86fd-a93141b451e1,EVT-001269,USER-00048,wishlist,2025-11-09T06:44:33,SES-c5cb823c,tablet,Safari,organic,PROD-01844,Samsung Galaxy Watch 6,Smartwatches,Electronics,790.52,,0,0,0,
84fb64b8-f55b-4d2a-a4e9-da0a31cd2762,EVT-001270,USER-00154,search,2025-11-19T04:25:32,SES-99242e6d,tablet,Chrome,organic,,,,,0.0,red wine gift,0,0,0,
f4c00c13-b9d4-40b3-8d66-96f8cae300ba,EVT-001271,USER-00144,view,2025-10-26T23:48:11,SES-9d0f26d5,tablet,Edge,direct,PROD-01196,Oral-B iO Series 9,Personal Care,Healthcare,285.71,,125,0,0,
65479c7f-1d6a-4f58-8a6f-3a76bab73923,EVT-001272,USER-00001,view,2025-11-22T05:53:44,SES-afd7958e,desktop,Safari,direct,PROD-00512,Dom Pérignon Rosé 2009,Champagne,Wine,415.51,,398,0,0,
f256ea9b-57be-45fa-bd3a-c1d442550a93,EVT-001273,USER-00023,search,2025-11-25T16:42:49,SES-ec342c8d,desktop,Chrome,social,,,,,0.0,gaming laptop,0,0,0,
808d360c-7584-415c-ae85-bb0fa5cbfbba,EVT-001274,USER-00155,search,2025-12-20T05:39:37,SES-bba3f55e,mobile,Firefox,social,,,,,0.0,wireless headphones,0,0,0,
579857c2-7480-4c88-9a4d-dfc47e4e70ca,EVT-001275,USER-00218,click,2025-12-25T08:40:37,SES-8a86f913,desktop,Safari,email,PROD-00003,Penfolds Grange,Red Wine,Wine,390.13,,276,0,0,
114f3d9e-cca3-4a36-85f3-2ceb7a27768b,EVT-001276,USER-00107,search,2026-01-17T04:46:09,SES-98a871e1,desktop,Firefox,organic,,,,,0.0,home office chair,0,0,0,
4e5db077-5493-42ae-9c33-51227c24beb4,EVT-001277,USER-00147,add_to_cart,2025-11-15T11:03:36,SES-08d2e4ab,mobile,Chrome,email,PROD-01416,REI Flash 55 Pack,Outdoor Gear,Sports,517.67,,0,1,0,
ec311dd2-578e-4b30-96e3-d434937985b9,EVT-001278,USER-00048,wishlist,2025-11-20T03:18:01,SES-b5c53cf0,tablet,Safari,organic,PROD-01844,Samsung Galaxy Watch 6,Smartwatches,Electronics,790.52,,0,0,0,
a4afe38a-b0de-4d27-9111-54a63344f30b,EVT-001279,USER-00154,search,2025-11-04T08:11:24,SES-d776a3e8,tablet,Chrome,organic,,,,,0.0,red wine gift,0,0,0,
62857b7e-ba8d-4374-9b20-cf172099363d,EVT-001280,USER-00144,view,2025-12-20T14:18:01,SES-4464e992,tablet,Edge,direct,PROD-01196,Oral-B iO Series 9,Personal Care,Healthcare,285.71,,125,0,0,
efa7e4cc-66ee-4149-866b-85c68cf8cf55,EVT-001281,USER-00001,view,2025-11-30T08:54:50,SES-5bfb2c6c,desktop,Safari,direct,PROD-00512,Dom Pérignon Rosé 2009,Champagne,Wine,415.51,,398,0,0,
4cad85e3-8f7f-4c5b-b883-d057bc6651da,EVT-001282,USER-00023,search,2025-12-08T05:23:04,SES-acf24775,desktop,Chrome,social,,,,,0.0,gaming laptop,0,0,0,
43943c6a-c83f-4284-8062-2e90c721df9e,EVT-001283,USER-00155,search,2025-12-25T14:12:30,SES-ab55ac3f,mobile,Firefox,social,,,,,0.0,wireless headphones,0,0,0,
f848415f-0030-427d-8974-5c8d3178dd0a,EVT-001284,USER-00218,click,2025-11-03T15:05:13,SES-2b9cc61d,desktop,Safari,email,PROD-00003,Penfolds Grange,Red Wine,Wine,390.13,,276,0,0,
714fa594-395f-43c2-a31f-9fe18c9e28b2,EVT-001285,USER-00107,search,2025-12-25T11:53:44,SES-9f136b57,desktop,Firefox,organic,,,,,0.0,home office chair,0,0,0,
5652c4f9-6416-48ca-8854-edd9a942245f,EVT-001286,USER-00147,add_to_cart,2025-10-30T04:53:43,SES-264338c1,mobile,Chrome,email,PROD-01416,REI Flash 55 Pack,Outdoor Gear,Sports,517.67,,0,1,0,
cc3b31dc-8337-447c-9655-590ae3ed46cd,EVT-001287,USER-00048,wishlist,2025-10-30T03:54:10,SES-d7cacdaf,tablet,Safari,organic,PROD-01844,Samsung Galaxy Watch 6,Smartwatches,Electronics,790.52,,0,0,0,
98032040-00aa-45e7-a023-5b3e6fb90aa5,EVT-001288,USER-00154,search,2025-11-16T00:56:06,SES-d69cec59,tablet,Chrome,organic,,,,,0.0,red wine gift,0,0,0,
9b6db3ff-fe35-45b6-b3ea-6d6f6471f746,EVT-001289,USER-00144,view,2025-12-14T12:43:00,SES-3317d87e,tablet,Edge,direct,PROD-01196,Oral-B iO Series 9,Personal Care,Healthcare,285.71,,125,0,0,
6a408147-5c2e-4b10-8408-33bb55e6452f,EVT-001290,USER-00001,view,2025-11-11T17:37:12,SES-8b66419e,desktop,Safari,direct,PROD-00512,Dom Pérignon Rosé 2009,Champagne,Wine,415.51,,398,0,0,
5b43c0e9-b167-4aff-932a-d68c7d4f272e,EVT-001291,USER-00023,search,2025-12-09T19:11:53,SES-961714d2,desktop,Chrome,social,,,,,0.0,gaming laptop,0,0,0,
1cf71920-49da-467e-b1c8-f97b9d41e8c2,EVT-001292,USER-00155,search,2025-12-30T05:17:35,SES-46d0263b,mobile,Firefox,social,,,,,0.0,wireless headphones,0,0,0,
81ac540d-7ad1-442c-857c-17e018457ce2,EVT-001293,USER-00218,click,2026-01-02T03:06:46,SES-9fd1b67a,desktop,Safari,email,PROD-00003,Penfolds Grange,Red Wine,Wine,390.13,,276,0,0,
f96fa683-f358-4470-913c-5c087e4938f9,EVT-001294,USER-00107,search,2026-01-09T17:20:48,SES-a7bcdbc1,desktop,Firefox,organic,,,,,0.0,home office chair,0,0,0,
74d84af6-d047-4d96-9b1d-3ec051db5743,EVT-001295,USER-00147,add_to_cart,2025-11-26T09:42:09,SES-719cd4fd,mobile,Chrome,email,PROD-01416,REI Flash 55 Pack,Outdoor Gear,Sports,517.67,,0,1,0,
18230b7d-6789-49b7-9a4d-d97a53038e1c,EVT-001296,USER-00048,wishlist,2026-01-17T21:34:57,SES-8ef02e92,tablet,Safari,organic,PROD-01844,Samsung Galaxy Watch 6,Smartwatches,Electronics,790.52,,0,0,0,
fa93136e-e60c-4ed7-b384-6889d185d69d,EVT-001297,USER-00154,search,2026-01-19T14:16:08,SES-c6fd210d,tablet,Chrome,organic,,,,,0.0,red wine gift,0,0,0,
8647d612-689b-48e1-a93d-fe5766b4ccf0,EVT-001298,USER-00144,view,2026-01-14T02:59:08,SES-61729882,tablet,Edge,direct,PROD-01196,Oral-B iO Series 9,Personal Care,Healthcare,285.71,,125,0,0,
d405f075-de67-41da-9a4a-aca4d0b03538,EVT-001299,USER-00001,view,2025-11-13T03:14:09,SES-a0b1ddd2,desktop,Safari,direct,PROD-00512,Dom Pérignon Rosé 2009,Champagne,Wine,415.51,,398,0,0,
9ea72296-5975-4886-8baa-8430e9b84893,EVT-001300,USER-00023,search,2025-12-04T19:27:24,SES-420e1e1a,desktop,Chrome,social,,,,,0.0,gaming laptop,0,0,0,
4317f8ae-cf21-482f-8717-d2b6ad884e5e,EVT-001301,USER-00155,search,2025-12-30T23:39:06,SES-51674af3,mobile,Firefox,social,,,,,0.0,wireless headphones,0,0,0,
d8dd9fcd-c5c2-4521-b50c-bff199d1cfa0,EVT-001302,USER-00218,click,2025-11-21T03:18:56,SES-efa59472,desktop,Safari,email,PROD-00003,Penfolds Grange,Red Wine,Wine,390.13,,276,0,0,
c9922334-5e93-447f-80c7-8bbd8abd5027,EVT-001303,USER-00107,search,2025-11-27T08:56:48,SES-a949c7c7,desktop,Firefox,organic,,,,,0.0,home office chair,0,0,0,
fc238822-2eef-4b7b-9efc-e7f0062ef5b7,EVT-001304,USER-00147,add_to_cart,2026-01-06T11:56:48,SES-7903dd5a,mobile,Chrome,email,PROD-01416,REI Flash 55 Pack,Outdoor Gear,Sports,517.67,,0,1,0,
8b4af003-9367-4691-b8af-fa7b332b773d,EVT-001305,USER-00048,wishlist,2025-12-15T06:47:53,SES-bbd8ec76,tablet,Safari,organic,PROD-01844,Samsung Galaxy Watch 6,Smartwatches,Electronics,790.52,,0,0,0,
fe542b73-eb92-49fd-bedf-e18feff2571a,EVT-001306,USER-00154,search,2025-11-20T03:55:52,SES-96bdbe03,tablet,Chrome,organic,,,,,0.0,red wine gift,0,0,0,
0538b475-7c45-4237-9f5a-07371180086a,EVT-001307,USER-00144,view,2026-01-15T02:46:42,SES-1d8cde27,tablet,Edge,direct,PROD-01196,Oral-B iO Series 9,Personal Care,Healthcare,285.71,,125,0,0,
184affc7-545d-42a5-8eea-090b12eb1ba3,EVT-001308,USER-00001,view,2025-12-25T05:01:48,SES-f4af494e,desktop,Safari,direct,PROD-00512,Dom Pérignon Rosé 2009,Champagne,Wine,415.51,,398,0,0,
3fbe828c-736d-4e38-a7e1-1c9b5465843e,EVT-001309,USER-00023,search,2025-11-15T10:58:12,SES-ebe04767,desktop,Chrome,social,,,,,0.0,gaming laptop,0,0,0,
145f710c-e0dc-46af-a588-e34020197baf,EVT-001310,USER-00155,search,2025-12-12T21:33:55,SES-814053af,mobile,Firefox,social,,,,,0.0,wireless headphones,0,0,0,
0c56925c-b8ec-472a-8ebd-7cbc52b60977,EVT-001311,USER-00218,click,2026-01-17T10:43:12,SES-6c42dcaf,desktop,Safari,email,PROD-00003,Penfolds Grange,Red Wine,Wine,390.13,,276,0,0,
2af1ff09-2f66-49a3-94cc-420fbfdfc240,EVT-001312,USER-00107,search,2025-11-17T17:19:54,SES-deea494d,desktop,Firefox,organic,,,,,0.0,home office chair,0,0,0,
33cea5e4-0744-4e74-ab05-587616ae26b8,EVT-001313,USER-00147,add_to_cart,2025-11-22T16:55:28,SES-b1e33659,mobile,Chrome,email,PROD-01416,REI Flash 55 Pack,Outdoor Gear,Sports,517.67,,0,1,0,
fdecdbd1-f8db-4c76-a167-5ce919309ed9,EVT-001314,USER-00048,wishlist,2025-12-29T11:51:19,SES-915e16f9,tablet,Safari,organic,PROD-01844,Samsung Galaxy Watch 6,Smartwatches,Electronics,790.52,,0,0,0,
bf34943a-40f8-4a67-b4bf-98f632c37ed2,EVT-001315,USER-00154,search,2025-12-14T07:31:39,SES-81d092e1,tablet,Chrome,organic,,,,,0.0,red wine gift,0,0,0,
75a40fbd-d15d-4821-a4df-b64921cd7c00,EVT-001316,USER-00144,view,2025-12-10T15:02:32,SES-7d538292,tablet,Edge,direct,PROD-01196,Oral-B iO Series 9,Personal Care,Healthcare,285.71,,125,0,0,
ac5c374e-13c2-4edc-a25b-c11d7d111a43,EVT-001317,USER-00001,view,2025-11-01T21:08:53,SES-64ec0db3,desktop,Safari,direct,PROD-00512,Dom Pérignon Rosé 2009,Champagne,Wine,415.51,,398,0,0,
67e8d085-58c6-4432-ab20-1073e787b624,EVT-001318,USER-00023,search,2025-10-27T23:45:10,SES-b03cb304,desktop,Chrome,social,,,,,0.0,gaming laptop,0,0,0,
b86e1c9d-c211-488c-8e16-0236b8d000c2,EVT-001319,USER-00155,search,2025-11-25T09:38:54,SES-b27174db,mobile,Firefox,social,,,,,0.0,wireless headphones,0,0,0,
3dc3fa3f-048c-4a52-872a-c008b7a0f1ae,EVT-001320,USER-00218,click,2026-01-18T04:04:21,SES-4515d1bf,desktop,Safari,email,PROD-00003,Penfolds Grange,Red Wine,Wine,390.13,,276,0,0,
a3bda300-dbd6-4d6a-b929-976fab1be6f1,EVT-001321,USER-00107,search,2025-12-01T15:14:30,SES-71ac619f,desktop,Firefox,organic,,,,,0.0,home office chair,0,0,0,
0945a4ab-88a2-440c-94eb-21ec784951c0,EVT-001322,USER-00147,add_to_cart,2025-12-30T05:52:02,SES-26cfeac5,mobile,Chrome,email,PROD-01416,REI Flash 55 Pack,Outdoor Gear,Sports,517.67,,0,1,0,
f2f4e5ea-b17d-479b-8c48-450a3d47cb54,EVT-001323,USER-00048,wishlist,2025-12-22T02:59:44,SES-d4d1e13f,tablet,Safari,organic,PROD-01844,Samsung Galaxy Watch 6,Smartwatches,Electronics,790.52,,0,0,0,
6435bad3-66e2-4162-98cb-8256beac2ceb,EVT-001324,USER-00154,search,2025-12-08T22:52:31,SES-e9ba504a,tablet,Chrome,organic,,,,,0.0,red wine gift,0,0,0,
0b3d96c2-8b88-4e54-90c4-60bcee5d5771,EVT-001325,USER-00144,view,2025-11-18T21:52:23,SES-b80582e9,tablet,Edge,direct,PROD-01196,Oral-B iO Series 9,Personal Care,Healthcare,285.71,,125,0,0,
9749df64-5650-46b7-b0a5-ee82fe143071,EVT-001326,USER-00001,view,2025-10-30T08:43:19,SES-1eb8735c,desktop,Safari,direct,PROD-00512,Dom Pérignon Rosé 2009,Champagne,Wine,415.51,,398,0,0,
d73c5057-51eb-4caa-a69b-c2d8a4408da9,EVT-001327,USER-00023,search,2025-11-11T12:14:48,SES-2f55131c,desktop,Chrome,social,,,,,0.0,gaming laptop,0,0,0,
5c59b8ac-41eb-498c-859a-e2ec7ef98c00,EVT-001328,USER-00155,search,2026-01-19T07:09:29,SES-05b35918,mobile,Firefox,social,,,,,0.0,wireless headphones,0,0,0,
72faf8a4-21d9-45b5-bc53-11c16de53e1a,EVT-001329,USER-00218,click,2025-11-05T01:28:08,SES-406bc663,desktop,Safari,email,PROD-00003,Penfolds Grange,Red Wine,Wine,390.13,,276,0,0,
4fe5f230-f70f-4afc-ae13-8702f63461a5,EVT-001330,USER-00107,search,2026-01-12T10:35:33,SES-c01b1bb4,desktop,Firefox,organic,,,,,0.0,home office chair,0,0,0,
302bbc77-8a6a-4f15-a62a-6d5781dbe148,EVT-001331,USER-00147,add_to_cart,2025-12-12T07:56:08,SES-bcd1c182,mobile,Chrome,email,PROD-01416,REI Flash 55 Pack,Outdoor Gear,Sports,517.67,,0,1,0,
602dec10-cd6b-4620-9c6f-e9f5895b1b1d,EVT-001332,USER-00048,wishlist,2025-11-14T03:07:01,SES-e5c6f9e9,tablet,Safari,organic,PROD-01844,Samsung Galaxy Watch 6,Smartwatches,Electronics,790.52,,0,0,0,
6e3cddda-9b3a-402f-84aa-6244e75584eb,EVT-001333,USER-00154,search,2025-11-21T08:29:21,SES-795c7ffa,tablet,Chrome,organic,,,,,0.0,red wine gift,0,0,0,
b7606316-ef8a-4f9a-abea-561188f3b382,EVT-001334,USER-00144,view,2026-01-02T18:42:06,SES-9f1ce794,tablet,Edge,direct,PROD-01196,Oral-B iO Series 9,Personal Care,Healthcare,285.71,,125,0,0,
1b543295-d2c7-4362-947a-7afabcfc1040,EVT-001335,USER-00001,view,2025-12-15T10:25:58,SES-ce1b8e38,desktop,Safari,direct,PROD-00512,Dom Pérignon Rosé 2009,Champagne,Wine,415.51,,398,0,0,
9a11427b-9f8a-4fcb-b0b5-271bbb33d777,EVT-001336,USER-00023,search,2025-11-12T05:03:29,SES-ded548ad,desktop,Chrome,social,,,,,0.0,gaming laptop,0,0,0,
cfd9f082-7025-4f71-85c4-f151e4a50372,EVT-001337,USER-00155,search,2025-11-03T15:57:11,SES-2429ad41,mobile,Firefox,social,,,,,0.0,wireless headphones,0,0,0,
80a251cd-835d-4846-a3b1-5ea0eb72be69,EVT-001338,USER-00218,click,2025-11-27T21:39:39,SES-f6d22636,desktop,Safari,email,PROD-00003,Penfolds Grange,Red Wine,Wine,390.13,,276,0,0,
df0180bf-ee74-4564-b1e1-320a4750bbeb,EVT-001339,USER-00107,search,2026-01-01T03:05:38,SES-2a74ac58,desktop,Firefox,organic,,,,,0.0,home office chair,0,0,0,
4842f001-9b7c-4174-abcf-3c949925a0e9,EVT-001340,USER-00147,add_to_cart,2026-01-10T00:13:55,SES-fde42f69,mobile,Chrome,email,PROD-01416,REI Flash 55 Pack,Outdoor Gear,Sports,517.67,,0,1,0,
ada02f7f-d67c-4839-8eba-b42acd7f903f,EVT-001341,USER-00048,wishlist,2026-01-07T05:57:46,SES-06a13c09,tablet,Safari,organic,PROD-01844,Samsung Galaxy Watch 6,Smartwatches,Electronics,790.52,,0,0,0,
023b67d4-9a2c-498b-86e8-02cc03e8ff38,EVT-001342,USER-00154,search,2025-11-05T12:43:23,SES-d0b76f93,tablet,Chrome,organic,,,,,0.0,red wine gift,0,0,0,
ef991563-0151-4af1-8ee4-c185b56505a8,EVT-001343,USER-00144,view,2025-10-26T05:30:25,SES-e4be26ce,tablet,Edge,direct,PROD-01196,Oral-B iO Series 9,Personal Care,Healthcare,285.71,,125,0,0,
c0ef7a74-6741-4729-a455-3c6bf2aea836,EVT-001344,USER-00001,view,2025-11-14T13:45:51,SES-54e9b3a5,desktop,Safari,direct,PROD-00512,Dom Pérignon Rosé 2009,Champagne,Wine,415.51,,398,0,0,
16c9d53a-1727-473b-9831-fb823276f14a,EVT-001345,USER-00023,search,2025-12-29T13:11:02,SES-789d0c9c,desktop,Chrome,social,,,,,0.0,gaming laptop,0,0,0,
ed745632-37e3-4bab-830c-8d1e84af9259,EVT-001346,USER-00155,search,2025-12-04T11:51:00,SES-04197df5,mobile,Firefox,social,,,,,0.0,wireless headphones,0,0,0,
7c08a3ba-e5b9-4d32-b30c-884a631a6411,EVT-001347,USER-00218,click,2025-12-24T20:19:30,SES-caf0f695,desktop,Safari,email,PROD-00003,Penfolds Grange,Red Wine,Wine,390.13,,276,0,0,
8d14faab-3fd0-4629-9de9-0ec8617ed733,EVT-001348,USER-00107,search,2026-01-04T22:37:32,SES-30a081d1,desktop,Firefox,organic,,,,,0.0,home office chair,0,0,0,
047c9a7d-7d46-48d1-9df5-3cc8a11a9d51,EVT-001349,USER-00147,add_to_cart,2025-12-05T19:16:25,SES-03b4d633,mobile,Chrome,email,PROD-01416,REI Flash 55 Pack,Outdoor Gear,Sports,517.67,,0,1,0,
3863403e-b231-4d5d-9642-c6b0683cbb7a,EVT-001350,USER-00048,wishlist,2025-11-02T20:07:29,SES-d2e2049c,tablet,Safari,organic,PROD-01844,Samsung Galaxy Watch 6,Smartwatches,Electronics,790.52,,0,0,0,
6a259d7f-bd98-4622-a2f9-f23473612036,EVT-001351,USER-00154,search,2025-10-24T19:32:16,SES-a5dd48f0,tablet,Chrome,organic,,,,,0.0,red wine gift,0,0,0,
909c402a-13c5-491e-9db6-c7c6cfdd5014,EVT-001352,USER-00144,view,2025-12-10T04:28:05,SES-9310bafc,tablet,Edge,direct,PROD-01196,Oral-B iO Series 9,Personal Care,Healthcare,285.71,,125,0,0,
ccf96cc5-98f7-4f3d-a9bf-2946b44e6323,EVT-001353,USER-00001,view,2026-01-11T22:42:30,SES-a046539e,desktop,Safari,direct,PROD-00512,Dom Pérignon Rosé 2009,Champagne,Wine,415.51,,398,0,0,
84972779-16b8-46aa-9afb-56178e188746,EVT-001354,USER-00023,search,2025-10-26T00:35:13,SES-0ed5f904,desktop,Chrome,social,,,,,0.0,gaming laptop,0,0,0,
3a83c041-4a8b-4580-aa36-989451183306,EVT-001355,USER-00155,search,2025-11-17T23:46:14,SES-d4109fb8,mobile,Firefox,social,,,,,0.0,wireless headphones,0,0,0,
5d7d224f-df80-4295-97f2-ca26d3a98895,EVT-001356,USER-00218,click,2025-11-18T17:38:24,SES-03466a26,desktop,Safari,email,PROD-00003,Penfolds Grange,Red Wine,Wine,390.13,,276,0,0,
4e8a184e-9b2b-4bc9-8817-28d6ff6ffcd1,EVT-001357,USER-00107,search,2025-12-18T20:37:42,SES-37374d17,desktop,Firefox,organic,,,,,0.0,home office chair,0,0,0,
a1e2577b-e0a4-46c2-860d-95f989ee301e,EVT-001358,USER-00147,add_to_cart,2025-11-29T01:07:33,SES-e2e89362,mobile,Chrome,email,PROD-01416,REI Flash 55 Pack,Outdoor Gear,Sports,517.67,,0,1,0,
4021ca2e-2999-49c2-bccc-788382625602,EVT-001359,USER-00048,wishlist,2025-11-20T21:56:31,SES-c2323e9d,tablet,Safari,organic,PROD-01844,Samsung Galaxy Watch 6,Smartwatches,Electronics,790.52,,0,0,0,
b0a8c240-9eb4-4f4a-8265-7ede93d1b6e7,EVT-001360,USER-00154,search,2026-01-11T01:23:45,SES-23512187,tablet,Chrome,organic,,,,,0.0,red wine gift,0,0,0,
8f7dc8b9-1c29-4667-9c2b-60a66bddcda4,EVT-001361,USER-00144,view,2025-10-30T22:48:47,SES-1beb1ddf,tablet,Edge,direct,PROD-01196,Oral-B iO Series 9,Personal Care,Healthcare,285.71,,125,0,0,
a74ac2eb-bed9-45e0-b7ad-b7441cca7787,EVT-001362,USER-00001,view,2025-10-28T13:05:14,SES-020596aa,desktop,Safari,direct,PROD-00512,Dom Pérignon Rosé 2009,Champagne,Wine,415.51,,398,0,0,
fd5b8d6c-a411-43d5-8a5d-6e0af21f4180,EVT-001363,USER-00023,search,2025-11-18T20:15:43,SES-f5d736aa,desktop,Chrome,social,,,,,0.0,gaming laptop,0,0,0,
d2ac9498-832c-44fc-820d-75261e302c80,EVT-001364,USER-00155,search,2026-01-13T17:13:54,SES-a2216f51,mobile,Firefox,social,,,,,0.0,wireless headphones,0,0,0,
581c22cf-f6f7-49f4-b620-d69fc5a8f2ea,EVT-001365,USER-00218,click,2025-12-20T22:44:40,SES-fa1fd329,desktop,Safari,email,PROD-00003,Penfolds Grange,Red Wine,Wine,390.13,,276,0,0,
4560bcb8-6e9d-4148-8437-d60d1ac6fd23,EVT-001366,USER-00107,search,2025-11-29T00:33:56,SES-3220fc31,desktop,Firefox,organic,,,,,0.0,home office chair,0,0,0,
e6b27892-29ae-4d38-a340-0b931d971865,EVT-001367,USER-00147,add_to_cart,2025-12-09T20:11:45,SES-d1b0ef51,mobile,Chrome,email,PROD-01416,REI Flash 55 Pack,Outdoor Gear,Sports,517.67,,0,1,0,
81a4f6df-f609-4620-bc01-346da9b985b1,EVT-001368,USER-00048,wishlist,2025-10-24T13:50:58,SES-0793ffcf,tablet,Safari,organic,PROD-01844,Samsung Galaxy Watch 6,Smartwatches,Electronics,790.52,,0,0,0,
87ff92ad-37c0-4a60-91e8-878c3f0b7cd9,EVT-001369,USER-00154,search,2026-01-14T12:20:08,SES-25a467dc,tablet,Chrome,organic,,,,,0.0,red wine gift,0,0,0,
220c5e40-13da-42b9-b038-21e629f4af48,EVT-001370,USER-00144,view,2025-11-28T21:25:28,SES-36139224,tablet,Edge,direct,PROD-01196,Oral-B iO Series 9,Personal Care,Healthcare,285.71,,125,0,0,
328dd20a-da61-4d93-9177-11791dcbb2a0,EVT-001371,USER-00001,view,2025-11-29T02:15:35,SES-429ab086,desktop,Safari,direct,PROD-00512,Dom Pérignon Rosé 2009,Champagne,Wine,415.51,,398,0,0,
0fc54a70-d8c0-4d87-90e7-efc6f6b0fca5,EVT-001372,USER-00023,search,2025-12-04T20:34:13,SES-01db944a,desktop,Chrome,social,,,,,0.0,gaming laptop,0,0,0,
5b3f66e4-546d-4215-b27a-c7a7321b9e49,EVT-001373,USER-00155,search,2025-10-27T01:25:30,SES-5fd0239b,mobile,Firefox,social,,,,,0.0,wireless headphones,0,0,0,
55ffa241-005b-4c93-bce0-9f2d68b306d7,EVT-001374,USER-00218,click,2025-11-13T12:55:56,SES-8623a3d6,desktop,Safari,email,PROD-00003,Penfolds Grange,Red Wine,Wine,390.13,,276,0,0,
df307513-a0dc-43b8-a417-9d0d808f994e,EVT-001375,USER-00107,search,2025-11-11T17:18:55,SES-eaf0a22f,desktop,Firefox,organic,,,,,0.0,home office chair,0,0,0,
aa74b9a6-3901-4a0c-96e3-69c72d6aca6f,EVT-001376,USER-00147,add_to_cart,2025-11-28T13:49:31,SES-1dc52332,mobile,Chrome,email,PROD-01416,REI Flash 55 Pack,Outdoor Gear,Sports,517.67,,0,1,0,
5f961231-3ed9-4994-9fe3-e8a4e1611169,EVT-001377,USER-00048,wishlist,2025-11-09T15:40:30,SES-0aa7c6c2,tablet,Safari,organic,PROD-01844,Samsung Galaxy Watch 6,Smartwatches,Electronics,790.52,,0,0,0,
2b8fb576-9794-4203-929d-c8279e8ecb83,EVT-001378,USER-00154,search,2025-12-25T19:40:03,SES-8babfefc,tablet,Chrome,organic,,,,,0.0,red wine gift,0,0,0,
b7bb0ab9-3664-4825-a694-d0a5d540fbb1,EVT-001379,USER-00144,view,2025-12-03T14:25:48,SES-04f3b224,tablet,Edge,direct,PROD-01196,Oral-B iO Series 9,Personal Care,Healthcare,285.71,,125,0,0,
2b304868-913d-4879-8602-1624382d4463,EVT-001380,USER-00001,view,2025-12-13T10:43:32,SES-bbcf3361,desktop,Safari,direct,PROD-00512,Dom Pérignon Rosé 2009,Champagne,Wine,415.51,,398,0,0,
0c52cc78-5efe-434d-a283-979bc6476188,EVT-001381,USER-00023,search,2025-10-27T19:42:11,SES-9d80daad,desktop,Chrome,social,,,,,0.0,gaming laptop,0,0,0,
88135221-35d5-474b-9b1d-b64bdf2a00c4,EVT-001382,USER-00155,search,2025-12-25T20:46:43,SES-4d700ef6,mobile,Firefox,social,,,,,0.0,wireless headphones,0,0,0,
d5526732-5771-4363-9da8-db6e4712e853,EVT-001383,USER-00218,click,2025-11-21T08:58:33,SES-c86a7dc8,desktop,Safari,email,PROD-00003,Penfolds Grange,Red Wine,Wine,390.13,,276,0,0,
2a283e20-028b-410e-87b2-911217784ac1,EVT-001384,USER-00107,search,2025-10-25T18:52:40,SES-93523d93,desktop,Firefox,organic,,,,,0.0,home office chair,0,0,0,
3f138e7d-4ebe-42e0-9c98-d322cffddd72,EVT-001385,USER-00147,add_to_cart,2025-12-14T07:49:49,SES-bca495e6,mobile,Chrome,email,PROD-01416,REI Flash 55 Pack,Outdoor Gear,Sports,517.67,,0,1,0,
7dbcecbf-6049-49e2-8468-8c20df226faf,EVT-001386,USER-00048,wishlist,2026-01-04T19:50:22,SES-9df0c4a5,tablet,Safari,organic,PROD-01844,Samsung Galaxy Watch 6,Smartwatches,Electronics,790.52,,0,0,0,
4820bad4-0428-410c-a32b-3dcce56a9918,EVT-001387,USER-00154,search,2025-11-25T12:22:21,SES-f4e74169,tablet,Chrome,organic,,,,,0.0,red wine gift,0,0,0,
3331434b-cd47-4d3e-bc2e-576f6cdce547,EVT-001388,USER-00144,view,2025-10-25T06:29:43,SES-c6a5c600,tablet,Edge,direct,PROD-01196,Oral-B iO Series 9,Personal Care,Healthcare,285.71,,125,0,0,
e23b5021-2124-4643-a4fc-0d9ef732c2cc,EVT-001389,USER-00001,view,2026-01-19T02:30:32,SES-b97638c9,desktop,Safari,direct,PROD-00512,Dom Pérignon Rosé 2009,Champagne,Wine,415.51,,398,0,0,
d917dc64-b78c-4c5c-9971-f17e02a0e3dd,EVT-001390,USER-00023,search,2025-12-20T20:23:41,SES-6368703d,desktop,Chrome,social,,,,,0.0,gaming laptop,0,0,0,
a8312521-c5f5-425b-9144-a0063f67d299,EVT-001391,USER-00155,search,2026-01-03T23:59:26,SES-5a20d8c0,mobile,Firefox,social,,,,,0.0,wireless headphones,0,0,0,
0eb8235c-8246-4894-bf2a-a1ab5055356e,EVT-001392,USER-00218,click,2026-01-17T11:09:53,SES-6421b885,desktop,Safari,email,PROD-00003,Penfolds Grange,Red Wine,Wine,390.13,,276,0,0,
b6ab30a4-ee69-4dc4-bbb1-1c2886ed49ce,EVT-001393,USER-00107,search,2025-11-24T09:22:29,SES-dc6f8eb3,desktop,Firefox,organic,,,,,0.0,home office chair,0,0,0,
2f4a8064-fd6e-443a-a021-d76025eaba83,EVT-001394,USER-00147,add_to_cart,2026-01-20T07:58:23,SES-5bd1cb99,mobile,Chrome,email,PROD-01416,REI Flash 55 Pack,Outdoor Gear,Sports,517.67,,0,1,0,
02b879cc-f953-4b40-8779-8f1ed1e774d1,EVT-001395,USER-00048,wishlist,2026-01-11T03:40:35,SES-fb05afc9,tablet,Safari,organic,PROD-01844,Samsung Galaxy Watch 6,Smartwatches,Electronics,790.52,,0,0,0,
e897b18d-e9a4-43b9-b8d7-34bb2d077e2a,EVT-001396,USER-00154,search,2026-01-18T20:26:24,SES-790af268,tablet,Chrome,organic,,,,,0.0,red wine gift,0,0,0,
fcce7fcf-408d-4303-9888-e36727f3d075,EVT-001397,USER-00144,view,2025-11-17T05:40:30,SES-bb79da5d,tablet,Edge,direct,PROD-01196,Oral-B iO Series 9,Personal Care,Healthcare,285.71,,125,0,0,
80b0f555-e9c8-4f07-a840-3141673cf92c,EVT-001398,USER-00001,view,2026-01-09T09:56:02,SES-d66f3873,desktop,Safari,direct,PROD-00512,Dom Pérignon Rosé 2009,Champagne,Wine,415.51,,398,0,0,
803fc397-f34a-4bce-8bda-69b72d01b211,EVT-001399,USER-00023,search,2026-01-03T21:17:18,SES-1dbcf84f,desktop,Chrome,social,,,,,0.0,gaming laptop,0,0,0,
32c62f28-3d6c-4281-8204-5abfb8ce5716,EVT-001400,USER-00155,search,2025-12-19T02:57:46,SES-92b05fd3,mobile,Firefox,social,,,,,0.0,wireless headphones,0,0,0,
8703ac50-1087-430b-9063-6b05804dadb2,EVT-001401,USER-00218,click,2025-11-12T18:30:49,SES-551290f8,desktop,Safari,email,PROD-00003,Penfolds Grange,Red Wine,Wine,390.13,,276,0,0,
8eac6959-70cc-4102-a5ae-3e8de3a5e486,EVT-001402,USER-00107,search,2026-01-04T06:27:18,SES-943ea8c8,desktop,Firefox,organic,,,,,0.0,home office chair,0,0,0,
03d899f5-defa-4c91-a895-36e36531d440,EVT-001403,USER-00147,add_to_cart,2025-10-25T09:38:53,SES-0a5a7096,mobile,Chrome,email,PROD-01416,REI Flash 55 Pack,Outdoor Gear,Sports,517.67,,0,1,0,
b1014dae-7167-411b-b5e4-8c24880dc0e5,EVT-001404,USER-00048,wishlist,2025-11-24T20:23:14,SES-f5438337,tablet,Safari,organic,PROD-01844,Samsung Galaxy Watch 6,Smartwatches,Electronics,790.52,,0,0,0,
d90a0545-e92c-4fad-9742-314b7577df23,EVT-001405,USER-00154,search,2026-01-01T05:08:02,SES-542e587f,tablet,Chrome,organic,,,,,0.0,red wine gift,0,0,0,
3a19ac2e-2a21-48c2-8b20-97b29944c8d2,EVT-001406,USER-00144,view,2026-01-11T06:11:50,SES-0e091a6b,tablet,Edge,direct,PROD-01196,Oral-B iO Series 9,Personal Care,Healthcare,285.71,,125,0,0,
2eddbacb-955a-4c0b-af02-bb08a5430e87,EVT-001407,USER-00001,view,2025-12-22T02:12:01,SES-b72bdf5b,desktop,Safari,direct,PROD-00512,Dom Pérignon Rosé 2009,Champagne,Wine,415.51,,398,0,0,
79da3649-87a1-4e7c-87c7-b3087f460901,EVT-001408,USER-00023,search,2025-12-03T21:23:59,SES-9e2691b8,desktop,Chrome,social,,,,,0.0,gaming laptop,0,0,0,
c0bb0409-edd2-45bd-8cb5-4af6992d2882,EVT-001409,USER-00155,search,2026-01-14T19:15:18,SES-12c760ce,mobile,Firefox,social,,,,,0.0,wireless headphones,0,0,0,
c7bc0d0b-477f-4f37-9c46-53f302b97764,EVT-001410,USER-00218,click,2025-12-03T06:11:28,SES-fafc5cb1,desktop,Safari,email,PROD-00003,Penfolds Grange,Red Wine,Wine,390.13,,276,0,0,
897b152e-90fd-441c-b720-b2999fd35499,EVT-001411,USER-00107,search,2026-01-06T17:32:56,SES-179fc1dc,desktop,Firefox,organic,,,,,0.0,home office chair,0,0,0,
5edce58c-c423-412a-9fc8-ad07425661e6,EVT-001412,USER-00147,add_to_cart,2026-01-01T13:08:58,SES-6400a2da,mobile,Chrome,email,PROD-01416,REI Flash 55 Pack,Outdoor Gear,Sports,517.67,,0,1,0,
b33da628-0fb8-4e13-b780-9b9534c25be8,EVT-001413,USER-00048,wishlist,2026-01-02T03:34:09,SES-0cf40b68,tablet,Safari,organic,PROD-01844,Samsung Galaxy Watch 6,Smartwatches,Electronics,790.52,,0,0,0,
b408820b-1e75-4ab3-ba70-4e6293a1044b,EVT-001414,USER-00154,search,2026-01-03T19:09:00,SES-2148eb4e,tablet,Chrome,organic,,,,,0.0,red wine gift,0,0,0,
8fb9f756-e9ff-4504-a589-42df7ecdd56f,EVT-001415,USER-00144,view,2025-10-28T07:01:31,SES-acac0f11,tablet,Edge,direct,PROD-01196,Oral-B iO Series 9,Personal Care,Healthcare,285.71,,125,0,0,
fd85dfe5-65c6-44f3-a917-4de9dfa611d6,EVT-001416,USER-00001,view,2026-01-09T03:18:00,SES-fc20db5d,desktop,Safari,direct,PROD-00512,Dom Pérignon Rosé 2009,Champagne,Wine,415.51,,398,0,0,
f415e7a7-987a-46af-9620-b3e1d863ffde,EVT-001417,USER-00023,search,2025-11-02T08:24:27,SES-e6e90682,desktop,Chrome,social,,,,,0.0,gaming laptop,0,0,0,
723782d5-2e4e-46c7-880a-5b4b34cc479e,EVT-001418,USER-00155,search,2025-12-15T11:11:53,SES-263f0be1,mobile,Firefox,social,,,,,0.0,wireless headphones,0,0,0,
3ac6d3e8-7cfa-4934-b241-c3de0e00e2ba,EVT-001419,USER-00218,click,2025-11-29T10:17:33,SES-c728944a,desktop,Safari,email,PROD-00003,Penfolds Grange,Red Wine,Wine,390.13,,276,0,0,
2fbfe7da-5e13-4047-8e00-25f677ebf62a,EVT-001420,USER-00107,search,2025-12-31T18:40:23,SES-012e3b36,desktop,Firefox,organic,,,,,0.0,home office chair,0,0,0,
dcf82423-3806-45d4-b07a-78097155a948,EVT-001421,USER-00147,add_to_cart,2025-12-27T13:42:46,SES-ddb5df4f,mobile,Chrome,email,PROD-01416,REI Flash 55 Pack,Outdoor Gear,Sports,517.67,,0,1,0,
6ad28e52-4508-4a27-a4d9-0fbb2713ba90,EVT-001422,USER-00048,wishlist,2025-11-19T15:39:46,SES-ef565f0a,tablet,Safari,organic,PROD-01844,Samsung Galaxy Watch 6,Smartwatches,Electronics,790.52,,0,0,0,
0e789c74-2d46-4571-aa6a-0a49f1624afe,EVT-001423,USER-00154,search,2026-01-14T02:24:44,SES-c3bd6727,tablet,Chrome,organic,,,,,0.0,red wine gift,0,0,0,
2580c645-77ce-4b6f-ac9e-d52f722e6bcf,EVT-001424,USER-00144,view,2025-12-13T16:00:49,SES-360bfdad,tablet,Edge,direct,PROD-01196,Oral-B iO Series 9,Personal Care,Healthcare,285.71,,125,0,0,
85c64196-4d05-4c42-bf08-67cf46de0677,EVT-001425,USER-00001,view,2025-12-06T17:58:07,SES-f41198a9,desktop,Safari,direct,PROD-00512,Dom Pérignon Rosé 2009,Champagne,Wine,415.51,,398,0,0,
0100e722-55b9-4401-8b9f-6a537e127d39,EVT-001426,USER-00023,search,2025-12-02T21:32:11,SES-e146a75f,desktop,Chrome,social,,,,,0.0,gaming laptop,0,0,0,
e17e9116-ba72-4d57-8680-dedd9e48a073,EVT-001427,USER-00155,search,2025-12-17T08:11:24,SES-aa435be5,mobile,Firefox,social,,,,,0.0,wireless headphones,0,0,0,
c48667e4-c2af-404d-a1ed-28626d280065,EVT-001428,USER-00218,click,2025-12-31T13:50:02,SES-6088a720,desktop,Safari,email,PROD-00003,Penfolds Grange,Red Wine,Wine,390.13,,276,0,0,
66f7bea6-fd71-4f03-b976-0f844dfc23d9,EVT-001429,USER-00107,search,2025-12-16T22:10:17,SES-e76d671b,desktop,Firefox,organic,,,,,0.0,home office chair,0,0,0,
d000748e-01aa-4253-ab48-3e462b24ad1c,EVT-001430,USER-00147,add_to_cart,2026-01-05T09:51:29,SES-441151c3,mobile,Chrome,email,PROD-01416,REI Flash 55 Pack,Outdoor Gear,Sports,517.67,,0,1,0,
a20b7753-5caf-47a2-b608-5371f37160b0,EVT-001431,USER-00048,wishlist,2025-12-12T03:05:02,SES-9486bbda,tablet,Safari,organic,PROD-01844,Samsung Galaxy Watch 6,Smartwatches,Electronics,790.52,,0,0,0,
32341cd4-0dec-4573-bade-ff709f5b1bb0,EVT-001432,USER-00154,search,2025-11-17T00:00:28,SES-46335cdb,tablet,Chrome,organic,,,,,0.0,red wine gift,0,0,0,
1aab4410-d47c-4370-b22e-17af5a8270c2,EVT-001433,USER-00144,view,2025-11-07T12:41:44,SES-d539045a,tablet,Edge,direct,PROD-01196,Oral-B iO Series 9,Personal Care,Healthcare,285.71,,125,0,0,
5da80add-fcdb-4700-8900-f529ace1b3f4,EVT-001434,USER-00001,view,2025-11-28T18:24:07,SES-ae7114a0,desktop,Safari,direct,PROD-00512,Dom Pérignon Rosé 2009,Champagne,Wine,415.51,,398,0,0,
e628f3ac-2a6f-497f-8d23-1dae31a2a8b1,EVT-001435,USER-00023,search,2025-12-07T02:53:34,SES-8f7fc3b8,desktop,Chrome,social,,,,,0.0,gaming laptop,0,0,0,
d39abcd6-66d0-4fad-9962-4c240a110b5e,EVT-001436,USER-00155,search,2026-01-03T03:22:56,SES-8f394a7c,mobile,Firefox,social,,,,,0.0,wireless headphones,0,0,0,
7e9d615d-9db6-4e9f-adaf-e51e1f8b71aa,EVT-001437,USER-00218,click,2026-01-20T12:32:45,SES-37c749a9,desktop,Safari,email,PROD-00003,Penfolds Grange,Red Wine,Wine,390.13,,276,0,0,
b9635a1c-c33d-4c8f-8f31-3b9bb79ebb04,EVT-001438,USER-00107,search,2025-11-14T21:02:18,SES-2e7761a7,desktop,Firefox,organic,,,,,0.0,home office chair,0,0,0,
02327d11-1319-4279-bb43-e5f7af0d9587,EVT-001439,USER-00147,add_to_cart,2025-11-04T13:12:54,SES-9e63a491,mobile,Chrome,email,PROD-01416,REI Flash 55 Pack,Outdoor Gear,Sports,517.67,,0,1,0,
d4e82009-a361-4e73-9e17-1efe8a072413,EVT-001440,USER-00048,wishlist,2026-01-18T21:03:11,SES-17607eda,tablet,Safari,organic,PROD-01844,Samsung Galaxy Watch 6,Smartwatches,Electronics,790.52,,0,0,0,
7d1599dc-a7ac-4aa2-a45a-76868d09dfc5,EVT-001441,USER-00154,search,2025-10-24T05:18:33,SES-c7414058,tablet,Chrome,organic,,,,,0.0,red wine gift,0,0,0,
ed7d8100-5e92-4f0b-b653-dc60f27775f9,EVT-001442,USER-00144,view,2025-11-19T00:00:29,SES-8209f530,tablet,Edge,direct,PROD-01196,Oral-B iO Series 9,Personal Care,Healthcare,285.71,,125,0,0,
eabaccc2-970b-4249-a1ca-4dd86bd266ab,EVT-001443,USER-00001,view,2026-01-08T09:06:24,SES-304c73ea,desktop,Safari,direct,PROD-00512,Dom Pérignon Rosé 2009,Champagne,Wine,415.51,,398,0,0,
37278a4f-d9a0-4859-ade4-8803fbd2f833,EVT-001444,USER-00023,search,2025-12-28T00:29:59,SES-4387d6bd,desktop,Chrome,social,,,,,0.0,gaming laptop,0,0,0,
9c61fc45-47d7-4007-bf1d-7b8e17f035f2,EVT-001445,USER-00155,search,2025-11-18T09:18:39,SES-9e7d7136,mobile,Firefox,social,,,,,0.0,wireless headphones,0,0,0,
e7834687-f2df-48c7-8e55-c7666b490299,EVT-001446,USER-00218,click,2025-10-31T01:14:41,SES-ca6d3d14,desktop,Safari,email,PROD-00003,Penfolds Grange,Red Wine,Wine,390.13,,276,0,0,
a1d41e47-eb61-441f-bbc5-930570ccf8cc,EVT-001447,USER-00107,search,2025-11-16T00:18:52,SES-a3595fd5,desktop,Firefox,organic,,,,,0.0,home office chair,0,0,0,
e61e61c9-fe95-4b8b-b95f-d47b672e25eb,EVT-001448,USER-00147,add_to_cart,2026-01-05T15:16:48,SES-ed2919f9,mobile,Chrome,email,PROD-01416,REI Flash 55 Pack,Outdoor Gear,Sports,517.67,,0,1,0,
395535fd-4e4a-4a3f-918b-5fa8932ec15e,EVT-001449,USER-00048,wishlist,2025-12-14T10:45:20,SES-74dd0793,tablet,Safari,organic,PROD-01844,Samsung Galaxy Watch 6,Smartwatches,Electronics,790.52,,0,0,0,
7ab89774-2552-4774-bf20-037a35cee8a0,EVT-001450,USER-00154,search,2025-11-20T11:15:05,SES-e85a81b3,tablet,Chrome,organic,,,,,0.0,red wine gift,0,0,0,
3306a5ff-52f3-4d64-8666-519eaab1fb5c,EVT-001451,USER-00144,view,2025-11-24T12:26:12,SES-dda254e8,tablet,Edge,direct,PROD-01196,Oral-B iO Series 9,Personal Care,Healthcare,285.71,,125,0,0,
2f8a22d2-aa29-4134-ac9f-4de4afc2e663,EVT-001452,USER-00001,view,2025-12-17T04:38:54,SES-706f45e8,desktop,Safari,direct,PROD-00512,Dom Pérignon Rosé 2009,Champagne,Wine,415.51,,398,0,0,
5a1cb137-edbf-4d18-bddb-84c0df5199c8,EVT-001453,USER-00023,search,2025-11-30T01:25:00,SES-3255edf7,desktop,Chrome,social,,,,,0.0,gaming laptop,0,0,0,
e806ebeb-3343-4a53-bedb-236bea09a83a,EVT-001454,USER-00155,search,2025-10-26T11:53:18,SES-3fa2cadd,mobile,Firefox,social,,,,,0.0,wireless headphones,0,0,0,
cad7cc24-081a-44d4-b880-5d5f4dfff7e4,EVT-001455,USER-00218,click,2025-12-21T12:15:30,SES-e461cd49,desktop,Safari,email,PROD-00003,Penfolds Grange,Red Wine,Wine,390.13,,276,0,0,
15642d3a-5d35-4754-90ce-7c547f9f1a3b,EVT-001456,USER-00107,search,2025-11-18T09:01:28,SES-d2bcf49d,desktop,Firefox,organic,,,,,0.0,home office chair,0,0,0,
4d6e7c7c-4a7e-4d82-b117-3ec25f73284c,EVT-001457,USER-00147,add_to_cart,2025-11-26T20:44:22,SES-199aa44b,mobile,Chrome,email,PROD-01416,REI Flash 55 Pack,Outdoor Gear,Sports,517.67,,0,1,0,
7f6657c9-226b-4afd-98c4-7cf310630616,EVT-001458,USER-00048,wishlist,2025-11-17T20:09:22,SES-576e16b2,tablet,Safari,organic,PROD-01844,Samsung Galaxy Watch 6,Smartwatches,Electronics,790.52,,0,0,0,
ff94de35-b9d7-4398-8aa7-ab5e0ec2f867,EVT-001459,USER-00154,search,2025-12-25T18:02:47,SES-4c1df9db,tablet,Chrome,organic,,,,,0.0,red wine gift,0,0,0,
24f6c3f4-6ef9-4c56-8bdd-a48201f6c245,EVT-001460,USER-00144,view,2025-11-16T01:40:03,SES-7f58f95d,tablet,Edge,direct,PROD-01196,Oral-B iO Series 9,Personal Care,Healthcare,285.71,,125,0,0,
0778158a-6b60-43a4-afd2-9245ea0f69a6,EVT-001461,USER-00001,view,2026-01-06T17:06:53,SES-e6c8933a,desktop,Safari,direct,PROD-00512,Dom Pérignon Rosé 2009,Champagne,Wine,415.51,,398,0,0,
ab84b9cc-1851-4698-b23b-8d1446788562,EVT-001462,USER-00023,search,2025-12-25T03:36:07,SES-01959e3c,desktop,Chrome,social,,,,,0.0,gaming laptop,0,0,0,
6fd072d9-8912-4396-ad29-bf18c4edbe9a,EVT-001463,USER-00155,search,2026-01-09T09:58:15,SES-83956607,mobile,Firefox,social,,,,,0.0,wireless headphones,0,0,0,
54ebd6c2-4863-4d03-81a3-f3825ddbf0c9,EVT-001464,USER-00218,click,2026-01-05T15:48:13,SES-85b76e85,desktop,Safari,email,PROD-00003,Penfolds Grange,Red Wine,Wine,390.13,,276,0,0,
a2eba11d-c406-41c0-ab4c-145d381dc6c8,EVT-001465,USER-00107,search,2025-12-20T18:40:12,SES-e7f259e2,desktop,Firefox,organic,,,,,0.0,home office chair,0,0,0,
c6863a1a-f6d7-43d6-8ed1-7df324cfce9f,EVT-001466,USER-00147,add_to_cart,2025-10-23T22:40:54,SES-98c7b921,mobile,Chrome,email,PROD-01416,REI Flash 55 Pack,Outdoor Gear,Sports,517.67,,0,1,0,
aab15870-4353-4e65-84d9-754409f51f72,EVT-001467,USER-00048,wishlist,2025-11-03T19:35:03,SES-d1f19111,tablet,Safari,organic,PROD-01844,Samsung Galaxy Watch 6,Smartwatches,Electronics,790.52,,0,0,0,
172f9dc2-2e58-499b-9433-f0c3b161f1b2,EVT-001468,USER-00154,search,2025-11-21T13:02:49,SES-b5dcbea4,tablet,Chrome,organic,,,,,0.0,red wine gift,0,0,0,
a5a7a12d-8c21-439e-9563-7113c5f55870,EVT-001469,USER-00144,view,2025-12-16T22:29:35,SES-eeba196b,tablet,Edge,direct,PROD-01196,Oral-B iO Series 9,Personal Care,Healthcare,285.71,,125,0,0,
f8bbb947-cade-4c4f-a88c-ff53971bad57,EVT-001470,USER-00001,view,2025-12-25T21:39:00,SES-41b7ad43,desktop,Safari,direct,PROD-00512,Dom Pérignon Rosé 2009,Champagne,Wine,415.51,,398,0,0,
0c10431d-b46f-4031-91fb-de05e7d7286f,EVT-001471,USER-00023,search,2025-11-22T21:53:20,SES-23878a36,desktop,Chrome,social,,,,,0.0,gaming laptop,0,0,0,
6d07bf2d-7c3b-4fa2-8231-641ed3a03e26,EVT-001472,USER-00155,search,2026-01-11T21:57:00,SES-784fe6d4,mobile,Firefox,social,,,,,0.0,wireless headphones,0,0,0,
e307d1b2-d326-4a21-89b0-e20f2b99b910,EVT-001473,USER-00218,click,2025-11-17T10:17:59,SES-92d0a11b,desktop,Safari,email,PROD-00003,Penfolds Grange,Red Wine,Wine,390.13,,276,0,0,
7346401e-0fef-40a9-8d6a-6dc188533c1f,EVT-001474,USER-00107,search,2026-01-13T00:57:48,SES-1910e12e,desktop,Firefox,organic,,,,,0.0,home office chair,0,0,0,
1d350e1e-1989-4878-b070-f19329eea534,EVT-001475,USER-00147,add_to_cart,2025-11-09T02:31:38,SES-c74f0080,mobile,Chrome,email,PROD-01416,REI Flash 55 Pack,Outdoor Gear,Sports,517.67,,0,1,0,
adadac51-21dd-4114-91a4-0a0f31c83b22,EVT-001476,USER-00048,wishlist,2025-12-04T20:04:43,SES-397a9f29,tablet,Safari,organic,PROD-01844,Samsung Galaxy Watch 6,Smartwatches,Electronics,790.52,,0,0,0,
9b460453-330d-4fd2-9274-c9f1271a834a,EVT-001477,USER-00154,search,2025-12-06T16:09:18,SES-161c1a42,tablet,Chrome,organic,,,,,0.0,red wine gift,0,0,0,
508c5d97-717b-4c24-a0b5-5e9e58c117ba,EVT-001478,USER-00144,view,2025-10-24T10:09:49,SES-bc9b660c,tablet,Edge,direct,PROD-01196,Oral-B iO Series 9,Personal Care,Healthcare,285.71,,125,0,0,
2dd57170-0913-4f38-b397-b668ecbc6253,EVT-001479,USER-00001,view,2025-12-04T10:59:32,SES-ddb6de75,desktop,Safari,direct,PROD-00512,Dom Pérignon Rosé 2009,Champagne,Wine,415.51,,398,0,0,
16284979-48f0-4dec-b37b-83cc9dfd0b3a,EVT-001480,USER-00023,search,2025-10-23T14:35:58,SES-336f2c6b,desktop,Chrome,social,,,,,0.0,gaming laptop,0,0,0,
029dc6c8-d3dc-4de4-bafc-c1fd3f43754f,EVT-001481,USER-00155,search,2025-12-07T00:48:44,SES-adfc9a06,mobile,Firefox,social,,,,,0.0,wireless headphones,0,0,0,
0f5af385-7c66-420c-b3cb-d1e963ab548b,EVT-001482,USER-00218,click,2025-10-26T08:09:16,SES-0b3fb118,desktop,Safari,email,PROD-00003,Penfolds Grange,Red Wine,Wine,390.13,,276,0,0,
20aacf80-3e42-4e93-92f9-bbcc5db3eb1f,EVT-001483,USER-00107,search,2025-11-26T13:48:58,SES-4f46240b,desktop,Firefox,organic,,,,,0.0,home office chair,0,0,0,
014530a1-0b73-4a8f-82cb-14f7c1e3596c,EVT-001484,USER-00147,add_to_cart,2025-12-08T08:53:41,SES-1ab5433b,mobile,Chrome,email,PROD-01416,REI Flash 55 Pack,Outdoor Gear,Sports,517.67,,0,1,0,
6c12f8bc-a3b0-46e1-8e3e-e89876646d62,EVT-001485,USER-00048,wishlist,2025-12-23T15:58:42,SES-073eabcb,tablet,Safari,organic,PROD-01844,Samsung Galaxy Watch 6,Smartwatches,Electronics,790.52,,0,0,0,
6e7a0a8a-ed24-461b-81c2-3830d6f755d7,EVT-001486,USER-00154,search,2026-01-12T17:21:00,SES-d6e85839,tablet,Chrome,organic,,,,,0.0,red wine gift,0,0,0,
592f7668-e545-4e22-a0f6-4d95fdb54930,EVT-001487,USER-00144,view,2025-12-15T18:55:15,SES-413a6c25,tablet,Edge,direct,PROD-01196,Oral-B iO Series 9,Personal Care,Healthcare,285.71,,125,0,0,
9d9bcff4-a9d9-4b1b-a0ae-cc70739dd710,EVT-001488,USER-00001,view,2025-11-12T21:32:21,SES-21567202,desktop,Safari,direct,PROD-00512,Dom Pérignon Rosé 2009,Champagne,Wine,415.51,,398,0,0,
53fdc438-9887-469b-ae06-9ebece8d3349,EVT-001489,USER-00023,search,2025-12-01T10:03:42,SES-7068b57a,desktop,Chrome,social,,,,,0.0,gaming laptop,0,0,0,
d2804667-b44c-4e41-afe3-405a53afaa5d,EVT-001490,USER-00155,search,2025-10-28T10:26:31,SES-04ad3652,mobile,Firefox,social,,,,,0.0,wireless headphones,0,0,0,
c7e8c39a-5277-4697-a235-b2b2812fef3e,EVT-001491,USER-00218,click,2025-12-18T00:25:34,SES-69fc25dc,desktop,Safari,email,PROD-00003,Penfolds Grange,Red Wine,Wine,390.13,,276,0,0,
96fd0c77-f27f-4c8a-986f-bdf9fa3cb6f4,EVT-001492,USER-00107,search,2025-10-30T11:17:13,SES-c7c07b94,desktop,Firefox,organic,,,,,0.0,home office chair,0,0,0,
77b7e37f-c61a-4c4f-9889-5de97d19dae1,EVT-001493,USER-00147,add_to_cart,2025-11-18T14:05:40,SES-418c55e2,mobile,Chrome,email,PROD-01416,REI Flash 55 Pack,Outdoor Gear,Sports,517.67,,0,1,0,
06bdf837-91a7-49a7-89f4-1f0ec85a5066,EVT-001494,USER-00048,wishlist,2026-01-17T20:11:38,SES-c556b860,tablet,Safari,organic,PROD-01844,Samsung Galaxy Watch 6,Smartwatches,Electronics,790.52,,0,0,0,
d9a0d666-e446-4387-b7d4-e2ecd273e2f4,EVT-001495,USER-00154,search,2025-12-21T00:05:52,SES-cb804b3a,tablet,Chrome,organic,,,,,0.0,red wine gift,0,0,0,
36b38256-c301-43a8-9794-e628e669e67d,EVT-001496,USER-00144,view,2025-12-15T06:53:46,SES-9da7dc1a,tablet,Edge,direct,PROD-01196,Oral-B iO Series 9,Personal Care,Healthcare,285.71,,125,0,0,
5edf387c-cd82-48ca-925a-fb3de64b669b,EVT-001497,USER-00001,view,2025-11-22T05:39:51,SES-2e1cbd9c,desktop,Safari,direct,PROD-00512,Dom Pérignon Rosé 2009,Champagne,Wine,415.51,,398,0,0,
be854490-c745-4757-a211-311a9a47b4ef,EVT-001498,USER-00023,search,2025-10-28T23:09:41,SES-7b6f708e,desktop,Chrome,social,,,,,0.0,gaming laptop,0,0,0,
f05c8ae3-246c-4fc9-80ae-32e3429cb309,EVT-001499,USER-00155,search,2025-12-04T12:13:40,SES-17c406b5,mobile,Firefox,social,,,,,0.0,wireless headphones,0,0,0,
2b4b56ec-b43b-4c6f-8743-01774e9754f9,EVT-001500,USER-00218,click,2025-11-09T04:54:10,SES-915aeaf3,desktop,Safari,email,PROD-00003,Penfolds Grange,Red Wine,Wine,390.13,,276,0,0,
28dba5c0-b324-4d27-8388-2ec8e48af0e9,EVT-001501,USER-00107,search,2025-11-16T19:07:45,SES-ea8d8877,desktop,Firefox,organic,,,,,0.0,home office chair,0,0,0,
e4a8e93e-de5a-438b-a147-f615e234a139,EVT-001502,USER-00147,add_to_cart,2026-01-05T02:47:05,SES-f7f0789d,mobile,Chrome,email,PROD-01416,REI Flash 55 Pack,Outdoor Gear,Sports,517.67,,0,1,0,
404d88a6-2e16-4e71-a125-f77ab22cbe94,EVT-001503,USER-00048,wishlist,2026-01-07T03:09:23,SES-8c978cb5,tablet,Safari,organic,PROD-01844,Samsung Galaxy Watch 6,Smartwatches,Electronics,790.52,,0,0,0,
350943f3-1546-4f14-9cda-a0a84841cc7e,EVT-001504,USER-00154,search,2025-11-18T13:23:32,SES-b9e3a4ad,tablet,Chrome,organic,,,,,0.0,red wine gift,0,0,0,
c9adb817-7469-4e11-a1d2-f62039056080,EVT-001505,USER-00144,view,2025-11-16T22:42:12,SES-5ff52302,tablet,Edge,direct,PROD-01196,Oral-B iO Series 9,Personal Care,Healthcare,285.71,,125,0,0,
227a5241-b8f0-4b63-ad10-9f8a03c55eb4,EVT-001506,USER-00001,view,2026-01-15T02:58:30,SES-7245fcb9,desktop,Safari,direct,PROD-00512,Dom Pérignon Rosé 2009,Champagne,Wine,415.51,,398,0,0,
ef18e238-a45a-43f1-9b22-72a569c899a0,EVT-001507,USER-00023,search,2025-12-09T19:11:50,SES-44457f78,desktop,Chrome,social,,,,,0.0,gaming laptop,0,0,0,
d3422b86-afb6-44eb-9419-9fdf9c2853d8,EVT-001508,USER-00155,search,2025-11-04T02:22:45,SES-f33e3af4,mobile,Firefox,social,,,,,0.0,wireless headphones,0,0,0,
46ca51ab-423c-4f59-a245-974f75c7b4de,EVT-001509,USER-00218,click,2025-11-13T19:51:14,SES-4103f059,desktop,Safari,email,PROD-00003,Penfolds Grange,Red Wine,Wine,390.13,,276,0,0,
eb23f138-1b23-4571-9394-21e5bf46b1cd,EVT-001510,USER-00107,search,2025-12-22T22:43:25,SES-92472850,desktop,Firefox,organic,,,,,0.0,home office chair,0,0,0,
b22d2fed-6946-49d5-95fb-aa571fb82f5d,EVT-001511,USER-00147,add_to_cart,2025-11-08T16:31:58,SES-d253d54e,mobile,Chrome,email,PROD-01416,REI Flash 55 Pack,Outdoor Gear,Sports,517.67,,0,1,0,
68fa0642-3466-444b-8d49-eff7f14b17b0,EVT-001512,USER-00048,wishlist,2025-11-06T00:14:07,SES-71a1fb5c,tablet,Safari,organic,PROD-01844,Samsung Galaxy Watch 6,Smartwatches,Electronics,790.52,,0,0,0,
96dc72a6-5637-47c3-be5f-16be75c0cd63,EVT-001513,USER-00154,search,2026-01-15T08:03:49,SES-73127478,tablet,Chrome,organic,,,,,0.0,red wine gift,0,0,0,
6577f0c4-0c4c-4b62-9a0a-7627702bb189,EVT-001514,USER-00144,view,2025-12-21T17:51:20,SES-ef55d7b4,tablet,Edge,direct,PROD-01196,Oral-B iO Series 9,Personal Care,Healthcare,285.71,,125,0,0,
97111ace-8a90-4b9e-9205-1ca0ebd84cac,EVT-001515,USER-00001,view,2025-12-25T10:28:09,SES-8de100c2,desktop,Safari,direct,PROD-00512,Dom Pérignon Rosé 2009,Champagne,Wine,415.51,,398,0,0,
315d0e26-d1d8-4a55-977f-090ba7cd4dee,EVT-001516,USER-00023,search,2025-10-27T13:27:30,SES-ff57c338,desktop,Chrome,social,,,,,0.0,gaming laptop,0,0,0,
273423af-8c31-405f-bf25-71f4a6c834bf,EVT-001517,USER-00155,search,2025-11-14T08:05:44,SES-87f8fc70,mobile,Firefox,social,,,,,0.0,wireless headphones,0,0,0,
fe849605-910c-4228-9380-e2f064ee6d52,EVT-001518,USER-00218,click,2025-11-02T20:36:33,SES-c6f07776,desktop,Safari,email,PROD-00003,Penfolds Grange,Red Wine,Wine,390.13,,276,0,0,
03822ab6-df5e-45a9-95e5-fc2da441c150,EVT-001519,USER-00107,search,2025-12-25T07:15:35,SES-e1db4235,desktop,Firefox,organic,,,,,0.0,home office chair,0,0,0,
d634d737-83ad-4faa-82d0-56dc5b916c17,EVT-001520,USER-00147,add_to_cart,2025-10-26T11:38:42,SES-1a32b50a,mobile,Chrome,email,PROD-01416,REI Flash 55 Pack,Outdoor Gear,Sports,517.67,,0,1,0,
327d71cc-2f07-4305-b8cb-8feb990018da,EVT-001521,USER-00048,wishlist,2025-11-09T15:16:33,SES-e8bb1bcc,tablet,Safari,organic,PROD-01844,Samsung Galaxy Watch 6,Smartwatches,Electronics,790.52,,0,0,0,
4f3ea2da-eb51-453c-b347-dad0a7412c55,EVT-001522,USER-00154,search,2025-12-28T04:47:36,SES-6877133d,tablet,Chrome,organic,,,,,0.0,red wine gift,0,0,0,
0769f80c-9922-46ae-a0da-7b1d1e77c259,EVT-001523,USER-00144,view,2025-12-10T22:40:14,SES-2848bf8b,tablet,Edge,direct,PROD-01196,Oral-B iO Series 9,Personal Care,Healthcare,285.71,,125,0,0,
9a378f7e-8956-4cd2-b390-5e6d98d9fda6,EVT-001524,USER-00001,view,2026-01-14T07:12:12,SES-8d15a750,desktop,Safari,direct,PROD-00512,Dom Pérignon Rosé 2009,Champagne,Wine,415.51,,398,0,0,
8cde303e-08a4-4a45-bb20-cc5990351d7d,EVT-001525,USER-00023,search,2025-12-04T11:55:24,SES-09b0c02e,desktop,Chrome,social,,,,,0.0,gaming laptop,0,0,0,
33dd9594-cfc8-4795-82aa-a06ca601525b,EVT-001526,USER-00155,search,2025-12-18T01:10:21,SES-34951f39,mobile,Firefox,social,,,,,0.0,wireless headphones,0,0,0,
96b7a0de-29ab-4a51-979f-25fb5c0deb07,EVT-001527,USER-00218,click,2025-11-22T13:22:20,SES-bd4ee147,desktop,Safari,email,PROD-00003,Penfolds Grange,Red Wine,Wine,390.13,,276,0,0,
433eb948-9268-4bf0-9283-3e48b86b7455,EVT-001528,USER-00107,search,2025-10-26T19:41:34,SES-3c3b1290,desktop,Firefox,organic,,,,,0.0,home office chair,0,0,0,
18582d74-f207-4523-8cb4-d00f23fefe9f,EVT-001529,USER-00147,add_to_cart,2025-12-15T11:27:46,SES-53ff149b,mobile,Chrome,email,PROD-01416,REI Flash 55 Pack,Outdoor Gear,Sports,517.67,,0,1,0,
b3dcdead-fe24-44d5-a851-7011426bac2c,EVT-001530,USER-00048,wishlist,2025-12-31T09:29:38,SES-d249e5d8,tablet,Safari,organic,PROD-01844,Samsung Galaxy Watch 6,Smartwatches,Electronics,790.52,,0,0,0,
4cfb51a7-3e95-4db5-a5de-5321ada40d7d,EVT-001531,USER-00154,search,2025-11-13T21:05:49,SES-6cfb2d19,tablet,Chrome,organic,,,,,0.0,red wine gift,0,0,0,
d970a703-f5a3-4c83-8039-19fc4450726c,EVT-001532,USER-00144,view,2025-10-28T15:38:01,SES-14ebfc20,tablet,Edge,direct,PROD-01196,Oral-B iO Series 9,Personal Care,Healthcare,285.71,,125,0,0,
b02b2116-29d1-45a8-9c59-8c70d8d0bf8b,EVT-001533,USER-00001,view,2025-12-31T02:57:02,SES-560a2760,desktop,Safari,direct,PROD-00512,Dom Pérignon Rosé 2009,Champagne,Wine,415.51,,398,0,0,
b2e98d83-8056-4a18-8062-276c8003066a,EVT-001534,USER-00023,search,2025-11-16T21:34:14,SES-ae893d16,desktop,Chrome,social,,,,,0.0,gaming laptop,0,0,0,
6391f9d0-da70-4e3a-8991-11a178699d71,EVT-001535,USER-00155,search,2025-11-16T17:49:11,SES-30235949,mobile,Firefox,social,,,,,0.0,wireless headphones,0,0,0,
bbff06b7-5c1b-49a9-9c17-2339dd27160b,EVT-001536,USER-00218,click,2025-10-24T07:29:15,SES-e69fcfa0,desktop,Safari,email,PROD-00003,Penfolds Grange,Red Wine,Wine,390.13,,276,0,0,
07cddd2c-e7dd-484a-a940-f2f835e2552d,EVT-001537,USER-00107,search,2025-12-27T14:41:15,SES-e949e99b,desktop,Firefox,organic,,,,,0.0,home office chair,0,0,0,
64a8387f-9577-49a6-aaab-0ab9f4bbd725,EVT-001538,USER-00147,add_to_cart,2026-01-12T18:45:40,SES-eaa959c9,mobile,Chrome,email,PROD-01416,REI Flash 55 Pack,Outdoor Gear,Sports,517.67,,0,1,0,
5dc7219a-1c25-47f3-81a0-8b2d11eca5b5,EVT-001539,USER-00048,wishlist,2026-01-14T00:01:36,SES-156c686f,tablet,Safari,organic,PROD-01844,Samsung Galaxy Watch 6,Smartwatches,Electronics,790.52,,0,0,0,
eb79e175-d35e-4787-8732-3bbff38c73a5,EVT-001540,USER-00154,search,2026-01-13T05:11:31,SES-8a18986c,tablet,Chrome,organic,,,,,0.0,red wine gift,0,0,0,
0884494e-f064-4016-8d19-3bdaf998a1f7,EVT-001541,USER-00144,view,2025-11-26T01:15:35,SES-b9309410,tablet,Edge,direct,PROD-01196,Oral-B iO Series 9,Personal Care,Healthcare,285.71,,125,0,0,
708c4195-f8ab-492f-931d-be0333a6744b,EVT-001542,USER-00001,view,2025-12-14T05:14:56,SES-5d83e754,desktop,Safari,direct,PROD-00512,Dom Pérignon Rosé 2009,Champagne,Wine,415.51,,398,0,0,
1f5a557f-a8d9-478f-9397-6197ec59f0ca,EVT-001543,USER-00023,search,2025-12-31T11:44:05,SES-ac4103b5,desktop,Chrome,social,,,,,0.0,gaming laptop,0,0,0,
a849f40c-3ad6-469d-aa2a-b1d48517add2,EVT-001544,USER-00155,search,2025-10-27T02:09:54,SES-4d74802f,mobile,Firefox,social,,,,,0.0,wireless headphones,0,0,0,
668b7355-5ed2-4fdc-90a8-18fae2d43c3e,EVT-001545,USER-00218,click,2025-12-20T01:22:46,SES-3eb373be,desktop,Safari,email,PROD-00003,Penfolds Grange,Red Wine,Wine,390.13,,276,0,0,
a478bb30-6719-4acf-bf1f-52c558b1a3ef,EVT-001546,USER-00107,search,2025-11-14T12:48:45,SES-1ed967dc,desktop,Firefox,organic,,,,,0.0,home office chair,0,0,0,
499bb9ed-8598-4e3c-a8fe-2b15362388d6,EVT-001547,USER-00147,add_to_cart,2025-11-25T16:51:30,SES-6628aa59,mobile,Chrome,email,PROD-01416,REI Flash 55 Pack,Outdoor Gear,Sports,517.67,,0,1,0,
a5ada3d1-eeec-4be5-8f3e-4cff46e5b2c7,EVT-001548,USER-00048,wishlist,2025-11-02T08:17:55,SES-e231d69b,tablet,Safari,organic,PROD-01844,Samsung Galaxy Watch 6,Smartwatches,Electronics,790.52,,0,0,0,
88b700f9-8316-48b1-8377-e51f1b15f05e,EVT-001549,USER-00154,search,2025-10-30T06:28:08,SES-5173e44a,tablet,Chrome,organic,,,,,0.0,red wine gift,0,0,0,
80306ebd-0164-48f3-9063-0c99282c0f9d,EVT-001550,USER-00144,view,2025-12-10T23:10:49,SES-251d6501,tablet,Edge,direct,PROD-01196,Oral-B iO Series 9,Personal Care,Healthcare,285.71,,125,0,0,
cf176736-47a1-460a-9008-c1b3c2052e26,EVT-001551,USER-00001,view,2025-12-04T20:05:16,SES-5b4457fa,desktop,Safari,direct,PROD-00512,Dom Pérignon Rosé 2009,Champagne,Wine,415.51,,398,0,0,
e7d3a444-40e2-4eee-8466-f6b8c2291742,EVT-001552,USER-00023,search,2025-11-02T17:39:50,SES-3a2e9b58,desktop,Chrome,social,,,,,0.0,gaming laptop,0,0,0,
c8d79d4c-df26-49c6-8c9a-0f46f2baa0fb,EVT-001553,USER-00155,search,2025-12-11T08:43:42,SES-d4833a6d,mobile,Firefox,social,,,,,0.0,wireless headphones,0,0,0,
738cae79-f2c1-487f-8f96-1d9ddb48a4f1,EVT-001554,USER-00218,click,2025-10-30T06:24:05,SES-d50b6bdd,desktop,Safari,email,PROD-00003,Penfolds Grange,Red Wine,Wine,390.13,,276,0,0,
c82cc9ff-8793-49f9-b088-5d5346fe452d,EVT-001555,USER-00107,search,2025-11-14T18:07:47,SES-92ef86c9,desktop,Firefox,organic,,,,,0.0,home office chair,0,0,0,
bb46e7b4-c985-476b-8874-39e48ea268b5,EVT-001556,USER-00147,add_to_cart,2025-11-11T13:22:53,SES-eaff848d,mobile,Chrome,email,PROD-01416,REI Flash 55 Pack,Outdoor Gear,Sports,517.67,,0,1,0,
6e74a32d-a8ce-4e31-88cd-2a3608d46f6d,EVT-001557,USER-00048,wishlist,2025-11-23T09:04:22,SES-c13441f1,tablet,Safari,organic,PROD-01844,Samsung Galaxy Watch 6,Smartwatches,Electronics,790.52,,0,0,0,
2c80fa28-0c1d-4b0b-a1cf-9cb4b3af9fde,EVT-001558,USER-00154,search,2025-12-17T02:58:41,SES-5b01fef5,tablet,Chrome,organic,,,,,0.0,red wine gift,0,0,0,
a7a68bf7-74cd-4f15-bd9a-f175b8baeaca,EVT-001559,USER-00144,view,2025-11-27T19:15:34,SES-bf8c8a36,tablet,Edge,direct,PROD-01196,Oral-B iO Series 9,Personal Care,Healthcare,285.71,,125,0,0,
218b03ef-e059-49c5-ac6a-4a3c62bdfe17,EVT-001560,USER-00001,view,2026-01-11T05:57:38,SES-666998eb,desktop,Safari,direct,PROD-00512,Dom Pérignon Rosé 2009,Champagne,Wine,415.51,,398,0,0,
36f88bde-d748-4cd6-951e-b03f49943c4c,EVT-001561,USER-00023,search,2026-01-10T14:56:34,SES-cf7e5c92,desktop,Chrome,social,,,,,0.0,gaming laptop,0,0,0,
a2659059-e91c-4747-a11f-8c9eac556e89,EVT-001562,USER-00155,search,2025-12-27T20:48:44,SES-f9350874,mobile,Firefox,social,,,,,0.0,wireless headphones,0,0,0,
ded13ad3-67c5-46ab-89b7-58127b63f9a7,EVT-001563,USER-00218,click,2025-12-02T03:12:32,SES-7068147f,desktop,Safari,email,PROD-00003,Penfolds Grange,Red Wine,Wine,390.13,,276,0,0,
372e76db-3e4c-4afa-b544-958fc7d20acb,EVT-001564,USER-00107,search,2025-10-29T16:17:15,SES-b0ad370f,desktop,Firefox,organic,,,,,0.0,home office chair,0,0,0,
8eaced8a-a395-4629-af39-45348b35a886,EVT-001565,USER-00147,add_to_cart,2025-12-24T01:38:04,SES-08aefbd9,mobile,Chrome,email,PROD-01416,REI Flash 55 Pack,Outdoor Gear,Sports,517.67,,0,1,0,
fc61e5a5-9230-46fc-8e29-99b86b4678ea,EVT-001566,USER-00048,wishlist,2025-12-03T03:41:20,SES-699931b7,tablet,Safari,organic,PROD-01844,Samsung Galaxy Watch 6,Smartwatches,Electronics,790.52,,0,0,0,
91828e52-3440-4e6d-b640-d1c0c1a730ee,EVT-001567,USER-00154,search,2026-01-15T18:48:54,SES-1dc10b2b,tablet,Chrome,organic,,,,,0.0,red wine gift,0,0,0,
08ab3df4-2fc1-42ad-8f5b-160856e486d5,EVT-001568,USER-00144,view,2025-11-19T05:33:50,SES-4476b281,tablet,Edge,direct,PROD-01196,Oral-B iO Series 9,Personal Care,Healthcare,285.71,,125,0,0,
d5a2a661-8ab2-439d-9d2f-1ef098209cbb,EVT-001569,USER-00001,view,2025-11-05T15:19:43,SES-0171b6f3,desktop,Safari,direct,PROD-00512,Dom Pérignon Rosé 2009,Champagne,Wine,415.51,,398,0,0,
46ce7009-f47d-41d9-8a60-ecdb68be3820,EVT-001570,USER-00023,search,2025-10-25T03:28:19,SES-09f8aa32,desktop,Chrome,social,,,,,0.0,gaming laptop,0,0,0,
e4e6cc3f-53de-41ff-8ff9-3ef07ddd6ebe,EVT-001571,USER-00155,search,2025-11-23T10:49:26,SES-964a879f,mobile,Firefox,social,,,,,0.0,wireless headphones,0,0,0,
2ea86556-7fc2-4348-a66c-6e8cdcf63794,EVT-001572,USER-00218,click,2025-12-20T16:15:52,SES-15495efe,desktop,Safari,email,PROD-00003,Penfolds Grange,Red Wine,Wine,390.13,,276,0,0,
eac1abc3-5176-46a6-b41c-776699e3a99a,EVT-001573,USER-00107,search,2026-01-07T06:29:08,SES-b696f1df,desktop,Firefox,organic,,,,,0.0,home office chair,0,0,0,
e7bfd0ce-2a57-4699-80b1-a562f5107702,EVT-001574,USER-00147,add_to_cart,2025-11-26T17:27:31,SES-dbe4b294,mobile,Chrome,email,PROD-01416,REI Flash 55 Pack,Outdoor Gear,Sports,517.67,,0,1,0,
7f3e535d-2a21-4d7d-aa41-686d59e406e8,EVT-001575,USER-00048,wishlist,2025-11-24T06:30:10,SES-05047211,tablet,Safari,organic,PROD-01844,Samsung Galaxy Watch 6,Smartwatches,Electronics,790.52,,0,0,0,
72f53ebc-8ad5-4b38-8037-7e826f466dd0,EVT-001576,USER-00154,search,2025-12-01T08:57:31,SES-6c80e510,tablet,Chrome,organic,,,,,0.0,red wine gift,0,0,0,
385729e3-11b3-4fae-98c3-27776c2fc285,EVT-001577,USER-00144,view,2026-01-17T21:00:17,SES-2ecfccdf,tablet,Edge,direct,PROD-01196,Oral-B iO Series 9,Personal Care,Healthcare,285.71,,125,0,0,
70fe0b91-f68e-4c56-bdfd-838f99425de3,EVT-001578,USER-00001,view,2025-12-25T01:08:55,SES-d9c5ef4b,desktop,Safari,direct,PROD-00512,Dom Pérignon Rosé 2009,Champagne,Wine,415.51,,398,0,0,
20acb4af-84f2-4f45-8f0e-3ef5826ee1a0,EVT-001579,USER-00023,search,2025-11-28T03:04:48,SES-de22ed9a,desktop,Chrome,social,,,,,0.0,gaming laptop,0,0,0,
f1a924b3-c34b-4dab-9a77-bb49326b0c0e,EVT-001580,USER-00155,search,2025-12-07T10:42:18,SES-9e8a4d1c,mobile,Firefox,social,,,,,0.0,wireless headphones,0,0,0,
cfe9b12e-9fe1-46f2-9bcc-dfdbe3968e59,EVT-001581,USER-00218,click,2025-11-20T07:08:45,SES-c7ea0907,desktop,Safari,email,PROD-00003,Penfolds Grange,Red Wine,Wine,390.13,,276,0,0,
492a292a-03ef-49f1-a439-01d40fab48a1,EVT-001582,USER-00107,search,2025-12-22T03:05:58,SES-fce948ed,desktop,Firefox,organic,,,,,0.0,home office chair,0,0,0,
a7a81095-f9eb-4d33-ac30-95c0ede37ab8,EVT-001583,USER-00147,add_to_cart,2025-10-25T18:31:53,SES-da8639bd,mobile,Chrome,email,PROD-01416,REI Flash 55 Pack,Outdoor Gear,Sports,517.67,,0,1,0,
bb197ba9-94c4-4429-9d4e-a1f25d0758d4,EVT-001584,USER-00048,wishlist,2025-11-07T07:29:07,SES-4b7e09b0,tablet,Safari,organic,PROD-01844,Samsung Galaxy Watch 6,Smartwatches,Electronics,790.52,,0,0,0,
c07866ff-05ea-470e-9f98-02580c609c25,EVT-001585,USER-00154,search,2025-11-27T12:08:06,SES-eb4be569,tablet,Chrome,organic,,,,,0.0,red wine gift,0,0,0,
d2e40ed9-0a6b-4cf4-b113-c0510b97f342,EVT-001586,USER-00144,view,2025-10-27T01:52:46,SES-dfcf7d21,tablet,Edge,direct,PROD-01196,Oral-B iO Series 9,Personal Care,Healthcare,285.71,,125,0,0,
b79cf644-fac8-4e5a-a2bc-0ffe813b979d,EVT-001587,USER-00001,view,2025-11-19T23:42:42,SES-e1b7e622,desktop,Safari,direct,PROD-00512,Dom Pérignon Rosé 2009,Champagne,Wine,415.51,,398,0,0,
4e91815a-efee-454f-a9c5-fdd0abc39d03,EVT-001588,USER-00023,search,2025-11-06T07:36:07,SES-e3e0b288,desktop,Chrome,social,,,,,0.0,gaming laptop,0,0,0,
33c00a45-9a8b-43e3-aba3-a127696e7900,EVT-001589,USER-00155,search,2026-01-19T06:44:48,SES-2b7a0ba8,mobile,Firefox,social,,,,,0.0,wireless headphones,0,0,0,
5215d496-8486-4d44-bcf5-9a50f164e29a,EVT-001590,USER-00218,click,2025-12-19T03:35:21,SES-5373b200,desktop,Safari,email,PROD-00003,Penfolds Grange,Red Wine,Wine,390.13,,276,0,0,
cb3d0c41-2e39-4125-91bb-a493260abd1c,EVT-001591,USER-00107,search,2025-10-25T05:25:51,SES-81c6720d,desktop,Firefox,organic,,,,,0.0,home office chair,0,0,0,
5c8b3bd1-a68e-485e-9846-96d02644873c,EVT-001592,USER-00147,add_to_cart,2025-11-02T01:28:05,SES-bcc73876,mobile,Chrome,email,PROD-01416,REI Flash 55 Pack,Outdoor Gear,Sports,517.67,,0,1,0,
e69f2b00-98ad-4184-b376-edc2606556a0,EVT-001593,USER-00048,wishlist,2025-12-20T21:05:28,SES-bdf872dd,tablet,Safari,organic,PROD-01844,Samsung Galaxy Watch 6,Smartwatches,Electronics,790.52,,0,0,0,
76c3ada5-5dfc-4a3f-8af8-9262a30f465d,EVT-001594,USER-00154,search,2025-11-12T06:42:45,SES-c62dd468,tablet,Chrome,organic,,,,,0.0,red wine gift,0,0,0,
a5420366-4c01-4568-a888-06ebb402bc4e,EVT-001595,USER-00144,view,2026-01-09T04:47:08,SES-ed11ab36,tablet,Edge,direct,PROD-01196,Oral-B iO Series 9,Personal Care,Healthcare,285.71,,125,0,0,
92efcb91-0a68-42cf-b6f7-210f3be3b434,EVT-001596,USER-00001,view,2025-11-22T03:31:07,SES-c281c565,desktop,Safari,direct,PROD-00512,Dom Pérignon Rosé 2009,Champagne,Wine,415.51,,398,0,0,
472c440f-f5d8-4f9e-9426-d1438ff5a815,EVT-001597,USER-00023,search,2025-12-11T08:10:14,SES-2fffdfae,desktop,Chrome,social,,,,,0.0,gaming laptop,0,0,0,
7c254413-0ace-435e-89ba-aeaef61b483c,EVT-001598,USER-00155,search,2025-12-31T05:47:22,SES-ce9f21eb,mobile,Firefox,social,,,,,0.0,wireless headphones,0,0,0,
46555582-bc7b-44d1-91b5-45c21a37bcaf,EVT-001599,USER-00218,click,2026-01-06T13:29:49,SES-3488e601,desktop,Safari,email,PROD-00003,Penfolds Grange,Red Wine,Wine,390.13,,276,0,0,
3502dd55-f4c7-4e0e-810c-1f10aac52a00,EVT-001600,USER-00107,search,2026-01-02T19:00:57,SES-7c55c338,desktop,Firefox,organic,,,,,0.0,home office chair,0,0,0,
8fe2a26e-4da1-4b00-a161-faaad275b176,EVT-001601,USER-00147,add_to_cart,2025-12-11T02:04:47,SES-4dfb57d4,mobile,Chrome,email,PROD-01416,REI Flash 55 Pack,Outdoor Gear,Sports,517.67,,0,1,0,
787a2c08-2aee-4491-aaaa-edc46c3fc1b7,EVT-001602,USER-00048,wishlist,2026-01-06T19:32:24,SES-520a536a,tablet,Safari,organic,PROD-01844,Samsung Galaxy Watch 6,Smartwatches,Electronics,790.52,,0,0,0,
7a9bd37c-c97b-4820-a253-6441bd2fe417,EVT-001603,USER-00154,search,2025-12-18T04:53:28,SES-882c7688,tablet,Chrome,organic,,,,,0.0,red wine gift,0,0,0,
af681539-096b-43e7-914c-6278b8b2a68b,EVT-001604,USER-00144,view,2025-12-30T22:58:03,SES-01236946,tablet,Edge,direct,PROD-01196,Oral-B iO Series 9,Personal Care,Healthcare,285.71,,125,0,0,
3f70aa4f-7bc1-4fc6-858d-a55ecdd7415c,EVT-001605,USER-00001,view,2025-11-25T03:37:49,SES-0a17a47f,desktop,Safari,direct,PROD-00512,Dom Pérignon Rosé 2009,Champagne,Wine,415.51,,398,0,0,
aa0e2a72-aa65-4bfe-a657-efc976c44c96,EVT-001606,USER-00023,search,2025-11-12T14:36:35,SES-d55800bd,desktop,Chrome,social,,,,,0.0,gaming laptop,0,0,0,
765b89b9-8e0f-4480-8921-c23a85054fd0,EVT-001607,USER-00155,search,2025-11-28T12:41:23,SES-49bf57ac,mobile,Firefox,social,,,,,0.0,wireless headphones,0,0,0,
6f7be92a-dc92-4bf0-9969-71dd96e8a7c3,EVT-001608,USER-00218,click,2026-01-11T09:39:47,SES-edc42db9,desktop,Safari,email,PROD-00003,Penfolds Grange,Red Wine,Wine,390.13,,276,0,0,
f3fa5adb-7e91-4753-8ad4-c05f821a84b2,EVT-001609,USER-00107,search,2025-12-18T07:41:12,SES-195f3af4,desktop,Firefox,organic,,,,,0.0,home office chair,0,0,0,
f5bf1445-5c73-4b51-8700-0cfb0458ac6d,EVT-001610,USER-00147,add_to_cart,2025-10-25T21:53:30,SES-3cc10a5a,mobile,Chrome,email,PROD-01416,REI Flash 55 Pack,Outdoor Gear,Sports,517.67,,0,1,0,
4a508b7e-bf3d-463c-8077-a9a738cd52d7,EVT-001611,USER-00048,wishlist,2025-12-25T12:59:19,SES-e8bdb34d,tablet,Safari,organic,PROD-01844,Samsung Galaxy Watch 6,Smartwatches,Electronics,790.52,,0,0,0,
f95b086b-cdce-473a-8066-797402457dd1,EVT-001612,USER-00154,search,2026-01-01T06:14:14,SES-9f301ffd,tablet,Chrome,organic,,,,,0.0,red wine gift,0,0,0,
754c8a85-8836-46e9-9f98-1f92c1ab3d7d,EVT-001613,USER-00144,view,2025-11-06T07:37:43,SES-292212d9,tablet,Edge,direct,PROD-01196,Oral-B iO Series 9,Personal Care,Healthcare,285.71,,125,0,0,
b16d8e3a-7148-4969-a77d-a863d1821905,EVT-001614,USER-00001,view,2025-11-28T17:55:57,SES-7a9ec557,desktop,Safari,direct,PROD-00512,Dom Pérignon Rosé 2009,Champagne,Wine,415.51,,398,0,0,
57dad1c7-2d13-41d9-93f9-0edefe0e5a5c,EVT-001615,USER-00023,search,2026-01-04T18:56:37,SES-3dc9fcbd,desktop,Chrome,social,,,,,0.0,gaming laptop,0,0,0,
dd81aad5-6cdc-4c87-8de9-ad5038f27ead,EVT-001616,USER-00155,search,2025-12-24T18:42:11,SES-0070878e,mobile,Firefox,social,,,,,0.0,wireless headphones,0,0,0,
82e66afc-07a2-43f0-85af-4263a47d5c87,EVT-001617,USER-00218,click,2025-10-30T08:43:10,SES-06ce274d,desktop,Safari,email,PROD-00003,Penfolds Grange,Red Wine,Wine,390.13,,276,0,0,
4f58d29b-e282-4362-9f0e-dff6968c4dd2,EVT-001618,USER-00107,search,2025-10-30T06:04:41,SES-2896ab61,desktop,Firefox,organic,,,,,0.0,home office chair,0,0,0,
b10f456b-1b99-450d-ba60-375c5ae62069,EVT-001619,USER-00147,add_to_cart,2025-11-13T13:14:28,SES-664e1d31,mobile,Chrome,email,PROD-01416,REI Flash 55 Pack,Outdoor Gear,Sports,517.67,,0,1,0,
f1fa9e5a-8cb1-443c-afda-0212911d06fd,EVT-001620,USER-00048,wishlist,2025-12-16T15:24:44,SES-ad9aecac,tablet,Safari,organic,PROD-01844,Samsung Galaxy Watch 6,Smartwatches,Electronics,790.52,,0,0,0,
b9844fc4-4fb0-4ec0-9043-10cd4737ced6,EVT-001621,USER-00154,search,2025-12-10T15:09:35,SES-0d740bb5,tablet,Chrome,organic,,,,,0.0,red wine gift,0,0,0,
9ea54903-75d5-42d1-adba-8d3e2cda243d,EVT-001622,USER-00144,view,2025-12-17T12:28:11,SES-924af523,tablet,Edge,direct,PROD-01196,Oral-B iO Series 9,Personal Care,Healthcare,285.71,,125,0,0,
0b33d88e-3490-4bb1-bec1-467b99a453a0,EVT-001623,USER-00001,view,2025-12-22T22:41:30,SES-237bb0b4,desktop,Safari,direct,PROD-00512,Dom Pérignon Rosé 2009,Champagne,Wine,415.51,,398,0,0,
96e629fd-3a70-4c91-9514-a4215b9d2f42,EVT-001624,USER-00023,search,2025-12-14T23:24:17,SES-f1ab1bb7,desktop,Chrome,social,,,,,0.0,gaming laptop,0,0,0,
333df410-e4be-4735-a886-88fff621fd4b,EVT-001625,USER-00155,search,2026-01-02T00:09:35,SES-25c2392a,mobile,Firefox,social,,,,,0.0,wireless headphones,0,0,0,
736d5aae-2da2-4766-af60-aa89aae2a001,EVT-001626,USER-00218,click,2025-12-02T08:07:36,SES-5da4188e,desktop,Safari,email,PROD-00003,Penfolds Grange,Red Wine,Wine,390.13,,276,0,0,
9d156240-448d-4a25-83b6-cff1011796dc,EVT-001627,USER-00107,search,2025-12-14T01:48:52,SES-3732ac5e,desktop,Firefox,organic,,,,,0.0,home office chair,0,0,0,
525498a9-6dff-4b30-9a56-6b3ac91e2e3d,EVT-001628,USER-00147,add_to_cart,2026-01-01T22:02:58,SES-2390a0e1,mobile,Chrome,email,PROD-01416,REI Flash 55 Pack,Outdoor Gear,Sports,517.67,,0,1,0,
fa4891ff-f461-4304-a6bd-7c9abde9d528,EVT-001629,USER-00048,wishlist,2025-11-03T12:26:40,SES-8c5f329a,tablet,Safari,organic,PROD-01844,Samsung Galaxy Watch 6,Smartwatches,Electronics,790.52,,0,0,0,
0094d5cc-974b-451c-8336-ecd5c2b76655,EVT-001630,USER-00154,search,2026-01-13T00:58:08,SES-1dbd631c,tablet,Chrome,organic,,,,,0.0,red wine gift,0,0,0,
a37f21ee-a1b2-471c-9d7b-1ed142751780,EVT-001631,USER-00144,view,2026-01-16T00:56:07,SES-4993eee7,tablet,Edge,direct,PROD-01196,Oral-B iO Series 9,Personal Care,Healthcare,285.71,,125,0,0,
6d7966b2-8c67-4680-9696-8e57ed670166,EVT-001632,USER-00001,view,2025-12-12T23:41:27,SES-9879a23d,desktop,Safari,direct,PROD-00512,Dom Pérignon Rosé 2009,Champagne,Wine,415.51,,398,0,0,
95774060-2ced-4dd6-b028-bd1b12c16b31,EVT-001633,USER-00023,search,2026-01-08T05:52:59,SES-c752ab8c,desktop,Chrome,social,,,,,0.0,gaming laptop,0,0,0,
f7570d81-ca25-4fae-ae7d-7d0922dd4c0d,EVT-001634,USER-00155,search,2025-10-27T17:46:24,SES-033ca15a,mobile,Firefox,social,,,,,0.0,wireless headphones,0,0,0,
2eea594d-f4da-4e70-8b33-12a7d3f43484,EVT-001635,USER-00218,click,2025-12-20T16:34:46,SES-eabe32e3,desktop,Safari,email,PROD-00003,Penfolds Grange,Red Wine,Wine,390.13,,276,0,0,
1c4a681f-97ce-4e96-9933-b55e07e521c5,EVT-001636,USER-00107,search,2025-12-07T14:32:10,SES-4278cfc3,desktop,Firefox,organic,,,,,0.0,home office chair,0,0,0,
11f60809-8522-477f-a669-f6fa33ba4c28,EVT-001637,USER-00147,add_to_cart,2025-12-25T17:58:17,SES-e32b39e3,mobile,Chrome,email,PROD-01416,REI Flash 55 Pack,Outdoor Gear,Sports,517.67,,0,1,0,
befd0b05-d016-4183-bfaa-d4b1c08422f4,EVT-001638,USER-00048,wishlist,2025-12-12T15:58:55,SES-922e3b2d,tablet,Safari,organic,PROD-01844,Samsung Galaxy Watch 6,Smartwatches,Electronics,790.52,,0,0,0,
e337395e-67f2-4d46-8d65-7beff543ddc8,EVT-001639,USER-00154,search,2025-12-12T06:24:00,SES-6f682dde,tablet,Chrome,organic,,,,,0.0,red wine gift,0,0,0,
ba193866-64b6-448a-a8d9-15801441d116,EVT-001640,USER-00144,view,2025-12-04T13:34:28,SES-54e1d236,tablet,Edge,direct,PROD-01196,Oral-B iO Series 9,Personal Care,Healthcare,285.71,,125,0,0,
925fc090-1acc-434a-a088-72c70dda61e7,EVT-001641,USER-00001,view,2025-11-22T12:27:06,SES-336ac079,desktop,Safari,direct,PROD-00512,Dom Pérignon Rosé 2009,Champagne,Wine,415.51,,398,0,0,
7d8d7b21-7b1c-452b-ae94-552add0ebcb9,EVT-001642,USER-00023,search,2025-11-17T21:10:14,SES-2736fde7,desktop,Chrome,social,,,,,0.0,gaming laptop,0,0,0,
c5ac57b8-7ac0-4e50-a650-0ce73b4216f4,EVT-001643,USER-00155,search,2025-11-10T16:22:02,SES-0d1e8cde,mobile,Firefox,social,,,,,0.0,wireless headphones,0,0,0,
fc541b3e-d607-43aa-b157-4a936f7a3aad,EVT-001644,USER-00218,click,2026-01-11T21:58:17,SES-bf4c3708,desktop,Safari,email,PROD-00003,Penfolds Grange,Red Wine,Wine,390.13,,276,0,0,
02238302-ef32-466f-81e1-f8c721244754,EVT-001645,USER-00107,search,2025-12-17T14:20:40,SES-db51ab53,desktop,Firefox,organic,,,,,0.0,home office chair,0,0,0,
f37f00ac-7ea6-45fb-8322-fb0db4e3b14b,EVT-001646,USER-00147,add_to_cart,2025-11-20T04:49:15,SES-60809fd9,mobile,Chrome,email,PROD-01416,REI Flash 55 Pack,Outdoor Gear,Sports,517.67,,0,1,0,
2a5ac98e-3ceb-4a50-bd10-c32e77a927f2,EVT-001647,USER-00048,wishlist,2026-01-19T04:52:31,SES-9198e220,tablet,Safari,organic,PROD-01844,Samsung Galaxy Watch 6,Smartwatches,Electronics,790.52,,0,0,0,
cb778e16-d244-4a6d-8958-2d345392732e,EVT-001648,USER-00154,search,2025-11-15T10:33:29,SES-ac4aeb8e,tablet,Chrome,organic,,,,,0.0,red wine gift,0,0,0,
ee92fa01-20f3-4ca7-8a75-50e3675c6bba,EVT-001649,USER-00144,view,2025-11-23T15:49:11,SES-055447ce,tablet,Edge,direct,PROD-01196,Oral-B iO Series 9,Personal Care,Healthcare,285.71,,125,0,0,
c60db6ec-f568-4edc-86aa-038b5c936b3b,EVT-001650,USER-00001,view,2025-11-15T08:19:52,SES-7e4c1c6c,desktop,Safari,direct,PROD-00512,Dom Pérignon Rosé 2009,Champagne,Wine,415.51,,398,0,0,
8ecb66ed-09ad-46da-baf9-a321dc402f5f,EVT-001651,USER-00023,search,2026-01-08T07:44:53,SES-83f1f38c,desktop,Chrome,social,,,,,0.0,gaming laptop,0,0,0,
886d2fb0-def4-4e5f-8a10-93d8e7818718,EVT-001652,USER-00155,search,2026-01-05T06:40:05,SES-f09e0cd3,mobile,Firefox,social,,,,,0.0,wireless headphones,0,0,0,
92721738-2fd9-4be8-8f23-13037c9d296d,EVT-001653,USER-00218,click,2025-11-26T21:22:08,SES-a366cff4,desktop,Safari,email,PROD-00003,Penfolds Grange,Red Wine,Wine,390.13,,276,0,0,
8cb860a6-bf13-4902-b467-726e44530f9f,EVT-001654,USER-00107,search,2025-11-14T03:56:37,SES-8b981e8e,desktop,Firefox,organic,,,,,0.0,home office chair,0,0,0,
49141612-ac8e-489e-884e-c97b6bc74950,EVT-001655,USER-00147,add_to_cart,2025-12-06T00:04:11,SES-47013c6e,mobile,Chrome,email,PROD-01416,REI Flash 55 Pack,Outdoor Gear,Sports,517.67,,0,1,0,
018190e3-0eeb-4e38-a0cf-a2501496b4c0,EVT-001656,USER-00048,wishlist,2025-11-22T07:30:17,SES-ac367301,tablet,Safari,organic,PROD-01844,Samsung Galaxy Watch 6,Smartwatches,Electronics,790.52,,0,0,0,
0f8c417d-b921-4707-b925-e008bb5dcea4,EVT-001657,USER-00154,search,2026-01-03T09:20:04,SES-e83bee07,tablet,Chrome,organic,,,,,0.0,red wine gift,0,0,0,
150ed538-10e3-40e2-9e48-1664ec9965d0,EVT-001658,USER-00144,view,2025-11-02T22:52:13,SES-a779f675,tablet,Edge,direct,PROD-01196,Oral-B iO Series 9,Personal Care,Healthcare,285.71,,125,0,0,
b695b1ce-f328-4487-879e-8cc4ce51c7bb,EVT-001659,USER-00001,view,2025-12-29T00:54:24,SES-62fe0b17,desktop,Safari,direct,PROD-00512,Dom Pérignon Rosé 2009,Champagne,Wine,415.51,,398,0,0,
4dec3578-9642-473f-9a79-a961db12e62a,EVT-001660,USER-00023,search,2025-11-15T03:36:30,SES-277cef7c,desktop,Chrome,social,,,,,0.0,gaming laptop,0,0,0,
b154a610-f67a-491b-b5cb-a4f6991b7f8c,EVT-001661,USER-00155,search,2025-12-04T22:52:19,SES-3104e170,mobile,Firefox,social,,,,,0.0,wireless headphones,0,0,0,
b81ff8b9-d107-40ea-9558-b3bc13f2f7bd,EVT-001662,USER-00218,click,2026-01-01T21:28:23,SES-05ba33ba,desktop,Safari,email,PROD-00003,Penfolds Grange,Red Wine,Wine,390.13,,276,0,0,
9af4b389-a863-40f8-9dea-36d42d06490a,EVT-001663,USER-00107,search,2026-01-16T05:00:23,SES-31528cda,desktop,Firefox,organic,,,,,0.0,home office chair,0,0,0,
7c66a073-7fb2-462a-92a4-51ecc8d35360,EVT-001664,USER-00147,add_to_cart,2025-12-01T13:07:32,SES-b8293519,mobile,Chrome,email,PROD-01416,REI Flash 55 Pack,Outdoor Gear,Sports,517.67,,0,1,0,
19f824f2-f281-400d-a9c0-538555cb8200,EVT-001665,USER-00048,wishlist,2025-11-26T21:10:25,SES-8113cd92,tablet,Safari,organic,PROD-01844,Samsung Galaxy Watch 6,Smartwatches,Electronics,790.52,,0,0,0,
d1c2995d-f500-49f5-b28a-6a4cd97a5867,EVT-001666,USER-00154,search,2025-10-30T11:37:14,SES-7fb9da29,tablet,Chrome,organic,,,,,0.0,red wine gift,0,0,0,
bc28af7c-d833-4795-a115-2c3d2308dcce,EVT-001667,USER-00144,view,2025-11-25T22:06:46,SES-27a25f67,tablet,Edge,direct,PROD-01196,Oral-B iO Series 9,Personal Care,Healthcare,285.71,,125,0,0,
abddf401-a5ab-4595-b594-1aa5c7435166,EVT-001668,USER-00001,view,2025-12-16T03:53:21,SES-2278d17f,desktop,Safari,direct,PROD-00512,Dom Pérignon Rosé 2009,Champagne,Wine,415.51,,398,0,0,
22d8b106-0a08-4147-8454-06f3899926bb,EVT-001669,USER-00023,search,2025-12-10T20:09:50,SES-8ea23dcf,desktop,Chrome,social,,,,,0.0,gaming laptop,0,0,0,
ad139624-42d7-41bf-8270-879f78b9f7e7,EVT-001670,USER-00155,search,2025-10-30T04:03:22,SES-e7d67227,mobile,Firefox,social,,,,,0.0,wireless headphones,0,0,0,
36f0fb42-4863-4a82-af85-58b08a52f240,EVT-001671,USER-00218,click,2026-01-19T13:11:04,SES-4c753307,desktop,Safari,email,PROD-00003,Penfolds Grange,Red Wine,Wine,390.13,,276,0,0,
d64f3c71-755d-4f82-a0a3-6083b507a70a,EVT-001672,USER-00107,search,2025-11-26T22:08:33,SES-329b4240,desktop,Firefox,organic,,,,,0.0,home office chair,0,0,0,
8968171a-0050-4378-9dbc-a3787cce8e12,EVT-001673,USER-00147,add_to_cart,2025-12-25T04:17:54,SES-a94b476d,mobile,Chrome,email,PROD-01416,REI Flash 55 Pack,Outdoor Gear,Sports,517.67,,0,1,0,
456e8e04-6f82-4cc0-af48-1bba3fdd06b8,EVT-001674,USER-00048,wishlist,2025-12-08T18:05:28,SES-41b4bc4f,tablet,Safari,organic,PROD-01844,Samsung Galaxy Watch 6,Smartwatches,Electronics,790.52,,0,0,0,
7cb68714-d1a4-4187-8e7b-6645c1ef3f1f,EVT-001675,USER-00154,search,2025-12-20T12:11:27,SES-5eb45138,tablet,Chrome,organic,,,,,0.0,red wine gift,0,0,0,
1b277ff7-1b9e-4370-93fe-e05e9955b358,EVT-001676,USER-00144,view,2025-11-14T02:41:00,SES-9e175dce,tablet,Edge,direct,PROD-01196,Oral-B iO Series 9,Personal Care,Healthcare,285.71,,125,0,0,
4750323e-f8a5-43d5-b899-58b89544df12,EVT-001677,USER-00001,view,2025-12-05T08:06:02,SES-d73bcd6e,desktop,Safari,direct,PROD-00512,Dom Pérignon Rosé 2009,Champagne,Wine,415.51,,398,0,0,
74001131-d6a2-4262-9b07-634e1c62dec5,EVT-001678,USER-00023,search,2026-01-07T02:09:03,SES-1f83a088,desktop,Chrome,social,,,,,0.0,gaming laptop,0,0,0,
7e8c91a1-e048-4d1e-b03a-c28dc14171d7,EVT-001679,USER-00155,search,2025-12-02T09:55:16,SES-9d014d0c,mobile,Firefox,social,,,,,0.0,wireless headphones,0,0,0,
d8b036ee-6608-4931-abe3-12127767a995,EVT-001680,USER-00218,click,2025-11-14T01:19:00,SES-6b66edd9,desktop,Safari,email,PROD-00003,Penfolds Grange,Red Wine,Wine,390.13,,276,0,0,
e067cf28-5e0b-49d4-9dbe-c6c6cfc3bfb1,EVT-001681,USER-00107,search,2025-12-17T00:35:34,SES-265b0789,desktop,Firefox,organic,,,,,0.0,home office chair,0,0,0,
dbb343d7-c5c2-4fcd-8763-4a9b6621bab9,EVT-001682,USER-00147,add_to_cart,2026-01-11T02:53:32,SES-8e17d2f4,mobile,Chrome,email,PROD-01416,REI Flash 55 Pack,Outdoor Gear,Sports,517.67,,0,1,0,
52957d5b-4792-4a1d-91ec-e8b4580ec34d,EVT-001683,USER-00048,wishlist,2026-01-11T00:28:32,SES-d6e5742d,tablet,Safari,organic,PROD-01844,Samsung Galaxy Watch 6,Smartwatches,Electronics,790.52,,0,0,0,
6c977071-4c89-4c64-8471-7ca18f9e862c,EVT-001684,USER-00154,search,2025-11-03T21:51:21,SES-72663cb1,tablet,Chrome,organic,,,,,0.0,red wine gift,0,0,0,
5a2196ba-8a7d-4caf-b13b-d898ec85b9f9,EVT-001685,USER-00144,view,2026-01-20T15:00:22,SES-c9a2e599,tablet,Edge,direct,PROD-01196,Oral-B iO Series 9,Personal Care,Healthcare,285.71,,125,0,0,
9534e49d-1c4e-4a12-a7f6-104b75ed5cb2,EVT-001686,USER-00001,view,2025-12-13T22:39:55,SES-089a9a52,desktop,Safari,direct,PROD-00512,Dom Pérignon Rosé 2009,Champagne,Wine,415.51,,398,0,0,
ca93bb80-5ad5-4fff-ab71-fa2bacd6a7bc,EVT-001687,USER-00023,search,2025-11-15T12:41:24,SES-dfee0cd4,desktop,Chrome,social,,,,,0.0,gaming laptop,0,0,0,
eda6ba69-ae70-4206-a195-8d8464dd7089,EVT-001688,USER-00155,search,2026-01-06T03:11:06,SES-f36b7f8a,mobile,Firefox,social,,,,,0.0,wireless headphones,0,0,0,
6911b485-0f23-42ca-8c76-8b3a24524f6d,EVT-001689,USER-00218,click,2026-01-19T00:40:19,SES-7bc62339,desktop,Safari,email,PROD-00003,Penfolds Grange,Red Wine,Wine,390.13,,276,0,0,
9a5d8fc7-0d15-4632-b3e9-2cfecc6318f1,EVT-001690,USER-00107,search,2025-12-01T07:44:48,SES-80141441,desktop,Firefox,organic,,,,,0.0,home office chair,0,0,0,
aa8787fc-b58c-47ed-942f-65ab16473218,EVT-001691,USER-00147,add_to_cart,2025-12-27T04:42:29,SES-76616d8d,mobile,Chrome,email,PROD-01416,REI Flash 55 Pack,Outdoor Gear,Sports,517.67,,0,1,0,
7c6a2f67-3ac0-4cfe-887d-140e897e9764,EVT-001692,USER-00048,wishlist,2025-12-18T12:30:29,SES-d55463bd,tablet,Safari,organic,PROD-01844,Samsung Galaxy Watch 6,Smartwatches,Electronics,790.52,,0,0,0,
9a0aa8de-91cd-4363-8cc8-d60c66b43588,EVT-001693,USER-00154,search,2025-12-26T09:35:42,SES-d6237ba1,tablet,Chrome,organic,,,,,0.0,red wine gift,0,0,0,
be11ade1-69eb-4ee7-b848-7bb64bf51765,EVT-001694,USER-00144,view,2025-11-05T03:49:09,SES-bee9244f,tablet,Edge,direct,PROD-01196,Oral-B iO Series 9,Personal Care,Healthcare,285.71,,125,0,0,
77b9abf9-4037-44ef-a36b-6dd1b228786a,EVT-001695,USER-00001,view,2025-12-20T12:57:11,SES-9111a198,desktop,Safari,direct,PROD-00512,Dom Pérignon Rosé 2009,Champagne,Wine,415.51,,398,0,0,
89a23a3c-6b7a-4027-8ce5-af03b223cd9c,EVT-001696,USER-00023,search,2025-11-17T00:25:24,SES-b357d954,desktop,Chrome,social,,,,,0.0,gaming laptop,0,0,0,
82d2b702-705e-4630-bd9c-02863e17a071,EVT-001697,USER-00155,search,2026-01-08T00:24:29,SES-3999605c,mobile,Firefox,social,,,,,0.0,wireless headphones,0,0,0,
af29f225-ee31-4159-8650-05dd2f9c7d18,EVT-001698,USER-00218,click,2025-11-19T14:25:13,SES-27d67bdb,desktop,Safari,email,PROD-00003,Penfolds Grange,Red Wine,Wine,390.13,,276,0,0,
9b1eabba-7c4e-496f-a7d9-0e4453fef0f8,EVT-001699,USER-00107,search,2025-11-24T21:50:57,SES-471a7777,desktop,Firefox,organic,,,,,0.0,home office chair,0,0,0,
a22fce66-339b-4845-9e68-078bfece10a7,EVT-001700,USER-00147,add_to_cart,2025-11-22T05:14:23,SES-37b1b0c2,mobile,Chrome,email,PROD-01416,REI Flash 55 Pack,Outdoor Gear,Sports,517.67,,0,1,0,
6a682567-ea6f-44f7-a631-d568f9ebfaf9,EVT-001701,USER-00048,wishlist,2025-11-03T04:48:19,SES-c6211631,tablet,Safari,organic,PROD-01844,Samsung Galaxy Watch 6,Smartwatches,Electronics,790.52,,0,0,0,
a5d8d7f5-083c-4e3a-9332-2b681e576ba2,EVT-001702,USER-00154,search,2025-10-30T15:51:07,SES-e5eb10f8,tablet,Chrome,organic,,,,,0.0,red wine gift,0,0,0,
ef3ee86f-385b-43fa-ba08-7d54fc1f0fad,EVT-001703,USER-00144,view,2025-12-01T09:48:35,SES-2d8b036f,tablet,Edge,direct,PROD-01196,Oral-B iO Series 9,Personal Care,Healthcare,285.71,,125,0,0,
810c4e9a-1185-493d-9cea-79874a26bdda,EVT-001704,USER-00001,view,2025-12-02T14:58:59,SES-07669b83,desktop,Safari,direct,PROD-00512,Dom Pérignon Rosé 2009,Champagne,Wine,415.51,,398,0,0,
c4a45064-8212-4576-a23c-44cd05ca30db,EVT-001705,USER-00023,search,2025-12-10T18:43:30,SES-4ff79c8a,desktop,Chrome,social,,,,,0.0,gaming laptop,0,0,0,
540c5bdb-7f24-4a03-8bff-a287614ffdd8,EVT-001706,USER-00155,search,2025-11-06T03:43:23,SES-2619f325,mobile,Firefox,social,,,,,0.0,wireless headphones,0,0,0,
1c2c2996-7e84-42b6-847e-8b95810a2b62,EVT-001707,USER-00218,click,2025-12-17T16:08:02,SES-2a72df82,desktop,Safari,email,PROD-00003,Penfolds Grange,Red Wine,Wine,390.13,,276,0,0,
4ece5954-4ce3-4785-a31c-3a7f8b2717a8,EVT-001708,USER-00107,search,2025-12-09T17:29:58,SES-b47c5cd3,desktop,Firefox,organic,,,,,0.0,home office chair,0,0,0,
42540ea7-221d-4f4b-9f86-d42da910bbc1,EVT-001709,USER-00147,add_to_cart,2025-12-23T04:03:49,SES-c5ca8c3c,mobile,Chrome,email,PROD-01416,REI Flash 55 Pack,Outdoor Gear,Sports,517.67,,0,1,0,
baf355db-6779-4644-bbaf-1abeee161445,EVT-001710,USER-00048,wishlist,2026-01-16T07:50:11,SES-63a0deed,tablet,Safari,organic,PROD-01844,Samsung Galaxy Watch 6,Smartwatches,Electronics,790.52,,0,0,0,
f816650a-cd01-4051-8edf-f8823141bc38,EVT-001711,USER-00154,search,2026-01-05T18:19:21,SES-cc162eb6,tablet,Chrome,organic,,,,,0.0,red wine gift,0,0,0,
ae2572c1-cb16-41a1-abd8-36791b3ba579,EVT-001712,USER-00144,view,2025-11-10T23:32:44,SES-d796a9b6,tablet,Edge,direct,PROD-01196,Oral-B iO Series 9,Personal Care,Healthcare,285.71,,125,0,0,
e7db73b8-ba81-4873-963c-b8e748e219f5,EVT-001713,USER-00001,view,2026-01-18T02:47:03,SES-3ec94a54,desktop,Safari,direct,PROD-00512,Dom Pérignon Rosé 2009,Champagne,Wine,415.51,,398,0,0,
b2e2b731-a7b3-473b-8c5f-616903569202,EVT-001714,USER-00023,search,2025-11-09T05:09:48,SES-b3adb85c,desktop,Chrome,social,,,,,0.0,gaming laptop,0,0,0,
a9b38dfb-a613-4cbc-8f8c-ce1ad8833716,EVT-001715,USER-00155,search,2026-01-15T20:06:09,SES-0758f553,mobile,Firefox,social,,,,,0.0,wireless headphones,0,0,0,
d4ec9360-35e3-4cb0-8470-33a0de1b8f91,EVT-001716,USER-00218,click,2025-12-05T19:59:14,SES-ba46527e,desktop,Safari,email,PROD-00003,Penfolds Grange,Red Wine,Wine,390.13,,276,0,0,
3eb48f0b-79fe-4867-84ec-af865f621b74,EVT-001717,USER-00107,search,2025-10-24T06:04:32,SES-e64cea65,desktop,Firefox,organic,,,,,0.0,home office chair,0,0,0,
71b7ccf5-3d90-43a9-b1c5-c93c63209f9e,EVT-001718,USER-00147,add_to_cart,2025-11-07T22:32:02,SES-bc7259c5,mobile,Chrome,email,PROD-01416,REI Flash 55 Pack,Outdoor Gear,Sports,517.67,,0,1,0,
f02b3736-201d-4614-8888-0b09ebf88a77,EVT-001719,USER-00048,wishlist,2025-11-03T11:23:16,SES-bb79286a,tablet,Safari,organic,PROD-01844,Samsung Galaxy Watch 6,Smartwatches,Electronics,790.52,,0,0,0,
9a1ce9d4-43d1-4fa3-b42f-67cde93a84bf,EVT-001720,USER-00154,search,2025-12-02T09:23:52,SES-f3a0f978,tablet,Chrome,organic,,,,,0.0,red wine gift,0,0,0,
db365585-22eb-46b2-9854-9cab6a5f7152,EVT-001721,USER-00144,view,2025-11-17T07:38:25,SES-520eb3b9,tablet,Edge,direct,PROD-01196,Oral-B iO Series 9,Personal Care,Healthcare,285.71,,125,0,0,
c4183e1f-38ea-46c2-9e86-c166858c9b89,EVT-001722,USER-00001,view,2026-01-05T01:41:45,SES-a42bbdbd,desktop,Safari,direct,PROD-00512,Dom Pérignon Rosé 2009,Champagne,Wine,415.51,,398,0,0,
81fd539c-4f09-43d6-8d67-34aa594386b8,EVT-001723,USER-00023,search,2025-12-15T14:11:29,SES-01d63211,desktop,Chrome,social,,,,,0.0,gaming laptop,0,0,0,
e19db6af-afab-4a95-92ff-958ff9e8ef67,EVT-001724,USER-00155,search,2025-12-30T19:34:09,SES-849ac0cb,mobile,Firefox,social,,,,,0.0,wireless headphones,0,0,0,
56511626-dffe-4a14-abcb-5b22bf2907d6,EVT-001725,USER-00218,click,2025-12-07T08:46:59,SES-70cdf5e8,desktop,Safari,email,PROD-00003,Penfolds Grange,Red Wine,Wine,390.13,,276,0,0,
c4404cb3-9bd0-43b7-81af-c0bdeafdf4b9,EVT-001726,USER-00107,search,2026-01-02T20:54:16,SES-46b0826a,desktop,Firefox,organic,,,,,0.0,home office chair,0,0,0,
8ebc2897-16c2-470c-9a98-4b775016aa4a,EVT-001727,USER-00147,add_to_cart,2025-11-01T13:15:56,SES-b498ec1c,mobile,Chrome,email,PROD-01416,REI Flash 55 Pack,Outdoor Gear,Sports,517.67,,0,1,0,
5697a34c-f8e3-4d5e-a905-2d79138a36a7,EVT-001728,USER-00048,wishlist,2025-11-04T00:27:28,SES-9847ece5,tablet,Safari,organic,PROD-01844,Samsung Galaxy Watch 6,Smartwatches,Electronics,790.52,,0,0,0,
af0fc6ab-bce7-4bb3-bb65-d65d03fc764c,EVT-001729,USER-00154,search,2026-01-15T03:54:55,SES-9602c6c4,tablet,Chrome,organic,,,,,0.0,red wine gift,0,0,0,
f2acaab2-f8cd-4f03-b570-7614e62b195c,EVT-001730,USER-00144,view,2025-10-26T01:19:53,SES-4cb06a07,tablet,Edge,direct,PROD-01196,Oral-B iO Series 9,Personal Care,Healthcare,285.71,,125,0,0,
1ccec513-5ee0-4f70-968c-e9c400efc502,EVT-001731,USER-00001,view,2026-01-11T16:57:38,SES-8bb4107a,desktop,Safari,direct,PROD-00512,Dom Pérignon Rosé 2009,Champagne,Wine,415.51,,398,0,0,
0e868220-0e7e-475b-b53d-2031402f33a9,EVT-001732,USER-00023,search,2025-12-03T15:12:38,SES-c94a8f51,desktop,Chrome,social,,,,,0.0,gaming laptop,0,0,0,
c35f06c8-d747-43e6-bc26-18959dbc8fd5,EVT-001733,USER-00155,search,2025-10-25T01:41:37,SES-0f014381,mobile,Firefox,social,,,,,0.0,wireless headphones,0,0,0,
ddf67df9-f014-483c-b674-a729fb19aa1b,EVT-001734,USER-00218,click,2025-12-28T17:51:16,SES-2513a7ca,desktop,Safari,email,PROD-00003,Penfolds Grange,Red Wine,Wine,390.13,,276,0,0,
fd655a48-04e4-4606-9573-2849962606fc,EVT-001735,USER-00107,search,2025-11-07T22:55:03,SES-b0823a45,desktop,Firefox,organic,,,,,0.0,home office chair,0,0,0,
e45b8ad7-42ad-4236-a6fd-902a5d8a986e,EVT-001736,USER-00147,add_to_cart,2025-10-29T20:03:57,SES-20db3838,mobile,Chrome,email,PROD-01416,REI Flash 55 Pack,Outdoor Gear,Sports,517.67,,0,1,0,
70f6fd6c-8378-4c71-ba3c-6a76b1a83696,EVT-001737,USER-00048,wishlist,2025-11-04T14:23:31,SES-3b15ff60,tablet,Safari,organic,PROD-01844,Samsung Galaxy Watch 6,Smartwatches,Electronics,790.52,,0,0,0,
d0028fa4-981e-4f98-bd69-cfbd69602052,EVT-001738,USER-00154,search,2025-12-11T17:43:35,SES-45dc6fb0,tablet,Chrome,organic,,,,,0.0,red wine gift,0,0,0,
35eb4b0f-7156-4240-abf3-5f1b31e7d1e4,EVT-001739,USER-00144,view,2026-01-14T21:54:22,SES-bb49dddf,tablet,Edge,direct,PROD-01196,Oral-B iO Series 9,Personal Care,Healthcare,285.71,,125,0,0,
4031510e-3f03-4085-bac3-e14b8fdfd8e8,EVT-001740,USER-00001,view,2025-12-13T03:18:37,SES-b972968d,desktop,Safari,direct,PROD-00512,Dom Pérignon Rosé 2009,Champagne,Wine,415.51,,398,0,0,
8c65b69d-dab4-4293-9053-4311b42db8fe,EVT-001741,USER-00023,search,2026-01-19T22:28:34,SES-c9d17a9d,desktop,Chrome,social,,,,,0.0,gaming laptop,0,0,0,
1e8ae669-6363-40ec-9197-ad601c553b97,EVT-001742,USER-00155,search,2025-11-29T10:18:03,SES-009834ce,mobile,Firefox,social,,,,,0.0,wireless headphones,0,0,0,
84756342-eef3-44aa-928b-99436412645b,EVT-001743,USER-00218,click,2026-01-18T13:00:31,SES-ff6a16d3,desktop,Safari,email,PROD-00003,Penfolds Grange,Red Wine,Wine,390.13,,276,0,0,
1aef4b95-34a3-4447-b3e7-73af32846782,EVT-001744,USER-00107,search,2025-12-02T18:05:47,SES-cb2647f2,desktop,Firefox,organic,,,,,0.0,home office chair,0,0,0,
59e562b0-043e-4c70-a508-f425164c6a11,EVT-001745,USER-00147,add_to_cart,2025-11-26T03:39:58,SES-49481890,mobile,Chrome,email,PROD-01416,REI Flash 55 Pack,Outdoor Gear,Sports,517.67,,0,1,0,
fa80249f-cc31-4a38-8ff0-6cd3cf19ac73,EVT-001746,USER-00048,wishlist,2025-11-04T02:54:59,SES-60fc02a9,tablet,Safari,organic,PROD-01844,Samsung Galaxy Watch 6,Smartwatches,Electronics,790.52,,0,0,0,
425b2505-5214-4bd9-9907-a73185ef4aa7,EVT-001747,USER-00154,search,2025-11-30T19:23:49,SES-449aaa57,tablet,Chrome,organic,,,,,0.0,red wine gift,0,0,0,
8ddd7355-0fb7-47fc-8813-62b94c4ba588,EVT-001748,USER-00144,view,2025-12-29T09:53:27,SES-d3f291a0,tablet,Edge,direct,PROD-01196,Oral-B iO Series 9,Personal Care,Healthcare,285.71,,125,0,0,
e2d47f41-9663-4921-a9b6-1a8dc13a47a5,EVT-001749,USER-00001,view,2025-12-15T19:41:43,SES-0027d9f3,desktop,Safari,direct,PROD-00512,Dom Pérignon Rosé 2009,Champagne,Wine,415.51,,398,0,0,
a682abb8-bfac-4d64-948c-5fbd92a4ab5c,EVT-001750,USER-00023,search,2025-11-15T04:30:48,SES-7164b469,desktop,Chrome,social,,,,,0.0,gaming laptop,0,0,0,
97917559-1e20-4402-a266-34db0cf58052,EVT-001751,USER-00155,search,2025-12-30T20:58:16,SES-a22a2719,mobile,Firefox,social,,,,,0.0,wireless headphones,0,0,0,
1df9b976-14d0-4573-9d4f-d58b2d2fa3d4,EVT-001752,USER-00218,click,2025-11-20T05:34:55,SES-3d3fdee3,desktop,Safari,email,PROD-00003,Penfolds Grange,Red Wine,Wine,390.13,,276,0,0,
9fcb3d28-80d5-42d9-905c-6dae54adb4e5,EVT-001753,USER-00107,search,2025-11-03T07:17:19,SES-1bef7984,desktop,Firefox,organic,,,,,0.0,home office chair,0,0,0,
f92f17ef-778e-431b-8a3d-c1242b425ae3,EVT-001754,USER-00147,add_to_cart,2025-11-24T10:44:58,SES-f898c86b,mobile,Chrome,email,PROD-01416,REI Flash 55 Pack,Outdoor Gear,Sports,517.67,,0,1,0,
c00d5f16-c4b2-4d89-ae97-dcc53ece6eef,EVT-001755,USER-00048,wishlist,2026-01-17T21:05:03,SES-a0350a05,tablet,Safari,organic,PROD-01844,Samsung Galaxy Watch 6,Smartwatches,Electronics,790.52,,0,0,0,
a2a63ec6-2ba3-4ead-b1ba-53b36a2ebcb8,EVT-001756,USER-00154,search,2026-01-10T19:39:21,SES-79cff57a,tablet,Chrome,organic,,,,,0.0,red wine gift,0,0,0,
338fa489-e90a-4cc3-acff-88408e90f185,EVT-001757,USER-00144,view,2026-01-17T23:14:44,SES-f33c34eb,tablet,Edge,direct,PROD-01196,Oral-B iO Series 9,Personal Care,Healthcare,285.71,,125,0,0,
3dfa9456-34a2-4d36-8b50-028134497620,EVT-001758,USER-00001,view,2025-11-24T10:21:31,SES-50f9e99a,desktop,Safari,direct,PROD-00512,Dom Pérignon Rosé 2009,Champagne,Wine,415.51,,398,0,0,
d4850783-4178-4da1-a9bf-86a08d6169b1,EVT-001759,USER-00023,search,2025-12-19T04:10:23,SES-d00b697f,desktop,Chrome,social,,,,,0.0,gaming laptop,0,0,0,
0fea94cc-62c3-432e-9ef5-b314f7e4aa72,EVT-001760,USER-00155,search,2025-12-20T20:26:13,SES-d46649b0,mobile,Firefox,social,,,,,0.0,wireless headphones,0,0,0,
e593c455-254d-4f66-8dd0-ba4eb51deff3,EVT-001761,USER-00218,click,2025-12-21T14:46:49,SES-e91aa632,desktop,Safari,email,PROD-00003,Penfolds Grange,Red Wine,Wine,390.13,,276,0,0,
e729f87c-b842-4418-a4f9-a3305bc87e39,EVT-001762,USER-00107,search,2025-11-02T05:03:21,SES-759ebedd,desktop,Firefox,organic,,,,,0.0,home office chair,0,0,0,
b770d8f5-09a6-44a6-8f19-d2be098631dd,EVT-001763,USER-00147,add_to_cart,2025-12-31T20:43:47,SES-90fe51e7,mobile,Chrome,email,PROD-01416,REI Flash 55 Pack,Outdoor Gear,Sports,517.67,,0,1,0,
23489c36-bd1a-47d4-ac2a-87101a479f10,EVT-001764,USER-00048,wishlist,2025-10-27T03:20:27,SES-81d56b63,tablet,Safari,organic,PROD-01844,Samsung Galaxy Watch 6,Smartwatches,Electronics,790.52,,0,0,0,
81ee5210-6fcd-417e-8582-371f5126c533,EVT-001765,USER-00154,search,2025-10-29T21:47:07,SES-4d1dd74f,tablet,Chrome,organic,,,,,0.0,red wine gift,0,0,0,
2bdd3977-95dd-453e-93ea-0fc116528ad3,EVT-001766,USER-00144,view,2026-01-02T11:20:16,SES-81f9412f,tablet,Edge,direct,PROD-01196,Oral-B iO Series 9,Personal Care,Healthcare,285.71,,125,0,0,
3bbcd36e-ccab-4339-9c2e-536af11581c5,EVT-001767,USER-00001,view,2026-01-20T03:22:16,SES-3175f4d9,desktop,Safari,direct,PROD-00512,Dom Pérignon Rosé 2009,Champagne,Wine,415.51,,398,0,0,
830a167b-958f-4992-a496-6a16fba71ffe,EVT-001768,USER-00023,search,2025-11-26T05:02:26,SES-7a943e63,desktop,Chrome,social,,,,,0.0,gaming laptop,0,0,0,
dd99b380-320b-42cf-8def-d633bf0c927b,EVT-001769,USER-00155,search,2025-12-05T07:55:53,SES-beebc623,mobile,Firefox,social,,,,,0.0,wireless headphones,0,0,0,
77ccc0f8-c3f6-4ad0-81b1-5d675416f1a1,EVT-001770,USER-00218,click,2026-01-19T03:57:15,SES-d37f11f5,desktop,Safari,email,PROD-00003,Penfolds Grange,Red Wine,Wine,390.13,,276,0,0,
20c56327-9a66-4184-8e4a-9e0631fb9286,EVT-001771,USER-00107,search,2025-12-01T10:40:35,SES-e7df45d9,desktop,Firefox,organic,,,,,0.0,home office chair,0,0,0,
7760bd91-5e2f-4f1d-aa7e-63bc9f96d623,EVT-001772,USER-00147,add_to_cart,2025-12-22T23:52:28,SES-bc54fede,mobile,Chrome,email,PROD-01416,REI Flash 55 Pack,Outdoor Gear,Sports,517.67,,0,1,0,
b30189ec-adc2-4da6-897c-df16ae9e7558,EVT-001773,USER-00048,wishlist,2025-12-05T09:55:53,SES-3138394c,tablet,Safari,organic,PROD-01844,Samsung Galaxy Watch 6,Smartwatches,Electronics,790.52,,0,0,0,
c68739c8-1d04-4de8-81aa-9128888d4e23,EVT-001774,USER-00154,search,2026-01-02T15:52:46,SES-c66db992,tablet,Chrome,organic,,,,,0.0,red wine gift,0,0,0,
603625ea-0a00-49dd-8572-d68c8331be37,EVT-001775,USER-00144,view,2026-01-11T19:09:55,SES-79bed278,tablet,Edge,direct,PROD-01196,Oral-B iO Series 9,Personal Care,Healthcare,285.71,,125,0,0,
7cd00e1f-ba6b-4b2f-b15f-503e5eae53e9,EVT-001776,USER-00001,view,2025-12-04T01:09:39,SES-7cd77f54,desktop,Safari,direct,PROD-00512,Dom Pérignon Rosé 2009,Champagne,Wine,415.51,,398,0,0,
5b129e4c-8532-40be-9c09-af8cfe7e9337,EVT-001777,USER-00023,search,2025-11-19T20:01:35,SES-153d08d9,desktop,Chrome,social,,,,,0.0,gaming laptop,0,0,0,
48bfc483-ac2d-486f-a799-4e02e32dd83a,EVT-001778,USER-00155,search,2026-01-04T07:24:19,SES-12db1815,mobile,Firefox,social,,,,,0.0,wireless headphones,0,0,0,
78c0020f-0da9-4b48-bb50-04d41d1474a7,EVT-001779,USER-00218,click,2025-12-08T01:40:01,SES-ed840f0c,desktop,Safari,email,PROD-00003,Penfolds Grange,Red Wine,Wine,390.13,,276,0,0,
e5699f3c-6d7a-4719-8f73-791820397dcc,EVT-001780,USER-00107,search,2025-12-29T17:18:45,SES-c9127916,desktop,Firefox,organic,,,,,0.0,home office chair,0,0,0,
37ec53ca-fa1d-47be-9cd3-74e6631f5b24,EVT-001781,USER-00147,add_to_cart,2025-11-04T19:34:59,SES-965776f9,mobile,Chrome,email,PROD-01416,REI Flash 55 Pack,Outdoor Gear,Sports,517.67,,0,1,0,
f2ca0a87-ef78-4a2e-a039-52a5f827cee0,EVT-001782,USER-00048,wishlist,2026-01-01T22:58:32,SES-eb87bfa7,tablet,Safari,organic,PROD-01844,Samsung Galaxy Watch 6,Smartwatches,Electronics,790.52,,0,0,0,
7372456f-c4ff-42dd-a4ee-0b709c3dc54e,EVT-001783,USER-00154,search,2025-11-09T13:24:02,SES-b476d019,tablet,Chrome,organic,,,,,0.0,red wine gift,0,0,0,
113c88ed-5d50-4e15-8dfe-c8da906952b3,EVT-001784,USER-00144,view,2026-01-01T00:17:24,SES-e0204b65,tablet,Edge,direct,PROD-01196,Oral-B iO Series 9,Personal Care,Healthcare,285.71,,125,0,0,
f4541e53-58f3-4b75-8331-c1743e61904d,EVT-001785,USER-00001,view,2026-01-05T02:44:08,SES-ea62282a,desktop,Safari,direct,PROD-00512,Dom Pérignon Rosé 2009,Champagne,Wine,415.51,,398,0,0,
4c9cc29d-537a-45e1-8c62-f22fd659072d,EVT-001786,USER-00023,search,2025-12-18T23:41:58,SES-e53eb031,desktop,Chrome,social,,,,,0.0,gaming laptop,0,0,0,
8f8c4871-f260-4423-9316-e898f36b1b2c,EVT-001787,USER-00155,search,2026-01-19T17:09:38,SES-04e122cc,mobile,Firefox,social,,,,,0.0,wireless headphones,0,0,0,
e7cb5b1f-6b95-468c-8cb8-3212e1a78888,EVT-001788,USER-00218,click,2026-01-10T08:54:54,SES-5fcbb1fa,desktop,Safari,email,PROD-00003,Penfolds Grange,Red Wine,Wine,390.13,,276,0,0,
65134e39-1299-458b-a9d8-73a1dc7bc6a1,EVT-001789,USER-00107,search,2025-12-11T04:51:24,SES-0c5af79a,desktop,Firefox,organic,,,,,0.0,home office chair,0,0,0,
5e0c4ce9-d7f1-4c3d-9060-976336224841,EVT-001790,USER-00147,add_to_cart,2025-10-30T21:10:23,SES-e028d3c8,mobile,Chrome,email,PROD-01416,REI Flash 55 Pack,Outdoor Gear,Sports,517.67,,0,1,0,
b97719e7-90f8-498e-9985-a8e5444f075e,EVT-001791,USER-00048,wishlist,2025-11-06T12:42:45,SES-8723f759,tablet,Safari,organic,PROD-01844,Samsung Galaxy Watch 6,Smartwatches,Electronics,790.52,,0,0,0,
6ac64464-9fee-4c18-9b67-6c5b682993e7,EVT-001792,USER-00154,search,2026-01-17T16:49:36,SES-eecfff81,tablet,Chrome,organic,,,,,0.0,red wine gift,0,0,0,
0fd220ab-ac9a-4e11-b6ff-a54c523a976c,EVT-001793,USER-00144,view,2025-10-23T12:04:00,SES-e2d52a4c,tablet,Edge,direct,PROD-01196,Oral-B iO Series 9,Personal Care,Healthcare,285.71,,125,0,0,
1e38205d-5d77-471d-a714-42b5f0ed3d74,EVT-001794,USER-00001,view,2025-12-19T09:00:31,SES-e400e0e2,desktop,Safari,direct,PROD-00512,Dom Pérignon Rosé 2009,Champagne,Wine,415.51,,398,0,0,
c477e112-d2c0-4230-932b-34bea8ae043e,EVT-001795,USER-00023,search,2025-12-19T07:49:55,SES-445e07d6,desktop,Chrome,social,,,,,0.0,gaming laptop,0,0,0,
60934a64-5044-4e44-bbbd-da151e21a7db,EVT-001796,USER-00155,search,2025-11-27T15:47:53,SES-736cffd4,mobile,Firefox,social,,,,,0.0,wireless headphones,0,0,0,
02a84af7-69e7-4de2-9c8b-cf05004c4fc7,EVT-001797,USER-00218,click,2025-12-27T04:14:48,SES-4462744f,desktop,Safari,email,PROD-00003,Penfolds Grange,Red Wine,Wine,390.13,,276,0,0,
9d00943e-3401-416c-9e84-a33e2198d3c4,EVT-001798,USER-00107,search,2025-12-24T19:09:07,SES-86a010db,desktop,Firefox,organic,,,,,0.0,home office chair,0,0,0,
29c5ee10-1043-46af-97a5-041cce9f3289,EVT-001799,USER-00147,add_to_cart,2025-12-05T18:43:27,SES-0998ba84,mobile,Chrome,email,PROD-01416,REI Flash 55 Pack,Outdoor Gear,Sports,517.67,,0,1,0,
44199eef-46bd-455c-af85-f3305000df49,EVT-001800,USER-00048,wishlist,2025-11-28T13:56:10,SES-d68aa457,tablet,Safari,organic,PROD-01844,Samsung Galaxy Watch 6,Smartwatches,Electronics,790.52,,0,0,0,
fb366df4-5531-4bb6-9950-48d34978f508,EVT-001801,USER-00154,search,2025-11-22T20:36:05,SES-76a884d8,tablet,Chrome,organic,,,,,0.0,red wine gift,0,0,0,
4d208401-e363-47d1-88c5-5a5d8cab29c1,EVT-001802,USER-00144,view,2025-12-04T07:54:40,SES-b6b292fe,tablet,Edge,direct,PROD-01196,Oral-B iO Series 9,Personal Care,Healthcare,285.71,,125,0,0,
d41a5237-2c30-4733-8de6-d087ae8a77db,EVT-001803,USER-00001,view,2025-11-08T21:43:19,SES-5e0ffa20,desktop,Safari,direct,PROD-00512,Dom Pérignon Rosé 2009,Champagne,Wine,415.51,,398,0,0,
f259ad64-0d58-4d14-899c-25dd3f7ca070,EVT-001804,USER-00023,search,2025-12-11T03:12:35,SES-50e63806,desktop,Chrome,social,,,,,0.0,gaming laptop,0,0,0,
e29ea364-dc35-4bac-9edd-b7cf077a1ee1,EVT-001805,USER-00155,search,2025-12-31T21:33:13,SES-0d35d964,mobile,Firefox,social,,,,,0.0,wireless headphones,0,0,0,
f868cc35-e9d3-4424-884a-e91286cd5409,EVT-001806,USER-00218,click,2025-12-18T20:15:25,SES-2c46e465,desktop,Safari,email,PROD-00003,Penfolds Grange,Red Wine,Wine,390.13,,276,0,0,
131fc948-1e90-476a-9e89-784a5f9a137f,EVT-001807,USER-00107,search,2025-11-18T20:44:40,SES-d59cacc1,desktop,Firefox,organic,,,,,0.0,home office chair,0,0,0,
b94353e9-c7e6-417f-bce7-1b272ffc395c,EVT-001808,USER-00147,add_to_cart,2026-01-05T19:09:53,SES-32457a42,mobile,Chrome,email,PROD-01416,REI Flash 55 Pack,Outdoor Gear,Sports,517.67,,0,1,0,
91b0220f-ed2d-4011-9dff-5b1b841e58d9,EVT-001809,USER-00048,wishlist,2025-11-01T03:43:10,SES-25b46e08,tablet,Safari,organic,PROD-01844,Samsung Galaxy Watch 6,Smartwatches,Electronics,790.52,,0,0,0,
3ac4786f-954e-4ef2-a547-f6b9fc527840,EVT-001810,USER-00154,search,2025-11-14T07:08:33,SES-a1614417,tablet,Chrome,organic,,,,,0.0,red wine gift,0,0,0,
2b2a7f56-4858-49ed-acfe-5a479cebd192,EVT-001811,USER-00144,view,2025-11-20T14:48:06,SES-68ae1906,tablet,Edge,direct,PROD-01196,Oral-B iO Series 9,Personal Care,Healthcare,285.71,,125,0,0,
441c43d6-371f-4f57-81d1-160fc0c45c00,EVT-001812,USER-00001,view,2025-12-09T15:23:11,SES-e5fe1777,desktop,Safari,direct,PROD-00512,Dom Pérignon Rosé 2009,Champagne,Wine,415.51,,398,0,0,
1fafccb3-1217-4a18-9232-e765c50e8e90,EVT-001813,USER-00023,search,2025-11-24T20:47:24,SES-e6dca1fb,desktop,Chrome,social,,,,,0.0,gaming laptop,0,0,0,
6fb58bb1-b1e4-45e8-a254-ab90229ccd5f,EVT-001814,USER-00155,search,2025-10-27T10:26:54,SES-8ab88797,mobile,Firefox,social,,,,,0.0,wireless headphones,0,0,0,
e8703eb9-eb4e-4c4c-a11d-2386848b8a26,EVT-001815,USER-00218,click,2025-12-16T12:27:02,SES-7c8d4fe8,desktop,Safari,email,PROD-00003,Penfolds Grange,Red Wine,Wine,390.13,,276,0,0,
cee64baf-77ec-4eb1-aa25-a3dbc78ab97c,EVT-001816,USER-00107,search,2025-12-12T00:12:20,SES-5890899a,desktop,Firefox,organic,,,,,0.0,home office chair,0,0,0,
f8cca082-7407-4644-a090-da8747ab1899,EVT-001817,USER-00147,add_to_cart,2026-01-17T20:47:37,SES-3007e45e,mobile,Chrome,email,PROD-01416,REI Flash 55 Pack,Outdoor Gear,Sports,517.67,,0,1,0,
5730c639-9355-4724-898a-3aef18eaa13d,EVT-001818,USER-00048,wishlist,2025-12-12T17:43:09,SES-b4cf7fe0,tablet,Safari,organic,PROD-01844,Samsung Galaxy Watch 6,Smartwatches,Electronics,790.52,,0,0,0,
33693722-fe45-4843-8a28-cf3d7de6e959,EVT-001819,USER-00154,search,2025-12-18T01:01:37,SES-92934283,tablet,Chrome,organic,,,,,0.0,red wine gift,0,0,0,
f93c0689-6a93-478f-8ae3-9bdff08a2620,EVT-001820,USER-00144,view,2025-12-11T02:11:10,SES-bfc23ccc,tablet,Edge,direct,PROD-01196,Oral-B iO Series 9,Personal Care,Healthcare,285.71,,125,0,0,
59c75027-3da2-4b7e-a3cc-7aa559c95c82,EVT-001821,USER-00001,view,2026-01-12T16:44:39,SES-315ad1e0,desktop,Safari,direct,PROD-00512,Dom Pérignon Rosé 2009,Champagne,Wine,415.51,,398,0,0,
6b4c4d13-76c9-469a-8963-91ef07e42af1,EVT-001822,USER-00023,search,2025-12-03T04:11:17,SES-7ba75a61,desktop,Chrome,social,,,,,0.0,gaming laptop,0,0,0,
1e44a9c2-13f5-4819-b6b2-70865ac15bdc,EVT-001823,USER-00155,search,2025-11-19T10:37:36,SES-6904c64b,mobile,Firefox,social,,,,,0.0,wireless headphones,0,0,0,
f8fc94df-06d5-4389-b0ee-3bec8529b0a0,EVT-001824,USER-00218,click,2025-11-23T02:06:29,SES-514571bc,desktop,Safari,email,PROD-00003,Penfolds Grange,Red Wine,Wine,390.13,,276,0,0,
69813547-f1f5-464a-8fba-e2f6d69c83a1,EVT-001825,USER-00107,search,2025-11-29T00:52:19,SES-16710492,desktop,Firefox,organic,,,,,0.0,home office chair,0,0,0,
48cbfb63-0327-457c-ae83-84359d86bc98,EVT-001826,USER-00147,add_to_cart,2025-11-22T16:16:14,SES-dd3b6e0b,mobile,Chrome,email,PROD-01416,REI Flash 55 Pack,Outdoor Gear,Sports,517.67,,0,1,0,
2ce4ec76-3649-4126-b493-56a92df380fd,EVT-001827,USER-00048,wishlist,2026-01-04T06:34:00,SES-f3bec895,tablet,Safari,organic,PROD-01844,Samsung Galaxy Watch 6,Smartwatches,Electronics,790.52,,0,0,0,
2d59e83a-6d1e-4c41-a658-0238cbd19ab2,EVT-001828,USER-00154,search,2025-11-09T01:40:06,SES-e00c26cb,tablet,Chrome,organic,,,,,0.0,red wine gift,0,0,0,
22c048a2-2907-4953-95d6-3e47ae04c671,EVT-001829,USER-00144,view,2025-11-05T15:36:05,SES-3bcd8a7b,tablet,Edge,direct,PROD-01196,Oral-B iO Series 9,Personal Care,Healthcare,285.71,,125,0,0,
d93a6c9b-6c74-4ef2-b985-6267cbff674a,EVT-001830,USER-00001,view,2025-10-26T19:38:37,SES-8a462a5e,desktop,Safari,direct,PROD-00512,Dom Pérignon Rosé 2009,Champagne,Wine,415.51,,398,0,0,
0d292e3e-fe06-4cdb-a9f2-7fba9f886702,EVT-001831,USER-00023,search,2026-01-09T18:39:25,SES-7c331ae2,desktop,Chrome,social,,,,,0.0,gaming laptop,0,0,0,
a59d744d-7c35-401a-8ee6-8dac4c73a23d,EVT-001832,USER-00155,search,2026-01-02T01:43:53,SES-e1dd1b66,mobile,Firefox,social,,,,,0.0,wireless headphones,0,0,0,
baccbafc-5940-46d3-acdf-20508630f538,EVT-001833,USER-00218,click,2026-01-16T10:02:00,SES-d868e2ca,desktop,Safari,email,PROD-00003,Penfolds Grange,Red Wine,Wine,390.13,,276,0,0,
c4da22e2-4a57-4677-b6cc-6d40f6b0e86f,EVT-001834,USER-00107,search,2026-01-01T17:14:51,SES-9dc109eb,desktop,Firefox,organic,,,,,0.0,home office chair,0,0,0,
9e363bc9-9320-42e7-bb52-b82168bb42b8,EVT-001835,USER-00147,add_to_cart,2025-11-12T04:51:03,SES-42f16c1d,mobile,Chrome,email,PROD-01416,REI Flash 55 Pack,Outdoor Gear,Sports,517.67,,0,1,0,
e8b3a18f-38df-45d1-af36-45487debdce7,EVT-001836,USER-00048,wishlist,2025-12-03T13:09:17,SES-3e941907,tablet,Safari,organic,PROD-01844,Samsung Galaxy Watch 6,Smartwatches,Electronics,790.52,,0,0,0,
21e860d6-539e-4df6-ab8c-bdceff88651a,EVT-001837,USER-00154,search,2025-12-12T03:36:05,SES-930a93e4,tablet,Chrome,organic,,,,,0.0,red wine gift,0,0,0,
c5d59b6b-6324-47ad-9f39-11a4683f8ca3,EVT-001838,USER-00144,view,2025-11-18T18:18:48,SES-df0f93de,tablet,Edge,direct,PROD-01196,Oral-B iO Series 9,Personal Care,Healthcare,285.71,,125,0,0,
12c8661a-1efa-40fe-80e8-a51cfe96f1ff,EVT-001839,USER-00001,view,2025-12-17T14:05:51,SES-395c8a8d,desktop,Safari,direct,PROD-00512,Dom Pérignon Rosé 2009,Champagne,Wine,415.51,,398,0,0,
f405bd0f-f5d8-4a6f-a408-3fea191d0683,EVT-001840,USER-00023,search,2026-01-16T03:30:29,SES-17e6b7a3,desktop,Chrome,social,,,,,0.0,gaming laptop,0,0,0,
cdd71735-5e5b-475a-813b-2f418c720745,EVT-001841,USER-00155,search,2025-12-21T12:05:45,SES-ffaf9cb4,mobile,Firefox,social,,,,,0.0,wireless headphones,0,0,0,
668e5cb4-f1cc-4a4c-b8fb-a5ffa8251b7b,EVT-001842,USER-00218,click,2025-11-22T06:27:30,SES-e1b81d24,desktop,Safari,email,PROD-00003,Penfolds Grange,Red Wine,Wine,390.13,,276,0,0,
10fd2486-0da5-4726-a023-fe5e53fb3bca,EVT-001843,USER-00107,search,2025-11-01T09:42:11,SES-4bc638bf,desktop,Firefox,organic,,,,,0.0,home office chair,0,0,0,
febdea84-4ebe-4202-92f8-05d42db6939c,EVT-001844,USER-00147,add_to_cart,2025-11-25T11:18:12,SES-1de36c01,mobile,Chrome,email,PROD-01416,REI Flash 55 Pack,Outdoor Gear,Sports,517.67,,0,1,0,
c6b42439-56fb-4c14-b2a6-69d12917debc,EVT-001845,USER-00048,wishlist,2025-11-19T09:32:25,SES-5e541062,tablet,Safari,organic,PROD-01844,Samsung Galaxy Watch 6,Smartwatches,Electronics,790.52,,0,0,0,
59453f2f-a213-4ee5-a364-1aa18935f288,EVT-001846,USER-00154,search,2025-11-07T19:47:16,SES-e72f4ad1,tablet,Chrome,organic,,,,,0.0,red wine gift,0,0,0,
8093ae57-4e6f-4a31-9dd2-6c0dc113f4bc,EVT-001847,USER-00144,view,2025-11-03T06:10:24,SES-bbf25ff7,tablet,Edge,direct,PROD-01196,Oral-B iO Series 9,Personal Care,Healthcare,285.71,,125,0,0,
cd8a5337-2072-4d57-a492-9481b30b909a,EVT-001848,USER-00001,view,2025-11-19T16:39:09,SES-816f0c5b,desktop,Safari,direct,PROD-00512,Dom Pérignon Rosé 2009,Champagne,Wine,415.51,,398,0,0,
efee744d-4204-4fab-9f91-ec31fab72598,EVT-001849,USER-00023,search,2025-11-18T08:02:33,SES-f313696b,desktop,Chrome,social,,,,,0.0,gaming laptop,0,0,0,
191c16d6-bf3c-4377-aaaf-56cfcc255813,EVT-001850,USER-00155,search,2025-12-08T23:52:22,SES-2117f404,mobile,Firefox,social,,,,,0.0,wireless headphones,0,0,0,
e94215f2-f156-4462-aa6c-41c3793cb366,EVT-001851,USER-00218,click,2025-12-04T08:40:46,SES-cf1b615a,desktop,Safari,email,PROD-00003,Penfolds Grange,Red Wine,Wine,390.13,,276,0,0,
0beefeaf-ad67-482a-bc77-8fa7e09dbdd9,EVT-001852,USER-00107,search,2025-11-13T11:01:58,SES-8547a1dc,desktop,Firefox,organic,,,,,0.0,home office chair,0,0,0,
c21cbf7f-2b0a-4cdb-b4c4-b52852b35897,EVT-001853,USER-00147,add_to_cart,2026-01-16T16:56:33,SES-b81d2369,mobile,Chrome,email,PROD-01416,REI Flash 55 Pack,Outdoor Gear,Sports,517.67,,0,1,0,
11132bfb-620a-4fca-a92b-31b4209ed8ee,EVT-001854,USER-00048,wishlist,2025-11-08T04:28:31,SES-89cb172f,tablet,Safari,organic,PROD-01844,Samsung Galaxy Watch 6,Smartwatches,Electronics,790.52,,0,0,0,
9e5f93cb-d733-4345-8f7e-bf2299d38ab3,EVT-001855,USER-00154,search,2025-11-19T18:08:01,SES-0d9d85a3,tablet,Chrome,organic,,,,,0.0,red wine gift,0,0,0,
b70acf6f-43e6-4058-a82a-c363d7c140c8,EVT-001856,USER-00144,view,2026-01-19T20:18:33,SES-9f3fda59,tablet,Edge,direct,PROD-01196,Oral-B iO Series 9,Personal Care,Healthcare,285.71,,125,0,0,
dca1ec8f-82ad-4a89-9b02-b4bd44aa711a,EVT-001857,USER-00001,view,2025-11-16T22:26:34,SES-6f73fc2e,desktop,Safari,direct,PROD-00512,Dom Pérignon Rosé 2009,Champagne,Wine,415.51,,398,0,0,
8d82cba0-4e4c-4d36-80d2-2b879740fdd2,EVT-001858,USER-00023,search,2025-12-20T14:24:30,SES-47748e97,desktop,Chrome,social,,,,,0.0,gaming laptop,0,0,0,
27a17a87-236a-4aa0-bc45-b7df322da65a,EVT-001859,USER-00155,search,2026-01-03T21:38:20,SES-2e0b878b,mobile,Firefox,social,,,,,0.0,wireless headphones,0,0,0,
e55254bb-ed71-40a8-96d0-294c1d9854ac,EVT-001860,USER-00218,click,2025-11-02T01:12:20,SES-ef4b37c0,desktop,Safari,email,PROD-00003,Penfolds Grange,Red Wine,Wine,390.13,,276,0,0,
67abc482-b892-4d02-9a35-994d04d076b8,EVT-001861,USER-00107,search,2026-01-20T12:12:27,SES-f71bdac8,desktop,Firefox,organic,,,,,0.0,home office chair,0,0,0,
4e6c0ab5-df28-4827-85c4-8f396cb7ac52,EVT-001862,USER-00147,add_to_cart,2025-11-14T05:46:13,SES-2d00be9a,mobile,Chrome,email,PROD-01416,REI Flash 55 Pack,Outdoor Gear,Sports,517.67,,0,1,0,
13f3f9c7-ee22-47b1-af44-780db4e5cba5,EVT-001863,USER-00048,wishlist,2025-12-26T10:49:56,SES-443fdd20,tablet,Safari,organic,PROD-01844,Samsung Galaxy Watch 6,Smartwatches,Electronics,790.52,,0,0,0,
db227596-788a-42a4-8006-4700388684a7,EVT-001864,USER-00154,search,2025-11-18T19:10:53,SES-04062b5e,tablet,Chrome,organic,,,,,0.0,red wine gift,0,0,0,
a17b8d37-d818-45d4-b821-39f90f613fda,EVT-001865,USER-00144,view,2025-11-05T10:29:25,SES-4134ba6b,tablet,Edge,direct,PROD-01196,Oral-B iO Series 9,Personal Care,Healthcare,285.71,,125,0,0,
79b6a191-4fac-4559-8ee4-d9e1a28c10a0,EVT-001866,USER-00001,view,2025-11-01T01:34:11,SES-55558786,desktop,Safari,direct,PROD-00512,Dom Pérignon Rosé 2009,Champagne,Wine,415.51,,398,0,0,
d99cca3c-33d5-4435-9a26-13897035e3af,EVT-001867,USER-00023,search,2025-11-11T19:54:31,SES-50dc46d1,desktop,Chrome,social,,,,,0.0,gaming laptop,0,0,0,
e5663f10-f2ee-4636-9b3e-965de01ace07,EVT-001868,USER-00155,search,2025-12-15T08:33:48,SES-078c1d70,mobile,Firefox,social,,,,,0.0,wireless headphones,0,0,0,
a9e54318-f682-49f9-a23f-fac15057f4e5,EVT-001869,USER-00218,click,2026-01-12T04:27:06,SES-e2d72fd0,desktop,Safari,email,PROD-00003,Penfolds Grange,Red Wine,Wine,390.13,,276,0,0,
1d9f07b9-cae6-4967-8a29-c91944d32b6d,EVT-001870,USER-00107,search,2025-12-11T03:16:55,SES-7d40cd0f,desktop,Firefox,organic,,,,,0.0,home office chair,0,0,0,
26f97f73-646e-4dd1-8f1b-da91d7c485da,EVT-001871,USER-00147,add_to_cart,2026-01-04T00:53:30,SES-06613807,mobile,Chrome,email,PROD-01416,REI Flash 55 Pack,Outdoor Gear,Sports,517.67,,0,1,0,
6b92009b-eb7d-43f9-bd15-1030b7b954e1,EVT-001872,USER-00048,wishlist,2025-11-08T03:23:02,SES-97fadff7,tablet,Safari,organic,PROD-01844,Samsung Galaxy Watch 6,Smartwatches,Electronics,790.52,,0,0,0,
2fba1414-9b5b-4e4c-96a5-1a2da8138b5b,EVT-001873,USER-00154,search,2025-10-25T09:39:35,SES-db9ccec8,tablet,Chrome,organic,,,,,0.0,red wine gift,0,0,0,
6bb9ec04-b18b-4a89-bead-ee5ac57dd9a9,EVT-001874,USER-00144,view,2025-12-19T20:16:58,SES-48e52d21,tablet,Edge,direct,PROD-01196,Oral-B iO Series 9,Personal Care,Healthcare,285.71,,125,0,0,
0812a370-8ed7-45eb-b8f8-3680d9617e99,EVT-001875,USER-00001,view,2026-01-18T09:00:11,SES-80c9a939,desktop,Safari,direct,PROD-00512,Dom Pérignon Rosé 2009,Champagne,Wine,415.51,,398,0,0,
6a58f5ff-53f7-4f81-82d8-d37535c5d38a,EVT-001876,USER-00023,search,2025-10-26T14:32:31,SES-f1481ed1,desktop,Chrome,social,,,,,0.0,gaming laptop,0,0,0,
9f6a5d0e-6a41-48f5-8ded-b9ce66d1f28d,EVT-001877,USER-00155,search,2026-01-17T05:16:53,SES-f1110606,mobile,Firefox,social,,,,,0.0,wireless headphones,0,0,0,
7c004973-3107-4998-a216-d3bcbf9979da,EVT-001878,USER-00218,click,2025-12-14T03:49:26,SES-3426ffdc,desktop,Safari,email,PROD-00003,Penfolds Grange,Red Wine,Wine,390.13,,276,0,0,
390c2d6c-6388-46df-9562-c76235e70084,EVT-001879,USER-00107,search,2025-12-13T23:21:51,SES-7e8acdae,desktop,Firefox,organic,,,,,0.0,home office chair,0,0,0,
ee584a49-6059-4131-9cb8-42838c80d4c7,EVT-001880,USER-00147,add_to_cart,2026-01-08T07:42:56,SES-bd7eea2c,mobile,Chrome,email,PROD-01416,REI Flash 55 Pack,Outdoor Gear,Sports,517.67,,0,1,0,
04131fcb-4bd0-4de3-b49b-22749d225918,EVT-001881,USER-00048,wishlist,2025-11-10T16:37:17,SES-36a48cc3,tablet,Safari,organic,PROD-01844,Samsung Galaxy Watch 6,Smartwatches,Electronics,790.52,,0,0,0,
58143f46-f2af-4fa3-bbdf-24cba2741f5d,EVT-001882,USER-00154,search,2025-10-23T09:27:36,SES-d322e789,tablet,Chrome,organic,,,,,0.0,red wine gift,0,0,0,
b4e51100-3d14-4156-936c-3ebdd4ed7384,EVT-001883,USER-00144,view,2025-12-09T03:54:16,SES-fe88ac5c,tablet,Edge,direct,PROD-01196,Oral-B iO Series 9,Personal Care,Healthcare,285.71,,125,0,0,
002dbff0-c877-4f9f-8d29-ce660166cae2,EVT-001884,USER-00001,view,2026-01-11T13:48:19,SES-89642b39,desktop,Safari,direct,PROD-00512,Dom Pérignon Rosé 2009,Champagne,Wine,415.51,,398,0,0,
6daee1cd-400d-4730-b30c-e756ecc1dfcb,EVT-001885,USER-00023,search,2026-01-10T14:15:22,SES-e1d4b884,desktop,Chrome,social,,,,,0.0,gaming laptop,0,0,0,
caec1ba0-9c42-45c5-adfe-97c3f022db01,EVT-001886,USER-00155,search,2025-10-25T05:59:41,SES-23fbcd05,mobile,Firefox,social,,,,,0.0,wireless headphones,0,0,0,
31315fd2-9ba3-4294-99f2-a50ef7530387,EVT-001887,USER-00218,click,2025-11-27T15:01:16,SES-d73f1502,desktop,Safari,email,PROD-00003,Penfolds Grange,Red Wine,Wine,390.13,,276,0,0,
dff3e6bf-2e54-43ad-b21e-5118ad12a41a,EVT-001888,USER-00107,search,2025-11-11T11:16:55,SES-16da7579,desktop,Firefox,organic,,,,,0.0,home office chair,0,0,0,
227fdbaf-daa1-4680-8333-dfa96ba48e8e,EVT-001889,USER-00147,add_to_cart,2025-11-19T02:39:30,SES-1e68f04f,mobile,Chrome,email,PROD-01416,REI Flash 55 Pack,Outdoor Gear,Sports,517.67,,0,1,0,
0c8fa516-85a6-47c5-9f38-73da78d7e76f,EVT-001890,USER-00048,wishlist,2025-12-17T04:50:26,SES-80972a1f,tablet,Safari,organic,PROD-01844,Samsung Galaxy Watch 6,Smartwatches,Electronics,790.52,,0,0,0,
3f80425f-802b-466e-b0ac-fa5538245970,EVT-001891,USER-00154,search,2025-12-03T03:45:08,SES-b66bc74d,tablet,Chrome,organic,,,,,0.0,red wine gift,0,0,0,
25893fed-2ac8-459a-8cbb-9e0dedbb3830,EVT-001892,USER-00144,view,2026-01-01T19:49:17,SES-4e3b967f,tablet,Edge,direct,PROD-01196,Oral-B iO Series 9,Personal Care,Healthcare,285.71,,125,0,0,
21da3cf2-4755-4e69-b764-5bd8f3ed0f95,EVT-001893,USER-00001,view,2025-12-04T22:26:45,SES-585deb31,desktop,Safari,direct,PROD-00512,Dom Pérignon Rosé 2009,Champagne,Wine,415.51,,398,0,0,
ae950714-180d-4b38-bd3e-06453dafeaa0,EVT-001894,USER-00023,search,2025-12-12T07:42:00,SES-0e7a650f,desktop,Chrome,social,,,,,0.0,gaming laptop,0,0,0,
4e9bec7f-ebad-4e7e-a61f-5957f76deafc,EVT-001895,USER-00155,search,2025-11-03T23:56:49,SES-3dd59e32,mobile,Firefox,social,,,,,0.0,wireless headphones,0,0,0,
85315bcc-f373-49f1-be62-6aa2081d143d,EVT-001896,USER-00218,click,2026-01-11T10:23:16,SES-b01e5fb1,desktop,Safari,email,PROD-00003,Penfolds Grange,Red Wine,Wine,390.13,,276,0,0,
2527274c-2e7e-437c-829c-2b5eb6487c46,EVT-001897,USER-00107,search,2025-12-05T19:28:30,SES-291606a2,desktop,Firefox,organic,,,,,0.0,home office chair,0,0,0,
8b8406eb-9b63-4224-b58a-2e1fd8b5b068,EVT-001898,USER-00147,add_to_cart,2025-11-20T09:11:35,SES-cd4f056e,mobile,Chrome,email,PROD-01416,REI Flash 55 Pack,Outdoor Gear,Sports,517.67,,0,1,0,
efd18d39-9f66-4151-ac00-a0aa75ff82d8,EVT-001899,USER-00048,wishlist,2026-01-19T21:00:47,SES-2d6f389f,tablet,Safari,organic,PROD-01844,Samsung Galaxy Watch 6,Smartwatches,Electronics,790.52,,0,0,0,
d0f26451-2197-4a92-8a45-4b7dd3ec4bc6,EVT-001900,USER-00154,search,2025-11-02T09:21:02,SES-6adcf4ff,tablet,Chrome,organic,,,,,0.0,red wine gift,0,0,0,
b5523fd2-a34d-4650-80d1-55b051cb800c,EVT-001901,USER-00144,view,2025-12-31T06:54:54,SES-aaf8089b,tablet,Edge,direct,PROD-01196,Oral-B iO Series 9,Personal Care,Healthcare,285.71,,125,0,0,
c1860231-430b-4185-ba23-c04233ebc408,EVT-001902,USER-00001,view,2025-12-30T07:46:46,SES-972195bd,desktop,Safari,direct,PROD-00512,Dom Pérignon Rosé 2009,Champagne,Wine,415.51,,398,0,0,
1a923dde-2c3a-46a6-86c7-07882ab6acf6,EVT-001903,USER-00023,search,2026-01-19T23:46:57,SES-2e9d8673,desktop,Chrome,social,,,,,0.0,gaming laptop,0,0,0,
d7a26e82-2087-46a4-9508-64dce981f9ee,EVT-001904,USER-00155,search,2026-01-12T18:19:33,SES-6600da43,mobile,Firefox,social,,,,,0.0,wireless headphones,0,0,0,
3384fdc4-1502-47cc-a33b-22bf9c49b859,EVT-001905,USER-00218,click,2025-11-03T09:24:40,SES-52506154,desktop,Safari,email,PROD-00003,Penfolds Grange,Red Wine,Wine,390.13,,276,0,0,
7f27decf-29f2-4f5b-ab0c-73e75699b764,EVT-001906,USER-00107,search,2025-12-04T21:28:05,SES-05e7fe08,desktop,Firefox,organic,,,,,0.0,home office chair,0,0,0,
58fe3648-8192-4d2c-8495-8dcf9c7eb60b,EVT-001907,USER-00147,add_to_cart,2026-01-17T01:10:09,SES-879f014f,mobile,Chrome,email,PROD-01416,REI Flash 55 Pack,Outdoor Gear,Sports,517.67,,0,1,0,
eeeeb1f5-f201-450b-adbd-ef34a6111743,EVT-001908,USER-00048,wishlist,2025-12-03T17:10:55,SES-f0a683fe,tablet,Safari,organic,PROD-01844,Samsung Galaxy Watch 6,Smartwatches,Electronics,790.52,,0,0,0,
30b1c541-a21b-48e4-a750-e5e4fe78fa24,EVT-001909,USER-00154,search,2025-12-09T15:17:53,SES-659bbb7f,tablet,Chrome,organic,,,,,0.0,red wine gift,0,0,0,
a6977819-6269-4fc1-be32-e3a3235d4cbb,EVT-001910,USER-00144,view,2025-11-17T06:53:44,SES-a05b712b,tablet,Edge,direct,PROD-01196,Oral-B iO Series 9,Personal Care,Healthcare,285.71,,125,0,0,
6aea27e2-7889-4238-b8dc-616a00d14457,EVT-001911,USER-00001,view,2025-10-31T04:20:12,SES-8b951139,desktop,Safari,direct,PROD-00512,Dom Pérignon Rosé 2009,Champagne,Wine,415.51,,398,0,0,
5079411a-068e-47b6-9594-a9207004cca6,EVT-001912,USER-00023,search,2026-01-14T16:22:00,SES-bbe43f23,desktop,Chrome,social,,,,,0.0,gaming laptop,0,0,0,
5d7a68d6-370c-445d-873e-7932413e7fea,EVT-001913,USER-00155,search,2025-11-05T00:44:18,SES-09b1039c,mobile,Firefox,social,,,,,0.0,wireless headphones,0,0,0,
9e5eea5d-9d89-4e9a-856b-deaf82acafda,EVT-001914,USER-00218,click,2025-11-18T18:46:20,SES-30f2b154,desktop,Safari,email,PROD-00003,Penfolds Grange,Red Wine,Wine,390.13,,276,0,0,
be59d4e7-3694-4fcd-84ba-c2286353d645,EVT-001915,USER-00107,search,2026-01-01T18:45:34,SES-e1263865,desktop,Firefox,organic,,,,,0.0,home office chair,0,0,0,
d56804bb-df5b-44c8-99f0-da58cf814c2e,EVT-001916,USER-00147,add_to_cart,2025-12-26T16:08:58,SES-64684122,mobile,Chrome,email,PROD-01416,REI Flash 55 Pack,Outdoor Gear,Sports,517.67,,0,1,0,
9727be28-1d04-4f87-8429-55b47e5e96d7,EVT-001917,USER-00048,wishlist,2025-11-03T01:18:25,SES-9d948c81,tablet,Safari,organic,PROD-01844,Samsung Galaxy Watch 6,Smartwatches,Electronics,790.52,,0,0,0,
9291ba89-8e9a-4de0-8980-32134a525131,EVT-001918,USER-00154,search,2025-11-26T02:09:34,SES-20b655b7,tablet,Chrome,organic,,,,,0.0,red wine gift,0,0,0,
68b4fea0-6f40-4f53-a540-843fe04ba8f4,EVT-001919,USER-00144,view,2026-01-08T18:32:56,SES-73e99d51,tablet,Edge,direct,PROD-01196,Oral-B iO Series 9,Personal Care,Healthcare,285.71,,125,0,0,
49de1222-5973-4608-8b3c-6834a3669215,EVT-001920,USER-00001,view,2025-10-30T10:10:08,SES-913c4a88,desktop,Safari,direct,PROD-00512,Dom Pérignon Rosé 2009,Champagne,Wine,415.51,,398,0,0,
d70bbcea-5c09-4800-bfb6-30a8282f862d,EVT-001921,USER-00023,search,2026-01-03T00:13:18,SES-c04d161d,desktop,Chrome,social,,,,,0.0,gaming laptop,0,0,0,
f3655238-7b36-4bea-bd7a-d61a983e4cbb,EVT-001922,USER-00155,search,2026-01-07T18:29:58,SES-181d5f93,mobile,Firefox,social,,,,,0.0,wireless headphones,0,0,0,
c214b7f2-aa63-47a6-b139-b10db12de11a,EVT-001923,USER-00218,click,2025-11-13T08:15:22,SES-f24514df,desktop,Safari,email,PROD-00003,Penfolds Grange,Red Wine,Wine,390.13,,276,0,0,
1bea9102-8ca5-4eb4-bfba-14c07f4b12ca,EVT-001924,USER-00107,search,2026-01-01T08:48:17,SES-22335a51,desktop,Firefox,organic,,,,,0.0,home office chair,0,0,0,
239eca9c-74c3-4730-8bfe-b0d725a6feb7,EVT-001925,USER-00147,add_to_cart,2025-10-29T23:10:41,SES-71db174b,mobile,Chrome,email,PROD-01416,REI Flash 55 Pack,Outdoor Gear,Sports,517.67,,0,1,0,
746970d8-247b-448d-ae85-e01164a94337,EVT-001926,USER-00048,wishlist,2025-11-23T12:09:51,SES-c87ec347,tablet,Safari,organic,PROD-01844,Samsung Galaxy Watch 6,Smartwatches,Electronics,790.52,,0,0,0,
6de3c3f3-e650-4d27-892f-39427b43aa7c,EVT-001927,USER-00154,search,2025-11-06T23:07:48,SES-45492b24,tablet,Chrome,organic,,,,,0.0,red wine gift,0,0,0,
23fa8884-125a-40fd-b3e7-e1a61c0e0716,EVT-001928,USER-00144,view,2025-12-10T23:27:55,SES-12170383,tablet,Edge,direct,PROD-01196,Oral-B iO Series 9,Personal Care,Healthcare,285.71,,125,0,0,
921f809e-5568-47c5-92bb-55ff94abe70a,EVT-001929,USER-00001,view,2025-11-24T07:19:18,SES-1da46887,desktop,Safari,direct,PROD-00512,Dom Pérignon Rosé 2009,Champagne,Wine,415.51,,398,0,0,
cdcb5139-a05f-47b1-bc7f-5b90cea5161e,EVT-001930,USER-00023,search,2025-11-18T13:18:28,SES-6caefdae,desktop,Chrome,social,,,,,0.0,gaming laptop,0,0,0,
3fc1ce3a-7fc7-49fd-a588-3e73a84711fa,EVT-001931,USER-00155,search,2025-12-05T18:34:38,SES-9ca99f20,mobile,Firefox,social,,,,,0.0,wireless headphones,0,0,0,
07a8fb10-2f28-4599-9ced-818518be5d77,EVT-001932,USER-00218,click,2025-12-22T23:23:23,SES-02996740,desktop,Safari,email,PROD-00003,Penfolds Grange,Red Wine,Wine,390.13,,276,0,0,
955091e7-afc1-4668-a037-3ea5e55e7dee,EVT-001933,USER-00107,search,2026-01-02T03:49:09,SES-9dc321db,desktop,Firefox,organic,,,,,0.0,home office chair,0,0,0,
b43a09db-9e51-4a18-8dce-21f0d66a80a7,EVT-001934,USER-00147,add_to_cart,2025-12-11T12:56:34,SES-129a44b4,mobile,Chrome,email,PROD-01416,REI Flash 55 Pack,Outdoor Gear,Sports,517.67,,0,1,0,
124ccb4f-1103-4fc2-bfe3-3aa33769337b,EVT-001935,USER-00048,wishlist,2025-12-26T23:59:34,SES-ad0076c2,tablet,Safari,organic,PROD-01844,Samsung Galaxy Watch 6,Smartwatches,Electronics,790.52,,0,0,0,
050b06d0-c45f-4568-895b-8283b661f71a,EVT-001936,USER-00154,search,2026-01-06T04:34:36,SES-da1e2a20,tablet,Chrome,organic,,,,,0.0,red wine gift,0,0,0,
626644b1-3f52-4c4c-beaf-0d06a02f3e49,EVT-001937,USER-00144,view,2025-10-29T22:34:05,SES-ff687554,tablet,Edge,direct,PROD-01196,Oral-B iO Series 9,Personal Care,Healthcare,285.71,,125,0,0,
fdaf4a51-fbf5-4ec1-8fbb-23efcab84e13,EVT-001938,USER-00001,view,2025-12-30T08:54:56,SES-babb64e3,desktop,Safari,direct,PROD-00512,Dom Pérignon Rosé 2009,Champagne,Wine,415.51,,398,0,0,
30a166c8-24f8-4124-bd02-e919dcf9c473,EVT-001939,USER-00023,search,2025-12-28T12:56:24,SES-0199aa5a,desktop,Chrome,social,,,,,0.0,gaming laptop,0,0,0,
054bb9da-40bb-47bf-811c-46206167d1ad,EVT-001940,USER-00155,search,2025-11-22T07:29:23,SES-f67f0f1d,mobile,Firefox,social,,,,,0.0,wireless headphones,0,0,0,
9303dae8-6a1e-4afd-9365-2ef18eb4a421,EVT-001941,USER-00218,click,2026-01-17T09:04:30,SES-308d1807,desktop,Safari,email,PROD-00003,Penfolds Grange,Red Wine,Wine,390.13,,276,0,0,
af2f1be3-6523-4823-85a0-e83fca8a2f46,EVT-001942,USER-00107,search,2026-01-20T12:42:23,SES-5dccac4b,desktop,Firefox,organic,,,,,0.0,home office chair,0,0,0,
85b0c8ac-874d-46e1-a936-29ebf77eb843,EVT-001943,USER-00147,add_to_cart,2025-10-26T11:18:26,SES-cc37b478,mobile,Chrome,email,PROD-01416,REI Flash 55 Pack,Outdoor Gear,Sports,517.67,,0,1,0,
356627e8-0efb-4cc2-8dc9-578f0473b498,EVT-001944,USER-00048,wishlist,2025-12-03T19:46:21,SES-07e024e4,tablet,Safari,organic,PROD-01844,Samsung Galaxy Watch 6,Smartwatches,Electronics,790.52,,0,0,0,
927c3207-fe30-4e10-afff-468d66e5062b,EVT-001945,USER-00154,search,2025-11-01T11:58:07,SES-728f418b,tablet,Chrome,organic,,,,,0.0,red wine gift,0,0,0,
3d5d4a7a-d9f3-4701-bbb0-78b190639f91,EVT-001946,USER-00144,view,2025-12-30T04:56:24,SES-711090ff,tablet,Edge,direct,PROD-01196,Oral-B iO Series 9,Personal Care,Healthcare,285.71,,125,0,0,
f995c74c-2bd1-485a-b9fa-d75579c898b7,EVT-001947,USER-00001,view,2026-01-07T20:32:36,SES-77851c30,desktop,Safari,direct,PROD-00512,Dom Pérignon Rosé 2009,Champagne,Wine,415.51,,398,0,0,
eb1d475f-361f-45ce-87e7-e790e083a4a3,EVT-001948,USER-00023,search,2025-12-12T08:38:20,SES-ff68edc9,desktop,Chrome,social,,,,,0.0,gaming laptop,0,0,0,
686a685c-e750-434d-9428-d7ed4fccafdc,EVT-001949,USER-00155,search,2025-11-22T13:49:17,SES-a9ec1651,mobile,Firefox,social,,,,,0.0,wireless headphones,0,0,0,
d01dc786-4649-44eb-b49d-72e8385ce048,EVT-001950,USER-00218,click,2025-11-10T05:35:25,SES-0ca0be51,desktop,Safari,email,PROD-00003,Penfolds Grange,Red Wine,Wine,390.13,,276,0,0,
d5bc0961-f95b-4488-a12e-6398449b2bb3,EVT-001951,USER-00107,search,2026-01-12T10:36:21,SES-969a4848,desktop,Firefox,organic,,,,,0.0,home office chair,0,0,0,
781d978c-a8c6-420b-9df5-0d89390a29bc,EVT-001952,USER-00147,add_to_cart,2025-12-15T22:33:37,SES-05c7a031,mobile,Chrome,email,PROD-01416,REI Flash 55 Pack,Outdoor Gear,Sports,517.67,,0,1,0,
6e6d97e2-51d9-40a1-b6b3-8b27315f3519,EVT-001953,USER-00048,wishlist,2025-12-25T22:28:29,SES-767f39dd,tablet,Safari,organic,PROD-01844,Samsung Galaxy Watch 6,Smartwatches,Electronics,790.52,,0,0,0,
79f9bde6-3d5c-4cd5-b113-e08993637be3,EVT-001954,USER-00154,search,2026-01-12T01:45:37,SES-ca10e185,tablet,Chrome,organic,,,,,0.0,red wine gift,0,0,0,
0a9ac2c5-3a74-4e89-ad95-5ceb3cf6ce6a,EVT-001955,USER-00144,view,2026-01-15T22:49:26,SES-70f06061,tablet,Edge,direct,PROD-01196,Oral-B iO Series 9,Personal Care,Healthcare,285.71,,125,0,0,
a7d5a860-e173-4c1d-9551-80bb13b31e9e,EVT-001956,USER-00001,view,2025-12-22T12:48:12,SES-88e33622,desktop,Safari,direct,PROD-00512,Dom Pérignon Rosé 2009,Champagne,Wine,415.51,,398,0,0,
4675a6b1-b524-49e5-ad3a-6f459fd6080a,EVT-001957,USER-00023,search,2025-10-26T04:58:03,SES-5dd662f8,desktop,Chrome,social,,,,,0.0,gaming laptop,0,0,0,
4a2bfcc7-8be5-497f-a2e3-319ac7b675bc,EVT-001958,USER-00155,search,2025-12-23T08:24:53,SES-ed6b82c3,mobile,Firefox,social,,,,,0.0,wireless headphones,0,0,0,
980544e3-4e69-4f30-aa74-b1945ef8187e,EVT-001959,USER-00218,click,2025-12-22T15:36:34,SES-52cd5c37,desktop,Safari,email,PROD-00003,Penfolds Grange,Red Wine,Wine,390.13,,276,0,0,
0e08a3d9-466d-4ba9-ae45-f1cf6f87728c,EVT-001960,USER-00107,search,2025-10-23T12:30:08,SES-e138e136,desktop,Firefox,organic,,,,,0.0,home office chair,0,0,0,
c1178fc6-3c59-449e-b4b2-e1218366e8c3,EVT-001961,USER-00147,add_to_cart,2025-11-15T14:56:59,SES-d1a375b4,mobile,Chrome,email,PROD-01416,REI Flash 55 Pack,Outdoor Gear,Sports,517.67,,0,1,0,
db236625-4b18-4583-bede-ca86fda6e0be,EVT-001962,USER-00048,wishlist,2025-11-05T00:52:13,SES-5f1dda67,tablet,Safari,organic,PROD-01844,Samsung Galaxy Watch 6,Smartwatches,Electronics,790.52,,0,0,0,
9bbfc30b-8206-4df6-8977-703943168fbd,EVT-001963,USER-00154,search,2025-12-18T16:12:30,SES-11d7f3f7,tablet,Chrome,organic,,,,,0.0,red wine gift,0,0,0,
2b215bbe-6fdc-402e-b462-f6309ce62af8,EVT-001964,USER-00144,view,2025-11-28T06:33:36,SES-99a0b9fb,tablet,Edge,direct,PROD-01196,Oral-B iO Series 9,Personal Care,Healthcare,285.71,,125,0,0,
890e0ee2-ee53-41b7-950c-ad8052fe27b6,EVT-001965,USER-00001,view,2026-01-15T10:06:15,SES-c1263c56,desktop,Safari,direct,PROD-00512,Dom Pérignon Rosé 2009,Champagne,Wine,415.51,,398,0,0,
5cd8db9a-f17f-4124-9a5d-79ae2f7f9e08,EVT-001966,USER-00023,search,2025-11-13T03:03:17,SES-af87bc25,desktop,Chrome,social,,,,,0.0,gaming laptop,0,0,0,
f0ae6c25-cf70-4f0f-8e78-2ee7a8670c7f,EVT-001967,USER-00155,search,2025-12-27T02:56:35,SES-b24f4aa5,mobile,Firefox,social,,,,,0.0,wireless headphones,0,0,0,
30b6280b-fd0c-4530-9288-60a3bbff3063,EVT-001968,USER-00218,click,2025-11-10T17:53:34,SES-87e540d5,desktop,Safari,email,PROD-00003,Penfolds Grange,Red Wine,Wine,390.13,,276,0,0,
2575196a-d4da-4bff-ad05-c81435fe80c5,EVT-001969,USER-00107,search,2025-11-17T12:05:26,SES-d6fb563f,desktop,Firefox,organic,,,,,0.0,home office chair,0,0,0,
f753f14f-72c0-4152-a94e-d67e8f3d75c1,EVT-001970,USER-00147,add_to_cart,2025-12-07T09:22:39,SES-f3bd1bd4,mobile,Chrome,email,PROD-01416,REI Flash 55 Pack,Outdoor Gear,Sports,517.67,,0,1,0,
604b5940-1f41-45ea-89bb-4baa8bb0de04,EVT-001971,USER-00048,wishlist,2025-11-06T10:47:38,SES-4aae6bfe,tablet,Safari,organic,PROD-01844,Samsung Galaxy Watch 6,Smartwatches,Electronics,790.52,,0,0,0,
78efa211-dac2-4ad4-b869-cee481188b44,EVT-001972,USER-00154,search,2025-12-08T18:54:46,SES-d2560283,tablet,Chrome,organic,,,,,0.0,red wine gift,0,0,0,
82a4b8bf-5e18-4425-8335-ed3ec409c0c2,EVT-001973,USER-00144,view,2026-01-09T18:22:52,SES-997a162a,tablet,Edge,direct,PROD-01196,Oral-B iO Series 9,Personal Care,Healthcare,285.71,,125,0,0,
5f21cd36-6b43-4310-b877-ac50caf538d3,EVT-001974,USER-00001,view,2025-11-09T21:54:55,SES-1a4b27a6,desktop,Safari,direct,PROD-00512,Dom Pérignon Rosé 2009,Champagne,Wine,415.51,,398,0,0,
847945b7-9478-40cb-b08a-85a249a9b887,EVT-001975,USER-00023,search,2026-01-01T23:14:59,SES-50596d9e,desktop,Chrome,social,,,,,0.0,gaming laptop,0,0,0,
6c2cc39d-4fdf-48b3-b5c9-e940147f8087,EVT-001976,USER-00155,search,2025-12-09T23:23:09,SES-16c6d392,mobile,Firefox,social,,,,,0.0,wireless headphones,0,0,0,
2de2afb8-b0a7-4729-a551-7005eee53023,EVT-001977,USER-00218,click,2025-11-19T04:26:03,SES-e4c0233e,desktop,Safari,email,PROD-00003,Penfolds Grange,Red Wine,Wine,390.13,,276,0,0,
b5d8a216-5793-4cd5-bbc6-f241ab74dd14,EVT-001978,USER-00107,search,2025-11-04T13:01:36,SES-0eb473fb,desktop,Firefox,organic,,,,,0.0,home office chair,0,0,0,
bb1bd368-d004-4456-9070-7864846bf846,EVT-001979,USER-00147,add_to_cart,2025-11-11T00:38:16,SES-9f64b5e6,mobile,Chrome,email,PROD-01416,REI Flash 55 Pack,Outdoor Gear,Sports,517.67,,0,1,0,
2d1eb289-9fbc-4b5e-99ab-059f78f17a04,EVT-001980,USER-00048,wishlist,2025-12-23T09:03:25,SES-9a9b86f2,tablet,Safari,organic,PROD-01844,Samsung Galaxy Watch 6,Smartwatches,Electronics,790.52,,0,0,0,
87e35890-3e8b-4613-a7e6-77d5d606fccc,EVT-001981,USER-00154,search,2026-01-15T18:50:25,SES-2b2b40b3,tablet,Chrome,organic,,,,,0.0,red wine gift,0,0,0,
060c2209-49bf-4e62-9e26-6699354fa936,EVT-001982,USER-00144,view,2025-10-31T08:38:33,SES-4fed2739,tablet,Edge,direct,PROD-01196,Oral-B iO Series 9,Personal Care,Healthcare,285.71,,125,0,0,
d7bffa0e-3ba8-48e9-9cc1-2acfdcf6b36b,EVT-001983,USER-00001,view,2025-12-11T21:00:36,SES-2c3800da,desktop,Safari,direct,PROD-00512,Dom Pérignon Rosé 2009,Champagne,Wine,415.51,,398,0,0,
8c5caecb-754d-4a32-ac29-0a0ba7fc06b4,EVT-001984,USER-00023,search,2026-01-13T23:14:58,SES-314f1305,desktop,Chrome,social,,,,,0.0,gaming laptop,0,0,0,
c6b725e4-57c1-4188-89b5-825da64a6471,EVT-001985,USER-00155,search,2025-12-31T23:18:08,SES-57fdeebc,mobile,Firefox,social,,,,,0.0,wireless headphones,0,0,0,
6a6bd962-5b12-4ead-8da5-f465b94d6a27,EVT-001986,USER-00218,click,2026-01-03T12:15:54,SES-a65b9442,desktop,Safari,email,PROD-00003,Penfolds Grange,Red Wine,Wine,390.13,,276,0,0,
2759e7e2-c0cd-4b88-b726-a5db37b41b72,EVT-001987,USER-00107,search,2025-11-12T13:01:34,SES-ac376168,desktop,Firefox,organic,,,,,0.0,home office chair,0,0,0,
41b92c63-e896-417e-8941-dabfc0ed2f2d,EVT-001988,USER-00147,add_to_cart,2025-10-23T01:22:50,SES-c9f63e08,mobile,Chrome,email,PROD-01416,REI Flash 55 Pack,Outdoor Gear,Sports,517.67,,0,1,0,
b49d7a53-29fd-48ac-b20a-c7b24bfa9005,EVT-001989,USER-00048,wishlist,2025-12-03T21:57:56,SES-4fe5f1aa,tablet,Safari,organic,PROD-01844,Samsung Galaxy Watch 6,Smartwatches,Electronics,790.52,,0,0,0,
18b5ba24-9367-4cdf-86b8-76ef6bc8d176,EVT-001990,USER-00154,search,2025-10-29T06:39:34,SES-40090800,tablet,Chrome,organic,,,,,0.0,red wine gift,0,0,0,
bf5c52fe-6a1b-4192-b5d0-221497e2771b,EVT-001991,USER-00144,view,2025-12-09T09:19:21,SES-46e8d8da,tablet,Edge,direct,PROD-01196,Oral-B iO Series 9,Personal Care,Healthcare,285.71,,125,0,0,
3a433906-8613-4e40-acaf-3c4d78d82256,EVT-001992,USER-00001,view,2025-12-15T21:33:04,SES-b46d7fa2,desktop,Safari,direct,PROD-00512,Dom Pérignon Rosé 2009,Champagne,Wine,415.51,,398,0,0,
fa16ce70-077f-4696-b803-ab3a2e45a8ff,EVT-001993,USER-00023,search,2025-12-21T02:10:07,SES-decff17c,desktop,Chrome,social,,,,,0.0,gaming laptop,0,0,0,
b52e1e85-e990-4138-b22c-8d47e558d380,EVT-001994,USER-00155,search,2025-11-11T23:52:44,SES-7f4fdb66,mobile,Firefox,social,,,,,0.0,wireless headphones,0,0,0,
6075a7e0-723d-410d-842a-670a9e387f26,EVT-001995,USER-00218,click,2025-12-30T16:19:38,SES-4fb37493,desktop,Safari,email,PROD-00003,Penfolds Grange,Red Wine,Wine,390.13,,276,0,0,
81861b65-d26b-406d-b2e8-3b9f61bdc1da,EVT-001996,USER-00107,search,2025-11-09T00:58:03,SES-c129019d,desktop,Firefox,organic,,,,,0.0,home office chair,0,0,0,
348f790e-8606-488f-b4e5-0e6847fe4997,EVT-001997,USER-00147,add_to_cart,2025-10-26T12:22:10,SES-68635470,mobile,Chrome,email,PROD-01416,REI Flash 55 Pack,Outdoor Gear,Sports,517.67,,0,1,0,
633d2f1b-53ce-4fea-ba56-fadfe5668411,EVT-001998,USER-00048,wishlist,2025-12-02T08:18:40,SES-d10b9a16,tablet,Safari,organic,PROD-01844,Samsung Galaxy Watch 6,Smartwatches,Electronics,790.52,,0,0,0,
58a59774-372a-444e-b62c-3e60c1b0f307,EVT-001999,USER-00154,search,2025-12-28T13:02:34,SES-6f740d55,tablet,Chrome,organic,,,,,0.0,red wine gift,0,0,0,
68371b3f-aaa8-4341-9b69-d858c58992d0,EVT-002000,USER-00144,view,2025-11-17T06:56:09,SES-dc7ad506,tablet,Edge,direct,PROD-01196,Oral-B iO Series 9,Personal Care,Healthcare,285.71,,125,0,0,
1a9dc82c-7724-4c9c-8448-719917bc5d7a,EVT-002001,USER-00001,view,2025-12-21T07:12:15,SES-2d882d10,desktop,Safari,direct,PROD-00512,Dom Pérignon Rosé 2009,Champagne,Wine,415.51,,398,0,0,
ee470335-a526-4db3-9882-b8c8dc08f32c,EVT-002002,USER-00023,search,2025-11-28T16:04:11,SES-05a5a916,desktop,Chrome,social,,,,,0.0,gaming laptop,0,0,0,
9db540f3-10eb-4df6-afa7-e45abee047f8,EVT-002003,USER-00155,search,2025-12-23T00:19:38,SES-cbf0f1a0,mobile,Firefox,social,,,,,0.0,wireless headphones,0,0,0,
6401aaf8-5dd1-42af-8e45-cd32e3de82fc,EVT-002004,USER-00218,click,2025-12-18T10:30:45,SES-3ca38adb,desktop,Safari,email,PROD-00003,Penfolds Grange,Red Wine,Wine,390.13,,276,0,0,
67d9afc1-be0b-48bd-b8d4-7e2d7a67a6c3,EVT-002005,USER-00107,search,2025-11-14T12:51:24,SES-14ab0e9d,desktop,Firefox,organic,,,,,0.0,home office chair,0,0,0,
23120db8-760b-47db-b9d8-93e4fbad7ba1,EVT-002006,USER-00147,add_to_cart,2025-12-23T15:54:44,SES-ac2fe09f,mobile,Chrome,email,PROD-01416,REI Flash 55 Pack,Outdoor Gear,Sports,517.67,,0,1,0,
d0fe9627-f09d-4d61-ba46-366d7ce2a042,EVT-002007,USER-00048,wishlist,2025-11-25T14:28:05,SES-36e64e91,tablet,Safari,organic,PROD-01844,Samsung Galaxy Watch 6,Smartwatches,Electronics,790.52,,0,0,0,
a24f5e76-58c6-476a-8e4e-0dc84fb27546,EVT-002008,USER-00154,search,2025-12-08T18:16:27,SES-aa338a7b,tablet,Chrome,organic,,,,,0.0,red wine gift,0,0,0,
6478052d-18ce-49a8-91e5-905660b65d3f,EVT-002009,USER-00144,view,2025-12-13T05:59:36,SES-9f03b874,tablet,Edge,direct,PROD-01196,Oral-B iO Series 9,Personal Care,Healthcare,285.71,,125,0,0,
5a47add8-5afe-4067-842b-faba2754b359,EVT-002010,USER-00001,view,2025-12-25T12:42:46,SES-c296bb51,desktop,Safari,direct,PROD-00512,Dom Pérignon Rosé 2009,Champagne,Wine,415.51,,398,0,0,
8666766d-f2c6-4a9f-956d-19cdc0ff71b5,EVT-002011,USER-00023,search,2025-11-09T05:30:35,SES-124afa50,desktop,Chrome,social,,,,,0.0,gaming laptop,0,0,0,
1190343d-8576-4a96-a4a7-4b06239369d8,EVT-002012,USER-00155,search,2026-01-15T23:33:38,SES-4e81e4e9,mobile,Firefox,social,,,,,0.0,wireless headphones,0,0,0,
189096d8-b0d4-4ab6-a497-ce651bc91236,EVT-002013,USER-00218,click,2025-11-20T21:12:52,SES-e2daa23e,desktop,Safari,email,PROD-00003,Penfolds Grange,Red Wine,Wine,390.13,,276,0,0,
46ccc3f2-ee51-470c-b89a-e4d84aaf9333,EVT-002014,USER-00107,search,2026-01-12T08:53:00,SES-7f8857e9,desktop,Firefox,organic,,,,,0.0,home office chair,0,0,0,
e8529c6e-a97b-4a90-b83a-378905651503,EVT-002015,USER-00147,add_to_cart,2025-11-14T06:16:48,SES-31fcb10e,mobile,Chrome,email,PROD-01416,REI Flash 55 Pack,Outdoor Gear,Sports,517.67,,0,1,0,
11b29b7e-1989-4d10-b696-d7560f82eacd,EVT-002016,USER-00048,wishlist,2026-01-15T16:55:05,SES-1393a182,tablet,Safari,organic,PROD-01844,Samsung Galaxy Watch 6,Smartwatches,Electronics,790.52,,0,0,0,
6849cb96-fce1-4fa1-a17f-bbfc8a6d1403,EVT-002017,USER-00154,search,2025-11-20T02:36:31,SES-d8979986,tablet,Chrome,organic,,,,,0.0,red wine gift,0,0,0,
0115bf0b-cd1a-4e3e-8f11-d6ac1928513e,EVT-002018,USER-00144,view,2025-12-26T14:25:33,SES-ceb30cdc,tablet,Edge,direct,PROD-01196,Oral-B iO Series 9,Personal Care,Healthcare,285.71,,125,0,0,
70652c5a-e01e-40b1-a5e5-1ebcbbc4514f,EVT-002019,USER-00001,view,2025-12-08T20:12:03,SES-b589e3e3,desktop,Safari,direct,PROD-00512,Dom Pérignon Rosé 2009,Champagne,Wine,415.51,,398,0,0,
1a0deda0-ae9f-4251-bb59-1744b0c63b13,EVT-002020,USER-00023,search,2025-12-09T08:13:45,SES-8ec25bc1,desktop,Chrome,social,,,,,0.0,gaming laptop,0,0,0,
6cd84ecb-0733-4671-961e-13905d3d9496,EVT-002021,USER-00155,search,2026-01-08T02:28:57,SES-4e65dc45,mobile,Firefox,social,,,,,0.0,wireless headphones,0,0,0,
4594c362-8eb8-48ed-b524-cb09f3d1e836,EVT-002022,USER-00218,click,2025-12-22T21:59:59,SES-26e67bca,desktop,Safari,email,PROD-00003,Penfolds Grange,Red Wine,Wine,390.13,,276,0,0,
66e8f0d8-8827-42a7-be17-4376d04e0ce9,EVT-002023,USER-00107,search,2025-11-29T19:50:42,SES-052cf1b4,desktop,Firefox,organic,,,,,0.0,home office chair,0,0,0,
210e3006-8743-4cd6-b03b-1061182bc52e,EVT-002024,USER-00147,add_to_cart,2025-12-19T19:00:09,SES-5d58e711,mobile,Chrome,email,PROD-01416,REI Flash 55 Pack,Outdoor Gear,Sports,517.67,,0,1,0,
04ede450-a54b-4d94-84e3-0df9efc94df1,EVT-002025,USER-00048,wishlist,2025-11-26T10:05:51,SES-c387c531,tablet,Safari,organic,PROD-01844,Samsung Galaxy Watch 6,Smartwatches,Electronics,790.52,,0,0,0,
7a4bd765-4a45-43cd-90b6-3d711500bd0f,EVT-002026,USER-00154,search,2025-12-14T12:10:27,SES-19df3843,tablet,Chrome,organic,,,,,0.0,red wine gift,0,0,0,
2980e40f-7670-4455-9ad8-293e1d545193,EVT-002027,USER-00144,view,2025-12-08T10:38:42,SES-3b163d3f,tablet,Edge,direct,PROD-01196,Oral-B iO Series 9,Personal Care,Healthcare,285.71,,125,0,0,
9bac7eef-79ca-4fad-9baf-d5c9246ff598,EVT-002028,USER-00001,view,2025-11-20T10:18:05,SES-9c3b695e,desktop,Safari,direct,PROD-00512,Dom Pérignon Rosé 2009,Champagne,Wine,415.51,,398,0,0,
4764df3b-ff1b-4dac-ac11-db1a903ace48,EVT-002029,USER-00023,search,2025-11-01T02:52:05,SES-f897bf7e,desktop,Chrome,social,,,,,0.0,gaming laptop,0,0,0,
12aa3030-38f6-413a-b105-f30a058aa88f,EVT-002030,USER-00155,search,2025-11-13T00:04:28,SES-4e1d106c,mobile,Firefox,social,,,,,0.0,wireless headphones,0,0,0,
f92cf464-64b4-4ae3-a824-a230436b835d,EVT-002031,USER-00218,click,2025-11-02T15:45:52,SES-b17479af,desktop,Safari,email,PROD-00003,Penfolds Grange,Red Wine,Wine,390.13,,276,0,0,
374d9161-991a-4e7e-884b-80a132e65abe,EVT-002032,USER-00107,search,2026-01-16T06:33:50,SES-d7dc318b,desktop,Firefox,organic,,,,,0.0,home office chair,0,0,0,
f837220e-b40e-49b4-ada8-dd1b2732bc19,EVT-002033,USER-00147,add_to_cart,2026-01-17T19:40:03,SES-ff319bd1,mobile,Chrome,email,PROD-01416,REI Flash 55 Pack,Outdoor Gear,Sports,517.67,,0,1,0,
ecb0660c-1288-439c-adef-264d7f3493ae,EVT-002034,USER-00048,wishlist,2026-01-04T01:06:58,SES-d350769b,tablet,Safari,organic,PROD-01844,Samsung Galaxy Watch 6,Smartwatches,Electronics,790.52,,0,0,0,
f5cdf220-d7ff-443b-b66f-5b42b655ca88,EVT-002035,USER-00154,search,2026-01-04T22:01:50,SES-f57800d6,tablet,Chrome,organic,,,,,0.0,red wine gift,0,0,0,
f9bf551e-36f0-4cdb-8516-348fe03c730b,EVT-002036,USER-00144,view,2025-11-19T15:19:12,SES-0270d804,tablet,Edge,direct,PROD-01196,Oral-B iO Series 9,Personal Care,Healthcare,285.71,,125,0,0,
43baffb3-5002-439b-8e00-c1b4240121be,EVT-002037,USER-00001,view,2025-12-02T11:39:15,SES-457ebb78,desktop,Safari,direct,PROD-00512,Dom Pérignon Rosé 2009,Champagne,Wine,415.51,,398,0,0,
354085f1-d4c3-4105-a6af-58d2a56c808f,EVT-002038,USER-00023,search,2025-12-05T03:55:04,SES-d8f62db0,desktop,Chrome,social,,,,,0.0,gaming laptop,0,0,0,
bc53bbfe-6953-4a52-8090-7c86d2fa0d31,EVT-002039,USER-00155,search,2025-11-23T08:09:34,SES-3222e348,mobile,Firefox,social,,,,,0.0,wireless headphones,0,0,0,
5784af66-afa6-49e6-a409-e627618a38ec,EVT-002040,USER-00218,click,2025-11-15T18:24:16,SES-f67c03ab,desktop,Safari,email,PROD-00003,Penfolds Grange,Red Wine,Wine,390.13,,276,0,0,
f38b8035-fa8f-4845-97fb-2a293d4013a0,EVT-002041,USER-00107,search,2025-12-26T01:28:32,SES-a68680f5,desktop,Firefox,organic,,,,,0.0,home office chair,0,0,0,
b39a375f-6abf-4996-8d45-da9238bd228c,EVT-002042,USER-00147,add_to_cart,2025-12-02T23:56:14,SES-99cef089,mobile,Chrome,email,PROD-01416,REI Flash 55 Pack,Outdoor Gear,Sports,517.67,,0,1,0,
d9c04385-61bf-4541-a794-17738f9c09f8,EVT-002043,USER-00048,wishlist,2025-11-02T23:48:27,SES-097a3102,tablet,Safari,organic,PROD-01844,Samsung Galaxy Watch 6,Smartwatches,Electronics,790.52,,0,0,0,
fc6ba542-5c83-44ac-9d30-38413f642430,EVT-002044,USER-00154,search,2025-11-08T20:29:32,SES-4dd5f83a,tablet,Chrome,organic,,,,,0.0,red wine gift,0,0,0,
ef1e16a1-705a-4bd6-bb4e-862fffe509ee,EVT-002045,USER-00144,view,2025-12-06T20:50:33,SES-6ac8f2bc,tablet,Edge,direct,PROD-01196,Oral-B iO Series 9,Personal Care,Healthcare,285.71,,125,0,0,
1d6640e3-4e5a-457e-b7d3-538b2004ebbd,EVT-002046,USER-00001,view,2025-11-22T17:02:03,SES-50b78be3,desktop,Safari,direct,PROD-00512,Dom Pérignon Rosé 2009,Champagne,Wine,415.51,,398,0,0,
637baa5d-bd39-4188-813d-15306e733c2d,EVT-002047,USER-00023,search,2025-12-25T21:16:08,SES-fc82400e,desktop,Chrome,social,,,,,0.0,gaming laptop,0,0,0,
7974f382-dc50-4aa8-a9ca-df3db1fa5c0c,EVT-002048,USER-00155,search,2025-11-02T18:29:17,SES-8b1a1c5a,mobile,Firefox,social,,,,,0.0,wireless headphones,0,0,0,
0d6cf123-083d-4c98-aac3-c109060e56c5,EVT-002049,USER-00218,click,2025-11-25T11:50:46,SES-6e3e6c89,desktop,Safari,email,PROD-00003,Penfolds Grange,Red Wine,Wine,390.13,,276,0,0,
e7d3ae59-5290-45d0-9b7b-6974fb5c66c5,EVT-002050,USER-00107,search,2025-12-29T09:59:02,SES-51ed8621,desktop,Firefox,organic,,,,,0.0,home office chair,0,0,0,
e49e7e47-cf93-4839-a4b9-d8328fafa9f2,EVT-002051,USER-00147,add_to_cart,2025-11-30T09:32:41,SES-2ec6307f,mobile,Chrome,email,PROD-01416,REI Flash 55 Pack,Outdoor Gear,Sports,517.67,,0,1,0,
5ed6beeb-452c-46f3-b70e-40506a36ef70,EVT-002052,USER-00048,wishlist,2025-12-30T04:16:34,SES-a920631d,tablet,Safari,organic,PROD-01844,Samsung Galaxy Watch 6,Smartwatches,Electronics,790.52,,0,0,0,
d51c9a4f-1a68-4e55-88ed-2c07d55e2166,EVT-002053,USER-00154,search,2025-11-04T04:19:33,SES-8e8ffa9e,tablet,Chrome,organic,,,,,0.0,red wine gift,0,0,0,
f6157e1a-be86-4e38-8b43-3ea75872e721,EVT-002054,USER-00144,view,2026-01-05T20:44:19,SES-7c724049,tablet,Edge,direct,PROD-01196,Oral-B iO Series 9,Personal Care,Healthcare,285.71,,125,0,0,
6f958f11-5b85-4f28-8563-851971073443,EVT-002055,USER-00001,view,2026-01-16T09:32:16,SES-ff205eaf,desktop,Safari,direct,PROD-00512,Dom Pérignon Rosé 2009,Champagne,Wine,415.51,,398,0,0,
b6c7e5f8-bae1-49af-adfa-a5cc98e3c588,EVT-002056,USER-00023,search,2025-12-08T17:07:20,SES-1445d887,desktop,Chrome,social,,,,,0.0,gaming laptop,0,0,0,
d29c4b2e-b088-4090-9a39-8a06f1df2559,EVT-002057,USER-00155,search,2026-01-12T07:33:10,SES-036182c4,mobile,Firefox,social,,,,,0.0,wireless headphones,0,0,0,
c9e376dd-487c-43af-bd47-cb81d1721c5c,EVT-002058,USER-00218,click,2026-01-08T21:03:57,SES-8ce7f42f,desktop,Safari,email,PROD-00003,Penfolds Grange,Red Wine,Wine,390.13,,276,0,0,
dba35791-33a5-45e5-b116-ff344d2375d9,EVT-002059,USER-00107,search,2026-01-14T15:13:00,SES-b9368295,desktop,Firefox,organic,,,,,0.0,home office chair,0,0,0,
2f2e8375-ad3d-4ab9-a607-ab2142b1b0f0,EVT-002060,USER-00147,add_to_cart,2025-12-09T05:47:18,SES-000d5977,mobile,Chrome,email,PROD-01416,REI Flash 55 Pack,Outdoor Gear,Sports,517.67,,0,1,0,
9cd3f69c-6e22-44f3-b9dc-6e7f90606095,EVT-002061,USER-00048,wishlist,2025-12-20T02:29:52,SES-95f0e2d5,tablet,Safari,organic,PROD-01844,Samsung Galaxy Watch 6,Smartwatches,Electronics,790.52,,0,0,0,
e2840469-d3a1-4eb9-b6f9-b50d5e04590f,EVT-002062,USER-00154,search,2025-12-01T17:57:56,SES-63286a95,tablet,Chrome,organic,,,,,0.0,red wine gift,0,0,0,
45ac2017-66ee-4682-b257-fafc66af89ab,EVT-002063,USER-00144,view,2025-12-28T11:16:21,SES-5ced71da,tablet,Edge,direct,PROD-01196,Oral-B iO Series 9,Personal Care,Healthcare,285.71,,125,0,0,
ddf88cf7-2d57-412c-bb4a-b290889dea4b,EVT-002064,USER-00001,view,2025-11-14T13:11:34,SES-1aff7e06,desktop,Safari,direct,PROD-00512,Dom Pérignon Rosé 2009,Champagne,Wine,415.51,,398,0,0,
7eb4e110-3812-46dd-b0e2-b0bb381f8332,EVT-002065,USER-00023,search,2025-10-25T13:25:01,SES-8f9338a5,desktop,Chrome,social,,,,,0.0,gaming laptop,0,0,0,
95b45b71-60f3-4a7f-a95a-019f5e1ebd92,EVT-002066,USER-00155,search,2025-11-19T23:50:45,SES-807dee15,mobile,Firefox,social,,,,,0.0,wireless headphones,0,0,0,
e35d697c-2aa4-4360-8e2a-31dc74e5a922,EVT-002067,USER-00218,click,2025-11-17T18:14:14,SES-66a6e923,desktop,Safari,email,PROD-00003,Penfolds Grange,Red Wine,Wine,390.13,,276,0,0,
5ccc71b3-2db9-49e6-b3e0-2a9c2f07ddc7,EVT-002068,USER-00107,search,2025-12-11T00:27:38,SES-637e2e18,desktop,Firefox,organic,,,,,0.0,home office chair,0,0,0,
5065c7da-0d82-48e1-b830-03f6f5733039,EVT-002069,USER-00147,add_to_cart,2025-11-12T15:09:47,SES-45718619,mobile,Chrome,email,PROD-01416,REI Flash 55 Pack,Outdoor Gear,Sports,517.67,,0,1,0,
5ade78f7-0bb6-41e7-ae04-478dc124edbe,EVT-002070,USER-00048,wishlist,2026-01-17T03:20:18,SES-265a98ac,tablet,Safari,organic,PROD-01844,Samsung Galaxy Watch 6,Smartwatches,Electronics,790.52,,0,0,0,
e3b84abd-b083-415e-8c04-a303fde01301,EVT-002071,USER-00154,search,2026-01-13T08:52:33,SES-157aa46f,tablet,Chrome,organic,,,,,0.0,red wine gift,0,0,0,
a7664163-0297-4f1f-ac75-51210addac60,EVT-002072,USER-00144,view,2026-01-06T18:03:02,SES-d781bc8e,tablet,Edge,direct,PROD-01196,Oral-B iO Series 9,Personal Care,Healthcare,285.71,,125,0,0,
b18068cf-e60a-4b68-9c34-2face9bf2647,EVT-002073,USER-00001,view,2025-12-01T10:58:55,SES-3fb9ccf5,desktop,Safari,direct,PROD-00512,Dom Pérignon Rosé 2009,Champagne,Wine,415.51,,398,0,0,
51d749f0-e5ff-4806-aab1-995b7e498aa9,EVT-002074,USER-00023,search,2025-10-28T15:36:40,SES-c3824651,desktop,Chrome,social,,,,,0.0,gaming laptop,0,0,0,
74361a6a-092e-4639-b24c-e05aea5c418c,EVT-002075,USER-00155,search,2025-12-16T08:05:02,SES-eaafc4ec,mobile,Firefox,social,,,,,0.0,wireless headphones,0,0,0,
6d78050a-90b4-4cb0-91c4-eef0cfa00ebd,EVT-002076,USER-00218,click,2026-01-05T16:21:02,SES-dad4718d,desktop,Safari,email,PROD-00003,Penfolds Grange,Red Wine,Wine,390.13,,276,0,0,
07f14688-db5d-4fdc-87c2-6152d87de87c,EVT-002077,USER-00107,search,2025-11-23T03:01:17,SES-d2dbfccb,desktop,Firefox,organic,,,,,0.0,home office chair,0,0,0,
27dd0a68-90ff-42dd-a04b-4114fed446a9,EVT-002078,USER-00147,add_to_cart,2025-11-17T03:30:49,SES-d29d6db6,mobile,Chrome,email,PROD-01416,REI Flash 55 Pack,Outdoor Gear,Sports,517.67,,0,1,0,
8aef4d27-d3c7-4059-a75c-63c894685316,EVT-002079,USER-00048,wishlist,2025-12-27T06:46:04,SES-0def6f3a,tablet,Safari,organic,PROD-01844,Samsung Galaxy Watch 6,Smartwatches,Electronics,790.52,,0,0,0,
2f5d43d6-9f04-423d-9b08-59366c37bd4a,EVT-002080,USER-00154,search,2025-11-22T14:02:01,SES-4796e300,tablet,Chrome,organic,,,,,0.0,red wine gift,0,0,0,
cf11023d-beac-47be-83c7-412d143f3bcd,EVT-002081,USER-00144,view,2025-12-01T16:09:45,SES-f0648e8c,tablet,Edge,direct,PROD-01196,Oral-B iO Series 9,Personal Care,Healthcare,285.71,,125,0,0,
1e254905-366f-4b68-bc14-f8a715a9483c,EVT-002082,USER-00001,view,2025-11-29T17:54:25,SES-714bdd8b,desktop,Safari,direct,PROD-00512,Dom Pérignon Rosé 2009,Champagne,Wine,415.51,,398,0,0,
0c04e6a6-326e-447b-a8c2-9742b0783771,EVT-002083,USER-00023,search,2026-01-09T07:06:26,SES-c052aafe,desktop,Chrome,social,,,,,0.0,gaming laptop,0,0,0,
8d8e9475-5cae-4fdd-9554-b9399637b416,EVT-002084,USER-00155,search,2025-12-04T15:45:04,SES-86ac7ce8,mobile,Firefox,social,,,,,0.0,wireless headphones,0,0,0,
a46550a3-08bb-46b0-acf3-45ca18867f18,EVT-002085,USER-00218,click,2025-12-03T00:42:56,SES-d35d275c,desktop,Safari,email,PROD-00003,Penfolds Grange,Red Wine,Wine,390.13,,276,0,0,
1ae06b7f-8bae-48b6-9150-9267bdecaa1b,EVT-002086,USER-00107,search,2025-11-30T10:55:12,SES-8b6405bb,desktop,Firefox,organic,,,,,0.0,home office chair,0,0,0,
4cf5f380-969f-4086-9dcd-285f7e145fd7,EVT-002087,USER-00147,add_to_cart,2025-11-17T01:24:10,SES-734c5319,mobile,Chrome,email,PROD-01416,REI Flash 55 Pack,Outdoor Gear,Sports,517.67,,0,1,0,
bbc3ea1b-3197-4a0e-bf50-038a2a9c6dde,EVT-002088,USER-00048,wishlist,2026-01-19T07:54:09,SES-5dc418d0,tablet,Safari,organic,PROD-01844,Samsung Galaxy Watch 6,Smartwatches,Electronics,790.52,,0,0,0,
75c83b2c-35a8-4c40-af8e-f9f0fcd7079b,EVT-002089,USER-00154,search,2025-10-28T01:14:03,SES-f1b62173,tablet,Chrome,organic,,,,,0.0,red wine gift,0,0,0,
07387156-c56b-40e6-8750-4b4bb37208e4,EVT-002090,USER-00144,view,2025-11-17T19:09:14,SES-502dac72,tablet,Edge,direct,PROD-01196,Oral-B iO Series 9,Personal Care,Healthcare,285.71,,125,0,0,
d858316b-772e-4834-a82a-f4f626c9e9b1,EVT-002091,USER-00001,view,2025-12-08T21:14:20,SES-b0bfaca0,desktop,Safari,direct,PROD-00512,Dom Pérignon Rosé 2009,Champagne,Wine,415.51,,398,0,0,
174a09bd-2df8-4e28-956f-18b69da75c0e,EVT-002092,USER-00023,search,2026-01-01T10:43:40,SES-14f303ae,desktop,Chrome,social,,,,,0.0,gaming laptop,0,0,0,
9553fcef-57df-43ae-8556-5a6422ac9867,EVT-002093,USER-00155,search,2025-11-13T00:06:56,SES-29dfc9d7,mobile,Firefox,social,,,,,0.0,wireless headphones,0,0,0,
1104fd0e-1f0a-48f6-9977-ff4e9d1b5131,EVT-002094,USER-00218,click,2025-11-24T17:49:03,SES-cf1acf87,desktop,Safari,email,PROD-00003,Penfolds Grange,Red Wine,Wine,390.13,,276,0,0,
42669cd3-8b5e-4308-9082-44f9150a8a62,EVT-002095,USER-00107,search,2025-12-23T12:32:13,SES-1a4f8d0d,desktop,Firefox,organic,,,,,0.0,home office chair,0,0,0,
927b0afe-b3c7-42b2-ad53-408a24bd6f43,EVT-002096,USER-00147,add_to_cart,2026-01-10T05:13:47,SES-ec68c943,mobile,Chrome,email,PROD-01416,REI Flash 55 Pack,Outdoor Gear,Sports,517.67,,0,1,0,
ac72afb6-5982-40f7-82a5-5864c293e5a4,EVT-002097,USER-00048,wishlist,2025-10-27T04:15:05,SES-f0e1b21b,tablet,Safari,organic,PROD-01844,Samsung Galaxy Watch 6,Smartwatches,Electronics,790.52,,0,0,0,
f7893326-b03f-4403-b555-7233e6800298,EVT-002098,USER-00154,search,2025-11-21T16:48:40,SES-af3a06c6,tablet,Chrome,organic,,,,,0.0,red wine gift,0,0,0,
5248b196-2683-4c66-8ba3-d49c5ef08978,EVT-002099,USER-00144,view,2025-12-05T04:59:51,SES-128e8041,tablet,Edge,direct,PROD-01196,Oral-B iO Series 9,Personal Care,Healthcare,285.71,,125,0,0,
19d2c49a-21cd-4b76-be9f-eca9edc4a070,EVT-002100,USER-00001,view,2025-12-01T12:51:34,SES-db945d21,desktop,Safari,direct,PROD-00512,Dom Pérignon Rosé 2009,Champagne,Wine,415.51,,398,0,0,
edf4bd7a-7c1e-4364-a671-d0a9ad9175b8,EVT-002101,USER-00023,search,2025-11-13T05:37:09,SES-9a41d347,desktop,Chrome,social,,,,,0.0,gaming laptop,0,0,0,
0ef86c4e-3aeb-49e0-bf9e-d6fe0326050e,EVT-002102,USER-00155,search,2025-12-17T07:57:51,SES-77af8404,mobile,Firefox,social,,,,,0.0,wireless headphones,0,0,0,
d118161b-9017-4fa3-a0f5-3eeb9d45f73f,EVT-002103,USER-00218,click,2026-01-15T18:16:35,SES-add838d2,desktop,Safari,email,PROD-00003,Penfolds Grange,Red Wine,Wine,390.13,,276,0,0,
0097a245-a667-4a8d-a1c1-c9f598151ce2,EVT-002104,USER-00107,search,2025-11-07T21:59:04,SES-1bece2af,desktop,Firefox,organic,,,,,0.0,home office chair,0,0,0,
6563b4f5-6e12-4906-81a9-fffdf21faae5,EVT-002105,USER-00147,add_to_cart,2025-12-13T18:55:49,SES-c86af64c,mobile,Chrome,email,PROD-01416,REI Flash 55 Pack,Outdoor Gear,Sports,517.67,,0,1,0,
de1b3c37-e2e3-4e79-9409-a9f499264bb1,EVT-002106,USER-00048,wishlist,2025-11-11T18:24:43,SES-597cbc31,tablet,Safari,organic,PROD-01844,Samsung Galaxy Watch 6,Smartwatches,Electronics,790.52,,0,0,0,
e58fc4d1-3bc4-49e7-9367-62404b669801,EVT-002107,USER-00154,search,2026-01-06T10:25:02,SES-97f728a7,tablet,Chrome,organic,,,,,0.0,red wine gift,0,0,0,
3eb113e9-275d-4934-9917-c3f0114954c8,EVT-002108,USER-00144,view,2025-12-22T10:57:09,SES-8201b9f2,tablet,Edge,direct,PROD-01196,Oral-B iO Series 9,Personal Care,Healthcare,285.71,,125,0,0,
b9cece8d-2716-4540-967a-cbd76b35bbcc,EVT-002109,USER-00001,view,2025-11-02T10:59:00,SES-de7d69fa,desktop,Safari,direct,PROD-00512,Dom Pérignon Rosé 2009,Champagne,Wine,415.51,,398,0,0,
320a2277-4307-4633-bc26-73715fb7dc67,EVT-002110,USER-00023,search,2025-12-21T07:01:52,SES-58e8e2ad,desktop,Chrome,social,,,,,0.0,gaming laptop,0,0,0,
4cea580c-2555-47ff-8468-6aa3958128ba,EVT-002111,USER-00155,search,2025-12-21T01:05:00,SES-1ad0f2ec,mobile,Firefox,social,,,,,0.0,wireless headphones,0,0,0,
1d2ebf34-d371-4b15-a8ef-38b260989006,EVT-002112,USER-00218,click,2025-11-23T18:08:57,SES-164c55d7,desktop,Safari,email,PROD-00003,Penfolds Grange,Red Wine,Wine,390.13,,276,0,0,
6db4d9b1-f888-4679-95ff-835b21abe460,EVT-002113,USER-00107,search,2025-11-04T07:01:22,SES-a1ae1007,desktop,Firefox,organic,,,,,0.0,home office chair,0,0,0,
7add9025-6a9d-47b5-8014-0ea1e23c4b9f,EVT-002114,USER-00147,add_to_cart,2025-12-20T11:35:28,SES-f611544c,mobile,Chrome,email,PROD-01416,REI Flash 55 Pack,Outdoor Gear,Sports,517.67,,0,1,0,
8493d1a9-7d93-4226-8dc9-6c57fc6291d0,EVT-002115,USER-00048,wishlist,2025-12-14T03:40:42,SES-1e5438c3,tablet,Safari,organic,PROD-01844,Samsung Galaxy Watch 6,Smartwatches,Electronics,790.52,,0,0,0,
2016be6e-45ec-45ac-ab14-c0fa76f24378,EVT-002116,USER-00154,search,2025-10-24T16:20:46,SES-f06eed34,tablet,Chrome,organic,,,,,0.0,red wine gift,0,0,0,
5e5e34b3-9ff6-40fc-93db-1e9a4d2bb7ec,EVT-002117,USER-00144,view,2025-12-31T20:50:39,SES-5de3f273,tablet,Edge,direct,PROD-01196,Oral-B iO Series 9,Personal Care,Healthcare,285.71,,125,0,0,
896fad32-a40e-4403-8dd0-19b52a14a8b8,EVT-002118,USER-00001,view,2025-10-24T19:08:14,SES-24f95e2a,desktop,Safari,direct,PROD-00512,Dom Pérignon Rosé 2009,Champagne,Wine,415.51,,398,0,0,
f9f8005c-87f2-4fd3-b1fe-aaf8d39de2b8,EVT-002119,USER-00023,search,2026-01-08T15:41:13,SES-9545ef29,desktop,Chrome,social,,,,,0.0,gaming laptop,0,0,0,
805cdf94-2917-4dd5-9e0d-3c80ddf83f1c,EVT-002120,USER-00155,search,2025-11-28T13:30:06,SES-e61f0da3,mobile,Firefox,social,,,,,0.0,wireless headphones,0,0,0,
1c7f87ab-096c-4394-8e0a-47359eded6b3,EVT-002121,USER-00218,click,2025-10-31T12:14:00,SES-6faaf0bc,desktop,Safari,email,PROD-00003,Penfolds Grange,Red Wine,Wine,390.13,,276,0,0,
d79bec41-7fc3-400e-a19e-480479f00fd0,EVT-002122,USER-00107,search,2026-01-06T12:28:16,SES-462e25a2,desktop,Firefox,organic,,,,,0.0,home office chair,0,0,0,
f2253428-12e7-4daf-b3cc-5445d7e789e4,EVT-002123,USER-00147,add_to_cart,2025-12-30T04:04:14,SES-f8b7439d,mobile,Chrome,email,PROD-01416,REI Flash 55 Pack,Outdoor Gear,Sports,517.67,,0,1,0,
257fb059-eb93-443b-b536-5859ad4780a6,EVT-002124,USER-00048,wishlist,2025-11-24T02:32:49,SES-2bd7d155,tablet,Safari,organic,PROD-01844,Samsung Galaxy Watch 6,Smartwatches,Electronics,790.52,,0,0,0,
f410483a-8575-4494-8bfe-dd69f6c06608,EVT-002125,USER-00154,search,2026-01-19T07:34:33,SES-ad0fbc56,tablet,Chrome,organic,,,,,0.0,red wine gift,0,0,0,
d5492671-4797-471e-bee4-d25f3660bbea,EVT-002126,USER-00144,view,2025-11-25T23:46:53,SES-69ec4867,tablet,Edge,direct,PROD-01196,Oral-B iO Series 9,Personal Care,Healthcare,285.71,,125,0,0,
c2fe1cd1-4b9d-4d84-997d-6402930f0af6,EVT-002127,USER-00001,view,2026-01-05T04:48:03,SES-8534528f,desktop,Safari,direct,PROD-00512,Dom Pérignon Rosé 2009,Champagne,Wine,415.51,,398,0,0,
10ae3d9d-d709-4147-a0ca-f4ed639b79e4,EVT-002128,USER-00023,search,2026-01-05T02:52:08,SES-cfc201aa,desktop,Chrome,social,,,,,0.0,gaming laptop,0,0,0,
d2fd2a1c-564a-41d5-a7c2-bddec3bbeb8a,EVT-002129,USER-00155,search,2025-12-15T10:15:58,SES-7debd9a6,mobile,Firefox,social,,,,,0.0,wireless headphones,0,0,0,
07ee04cd-8452-478a-ae8a-61d09f06bd12,EVT-002130,USER-00218,click,2025-10-28T21:48:47,SES-cb11b2d4,desktop,Safari,email,PROD-00003,Penfolds Grange,Red Wine,Wine,390.13,,276,0,0,
28aebe12-6fec-4314-9430-fb085f839443,EVT-002131,USER-00107,search,2025-12-25T08:01:50,SES-09a8796d,desktop,Firefox,organic,,,,,0.0,home office chair,0,0,0,
21fdd885-c2f9-4b57-aaa0-29ca834de093,EVT-002132,USER-00147,add_to_cart,2025-10-27T12:36:33,SES-fb4ed878,mobile,Chrome,email,PROD-01416,REI Flash 55 Pack,Outdoor Gear,Sports,517.67,,0,1,0,
887713dd-99a7-4560-a26d-7baa5cadf86c,EVT-002133,USER-00048,wishlist,2025-12-12T02:28:09,SES-aeaadb64,tablet,Safari,organic,PROD-01844,Samsung Galaxy Watch 6,Smartwatches,Electronics,790.52,,0,0,0,
034d45d5-6151-428d-b253-7eef4669d189,EVT-002134,USER-00154,search,2025-11-12T04:20:40,SES-4c120ec5,tablet,Chrome,organic,,,,,0.0,red wine gift,0,0,0,
a51a2858-849f-4600-8937-23c1f11862f8,EVT-002135,USER-00144,view,2025-11-26T21:40:42,SES-59ec10e3,tablet,Edge,direct,PROD-01196,Oral-B iO Series 9,Personal Care,Healthcare,285.71,,125,0,0,
fcf19e8c-6078-4d0d-8626-fb1d87f7b5b3,EVT-002136,USER-00001,view,2025-12-13T17:40:16,SES-bcb2dfc5,desktop,Safari,direct,PROD-00512,Dom Pérignon Rosé 2009,Champagne,Wine,415.51,,398,0,0,
2f7a4230-e04a-406d-a3bc-b00c688f56d3,EVT-002137,USER-00023,search,2025-11-11T00:19:39,SES-e1c50424,desktop,Chrome,social,,,,,0.0,gaming laptop,0,0,0,
bcf77d1b-f7f3-441e-b8d8-2041174b464c,EVT-002138,USER-00155,search,2025-11-06T23:44:57,SES-a079ca59,mobile,Firefox,social,,,,,0.0,wireless headphones,0,0,0,
61a2d3b9-eb63-4ba4-8ceb-8d2a1b88f980,EVT-002139,USER-00218,click,2026-01-12T02:57:29,SES-fadfd1a2,desktop,Safari,email,PROD-00003,Penfolds Grange,Red Wine,Wine,390.13,,276,0,0,
e4d29a74-7bb6-4225-a20f-1f809e2af34f,EVT-002140,USER-00107,search,2025-12-13T18:11:53,SES-a63cd40e,desktop,Firefox,organic,,,,,0.0,home office chair,0,0,0,
42511808-c7df-4327-bc1a-36222226ee9b,EVT-002141,USER-00147,add_to_cart,2025-11-30T03:34:20,SES-871a593c,mobile,Chrome,email,PROD-01416,REI Flash 55 Pack,Outdoor Gear,Sports,517.67,,0,1,0,
d0d5e0bd-b000-4570-b4d6-2a6d8cf62bfa,EVT-002142,USER-00048,wishlist,2026-01-14T05:13:43,SES-d472921b,tablet,Safari,organic,PROD-01844,Samsung Galaxy Watch 6,Smartwatches,Electronics,790.52,,0,0,0,
3fee7bb1-9745-4fba-b587-5f1d6f162ac6,EVT-002143,USER-00154,search,2025-12-31T10:34:20,SES-73d3b2f4,tablet,Chrome,organic,,,,,0.0,red wine gift,0,0,0,
10962b46-3659-4dba-8892-3e2f11985acc,EVT-002144,USER-00144,view,2025-11-14T00:19:02,SES-5adbdbd7,tablet,Edge,direct,PROD-01196,Oral-B iO Series 9,Personal Care,Healthcare,285.71,,125,0,0,
fbd48b7e-b240-4abd-ae13-5acae1555621,EVT-002145,USER-00001,view,2025-11-19T22:06:55,SES-bf4bb55a,desktop,Safari,direct,PROD-00512,Dom Pérignon Rosé 2009,Champagne,Wine,415.51,,398,0,0,
d16fc910-36be-4128-a8d0-d7578e872865,EVT-002146,USER-00023,search,2026-01-08T13:03:35,SES-313f6071,desktop,Chrome,social,,,,,0.0,gaming laptop,0,0,0,
be068888-778a-461d-9f3d-8e065396aaf3,EVT-002147,USER-00155,search,2025-11-07T10:01:42,SES-d66c8884,mobile,Firefox,social,,,,,0.0,wireless headphones,0,0,0,
2897f2b1-6469-4136-9cc7-f4e02ea10c0a,EVT-002148,USER-00218,click,2026-01-19T03:54:23,SES-c836eadd,desktop,Safari,email,PROD-00003,Penfolds Grange,Red Wine,Wine,390.13,,276,0,0,
7c90bb89-59af-4d5f-81d9-3915f2be4821,EVT-002149,USER-00107,search,2025-11-28T01:07:58,SES-bfc2c4de,desktop,Firefox,organic,,,,,0.0,home office chair,0,0,0,
47d8bd8d-82f5-46a5-b3a3-f331daf49988,EVT-002150,USER-00147,add_to_cart,2025-11-23T22:23:07,SES-86923933,mobile,Chrome,email,PROD-01416,REI Flash 55 Pack,Outdoor Gear,Sports,517.67,,0,1,0,
52c24c85-af5f-479a-ac32-4ba4e95db0bf,EVT-002151,USER-00048,wishlist,2025-12-01T21:12:36,SES-44e7cbfe,tablet,Safari,organic,PROD-01844,Samsung Galaxy Watch 6,Smartwatches,Electronics,790.52,,0,0,0,
340a687f-8f9c-4648-ac60-0559f47b7eb8,EVT-002152,USER-00154,search,2025-11-12T16:20:56,SES-ac1c0b83,tablet,Chrome,organic,,,,,0.0,red wine gift,0,0,0,
f5858354-1513-458e-9c8a-066467f1f221,EVT-002153,USER-00144,view,2025-12-15T10:23:56,SES-d362a6f9,tablet,Edge,direct,PROD-01196,Oral-B iO Series 9,Personal Care,Healthcare,285.71,,125,0,0,
2d3179f8-557c-44b2-8baf-c401ec88645e,EVT-002154,USER-00001,view,2026-01-01T22:43:20,SES-f7c49cb4,desktop,Safari,direct,PROD-00512,Dom Pérignon Rosé 2009,Champagne,Wine,415.51,,398,0,0,
baeea9ae-e11d-4546-95e5-18c2de1db8bd,EVT-002155,USER-00023,search,2025-11-15T21:27:04,SES-ec2a73fb,desktop,Chrome,social,,,,,0.0,gaming laptop,0,0,0,
c68bcbd6-d63e-4f0b-967d-2bb9357ee12c,EVT-002156,USER-00155,search,2025-10-24T01:42:54,SES-74921ac9,mobile,Firefox,social,,,,,0.0,wireless headphones,0,0,0,
cf842bf9-bcb3-47f3-9cae-e36d4c1024c8,EVT-002157,USER-00218,click,2025-10-26T05:59:24,SES-41ed8387,desktop,Safari,email,PROD-00003,Penfolds Grange,Red Wine,Wine,390.13,,276,0,0,
a42977e2-32d2-4cc1-9f15-43c7cbccfc80,EVT-002158,USER-00107,search,2026-01-12T20:02:42,SES-81df7f4e,desktop,Firefox,organic,,,,,0.0,home office chair,0,0,0,
90e7576b-8cd8-485b-abf0-b942dc803c85,EVT-002159,USER-00147,add_to_cart,2025-10-24T16:35:56,SES-8c5843e6,mobile,Chrome,email,PROD-01416,REI Flash 55 Pack,Outdoor Gear,Sports,517.67,,0,1,0,
c8d7a595-ca46-4ee9-a710-218dd811a2a2,EVT-002160,USER-00048,wishlist,2026-01-04T01:29:26,SES-ce7000a2,tablet,Safari,organic,PROD-01844,Samsung Galaxy Watch 6,Smartwatches,Electronics,790.52,,0,0,0,
69043740-7e30-451b-aa22-42087a96fef4,EVT-002161,USER-00154,search,2025-12-12T20:53:32,SES-06b6a453,tablet,Chrome,organic,,,,,0.0,red wine gift,0,0,0,
e0351212-0077-4da8-bcfe-001f2946121a,EVT-002162,USER-00144,view,2025-11-01T16:49:12,SES-e7f2b2f2,tablet,Edge,direct,PROD-01196,Oral-B iO Series 9,Personal Care,Healthcare,285.71,,125,0,0,
2e4f76d3-77f6-4ff7-96e4-80f3e41d4081,EVT-002163,USER-00001,view,2025-12-10T10:30:27,SES-15886ba6,desktop,Safari,direct,PROD-00512,Dom Pérignon Rosé 2009,Champagne,Wine,415.51,,398,0,0,
b32fbd41-2123-4a6f-950a-21d18d591fd4,EVT-002164,USER-00023,search,2025-11-30T09:11:26,SES-9ca6d2c3,desktop,Chrome,social,,,,,0.0,gaming laptop,0,0,0,
75464cd0-9903-4a0a-8a0f-436f918e6ffa,EVT-002165,USER-00155,search,2026-01-07T13:53:36,SES-6fde9784,mobile,Firefox,social,,,,,0.0,wireless headphones,0,0,0,
8a4a9da8-6ad7-4c61-9849-8ae22419dfac,EVT-002166,USER-00218,click,2025-12-08T19:49:41,SES-19296518,desktop,Safari,email,PROD-00003,Penfolds Grange,Red Wine,Wine,390.13,,276,0,0,
6c101bc9-9c40-4bdd-a197-f5011e5c84ce,EVT-002167,USER-00107,search,2025-10-26T20:27:39,SES-41bf30f9,desktop,Firefox,organic,,,,,0.0,home office chair,0,0,0,
4282eab0-77f2-4d25-9d5b-b4147d2e9ca6,EVT-002168,USER-00147,add_to_cart,2025-11-06T23:38:20,SES-6c97f7c2,mobile,Chrome,email,PROD-01416,REI Flash 55 Pack,Outdoor Gear,Sports,517.67,,0,1,0,
314605a8-452b-4a15-b815-83d1887e3a02,EVT-002169,USER-00048,wishlist,2025-11-19T05:34:34,SES-57ec8d60,tablet,Safari,organic,PROD-01844,Samsung Galaxy Watch 6,Smartwatches,Electronics,790.52,,0,0,0,
58935eb1-61bf-49fe-ac5b-7d0933294909,EVT-002170,USER-00154,search,2025-11-21T00:23:49,SES-30d66d23,tablet,Chrome,organic,,,,,0.0,red wine gift,0,0,0,
0b368003-8967-4fea-99a9-2f7560d065a9,EVT-002171,USER-00144,view,2025-10-25T02:25:22,SES-6bab7de4,tablet,Edge,direct,PROD-01196,Oral-B iO Series 9,Personal Care,Healthcare,285.71,,125,0,0,
23d8b4eb-7bb1-44ac-ab9b-ae9e2bfab301,EVT-002172,USER-00001,view,2025-11-14T01:52:49,SES-b1ca7e65,desktop,Safari,direct,PROD-00512,Dom Pérignon Rosé 2009,Champagne,Wine,415.51,,398,0,0,
a34f9b0b-c109-4fe1-b4fd-0839b8d647de,EVT-002173,USER-00023,search,2025-12-23T01:33:37,SES-c0505e7b,desktop,Chrome,social,,,,,0.0,gaming laptop,0,0,0,
c21c7ad4-4fce-48fb-89b8-456742bc2f89,EVT-002174,USER-00155,search,2026-01-05T17:46:44,SES-452a52c0,mobile,Firefox,social,,,,,0.0,wireless headphones,0,0,0,
d2fc572f-e91c-45f3-b547-abc45711866b,EVT-002175,USER-00218,click,2025-12-28T13:14:55,SES-eeaac650,desktop,Safari,email,PROD-00003,Penfolds Grange,Red Wine,Wine,390.13,,276,0,0,
1dc5fe2d-780f-4f88-8108-5dced2465bab,EVT-002176,USER-00107,search,2025-11-15T18:12:02,SES-47894696,desktop,Firefox,organic,,,,,0.0,home office chair,0,0,0,
14c4da7c-e45c-4271-89f6-e68fc8183e3c,EVT-002177,USER-00147,add_to_cart,2025-10-26T00:38:16,SES-40458cc7,mobile,Chrome,email,PROD-01416,REI Flash 55 Pack,Outdoor Gear,Sports,517.67,,0,1,0,
7a301e6f-2dee-4a29-93a9-c49fb1ede5e0,EVT-002178,USER-00048,wishlist,2025-11-18T04:48:11,SES-742783f8,tablet,Safari,organic,PROD-01844,Samsung Galaxy Watch 6,Smartwatches,Electronics,790.52,,0,0,0,
0f7b7c56-279a-46f1-a0ba-6dcbed37c5c1,EVT-002179,USER-00154,search,2026-01-03T13:21:32,SES-d09ea423,tablet,Chrome,organic,,,,,0.0,red wine gift,0,0,0,
787b5154-374e-4dc9-9b2d-e7735ff14360,EVT-002180,USER-00144,view,2025-11-03T18:02:17,SES-4ea79df6,tablet,Edge,direct,PROD-01196,Oral-B iO Series 9,Personal Care,Healthcare,285.71,,125,0,0,
a343bff5-04c6-43fa-9869-856ecc8cdab4,EVT-002181,USER-00001,view,2026-01-09T16:20:49,SES-8fc5ca46,desktop,Safari,direct,PROD-00512,Dom Pérignon Rosé 2009,Champagne,Wine,415.51,,398,0,0,
8e1be8ed-accc-40a0-91dd-611cc2dcbea4,EVT-002182,USER-00023,search,2026-01-06T20:54:24,SES-d7a68062,desktop,Chrome,social,,,,,0.0,gaming laptop,0,0,0,
2861833c-a025-49d4-ab59-2d1efb925550,EVT-002183,USER-00155,search,2025-11-28T10:23:58,SES-e99bc806,mobile,Firefox,social,,,,,0.0,wireless headphones,0,0,0,
89f29e7b-475c-40f1-8303-30f6f1c9439f,EVT-002184,USER-00218,click,2025-12-25T08:49:59,SES-c7c01c5e,desktop,Safari,email,PROD-00003,Penfolds Grange,Red Wine,Wine,390.13,,276,0,0,
a457a3da-c62d-4c24-b977-6693e6403fa0,EVT-002185,USER-00107,search,2025-11-30T15:44:48,SES-1faf3df2,desktop,Firefox,organic,,,,,0.0,home office chair,0,0,0,
0fac46a0-00d3-4f9f-8bb8-61969d0bf04d,EVT-002186,USER-00147,add_to_cart,2025-11-04T11:37:54,SES-3fbc8656,mobile,Chrome,email,PROD-01416,REI Flash 55 Pack,Outdoor Gear,Sports,517.67,,0,1,0,
3ba52f13-cc29-4bfc-9778-d22d0d0e8195,EVT-002187,USER-00048,wishlist,2026-01-10T04:41:49,SES-e252f450,tablet,Safari,organic,PROD-01844,Samsung Galaxy Watch 6,Smartwatches,Electronics,790.52,,0,0,0,
765d2f36-54e7-457b-b618-687455d5e124,EVT-002188,USER-00154,search,2026-01-02T15:28:46,SES-0780df0f,tablet,Chrome,organic,,,,,0.0,red wine gift,0,0,0,
f78665d0-13e9-4914-a0c6-c7e112b01558,EVT-002189,USER-00144,view,2026-01-15T20:36:21,SES-c5510040,tablet,Edge,direct,PROD-01196,Oral-B iO Series 9,Personal Care,Healthcare,285.71,,125,0,0,
591a0691-5713-4971-a033-7222f8a9bb6a,EVT-002190,USER-00001,view,2025-11-17T23:04:18,SES-f4f7ce81,desktop,Safari,direct,PROD-00512,Dom Pérignon Rosé 2009,Champagne,Wine,415.51,,398,0,0,
448a1404-7203-4703-a74f-403697c1e65d,EVT-002191,USER-00023,search,2026-01-14T10:29:49,SES-85e01c9d,desktop,Chrome,social,,,,,0.0,gaming laptop,0,0,0,
abfd5f6f-29f8-4331-b6df-7c85243e82b1,EVT-002192,USER-00155,search,2025-10-30T23:47:58,SES-33f0f3b4,mobile,Firefox,social,,,,,0.0,wireless headphones,0,0,0,
a73d5800-5fc2-4c16-bd6e-5efad4d84686,EVT-002193,USER-00218,click,2025-10-30T04:15:01,SES-2d44d199,desktop,Safari,email,PROD-00003,Penfolds Grange,Red Wine,Wine,390.13,,276,0,0,
d1dbfc3d-e7a4-4517-bc99-d67fed6266ee,EVT-002194,USER-00107,search,2025-10-29T22:06:22,SES-52e058ad,desktop,Firefox,organic,,,,,0.0,home office chair,0,0,0,
7f2e853c-e448-4fef-909f-b1615c330f11,EVT-002195,USER-00147,add_to_cart,2025-12-10T17:31:19,SES-a5cf2f89,mobile,Chrome,email,PROD-01416,REI Flash 55 Pack,Outdoor Gear,Sports,517.67,,0,1,0,
5867c9ce-9496-41f5-8407-da57dc6876ae,EVT-002196,USER-00048,wishlist,2025-12-31T20:34:27,SES-3c6abdba,tablet,Safari,organic,PROD-01844,Samsung Galaxy Watch 6,Smartwatches,Electronics,790.52,,0,0,0,
6af20c93-7ed6-430c-aeb4-2752b1d5cba9,EVT-002197,USER-00154,search,2025-12-30T01:10:41,SES-9730f2f5,tablet,Chrome,organic,,,,,0.0,red wine gift,0,0,0,
d945f17b-c0e3-43de-9524-d86863d880d7,EVT-002198,USER-00144,view,2026-01-04T18:25:03,SES-ec32c84b,tablet,Edge,direct,PROD-01196,Oral-B iO Series 9,Personal Care,Healthcare,285.71,,125,0,0,
05bb43c8-832a-449c-8ddc-24557dff8374,EVT-002199,USER-00001,view,2026-01-01T21:06:05,SES-339a62d5,desktop,Safari,direct,PROD-00512,Dom Pérignon Rosé 2009,Champagne,Wine,415.51,,398,0,0,
bd374be3-8b92-485b-bbce-95f5b6401160,EVT-002200,USER-00023,search,2025-12-02T01:50:06,SES-1ef063ea,desktop,Chrome,social,,,,,0.0,gaming laptop,0,0,0,
5c8c5d22-04e1-49a9-918f-1b43b21cdcb7,EVT-002201,USER-00155,search,2025-10-24T16:53:31,SES-709e5643,mobile,Firefox,social,,,,,0.0,wireless headphones,0,0,0,
20b35920-dac8-4fa9-a8bb-1fae649a8ade,EVT-002202,USER-00218,click,2025-10-24T04:16:49,SES-2e1ee1fb,desktop,Safari,email,PROD-00003,Penfolds Grange,Red Wine,Wine,390.13,,276,0,0,
8837fe7f-224c-43c1-a354-a87b628ef448,EVT-002203,USER-00107,search,2026-01-02T20:26:02,SES-abe2da4a,desktop,Firefox,organic,,,,,0.0,home office chair,0,0,0,
8d98215d-39ef-492d-bbad-4bc78bf948d6,EVT-002204,USER-00147,add_to_cart,2026-01-11T08:33:20,SES-84f32dd3,mobile,Chrome,email,PROD-01416,REI Flash 55 Pack,Outdoor Gear,Sports,517.67,,0,1,0,
ed0d36b1-ef37-4801-b8fb-084567e6e4c9,EVT-002205,USER-00048,wishlist,2025-12-14T08:10:37,SES-2308fd7d,tablet,Safari,organic,PROD-01844,Samsung Galaxy Watch 6,Smartwatches,Electronics,790.52,,0,0,0,
d838c03b-fea0-4438-97f2-c08946558333,EVT-002206,USER-00154,search,2025-12-20T11:22:58,SES-da0ddfeb,tablet,Chrome,organic,,,,,0.0,red wine gift,0,0,0,
065c3256-6b64-4998-983f-cbcea93eedca,EVT-002207,USER-00144,view,2026-01-19T23:17:43,SES-df958d6a,tablet,Edge,direct,PROD-01196,Oral-B iO Series 9,Personal Care,Healthcare,285.71,,125,0,0,
485c8f99-3e6f-463a-b0a2-2b6a15740d98,EVT-002208,USER-00001,view,2025-11-06T11:45:35,SES-4fef8f9a,desktop,Safari,direct,PROD-00512,Dom Pérignon Rosé 2009,Champagne,Wine,415.51,,398,0,0,
aa10f886-4786-4ec0-963c-d8a06604a66e,EVT-002209,USER-00023,search,2025-11-01T00:35:33,SES-e235939e,desktop,Chrome,social,,,,,0.0,gaming laptop,0,0,0,
82979d8c-d50c-4865-8ae3-ee68a3b0d057,EVT-002210,USER-00155,search,2026-01-02T04:38:19,SES-9f940906,mobile,Firefox,social,,,,,0.0,wireless headphones,0,0,0,
ee2730f1-3b0f-456e-8024-c99fb546a685,EVT-002211,USER-00218,click,2025-12-18T20:31:29,SES-49766708,desktop,Safari,email,PROD-00003,Penfolds Grange,Red Wine,Wine,390.13,,276,0,0,
bb10bae2-7338-4b8f-af73-5026e3d07410,EVT-002212,USER-00107,search,2026-01-07T16:52:04,SES-8a3e28bd,desktop,Firefox,organic,,,,,0.0,home office chair,0,0,0,
1b019fc2-0dde-411d-ad1e-4881809c7ed3,EVT-002213,USER-00147,add_to_cart,2025-11-29T17:18:51,SES-ffb390d4,mobile,Chrome,email,PROD-01416,REI Flash 55 Pack,Outdoor Gear,Sports,517.67,,0,1,0,
fe13c514-5a7f-4d7b-8d27-c10d6ba45760,EVT-002214,USER-00048,wishlist,2025-11-10T14:38:38,SES-ff685e75,tablet,Safari,organic,PROD-01844,Samsung Galaxy Watch 6,Smartwatches,Electronics,790.52,,0,0,0,
87c5f997-dec5-4157-8ca4-b88edc643de9,EVT-002215,USER-00154,search,2026-01-11T11:23:56,SES-251531ac,tablet,Chrome,organic,,,,,0.0,red wine gift,0,0,0,
6aee43ab-0cb7-476c-82fd-aaee4f557117,EVT-002216,USER-00144,view,2025-12-20T13:17:35,SES-b14eb9f8,tablet,Edge,direct,PROD-01196,Oral-B iO Series 9,Personal Care,Healthcare,285.71,,125,0,0,
5515dada-61a0-4a82-ace8-228398427e0a,EVT-002217,USER-00001,view,2026-01-14T04:15:02,SES-18a91dc1,desktop,Safari,direct,PROD-00512,Dom Pérignon Rosé 2009,Champagne,Wine,415.51,,398,0,0,
dfaecd5d-86c7-4f5b-9dba-2ad8c466b3ca,EVT-002218,USER-00023,search,2025-11-22T01:23:03,SES-497d10b2,desktop,Chrome,social,,,,,0.0,gaming laptop,0,0,0,
253137d3-82a0-4542-8c7f-037e02943365,EVT-002219,USER-00155,search,2026-01-06T22:34:48,SES-e16b28b3,mobile,Firefox,social,,,,,0.0,wireless headphones,0,0,0,
612bc868-773c-4203-a93c-54bb8d4b4e7f,EVT-002220,USER-00218,click,2025-11-23T04:16:02,SES-8e5846fc,desktop,Safari,email,PROD-00003,Penfolds Grange,Red Wine,Wine,390.13,,276,0,0,
7c7cd4e5-5f19-41ad-a810-0d08096b5c0f,EVT-002221,USER-00107,search,2025-12-03T00:36:25,SES-1962d802,desktop,Firefox,organic,,,,,0.0,home office chair,0,0,0,
62620e3f-958f-4f62-914e-28967e966c45,EVT-002222,USER-00147,add_to_cart,2025-12-11T11:48:16,SES-ce2631e5,mobile,Chrome,email,PROD-01416,REI Flash 55 Pack,Outdoor Gear,Sports,517.67,,0,1,0,
2e6d720b-fbc6-4c70-ad6d-75cdb6ac8afd,EVT-002223,USER-00048,wishlist,2026-01-02T22:22:16,SES-085f7358,tablet,Safari,organic,PROD-01844,Samsung Galaxy Watch 6,Smartwatches,Electronics,790.52,,0,0,0,
43f1bcc1-3b36-4841-9ad2-ada1366f9194,EVT-002224,USER-00154,search,2025-10-25T00:31:47,SES-beea77b9,tablet,Chrome,organic,,,,,0.0,red wine gift,0,0,0,
3c78512d-2718-4b0a-8922-3ac89d6040a0,EVT-002225,USER-00144,view,2025-11-21T01:59:57,SES-3e2fc3b6,tablet,Edge,direct,PROD-01196,Oral-B iO Series 9,Personal Care,Healthcare,285.71,,125,0,0,
ec33e9c4-4e02-4563-948c-5be77d8d0578,EVT-002226,USER-00001,view,2025-11-18T08:30:41,SES-c605932d,desktop,Safari,direct,PROD-00512,Dom Pérignon Rosé 2009,Champagne,Wine,415.51,,398,0,0,
c2f67679-079b-468f-a08f-cd4f8cb1545d,EVT-002227,USER-00023,search,2025-12-06T07:15:25,SES-3348275a,desktop,Chrome,social,,,,,0.0,gaming laptop,0,0,0,
7f54ab71-3ddd-43c1-9886-b285253f2fd4,EVT-002228,USER-00155,search,2025-11-11T10:10:37,SES-faa34fda,mobile,Firefox,social,,,,,0.0,wireless headphones,0,0,0,
605e39b0-a319-4d6d-994f-479128e94aab,EVT-002229,USER-00218,click,2025-11-01T10:11:55,SES-e35566f4,desktop,Safari,email,PROD-00003,Penfolds Grange,Red Wine,Wine,390.13,,276,0,0,
d63aabfa-01c5-490e-8e0f-d962712bbe77,EVT-002230,USER-00107,search,2025-11-17T09:43:23,SES-2c37d761,desktop,Firefox,organic,,,,,0.0,home office chair,0,0,0,
2a4b2786-a04b-44c5-bc7e-be6bab32b739,EVT-002231,USER-00147,add_to_cart,2025-12-25T10:38:18,SES-e64165ea,mobile,Chrome,email,PROD-01416,REI Flash 55 Pack,Outdoor Gear,Sports,517.67,,0,1,0,
f6556209-4939-41b5-9b3c-f8bbb6500162,EVT-002232,USER-00048,wishlist,2025-12-17T16:34:31,SES-eaaf5bbd,tablet,Safari,organic,PROD-01844,Samsung Galaxy Watch 6,Smartwatches,Electronics,790.52,,0,0,0,
cbe344a0-60e4-406e-b916-74b9cc147bb5,EVT-002233,USER-00154,search,2025-12-07T12:22:18,SES-2caad462,tablet,Chrome,organic,,,,,0.0,red wine gift,0,0,0,
e3c37d12-9a1a-497d-b4a2-43aee8a7dce3,EVT-002234,USER-00144,view,2025-11-28T07:25:34,SES-08081405,tablet,Edge,direct,PROD-01196,Oral-B iO Series 9,Personal Care,Healthcare,285.71,,125,0,0,
948a4856-cd9d-40cc-9f95-df0cc4bb1fba,EVT-002235,USER-00001,view,2025-11-20T00:33:52,SES-49dc7dd1,desktop,Safari,direct,PROD-00512,Dom Pérignon Rosé 2009,Champagne,Wine,415.51,,398,0,0,
84952def-66bd-45ed-88c0-0e401fcbcbc3,EVT-002236,USER-00023,search,2025-12-03T10:49:03,SES-e91105f4,desktop,Chrome,social,,,,,0.0,gaming laptop,0,0,0,
e773b306-dd96-4a20-b40b-32d925fed2eb,EVT-002237,USER-00155,search,2025-10-31T18:46:49,SES-34ed8da5,mobile,Firefox,social,,,,,0.0,wireless headphones,0,0,0,
2f5d5973-f0a6-414a-84f7-849803fb2aeb,EVT-002238,USER-00218,click,2025-11-13T07:48:58,SES-18bd667b,desktop,Safari,email,PROD-00003,Penfolds Grange,Red Wine,Wine,390.13,,276,0,0,
6d349849-3607-416d-bbff-6f666a5738ee,EVT-002239,USER-00107,search,2025-12-01T04:44:55,SES-5a46568a,desktop,Firefox,organic,,,,,0.0,home office chair,0,0,0,
cf1c598e-7ea0-41f1-a42b-1e2e29bd3ecd,EVT-002240,USER-00147,add_to_cart,2025-12-16T05:08:43,SES-002f6047,mobile,Chrome,email,PROD-01416,REI Flash 55 Pack,Outdoor Gear,Sports,517.67,,0,1,0,
5fc8948a-04e1-497d-93ac-c37bc2c3d8e4,EVT-002241,USER-00048,wishlist,2025-11-18T19:00:59,SES-e0c4975a,tablet,Safari,organic,PROD-01844,Samsung Galaxy Watch 6,Smartwatches,Electronics,790.52,,0,0,0,
c8c0866d-32e4-4d59-a438-e19d81931117,EVT-002242,USER-00154,search,2025-12-08T16:12:55,SES-53509b1f,tablet,Chrome,organic,,,,,0.0,red wine gift,0,0,0,
29d98cc5-27b1-4fc9-88fb-b549b902f2d3,EVT-002243,USER-00144,view,2025-11-19T08:40:58,SES-b6549578,tablet,Edge,direct,PROD-01196,Oral-B iO Series 9,Personal Care,Healthcare,285.71,,125,0,0,
4ad9da4b-c42d-4946-8fe0-b64a15b07839,EVT-002244,USER-00001,view,2026-01-18T20:56:38,SES-2fd5dc20,desktop,Safari,direct,PROD-00512,Dom Pérignon Rosé 2009,Champagne,Wine,415.51,,398,0,0,
12e81e20-0620-49c3-a592-42001a0e4bf5,EVT-002245,USER-00023,search,2025-12-29T23:45:26,SES-56a834bc,desktop,Chrome,social,,,,,0.0,gaming laptop,0,0,0,
69e5fe6e-d9e1-4164-833b-1b56e55ffa9d,EVT-002246,USER-00155,search,2025-12-13T12:23:04,SES-92d0de96,mobile,Firefox,social,,,,,0.0,wireless headphones,0,0,0,
cb80427a-617f-48e3-8689-0e060391aacd,EVT-002247,USER-00218,click,2025-12-10T22:22:40,SES-48214062,desktop,Safari,email,PROD-00003,Penfolds Grange,Red Wine,Wine,390.13,,276,0,0,
948ad850-8ce4-47e9-8f32-ea30f0000a48,EVT-002248,USER-00107,search,2025-11-15T11:55:17,SES-5602b799,desktop,Firefox,organic,,,,,0.0,home office chair,0,0,0,
0955d118-ed3e-461a-ad7a-7321ea9a299f,EVT-002249,USER-00147,add_to_cart,2025-11-28T21:00:19,SES-16b72454,mobile,Chrome,email,PROD-01416,REI Flash 55 Pack,Outdoor Gear,Sports,517.67,,0,1,0,
4633b79a-be6a-4b82-8eb5-045dea3fcc37,EVT-002250,USER-00048,wishlist,2025-10-24T10:02:15,SES-5a83292b,tablet,Safari,organic,PROD-01844,Samsung Galaxy Watch 6,Smartwatches,Electronics,790.52,,0,0,0,
51035919-1d95-461e-a09f-af59b536ba28,EVT-002251,USER-00154,search,2025-12-10T00:06:16,SES-e6012ec6,tablet,Chrome,organic,,,,,0.0,red wine gift,0,0,0,
c6791a4e-9460-46a4-a30f-1ebc16a959c9,EVT-002252,USER-00144,view,2026-01-01T09:15:40,SES-80b45616,tablet,Edge,direct,PROD-01196,Oral-B iO Series 9,Personal Care,Healthcare,285.71,,125,0,0,
1958693a-8772-4c92-b283-d773fcdccbdd,EVT-002253,USER-00001,view,2025-11-29T23:11:21,SES-9145e855,desktop,Safari,direct,PROD-00512,Dom Pérignon Rosé 2009,Champagne,Wine,415.51,,398,0,0,
14ea3ead-9d73-43e3-b30c-efb9149c6fd5,EVT-002254,USER-00023,search,2025-11-27T22:28:16,SES-81f3d35e,desktop,Chrome,social,,,,,0.0,gaming laptop,0,0,0,
2b58f47d-1e83-4d11-88fd-2683e163c1df,EVT-002255,USER-00155,search,2026-01-04T19:09:00,SES-8873fe5e,mobile,Firefox,social,,,,,0.0,wireless headphones,0,0,0,
6c2f7aa7-ceb9-44cf-8649-db2e97053c4e,EVT-002256,USER-00218,click,2025-12-14T19:33:23,SES-91ee64f0,desktop,Safari,email,PROD-00003,Penfolds Grange,Red Wine,Wine,390.13,,276,0,0,
490a48e5-6be2-4e8b-9569-ffac87f199d1,EVT-002257,USER-00107,search,2025-12-31T03:01:06,SES-690a9d82,desktop,Firefox,organic,,,,,0.0,home office chair,0,0,0,
a527615d-0ee7-4192-895e-0efc3c8fd083,EVT-002258,USER-00147,add_to_cart,2025-11-02T06:17:48,SES-87637169,mobile,Chrome,email,PROD-01416,REI Flash 55 Pack,Outdoor Gear,Sports,517.67,,0,1,0,
26db0da1-e445-4de2-9929-68ad8c533739,EVT-002259,USER-00048,wishlist,2025-12-05T15:47:44,SES-5f7a295e,tablet,Safari,organic,PROD-01844,Samsung Galaxy Watch 6,Smartwatches,Electronics,790.52,,0,0,0,
bcd13644-cfa5-483d-a07d-0abbb08e5c72,EVT-002260,USER-00154,search,2025-11-13T12:01:44,SES-66c93037,tablet,Chrome,organic,,,,,0.0,red wine gift,0,0,0,
6753b89d-90b1-4c7d-9738-7fbe1f4049d9,EVT-002261,USER-00144,view,2025-12-17T20:29:10,SES-b187ac92,tablet,Edge,direct,PROD-01196,Oral-B iO Series 9,Personal Care,Healthcare,285.71,,125,0,0,
a5958f01-6253-430a-9f8e-a0d939d7facf,EVT-002262,USER-00001,view,2025-10-25T03:55:54,SES-f940388b,desktop,Safari,direct,PROD-00512,Dom Pérignon Rosé 2009,Champagne,Wine,415.51,,398,0,0,
a66ce90e-ac0a-4562-bd6a-bc79a6a94dba,EVT-002263,USER-00023,search,2025-11-30T07:49:07,SES-f3de7d93,desktop,Chrome,social,,,,,0.0,gaming laptop,0,0,0,
ba9e5e46-90ed-443e-ae6b-f78fc43ff837,EVT-002264,USER-00155,search,2026-01-05T14:58:09,SES-c070404d,mobile,Firefox,social,,,,,0.0,wireless headphones,0,0,0,
4db4af02-4990-4672-8c55-aba5dbb1e242,EVT-002265,USER-00218,click,2025-11-14T06:47:52,SES-a3b2a9ab,desktop,Safari,email,PROD-00003,Penfolds Grange,Red Wine,Wine,390.13,,276,0,0,
d7f665eb-33d5-4889-9d06-2c4d3dc57c96,EVT-002266,USER-00107,search,2025-12-05T03:42:49,SES-e09fa41a,desktop,Firefox,organic,,,,,0.0,home office chair,0,0,0,
b4cd1e65-60b7-4e29-8dfa-43d27891c9a6,EVT-002267,USER-00147,add_to_cart,2025-11-27T15:40:34,SES-202671e4,mobile,Chrome,email,PROD-01416,REI Flash 55 Pack,Outdoor Gear,Sports,517.67,,0,1,0,
ed9c1659-c8b6-4fee-852c-d7c2182ad10a,EVT-002268,USER-00048,wishlist,2025-12-08T00:58:07,SES-3dcd9202,tablet,Safari,organic,PROD-01844,Samsung Galaxy Watch 6,Smartwatches,Electronics,790.52,,0,0,0,
d305a148-c6a7-4936-a796-64c8fd5353fa,EVT-002269,USER-00154,search,2025-12-16T10:10:18,SES-b7f9dd94,tablet,Chrome,organic,,,,,0.0,red wine gift,0,0,0,
f0b305d0-5b82-4f65-92ab-274665ed69d0,EVT-002270,USER-00144,view,2025-11-02T07:47:51,SES-37311a1b,tablet,Edge,direct,PROD-01196,Oral-B iO Series 9,Personal Care,Healthcare,285.71,,125,0,0,
c9f03288-cfbf-45a3-9f73-4534c95c2fb7,EVT-002271,USER-00001,view,2025-12-24T03:48:18,SES-512cfbd2,desktop,Safari,direct,PROD-00512,Dom Pérignon Rosé 2009,Champagne,Wine,415.51,,398,0,0,
1a46769b-afe6-48d6-a557-1625762ec34f,EVT-002272,USER-00023,search,2025-11-21T21:42:10,SES-c24247b0,desktop,Chrome,social,,,,,0.0,gaming laptop,0,0,0,
9b6718f9-f73f-4f77-b17d-9d0c2296e245,EVT-002273,USER-00155,search,2025-11-24T00:33:36,SES-6a84dbe6,mobile,Firefox,social,,,,,0.0,wireless headphones,0,0,0,
7ed23426-ae20-4f1b-a237-d22de29b8bff,EVT-002274,USER-00218,click,2025-11-05T16:56:26,SES-fdd73e4f,desktop,Safari,email,PROD-00003,Penfolds Grange,Red Wine,Wine,390.13,,276,0,0,
d62598de-7943-42a3-9331-704ed83c4f33,EVT-002275,USER-00107,search,2026-01-09T08:37:20,SES-72c2d0b4,desktop,Firefox,organic,,,,,0.0,home office chair,0,0,0,
36c4afde-05e6-4dff-b943-6fa644541f55,EVT-002276,USER-00147,add_to_cart,2025-12-22T21:44:06,SES-6e80ae60,mobile,Chrome,email,PROD-01416,REI Flash 55 Pack,Outdoor Gear,Sports,517.67,,0,1,0,
89cd4eb9-477c-47a4-96ab-44678ef2737a,EVT-002277,USER-00048,wishlist,2025-10-30T20:48:43,SES-6394ecdd,tablet,Safari,organic,PROD-01844,Samsung Galaxy Watch 6,Smartwatches,Electronics,790.52,,0,0,0,
d3a30d26-f6fc-487a-9c52-ad4219b14dba,EVT-002278,USER-00154,search,2025-11-01T00:12:07,SES-09997ffd,tablet,Chrome,organic,,,,,0.0,red wine gift,0,0,0,
87eb3555-03fd-43d1-99c3-12043715c930,EVT-002279,USER-00144,view,2025-12-16T04:53:13,SES-ca0af94f,tablet,Edge,direct,PROD-01196,Oral-B iO Series 9,Personal Care,Healthcare,285.71,,125,0,0,
aec8c20e-f2ed-4c1d-83a3-f9da08f37fbb,EVT-002280,USER-00001,view,2025-11-08T04:19:25,SES-172794ff,desktop,Safari,direct,PROD-00512,Dom Pérignon Rosé 2009,Champagne,Wine,415.51,,398,0,0,
764421bb-c9ed-43aa-a368-f1e8365f0da2,EVT-002281,USER-00023,search,2025-11-11T21:51:47,SES-2f71bcd4,desktop,Chrome,social,,,,,0.0,gaming laptop,0,0,0,
9ed5cb61-c634-4125-88a6-f3675f7a4f9d,EVT-002282,USER-00155,search,2026-01-14T17:07:26,SES-657b755c,mobile,Firefox,social,,,,,0.0,wireless headphones,0,0,0,
6c0af928-8f7b-40bb-aedb-25892cbb230a,EVT-002283,USER-00218,click,2025-12-09T07:16:22,SES-e82ec61c,desktop,Safari,email,PROD-00003,Penfolds Grange,Red Wine,Wine,390.13,,276,0,0,
635775ee-f74d-4369-bec9-b2183767513a,EVT-002284,USER-00107,search,2025-12-19T08:40:25,SES-de548a93,desktop,Firefox,organic,,,,,0.0,home office chair,0,0,0,
bb8b1d31-b477-4e43-98ca-0182be4183c1,EVT-002285,USER-00147,add_to_cart,2025-11-16T00:23:58,SES-32b9c22f,mobile,Chrome,email,PROD-01416,REI Flash 55 Pack,Outdoor Gear,Sports,517.67,,0,1,0,
23ea4fb5-383f-4cc6-bea9-c03b8c6e5d8d,EVT-002286,USER-00048,wishlist,2025-10-30T21:24:16,SES-6bd55f17,tablet,Safari,organic,PROD-01844,Samsung Galaxy Watch 6,Smartwatches,Electronics,790.52,,0,0,0,
ec8f8ad3-b9f1-4f7e-9793-8e4b3458011b,EVT-002287,USER-00154,search,2025-11-05T11:15:12,SES-b75b2879,tablet,Chrome,organic,,,,,0.0,red wine gift,0,0,0,
330fb504-33e0-4a56-ad60-05ade0f97eb1,EVT-002288,USER-00144,view,2025-11-30T21:26:31,SES-3929a6ff,tablet,Edge,direct,PROD-01196,Oral-B iO Series 9,Personal Care,Healthcare,285.71,,125,0,0,
eca0a851-635a-46c4-815e-d305ffb83f63,EVT-002289,USER-00001,view,2025-12-21T14:27:06,SES-eca4a0eb,desktop,Safari,direct,PROD-00512,Dom Pérignon Rosé 2009,Champagne,Wine,415.51,,398,0,0,
4b783236-c4ab-4e17-a90f-1c8088445f78,EVT-002290,USER-00023,search,2026-01-12T02:46:30,SES-ab0536a2,desktop,Chrome,social,,,,,0.0,gaming laptop,0,0,0,
5a325853-bf64-4374-b7f0-89b81545bfcd,EVT-002291,USER-00155,search,2025-12-07T17:17:54,SES-3663dd24,mobile,Firefox,social,,,,,0.0,wireless headphones,0,0,0,
46b7c556-2815-4b8c-8bb8-31eb27ced762,EVT-002292,USER-00218,click,2025-12-12T13:33:10,SES-33157f06,desktop,Safari,email,PROD-00003,Penfolds Grange,Red Wine,Wine,390.13,,276,0,0,
512f2571-0b5e-414f-b74c-c75a9e43e469,EVT-002293,USER-00107,search,2025-12-31T22:43:01,SES-2475140b,desktop,Firefox,organic,,,,,0.0,home office chair,0,0,0,
44a8535b-ff6e-4dda-9e9f-b9c144d854f5,EVT-002294,USER-00147,add_to_cart,2026-01-12T06:27:20,SES-be2f89a1,mobile,Chrome,email,PROD-01416,REI Flash 55 Pack,Outdoor Gear,Sports,517.67,,0,1,0,
acab1f18-dd33-431a-8463-5338c7638f30,EVT-002295,USER-00048,wishlist,2025-12-16T18:17:40,SES-ec599d54,tablet,Safari,organic,PROD-01844,Samsung Galaxy Watch 6,Smartwatches,Electronics,790.52,,0,0,0,
f39c96f3-737a-46e6-98f7-b35879c477de,EVT-002296,USER-00154,search,2026-01-04T14:12:46,SES-88c98f06,tablet,Chrome,organic,,,,,0.0,red wine gift,0,0,0,
84730a3d-d6cb-4a9e-993f-8586ba904219,EVT-002297,USER-00144,view,2025-11-14T07:31:48,SES-ad1e9cfb,tablet,Edge,direct,PROD-01196,Oral-B iO Series 9,Personal Care,Healthcare,285.71,,125,0,0,
8d274d62-6919-4b29-8238-0ce05e2e045b,EVT-002298,USER-00001,view,2025-10-28T11:15:11,SES-4fa5167e,desktop,Safari,direct,PROD-00512,Dom Pérignon Rosé 2009,Champagne,Wine,415.51,,398,0,0,
27824e82-f6d5-4fe8-b0a3-2ef642c28d72,EVT-002299,USER-00023,search,2026-01-05T06:07:14,SES-1e5eae8c,desktop,Chrome,social,,,,,0.0,gaming laptop,0,0,0,
ae4dd6cd-4f9f-4315-b4be-3f2cf57f0bd4,EVT-002300,USER-00155,search,2025-12-09T15:40:34,SES-760f8523,mobile,Firefox,social,,,,,0.0,wireless headphones,0,0,0,
439160b8-6f3b-4133-84a3-9049ba83a02f,EVT-002301,USER-00218,click,2025-11-16T05:11:15,SES-a26c4e22,desktop,Safari,email,PROD-00003,Penfolds Grange,Red Wine,Wine,390.13,,276,0,0,
c7efa660-1e65-43c9-85e9-601beccdec3d,EVT-002302,USER-00107,search,2025-12-01T17:37:46,SES-e7db75e2,desktop,Firefox,organic,,,,,0.0,home office chair,0,0,0,
9fb4f540-b46c-45be-b014-f054bfd9f73b,EVT-002303,USER-00147,add_to_cart,2025-11-21T23:40:19,SES-03a208d5,mobile,Chrome,email,PROD-01416,REI Flash 55 Pack,Outdoor Gear,Sports,517.67,,0,1,0,
449d1858-5588-4839-ab73-a9d5da8ab386,EVT-002304,USER-00048,wishlist,2026-01-02T15:26:43,SES-eb82e6ff,tablet,Safari,organic,PROD-01844,Samsung Galaxy Watch 6,Smartwatches,Electronics,790.52,,0,0,0,
365d28a4-8748-42cc-8635-0f3eb10d2145,EVT-002305,USER-00154,search,2025-11-24T13:13:12,SES-335212bb,tablet,Chrome,organic,,,,,0.0,red wine gift,0,0,0,
5aded6b1-a0af-4a3e-86fe-7ae10a66a677,EVT-002306,USER-00144,view,2026-01-11T18:02:38,SES-4c80738a,tablet,Edge,direct,PROD-01196,Oral-B iO Series 9,Personal Care,Healthcare,285.71,,125,0,0,
34adc99b-939c-49ad-b97a-e9b43b02c8cc,EVT-002307,USER-00001,view,2025-11-06T08:52:50,SES-c9b805aa,desktop,Safari,direct,PROD-00512,Dom Pérignon Rosé 2009,Champagne,Wine,415.51,,398,0,0,
243c1cec-66c1-4e66-b25a-20b812dcb785,EVT-002308,USER-00023,search,2025-10-26T07:00:11,SES-a515a265,desktop,Chrome,social,,,,,0.0,gaming laptop,0,0,0,
f843d4b6-ba32-4938-ab71-7ac2534a3095,EVT-002309,USER-00155,search,2025-11-22T22:56:45,SES-33f6071b,mobile,Firefox,social,,,,,0.0,wireless headphones,0,0,0,
00cb790d-a0f2-4bb9-9331-e7468ae73d39,EVT-002310,USER-00218,click,2025-12-28T15:24:36,SES-fd5d44f1,desktop,Safari,email,PROD-00003,Penfolds Grange,Red Wine,Wine,390.13,,276,0,0,
0d1ab550-ed9c-4a4b-b2ea-ef577a6ca565,EVT-002311,USER-00107,search,2025-12-16T15:12:09,SES-d971cb87,desktop,Firefox,organic,,,,,0.0,home office chair,0,0,0,
b77c1fda-72fc-4702-8873-a5b398b6bf02,EVT-002312,USER-00147,add_to_cart,2025-12-19T21:04:18,SES-d3cb07f7,mobile,Chrome,email,PROD-01416,REI Flash 55 Pack,Outdoor Gear,Sports,517.67,,0,1,0,
4809815b-39bf-4842-a6e1-07e48beb238e,EVT-002313,USER-00048,wishlist,2025-12-01T05:13:22,SES-180aa4d2,tablet,Safari,organic,PROD-01844,Samsung Galaxy Watch 6,Smartwatches,Electronics,790.52,,0,0,0,
d8d9f4f3-3324-4a30-adae-d16943db3ef0,EVT-002314,USER-00154,search,2026-01-15T08:30:13,SES-d7edc77e,tablet,Chrome,organic,,,,,0.0,red wine gift,0,0,0,
5fede405-c8e7-4f5f-880f-7c98b74168ed,EVT-002315,USER-00144,view,2025-10-23T06:54:45,SES-e617f22f,tablet,Edge,direct,PROD-01196,Oral-B iO Series 9,Personal Care,Healthcare,285.71,,125,0,0,
f335bad0-7469-4cde-80f5-83e0cb21a135,EVT-002316,USER-00001,view,2025-11-17T18:45:08,SES-33d9ca16,desktop,Safari,direct,PROD-00512,Dom Pérignon Rosé 2009,Champagne,Wine,415.51,,398,0,0,
5e1701bb-9965-4b12-a551-810bf1ae6171,EVT-002317,USER-00023,search,2025-12-28T18:40:18,SES-983d20da,desktop,Chrome,social,,,,,0.0,gaming laptop,0,0,0,
ee443df7-4ccf-432c-a397-aee54b70e488,EVT-002318,USER-00155,search,2025-11-12T01:27:25,SES-e2ac1741,mobile,Firefox,social,,,,,0.0,wireless headphones,0,0,0,
b3e61e36-f2ba-489b-8705-3e7c1d15e524,EVT-002319,USER-00218,click,2026-01-04T01:17:43,SES-2b643efb,desktop,Safari,email,PROD-00003,Penfolds Grange,Red Wine,Wine,390.13,,276,0,0,
8a633b5e-2164-478e-9c79-291c300b8dc4,EVT-002320,USER-00107,search,2025-12-16T08:26:18,SES-24bd1c3e,desktop,Firefox,organic,,,,,0.0,home office chair,0,0,0,
88f8b66d-e7e1-4150-85aa-1c16e9600ba2,EVT-002321,USER-00147,add_to_cart,2026-01-07T21:42:17,SES-49ed14fe,mobile,Chrome,email,PROD-01416,REI Flash 55 Pack,Outdoor Gear,Sports,517.67,,0,1,0,
9f86e97b-7808-45e9-9847-cfc90d0c116f,EVT-002322,USER-00048,wishlist,2025-12-09T04:44:44,SES-ac15da23,tablet,Safari,organic,PROD-01844,Samsung Galaxy Watch 6,Smartwatches,Electronics,790.52,,0,0,0,
0dcecaeb-3e72-45a4-bfe1-ad6d6df5f1de,EVT-002323,USER-00154,search,2025-12-14T17:14:36,SES-d2e173d0,tablet,Chrome,organic,,,,,0.0,red wine gift,0,0,0,
1868649a-35d4-4828-82ef-04c677ce26be,EVT-002324,USER-00144,view,2025-12-10T06:35:02,SES-214259b4,tablet,Edge,direct,PROD-01196,Oral-B iO Series 9,Personal Care,Healthcare,285.71,,125,0,0,
6e40b10c-3308-4ae8-91a9-b3e5a8b8211d,EVT-002325,USER-00001,view,2025-11-22T03:18:35,SES-35031928,desktop,Safari,direct,PROD-00512,Dom Pérignon Rosé 2009,Champagne,Wine,415.51,,398,0,0,
5d573705-4f28-4ea2-a748-edbe2e793bbb,EVT-002326,USER-00023,search,2025-12-25T01:13:10,SES-d6b268f2,desktop,Chrome,social,,,,,0.0,gaming laptop,0,0,0,
b6d843dc-ea54-4795-97f6-984d0b24e945,EVT-002327,USER-00155,search,2025-11-14T15:14:30,SES-1c4f3535,mobile,Firefox,social,,,,,0.0,wireless headphones,0,0,0,
3212bfed-d4ce-48be-afc8-d5677d6211d2,EVT-002328,USER-00218,click,2025-11-22T23:51:58,SES-f5d95864,desktop,Safari,email,PROD-00003,Penfolds Grange,Red Wine,Wine,390.13,,276,0,0,
cbffe4eb-a7b7-40da-b303-c814e398090d,EVT-002329,USER-00107,search,2025-12-06T13:00:15,SES-e8a5c9b5,desktop,Firefox,organic,,,,,0.0,home office chair,0,0,0,
76130731-7bac-45fe-bf1b-66a6f8eec711,EVT-002330,USER-00147,add_to_cart,2025-12-30T13:42:43,SES-36a2117d,mobile,Chrome,email,PROD-01416,REI Flash 55 Pack,Outdoor Gear,Sports,517.67,,0,1,0,
7b39d5c2-fdc2-4d43-8f17-dce15fe89439,EVT-002331,USER-00048,wishlist,2025-12-08T15:23:32,SES-ce3668fa,tablet,Safari,organic,PROD-01844,Samsung Galaxy Watch 6,Smartwatches,Electronics,790.52,,0,0,0,
3e368a48-f2aa-483b-85d6-343d3c8f3ba9,EVT-002332,USER-00154,search,2025-12-11T16:38:26,SES-48d1b1be,tablet,Chrome,organic,,,,,0.0,red wine gift,0,0,0,
05e48f0a-60ae-4790-9a60-e25e6227d5d3,EVT-002333,USER-00144,view,2025-12-15T14:43:26,SES-8e1f10b3,tablet,Edge,direct,PROD-01196,Oral-B iO Series 9,Personal Care,Healthcare,285.71,,125,0,0,
01920901-0927-454a-b18b-d5fe0ef5f572,EVT-002334,USER-00001,view,2026-01-14T02:44:08,SES-682f46ba,desktop,Safari,direct,PROD-00512,Dom Pérignon Rosé 2009,Champagne,Wine,415.51,,398,0,0,
a1265d65-a41e-42a4-ac1e-a32e2148a1fa,EVT-002335,USER-00023,search,2026-01-02T13:31:13,SES-69678853,desktop,Chrome,social,,,,,0.0,gaming laptop,0,0,0,
251d1b2d-3d74-4d1f-b5c3-561f8740ad6e,EVT-002336,USER-00155,search,2026-01-01T22:06:17,SES-0bf1679d,mobile,Firefox,social,,,,,0.0,wireless headphones,0,0,0,
f342ddae-e619-4b00-bc0c-9f9d6e49a135,EVT-002337,USER-00218,click,2025-10-30T15:41:06,SES-6cc03896,desktop,Safari,email,PROD-00003,Penfolds Grange,Red Wine,Wine,390.13,,276,0,0,
74152758-3264-4235-8eff-693c63e43311,EVT-002338,USER-00107,search,2026-01-20T04:33:06,SES-b0466e2e,desktop,Firefox,organic,,,,,0.0,home office chair,0,0,0,
606b303a-749f-4f00-9e25-3f3f95c91e6f,EVT-002339,USER-00147,add_to_cart,2025-11-01T22:41:57,SES-bfdf5125,mobile,Chrome,email,PROD-01416,REI Flash 55 Pack,Outdoor Gear,Sports,517.67,,0,1,0,
57c1d76b-98de-4e04-b1c1-fe4c2497aa61,EVT-002340,USER-00048,wishlist,2025-12-03T01:53:13,SES-04c0c53f,tablet,Safari,organic,PROD-01844,Samsung Galaxy Watch 6,Smartwatches,Electronics,790.52,,0,0,0,
ee95cb3a-e577-49d7-80d8-26f45773621e,EVT-002341,USER-00154,search,2025-12-29T15:18:46,SES-951a614b,tablet,Chrome,organic,,,,,0.0,red wine gift,0,0,0,
24517025-b87d-4c92-9ec7-aa9d4c18ffab,EVT-002342,USER-00144,view,2025-10-30T06:31:40,SES-e263d196,tablet,Edge,direct,PROD-01196,Oral-B iO Series 9,Personal Care,Healthcare,285.71,,125,0,0,
91b8dcc5-ed12-4fdb-b40e-3430401d8b4b,EVT-002343,USER-00001,view,2025-11-28T05:20:29,SES-15c40977,desktop,Safari,direct,PROD-00512,Dom Pérignon Rosé 2009,Champagne,Wine,415.51,,398,0,0,
6a4d2523-da86-4305-8bcf-515f242aced4,EVT-002344,USER-00023,search,2025-11-04T02:31:08,SES-f176951a,desktop,Chrome,social,,,,,0.0,gaming laptop,0,0,0,
e7d04976-7d61-4b1d-b0c1-197cb23e0faf,EVT-002345,USER-00155,search,2026-01-04T05:36:11,SES-3abd3d8c,mobile,Firefox,social,,,,,0.0,wireless headphones,0,0,0,
959dcec4-f31f-451c-98b6-f9a961fb3ba4,EVT-002346,USER-00218,click,2025-10-24T01:40:36,SES-4886f5bc,desktop,Safari,email,PROD-00003,Penfolds Grange,Red Wine,Wine,390.13,,276,0,0,
4f566e48-505d-4cdc-9f36-58509ac31ce1,EVT-002347,USER-00107,search,2025-11-07T11:38:01,SES-e60028fa,desktop,Firefox,organic,,,,,0.0,home office chair,0,0,0,
32fa453b-d231-4827-99cd-4c5142d99381,EVT-002348,USER-00147,add_to_cart,2025-12-12T05:28:30,SES-9e2daac6,mobile,Chrome,email,PROD-01416,REI Flash 55 Pack,Outdoor Gear,Sports,517.67,,0,1,0,
32cf3474-cfc7-45a0-9d44-7f2fe9be904d,EVT-002349,USER-00048,wishlist,2026-01-03T09:14:32,SES-9b13f0e9,tablet,Safari,organic,PROD-01844,Samsung Galaxy Watch 6,Smartwatches,Electronics,790.52,,0,0,0,
65946852-d277-4ed4-9563-608ae89933b3,EVT-002350,USER-00154,search,2025-11-03T12:59:34,SES-af4f850c,tablet,Chrome,organic,,,,,0.0,red wine gift,0,0,0,
ca1cd722-8795-491a-94b4-310158acb891,EVT-002351,USER-00144,view,2025-11-07T21:11:47,SES-6f87b5e4,tablet,Edge,direct,PROD-01196,Oral-B iO Series 9,Personal Care,Healthcare,285.71,,125,0,0,
af6cbaf1-bc8c-41e8-a0e4-938f673f9254,EVT-002352,USER-00001,view,2025-11-10T21:49:45,SES-4c8b37d6,desktop,Safari,direct,PROD-00512,Dom Pérignon Rosé 2009,Champagne,Wine,415.51,,398,0,0,
5ffdd806-be69-4462-8b8f-90274fc06bd6,EVT-002353,USER-00023,search,2025-12-04T05:36:51,SES-53be644a,desktop,Chrome,social,,,,,0.0,gaming laptop,0,0,0,
e5775eb4-7a35-415b-8c51-3a60f0c64c4c,EVT-002354,USER-00155,search,2026-01-15T04:35:30,SES-ee5392a1,mobile,Firefox,social,,,,,0.0,wireless headphones,0,0,0,
6b071285-8fc3-40af-b889-7ec3f55f76cb,EVT-002355,USER-00218,click,2025-11-02T18:47:13,SES-204c9fc8,desktop,Safari,email,PROD-00003,Penfolds Grange,Red Wine,Wine,390.13,,276,0,0,
27c2fdcc-96f7-4cf4-be03-06d25407a9a2,EVT-002356,USER-00107,search,2025-10-26T12:57:02,SES-99dc08c0,desktop,Firefox,organic,,,,,0.0,home office chair,0,0,0,
7be9b9c2-3017-4a5b-a473-0c0057ca1bfb,EVT-002357,USER-00147,add_to_cart,2026-01-16T17:18:03,SES-7d80cada,mobile,Chrome,email,PROD-01416,REI Flash 55 Pack,Outdoor Gear,Sports,517.67,,0,1,0,
928c9947-4651-49f4-8b08-bc3f622f7a6b,EVT-002358,USER-00048,wishlist,2025-12-02T22:20:45,SES-2ddae6b8,tablet,Safari,organic,PROD-01844,Samsung Galaxy Watch 6,Smartwatches,Electronics,790.52,,0,0,0,
1f1d1d78-f32d-4f26-b4f8-81d3e0737b67,EVT-002359,USER-00154,search,2025-12-09T19:47:35,SES-77d57834,tablet,Chrome,organic,,,,,0.0,red wine gift,0,0,0,
d6c33ed7-d4c5-49b7-9e06-f2ebbbb9e48f,EVT-002360,USER-00144,view,2025-11-08T07:44:27,SES-30c4dc35,tablet,Edge,direct,PROD-01196,Oral-B iO Series 9,Personal Care,Healthcare,285.71,,125,0,0,
cf446cfa-1a44-45c0-bef4-c7460d0a1c4c,EVT-002361,USER-00001,view,2025-12-22T12:59:58,SES-4450a511,desktop,Safari,direct,PROD-00512,Dom Pérignon Rosé 2009,Champagne,Wine,415.51,,398,0,0,
9ebefc64-5707-4e9a-b2a5-7e40296cb514,EVT-002362,USER-00023,search,2026-01-08T17:24:47,SES-d74ebb94,desktop,Chrome,social,,,,,0.0,gaming laptop,0,0,0,
cdb8eef9-338e-4a1e-8c7e-2ccaf7517293,EVT-002363,USER-00155,search,2025-12-12T16:18:39,SES-0507d8ad,mobile,Firefox,social,,,,,0.0,wireless headphones,0,0,0,
0aa25aac-885d-4fb5-a6db-b0e039acd6ed,EVT-002364,USER-00218,click,2025-12-09T01:10:21,SES-9d488795,desktop,Safari,email,PROD-00003,Penfolds Grange,Red Wine,Wine,390.13,,276,0,0,
624a364f-a7b7-46a2-a45a-082da4f2d7ff,EVT-002365,USER-00107,search,2025-11-05T07:50:22,SES-8cc3dd10,desktop,Firefox,organic,,,,,0.0,home office chair,0,0,0,
0f1b9a31-3a5d-4611-ad51-ddb5dc98b6aa,EVT-002366,USER-00147,add_to_cart,2026-01-03T11:12:39,SES-05888c4e,mobile,Chrome,email,PROD-01416,REI Flash 55 Pack,Outdoor Gear,Sports,517.67,,0,1,0,
7d7e740f-7c03-4bc0-bd6d-acec015c0b62,EVT-002367,USER-00048,wishlist,2026-01-15T14:59:54,SES-4072e08c,tablet,Safari,organic,PROD-01844,Samsung Galaxy Watch 6,Smartwatches,Electronics,790.52,,0,0,0,
2ec5940b-77c8-4add-ac41-aab3fc867892,EVT-002368,USER-00154,search,2025-12-14T20:43:49,SES-3eff692b,tablet,Chrome,organic,,,,,0.0,red wine gift,0,0,0,
20b6879e-9b22-454a-bfbf-1645ed8dbf43,EVT-002369,USER-00144,view,2025-12-02T08:17:01,SES-a001a2af,tablet,Edge,direct,PROD-01196,Oral-B iO Series 9,Personal Care,Healthcare,285.71,,125,0,0,
b5159159-cfa5-4857-9049-6550630b8a2c,EVT-002370,USER-00001,view,2025-11-30T12:36:44,SES-237c6349,desktop,Safari,direct,PROD-00512,Dom Pérignon Rosé 2009,Champagne,Wine,415.51,,398,0,0,
7d9f1921-f046-4f37-9d81-4a8c43fb032d,EVT-002371,USER-00023,search,2025-10-23T15:30:13,SES-7400c882,desktop,Chrome,social,,,,,0.0,gaming laptop,0,0,0,
5336f481-099c-4ae1-a635-4dfa63487265,EVT-002372,USER-00155,search,2025-11-20T13:24:35,SES-c5cee691,mobile,Firefox,social,,,,,0.0,wireless headphones,0,0,0,
20e3edfa-c510-45ab-b518-f86188664528,EVT-002373,USER-00218,click,2025-11-03T03:55:07,SES-7cfa4aa5,desktop,Safari,email,PROD-00003,Penfolds Grange,Red Wine,Wine,390.13,,276,0,0,
e00629cd-c784-4892-a219-34bec3e2e502,EVT-002374,USER-00107,search,2025-12-04T00:40:12,SES-2c2408ed,desktop,Firefox,organic,,,,,0.0,home office chair,0,0,0,
21eff9ca-1120-476d-9d49-33fff709ece7,EVT-002375,USER-00147,add_to_cart,2025-11-20T07:31:13,SES-b74363ca,mobile,Chrome,email,PROD-01416,REI Flash 55 Pack,Outdoor Gear,Sports,517.67,,0,1,0,
e43ffca5-33f0-4a6a-a135-e82737a66a8d,EVT-002376,USER-00048,wishlist,2025-12-31T15:31:06,SES-0fbe07f5,tablet,Safari,organic,PROD-01844,Samsung Galaxy Watch 6,Smartwatches,Electronics,790.52,,0,0,0,
844d7c9e-402d-4f0b-8d8f-47a25a44534a,EVT-002377,USER-00154,search,2026-01-20T06:16:33,SES-3ae3a45e,tablet,Chrome,organic,,,,,0.0,red wine gift,0,0,0,
fda1e23d-c9d7-4cf8-bf6e-66426fb020a1,EVT-002378,USER-00144,view,2026-01-16T05:00:19,SES-0de785dc,tablet,Edge,direct,PROD-01196,Oral-B iO Series 9,Personal Care,Healthcare,285.71,,125,0,0,
5ac363ef-1cf5-4207-9d02-42475f919e78,EVT-002379,USER-00001,view,2025-12-27T10:42:56,SES-cf7ab81e,desktop,Safari,direct,PROD-00512,Dom Pérignon Rosé 2009,Champagne,Wine,415.51,,398,0,0,
d9e2daf6-9344-4f50-ad74-5dcf088a88b4,EVT-002380,USER-00023,search,2025-11-18T01:39:22,SES-e7cc5a2f,desktop,Chrome,social,,,,,0.0,gaming laptop,0,0,0,
c5d7cde4-acbf-40f1-b54f-eb154a242b0a,EVT-002381,USER-00155,search,2025-12-12T11:23:47,SES-0e35d9e6,mobile,Firefox,social,,,,,0.0,wireless headphones,0,0,0,
65b855b2-e824-466e-b582-2b9820b49593,EVT-002382,USER-00218,click,2025-11-23T01:08:37,SES-367596d1,desktop,Safari,email,PROD-00003,Penfolds Grange,Red Wine,Wine,390.13,,276,0,0,
4e6440d2-c20d-42fb-8d2c-46b3532fd0e2,EVT-002383,USER-00107,search,2025-12-21T11:13:03,SES-27cc9058,desktop,Firefox,organic,,,,,0.0,home office chair,0,0,0,
646eae6c-1886-4fd9-b246-233bfccddb1d,EVT-002384,USER-00147,add_to_cart,2026-01-17T02:43:12,SES-7c1527d0,mobile,Chrome,email,PROD-01416,REI Flash 55 Pack,Outdoor Gear,Sports,517.67,,0,1,0,
ad92d80d-d205-44ad-b8dd-2d8c5d6b87df,EVT-002385,USER-00048,wishlist,2025-11-27T19:53:40,SES-1b19fade,tablet,Safari,organic,PROD-01844,Samsung Galaxy Watch 6,Smartwatches,Electronics,790.52,,0,0,0,
64d184f1-021f-487e-9f97-4c500f9078f9,EVT-002386,USER-00154,search,2025-12-16T11:42:11,SES-7437c844,tablet,Chrome,organic,,,,,0.0,red wine gift,0,0,0,
02505349-6292-4d3d-94e1-5f95571361de,EVT-002387,USER-00144,view,2025-12-24T21:03:13,SES-66452dfa,tablet,Edge,direct,PROD-01196,Oral-B iO Series 9,Personal Care,Healthcare,285.71,,125,0,0,
b488cfca-07c2-4b76-b897-304e026ca001,EVT-002388,USER-00001,view,2025-11-07T20:36:40,SES-5d6a023b,desktop,Safari,direct,PROD-00512,Dom Pérignon Rosé 2009,Champagne,Wine,415.51,,398,0,0,
0463c562-5eb0-4907-857a-9b89602a7f10,EVT-002389,USER-00023,search,2025-11-05T11:41:22,SES-d27fcf7c,desktop,Chrome,social,,,,,0.0,gaming laptop,0,0,0,
6f08198b-fa11-4497-99f4-dd6ca1cd272c,EVT-002390,USER-00155,search,2025-11-19T22:08:14,SES-d5fc7a12,mobile,Firefox,social,,,,,0.0,wireless headphones,0,0,0,
c171e3e8-61e8-41d7-9271-32ab9582ea61,EVT-002391,USER-00218,click,2025-12-12T13:11:36,SES-cadfdd46,desktop,Safari,email,PROD-00003,Penfolds Grange,Red Wine,Wine,390.13,,276,0,0,
268f9507-e8c5-408f-ba59-78636d3b7b21,EVT-002392,USER-00107,search,2025-12-28T06:09:03,SES-bdcd8897,desktop,Firefox,organic,,,,,0.0,home office chair,0,0,0,
6eae52b6-3c59-450a-ab70-2ada4fd2d871,EVT-002393,USER-00147,add_to_cart,2025-11-11T14:21:37,SES-f4e34ff6,mobile,Chrome,email,PROD-01416,REI Flash 55 Pack,Outdoor Gear,Sports,517.67,,0,1,0,
bef4c3a6-6361-43fd-892b-6daf961dbf10,EVT-002394,USER-00048,wishlist,2026-01-08T16:37:16,SES-c42adff2,tablet,Safari,organic,PROD-01844,Samsung Galaxy Watch 6,Smartwatches,Electronics,790.52,,0,0,0,
f3639a35-5a89-46e4-adc5-96184235720b,EVT-002395,USER-00154,search,2025-12-21T08:39:10,SES-fceaacfa,tablet,Chrome,organic,,,,,0.0,red wine gift,0,0,0,
382374b9-5de2-480f-9e11-a67b7671fa84,EVT-002396,USER-00144,view,2025-12-31T02:46:36,SES-0a64a8a1,tablet,Edge,direct,PROD-01196,Oral-B iO Series 9,Personal Care,Healthcare,285.71,,125,0,0,
113c69d7-b0d3-4d01-83c9-25a6e793eb79,EVT-002397,USER-00001,view,2025-11-27T19:00:45,SES-d7fba93a,desktop,Safari,direct,PROD-00512,Dom Pérignon Rosé 2009,Champagne,Wine,415.51,,398,0,0,
147fc1b1-d838-4c74-86aa-44bb8d539285,EVT-002398,USER-00023,search,2025-12-12T04:10:20,SES-847769b5,desktop,Chrome,social,,,,,0.0,gaming laptop,0,0,0,
836c1c23-740e-4da5-8a59-6f8695b4e7f7,EVT-002399,USER-00155,search,2025-12-20T10:33:29,SES-3f3cd505,mobile,Firefox,social,,,,,0.0,wireless headphones,0,0,0,
6e905a89-8d0e-4c82-ac2f-fb81ad239f95,EVT-002400,USER-00218,click,2025-11-16T03:21:35,SES-392afe6c,desktop,Safari,email,PROD-00003,Penfolds Grange,Red Wine,Wine,390.13,,276,0,0,
24daced4-d980-40a4-8bbf-3fa25c94dda5,EVT-002401,USER-00107,search,2025-12-07T14:01:33,SES-1981f2a4,desktop,Firefox,organic,,,,,0.0,home office chair,0,0,0,
63d85471-b1df-4369-af63-fc0103012299,EVT-002402,USER-00147,add_to_cart,2025-12-06T16:31:07,SES-8ac256e5,mobile,Chrome,email,PROD-01416,REI Flash 55 Pack,Outdoor Gear,Sports,517.67,,0,1,0,
10093a65-b8cf-48c7-b54b-2ee83759b502,EVT-002403,USER-00048,wishlist,2025-11-12T04:42:11,SES-75219f9c,tablet,Safari,organic,PROD-01844,Samsung Galaxy Watch 6,Smartwatches,Electronics,790.52,,0,0,0,
33410bd4-3410-4e99-a7e3-ccb7fc5761f4,EVT-002404,USER-00154,search,2025-11-23T19:17:53,SES-d3dc030e,tablet,Chrome,organic,,,,,0.0,red wine gift,0,0,0,
2419afba-c5f3-4ff6-a6e5-984cfec16859,EVT-002405,USER-00144,view,2026-01-03T06:00:59,SES-7942af04,tablet,Edge,direct,PROD-01196,Oral-B iO Series 9,Personal Care,Healthcare,285.71,,125,0,0,
baf73c74-440f-466d-860f-0595b28ad784,EVT-002406,USER-00001,view,2025-12-31T15:57:17,SES-dfa86008,desktop,Safari,direct,PROD-00512,Dom Pérignon Rosé 2009,Champagne,Wine,415.51,,398,0,0,
9dc746ac-7f81-4b29-8e7e-6fe216f980f0,EVT-002407,USER-00023,search,2026-01-13T12:09:24,SES-e6c71fa0,desktop,Chrome,social,,,,,0.0,gaming laptop,0,0,0,
77615119-180b-479f-9d79-0615a68006d0,EVT-002408,USER-00155,search,2025-11-04T21:17:34,SES-5f208ec1,mobile,Firefox,social,,,,,0.0,wireless headphones,0,0,0,
1d665333-04cb-4ba8-96d4-caf8d192049f,EVT-002409,USER-00218,click,2025-11-07T16:37:56,SES-34f88c11,desktop,Safari,email,PROD-00003,Penfolds Grange,Red Wine,Wine,390.13,,276,0,0,
a4d627f6-18f7-46a3-9e9b-b9227d1d8e16,EVT-002410,USER-00107,search,2025-12-12T15:49:12,SES-188329f6,desktop,Firefox,organic,,,,,0.0,home office chair,0,0,0,
a5ff0746-61ac-4a7d-942b-1d94c424bccf,EVT-002411,USER-00147,add_to_cart,2025-12-31T04:11:24,SES-192d79ea,mobile,Chrome,email,PROD-01416,REI Flash 55 Pack,Outdoor Gear,Sports,517.67,,0,1,0,
58357193-64e2-449d-a7b4-31a009542b85,EVT-002412,USER-00048,wishlist,2026-01-11T06:35:25,SES-bab71e75,tablet,Safari,organic,PROD-01844,Samsung Galaxy Watch 6,Smartwatches,Electronics,790.52,,0,0,0,
876b126d-c532-4afd-8dc2-82c31543d82c,EVT-002413,USER-00154,search,2025-12-07T18:07:40,SES-2374bdde,tablet,Chrome,organic,,,,,0.0,red wine gift,0,0,0,
ce73356d-fa9a-43f2-9c51-cf0ff2332504,EVT-002414,USER-00144,view,2025-10-23T16:48:53,SES-76bf2122,tablet,Edge,direct,PROD-01196,Oral-B iO Series 9,Personal Care,Healthcare,285.71,,125,0,0,
2bd7abeb-cdd2-4f02-bd36-598bc3b7fca1,EVT-002415,USER-00001,view,2025-11-22T14:11:47,SES-28acfd59,desktop,Safari,direct,PROD-00512,Dom Pérignon Rosé 2009,Champagne,Wine,415.51,,398,0,0,
a70dabc5-8801-403a-b23d-230698765857,EVT-002416,USER-00023,search,2025-12-02T03:59:09,SES-547d7aee,desktop,Chrome,social,,,,,0.0,gaming laptop,0,0,0,
715e992c-8201-4ca2-8ca0-df6217b362fd,EVT-002417,USER-00155,search,2025-11-09T03:33:21,SES-36321257,mobile,Firefox,social,,,,,0.0,wireless headphones,0,0,0,
437b8e81-ab9d-44fe-b6cf-b9147d66000b,EVT-002418,USER-00218,click,2025-11-06T08:16:06,SES-e1e8aaf8,desktop,Safari,email,PROD-00003,Penfolds Grange,Red Wine,Wine,390.13,,276,0,0,
684fcec1-387e-4e2b-90d4-425d2ce0f269,EVT-002419,USER-00107,search,2025-12-07T10:15:32,SES-80fddc57,desktop,Firefox,organic,,,,,0.0,home office chair,0,0,0,
88e41da0-a1b0-4385-9ace-7b3add0d1260,EVT-002420,USER-00147,add_to_cart,2025-10-29T06:09:46,SES-ed202ff4,mobile,Chrome,email,PROD-01416,REI Flash 55 Pack,Outdoor Gear,Sports,517.67,,0,1,0,
265c8a47-6286-4a57-896e-10512b9eaee0,EVT-002421,USER-00048,wishlist,2025-10-23T06:59:03,SES-225c7f6e,tablet,Safari,organic,PROD-01844,Samsung Galaxy Watch 6,Smartwatches,Electronics,790.52,,0,0,0,
91d7197e-617b-4a87-bb05-528217881752,EVT-002422,USER-00154,search,2025-11-22T00:34:14,SES-ac3bfd33,tablet,Chrome,organic,,,,,0.0,red wine gift,0,0,0,
7fa2bf17-1190-4db2-bf45-b260cfb25f12,EVT-002423,USER-00144,view,2025-12-29T20:27:38,SES-a29159b9,tablet,Edge,direct,PROD-01196,Oral-B iO Series 9,Personal Care,Healthcare,285.71,,125,0,0,
86cc2c54-ae5f-4e22-a2ad-2ec8085212c1,EVT-002424,USER-00001,view,2025-11-09T23:14:34,SES-b0a4b903,desktop,Safari,direct,PROD-00512,Dom Pérignon Rosé 2009,Champagne,Wine,415.51,,398,0,0,
2fe28cc5-0695-4840-a09c-beae24ccfe14,EVT-002425,USER-00023,search,2025-11-11T02:15:25,SES-d6272d63,desktop,Chrome,social,,,,,0.0,gaming laptop,0,0,0,
66ca983e-cfe5-45ac-9eda-0925ced69c2f,EVT-002426,USER-00155,search,2025-12-29T03:10:19,SES-a46a9fa1,mobile,Firefox,social,,,,,0.0,wireless headphones,0,0,0,
012c93e0-853f-48fe-be17-507cb431b107,EVT-002427,USER-00218,click,2025-10-31T20:36:39,SES-84c4ffbe,desktop,Safari,email,PROD-00003,Penfolds Grange,Red Wine,Wine,390.13,,276,0,0,
a4f0ad8f-5503-4504-bd9a-576cc21a42e2,EVT-002428,USER-00107,search,2025-12-13T22:56:05,SES-5a6526c8,desktop,Firefox,organic,,,,,0.0,home office chair,0,0,0,
3c4e21d1-e1ea-4c6a-8580-5847b2f8060e,EVT-002429,USER-00147,add_to_cart,2025-12-06T06:31:48,SES-e6b3f890,mobile,Chrome,email,PROD-01416,REI Flash 55 Pack,Outdoor Gear,Sports,517.67,,0,1,0,
86c2c505-379e-48e7-bb58-80f3e3dc49c3,EVT-002430,USER-00048,wishlist,2025-11-23T21:17:50,SES-dde7f6c4,tablet,Safari,organic,PROD-01844,Samsung Galaxy Watch 6,Smartwatches,Electronics,790.52,,0,0,0,
4370ae73-9423-4382-8f1e-579f7ec90f34,EVT-002431,USER-00154,search,2025-10-31T22:37:50,SES-28d4cc2e,tablet,Chrome,organic,,,,,0.0,red wine gift,0,0,0,
fc41ad61-ddad-44e5-8303-c19726a9a1ad,EVT-002432,USER-00144,view,2025-10-28T16:19:16,SES-021ae546,tablet,Edge,direct,PROD-01196,Oral-B iO Series 9,Personal Care,Healthcare,285.71,,125,0,0,
987d6e96-e252-4de7-85f2-b8306a06a1f0,EVT-002433,USER-00001,view,2025-12-22T10:13:18,SES-fc4e6b06,desktop,Safari,direct,PROD-00512,Dom Pérignon Rosé 2009,Champagne,Wine,415.51,,398,0,0,
f567f680-56d7-49c5-865c-c98e59e86285,EVT-002434,USER-00023,search,2025-12-07T06:03:58,SES-e5fbd13f,desktop,Chrome,social,,,,,0.0,gaming laptop,0,0,0,
f572183f-b62e-4b21-8ca3-851d48f2f9ba,EVT-002435,USER-00155,search,2025-12-19T11:06:32,SES-fee6d21c,mobile,Firefox,social,,,,,0.0,wireless headphones,0,0,0,
b2022f39-4e95-4dc3-b25d-8f16efee75f4,EVT-002436,USER-00218,click,2025-11-06T22:29:30,SES-7e86385d,desktop,Safari,email,PROD-00003,Penfolds Grange,Red Wine,Wine,390.13,,276,0,0,
92c49ceb-2124-4964-94f2-c1dbbe8a1bd4,EVT-002437,USER-00107,search,2025-10-29T05:31:11,SES-95c6e36e,desktop,Firefox,organic,,,,,0.0,home office chair,0,0,0,
51fa941e-d2ec-4c5c-8219-ac0f00f46be9,EVT-002438,USER-00147,add_to_cart,2025-11-25T18:32:38,SES-ff0f2c78,mobile,Chrome,email,PROD-01416,REI Flash 55 Pack,Outdoor Gear,Sports,517.67,,0,1,0,
ce6739d4-79c4-4341-8430-812f2d5f4690,EVT-002439,USER-00048,wishlist,2025-12-23T12:43:03,SES-e1764f3f,tablet,Safari,organic,PROD-01844,Samsung Galaxy Watch 6,Smartwatches,Electronics,790.52,,0,0,0,
99575175-8a0c-4f88-9b24-539245787177,EVT-002440,USER-00154,search,2025-12-16T00:51:28,SES-61e6feb8,tablet,Chrome,organic,,,,,0.0,red wine gift,0,0,0,
961d3746-8134-45d8-809b-0e0f8400524c,EVT-002441,USER-00144,view,2026-01-16T12:16:06,SES-0f958199,tablet,Edge,direct,PROD-01196,Oral-B iO Series 9,Personal Care,Healthcare,285.71,,125,0,0,
d32a0f88-fc81-4edb-8781-5dd14555c43e,EVT-002442,USER-00001,view,2025-11-13T16:36:59,SES-111e961e,desktop,Safari,direct,PROD-00512,Dom Pérignon Rosé 2009,Champagne,Wine,415.51,,398,0,0,
bf3f1526-a943-4777-8482-52fae5feb9ab,EVT-002443,USER-00023,search,2025-11-25T05:44:19,SES-0eeef911,desktop,Chrome,social,,,,,0.0,gaming laptop,0,0,0,
06c1ec53-85ed-4c23-97ab-f0f82fc09567,EVT-002444,USER-00155,search,2025-12-22T19:11:26,SES-950bb14c,mobile,Firefox,social,,,,,0.0,wireless headphones,0,0,0,
d035d250-f87c-40a5-8b77-cd4aafc68aba,EVT-002445,USER-00218,click,2025-10-24T02:51:13,SES-c5e31dc8,desktop,Safari,email,PROD-00003,Penfolds Grange,Red Wine,Wine,390.13,,276,0,0,
afc3d4f4-c686-4be0-92f3-768e6d9d8f8c,EVT-002446,USER-00107,search,2025-11-10T10:48:54,SES-c64ec31b,desktop,Firefox,organic,,,,,0.0,home office chair,0,0,0,
3c24f963-0c5a-4589-bb91-1c019b52d444,EVT-002447,USER-00147,add_to_cart,2025-11-18T09:44:56,SES-5e7269de,mobile,Chrome,email,PROD-01416,REI Flash 55 Pack,Outdoor Gear,Sports,517.67,,0,1,0,
2c46bbeb-9683-44d5-8678-fc354370a8f1,EVT-002448,USER-00048,wishlist,2025-11-19T08:08:05,SES-19685f77,tablet,Safari,organic,PROD-01844,Samsung Galaxy Watch 6,Smartwatches,Electronics,790.52,,0,0,0,
4bc2cf49-d143-4c59-a7c6-38797581db28,EVT-002449,USER-00154,search,2026-01-10T10:25:34,SES-4f9ee64f,tablet,Chrome,organic,,,,,0.0,red wine gift,0,0,0,
5ab8c931-f97b-472f-b578-2f303bc216aa,EVT-002450,USER-00144,view,2026-01-19T05:54:13,SES-e857ddf3,tablet,Edge,direct,PROD-01196,Oral-B iO Series 9,Personal Care,Healthcare,285.71,,125,0,0,
768e2b25-1f59-49ec-85dd-34a628620162,EVT-002451,USER-00001,view,2026-01-15T00:44:00,SES-c63295ce,desktop,Safari,direct,PROD-00512,Dom Pérignon Rosé 2009,Champagne,Wine,415.51,,398,0,0,
7bfbb795-a415-4c91-860d-7953af5063a0,EVT-002452,USER-00023,search,2025-12-03T02:58:03,SES-c4f5e1f4,desktop,Chrome,social,,,,,0.0,gaming laptop,0,0,0,
0718d214-e088-430a-b648-f57f2c3fe20a,EVT-002453,USER-00155,search,2025-12-18T11:50:23,SES-0f0ac739,mobile,Firefox,social,,,,,0.0,wireless headphones,0,0,0,
fb9e1eca-98e1-4b97-9010-e2a271d4f058,EVT-002454,USER-00218,click,2026-01-01T13:22:32,SES-b7b04af9,desktop,Safari,email,PROD-00003,Penfolds Grange,Red Wine,Wine,390.13,,276,0,0,
e409381e-eb36-4594-a400-b00de403739a,EVT-002455,USER-00107,search,2025-11-21T10:22:46,SES-95f8ba56,desktop,Firefox,organic,,,,,0.0,home office chair,0,0,0,
35913bd3-c95f-437a-9786-9feb6a13cdae,EVT-002456,USER-00147,add_to_cart,2025-11-27T09:44:31,SES-bbe1484b,mobile,Chrome,email,PROD-01416,REI Flash 55 Pack,Outdoor Gear,Sports,517.67,,0,1,0,
b6165b98-807b-45f2-99a9-e163fc875436,EVT-002457,USER-00048,wishlist,2025-12-22T09:07:20,SES-beb4cd19,tablet,Safari,organic,PROD-01844,Samsung Galaxy Watch 6,Smartwatches,Electronics,790.52,,0,0,0,
48717e72-6b47-43f5-8ffc-f01362766c91,EVT-002458,USER-00154,search,2026-01-05T05:08:35,SES-ecd10a19,tablet,Chrome,organic,,,,,0.0,red wine gift,0,0,0,
d64b704c-0e3c-40ec-8738-6b4f5107c098,EVT-002459,USER-00144,view,2025-11-30T21:36:47,SES-8d8173c8,tablet,Edge,direct,PROD-01196,Oral-B iO Series 9,Personal Care,Healthcare,285.71,,125,0,0,
44a1f089-8219-4f59-a481-ddf3bd8f5591,EVT-002460,USER-00001,view,2025-11-16T11:32:19,SES-9622a35d,desktop,Safari,direct,PROD-00512,Dom Pérignon Rosé 2009,Champagne,Wine,415.51,,398,0,0,
f0ef7ded-878d-4c83-9cf9-37b75f0ae67d,EVT-002461,USER-00023,search,2025-12-16T05:24:58,SES-8df1458a,desktop,Chrome,social,,,,,0.0,gaming laptop,0,0,0,
4f09a0f0-5099-4a65-9078-20e5ce2b99de,EVT-002462,USER-00155,search,2025-12-14T06:35:26,SES-db44c603,mobile,Firefox,social,,,,,0.0,wireless headphones,0,0,0,
e6d39a03-fc69-465d-a904-977bb76c46a9,EVT-002463,USER-00218,click,2025-12-24T00:57:52,SES-2abe7ef9,desktop,Safari,email,PROD-00003,Penfolds Grange,Red Wine,Wine,390.13,,276,0,0,
59f2e8de-0cb9-421d-aaa5-4a9dd90729ee,EVT-002464,USER-00107,search,2025-12-25T18:22:03,SES-c449a197,desktop,Firefox,organic,,,,,0.0,home office chair,0,0,0,
367c3e25-3dbf-4ad0-9763-641246863503,EVT-002465,USER-00147,add_to_cart,2025-11-11T09:59:39,SES-31ffffc1,mobile,Chrome,email,PROD-01416,REI Flash 55 Pack,Outdoor Gear,Sports,517.67,,0,1,0,
beec709b-f5c2-43f1-af80-669c47b37df5,EVT-002466,USER-00048,wishlist,2025-10-30T06:27:43,SES-953a32a3,tablet,Safari,organic,PROD-01844,Samsung Galaxy Watch 6,Smartwatches,Electronics,790.52,,0,0,0,
f2469a79-be58-4efa-8c16-49ef4b252de4,EVT-002467,USER-00154,search,2025-12-19T06:52:44,SES-1335ada9,tablet,Chrome,organic,,,,,0.0,red wine gift,0,0,0,
4320ad14-c205-42ec-baac-eb01e899d7c5,EVT-002468,USER-00144,view,2025-11-06T13:05:53,SES-be967d1c,tablet,Edge,direct,PROD-01196,Oral-B iO Series 9,Personal Care,Healthcare,285.71,,125,0,0,
fce55f76-7eb6-4959-a72b-7b5af0c97e6c,EVT-002469,USER-00001,view,2025-11-01T17:52:54,SES-45746221,desktop,Safari,direct,PROD-00512,Dom Pérignon Rosé 2009,Champagne,Wine,415.51,,398,0,0,
f9a2dae1-ea29-4735-9114-3cb47e7f3270,EVT-002470,USER-00023,search,2026-01-01T16:29:11,SES-309f4c86,desktop,Chrome,social,,,,,0.0,gaming laptop,0,0,0,
656fff28-652e-4cca-b098-ab1a39ac80ef,EVT-002471,USER-00155,search,2025-11-12T18:16:29,SES-9859e200,mobile,Firefox,social,,,,,0.0,wireless headphones,0,0,0,
b4c997fd-65e7-4270-b082-de736f685382,EVT-002472,USER-00218,click,2025-11-18T22:20:35,SES-ac5bcd60,desktop,Safari,email,PROD-00003,Penfolds Grange,Red Wine,Wine,390.13,,276,0,0,
c2014713-82b3-465f-acf2-21d3249d0505,EVT-002473,USER-00107,search,2025-11-09T01:27:27,SES-e54ec07c,desktop,Firefox,organic,,,,,0.0,home office chair,0,0,0,
a1132553-714f-40a9-afc2-3606d89cac68,EVT-002474,USER-00147,add_to_cart,2025-11-17T06:37:07,SES-f8bf81f4,mobile,Chrome,email,PROD-01416,REI Flash 55 Pack,Outdoor Gear,Sports,517.67,,0,1,0,
b4913b0a-f0b8-4c02-8384-3d969cc38085,EVT-002475,USER-00048,wishlist,2025-12-16T11:21:07,SES-cf28708e,tablet,Safari,organic,PROD-01844,Samsung Galaxy Watch 6,Smartwatches,Electronics,790.52,,0,0,0,
99659d78-6b8d-49b2-b72d-cc2d2492467e,EVT-002476,USER-00154,search,2025-11-01T16:21:27,SES-0b814028,tablet,Chrome,organic,,,,,0.0,red wine gift,0,0,0,
d5391bd3-c1ec-4598-95ef-7c80e98af254,EVT-002477,USER-00144,view,2025-11-04T01:10:17,SES-9e84a6c7,tablet,Edge,direct,PROD-01196,Oral-B iO Series 9,Personal Care,Healthcare,285.71,,125,0,0,
ed7e9472-6efe-4396-bbea-87ca184d3e3e,EVT-002478,USER-00001,view,2026-01-08T02:48:18,SES-933d36df,desktop,Safari,direct,PROD-00512,Dom Pérignon Rosé 2009,Champagne,Wine,415.51,,398,0,0,
416b7778-ceda-45e7-aa6b-98bcc93e34f9,EVT-002479,USER-00023,search,2025-12-12T11:01:06,SES-a23f3911,desktop,Chrome,social,,,,,0.0,gaming laptop,0,0,0,
81feeb3f-d78b-4bb7-96de-b876e9b311d5,EVT-002480,USER-00155,search,2025-12-18T18:28:39,SES-4d6b637f,mobile,Firefox,social,,,,,0.0,wireless headphones,0,0,0,
2aed1d98-5f68-4892-9590-ab19b349c653,EVT-002481,USER-00218,click,2025-12-24T08:29:34,SES-cc62611d,desktop,Safari,email,PROD-00003,Penfolds Grange,Red Wine,Wine,390.13,,276,0,0,
919ffb89-955c-494a-9e5f-68b37f13162d,EVT-002482,USER-00107,search,2026-01-05T02:57:56,SES-8b8add2c,desktop,Firefox,organic,,,,,0.0,home office chair,0,0,0,
43f156db-9325-40f9-a3e0-98c8803bb5d7,EVT-002483,USER-00147,add_to_cart,2025-11-28T22:15:35,SES-68ff446c,mobile,Chrome,email,PROD-01416,REI Flash 55 Pack,Outdoor Gear,Sports,517.67,,0,1,0,
57d1961a-a3db-4d81-8141-e19e27f588c4,EVT-002484,USER-00048,wishlist,2025-11-23T19:15:31,SES-6d75987d,tablet,Safari,organic,PROD-01844,Samsung Galaxy Watch 6,Smartwatches,Electronics,790.52,,0,0,0,
9fef1a72-0170-4b60-908c-16e67a1cc0ea,EVT-002485,USER-00154,search,2025-12-17T15:18:17,SES-ddd103db,tablet,Chrome,organic,,,,,0.0,red wine gift,0,0,0,
d9a3738d-1434-41e7-95a0-c1283139ae16,EVT-002486,USER-00144,view,2026-01-05T16:46:13,SES-c7e3171e,tablet,Edge,direct,PROD-01196,Oral-B iO Series 9,Personal Care,Healthcare,285.71,,125,0,0,
fa5f5da2-3d05-4944-b1b0-860acc76b645,EVT-002487,USER-00001,view,2026-01-13T14:29:46,SES-0dc203e1,desktop,Safari,direct,PROD-00512,Dom Pérignon Rosé 2009,Champagne,Wine,415.51,,398,0,0,
92b7ea8f-4b7e-489a-b99e-bd2aeb3e6791,EVT-002488,USER-00023,search,2025-12-19T05:47:08,SES-ca2c1cc8,desktop,Chrome,social,,,,,0.0,gaming laptop,0,0,0,
10b2d483-b9f0-4eb0-8a6e-0752b4a60001,EVT-002489,USER-00155,search,2025-12-20T11:09:29,SES-4cc495a7,mobile,Firefox,social,,,,,0.0,wireless headphones,0,0,0,
a086bd34-b6a4-4efa-8764-a426a488aba0,EVT-002490,USER-00218,click,2025-11-18T15:56:23,SES-f243dfcb,desktop,Safari,email,PROD-00003,Penfolds Grange,Red Wine,Wine,390.13,,276,0,0,
05751b97-eb29-4143-b1ba-52a7f9fa359f,EVT-002491,USER-00107,search,2026-01-09T03:04:26,SES-c6ed1789,desktop,Firefox,organic,,,,,0.0,home office chair,0,0,0,
3c827c6f-1892-40ee-9fe0-0c93d2a4dbee,EVT-002492,USER-00147,add_to_cart,2026-01-02T07:52:58,SES-2ca01e3e,mobile,Chrome,email,PROD-01416,REI Flash 55 Pack,Outdoor Gear,Sports,517.67,,0,1,0,
fdf3b878-8613-4793-95c5-bda7296b8578,EVT-002493,USER-00048,wishlist,2026-01-15T08:17:28,SES-7c3f53aa,tablet,Safari,organic,PROD-01844,Samsung Galaxy Watch 6,Smartwatches,Electronics,790.52,,0,0,0,
cce55116-e185-4730-95c4-6f2ec2332701,EVT-002494,USER-00154,search,2025-12-21T13:03:03,SES-99a23377,tablet,Chrome,organic,,,,,0.0,red wine gift,0,0,0,
4ef1601e-5f6b-4370-bb0a-d49927c0bda4,EVT-002495,USER-00144,view,2025-12-26T15:38:25,SES-03401a0f,tablet,Edge,direct,PROD-01196,Oral-B iO Series 9,Personal Care,Healthcare,285.71,,125,0,0,
9a7518e3-fd3f-4dac-99aa-2c6dda672a2b,EVT-002496,USER-00001,view,2026-01-19T00:35:18,SES-0df970f6,desktop,Safari,direct,PROD-00512,Dom Pérignon Rosé 2009,Champagne,Wine,415.51,,398,0,0,
36abdc78-0e77-4254-b16b-c0b9c9790301,EVT-002497,USER-00023,search,2025-12-07T17:02:51,SES-69ee0135,desktop,Chrome,social,,,,,0.0,gaming laptop,0,0,0,
da2f9681-5022-449a-b673-b3e8ff81742b,EVT-002498,USER-00155,search,2025-11-12T01:38:58,SES-5f83da21,mobile,Firefox,social,,,,,0.0,wireless headphones,0,0,0,
a178726f-d76c-4066-828d-91c907341417,EVT-002499,USER-00218,click,2025-11-08T01:37:46,SES-daf78e9c,desktop,Safari,email,PROD-00003,Penfolds Grange,Red Wine,Wine,390.13,,276,0,0,
e7567b2f-e1d0-40ba-aee9-663a8f433195,EVT-002500,USER-00107,search,2025-10-23T00:09:11,SES-7118b9b5,desktop,Firefox,organic,,,,,0.0,home office chair,0,0,0,
0268d5b2-3b6f-4882-b270-ac058853134a,EVT-002501,USER-00147,add_to_cart,2026-01-06T19:18:08,SES-5cdf2d35,mobile,Chrome,email,PROD-01416,REI Flash 55 Pack,Outdoor Gear,Sports,517.67,,0,1,0,
19699cba-be59-472a-8da8-039a6bc9aa03,EVT-002502,USER-00048,wishlist,2025-11-14T06:08:06,SES-cc74487b,tablet,Safari,organic,PROD-01844,Samsung Galaxy Watch 6,Smartwatches,Electronics,790.52,,0,0,0,
e9f03d3a-96a7-42c7-b661-f6feb4488d3f,EVT-002503,USER-00154,search,2025-11-12T18:16:46,SES-297bd330,tablet,Chrome,organic,,,,,0.0,red wine gift,0,0,0,
65e1cffc-d153-4955-b194-3c92cdb72580,EVT-002504,USER-00144,view,2025-10-31T14:45:47,SES-fe5ea1c9,tablet,Edge,direct,PROD-01196,Oral-B iO Series 9,Personal Care,Healthcare,285.71,,125,0,0,
be9afb23-10ca-4ff8-92d3-fe1b9bffa2e1,EVT-002505,USER-00001,view,2026-01-08T17:52:47,SES-442f7b5c,desktop,Safari,direct,PROD-00512,Dom Pérignon Rosé 2009,Champagne,Wine,415.51,,398,0,0,
ff2b9c54-0db4-473f-a737-68787815a7a0,EVT-002506,USER-00023,search,2025-12-21T10:48:20,SES-c60f0c34,desktop,Chrome,social,,,,,0.0,gaming laptop,0,0,0,
ba50c1d3-e769-4255-9981-d681a2b60f9a,EVT-002507,USER-00155,search,2025-11-05T23:16:48,SES-27f1cc64,mobile,Firefox,social,,,,,0.0,wireless headphones,0,0,0,
e38a987e-7d2c-491c-848b-27ee82b230e1,EVT-002508,USER-00218,click,2025-11-05T15:55:14,SES-83e0ec52,desktop,Safari,email,PROD-00003,Penfolds Grange,Red Wine,Wine,390.13,,276,0,0,
e5ccada7-6f3e-4a4b-9c6c-abb16f85d77a,EVT-002509,USER-00107,search,2025-11-07T17:59:03,SES-436df711,desktop,Firefox,organic,,,,,0.0,home office chair,0,0,0,
38fd79da-4170-4d59-8c78-4d5237e15825,EVT-002510,USER-00147,add_to_cart,2025-12-07T21:50:28,SES-a256b950,mobile,Chrome,email,PROD-01416,REI Flash 55 Pack,Outdoor Gear,Sports,517.67,,0,1,0,
d7efa8dc-8359-4d9f-9c92-b859ed55305b,EVT-002511,USER-00048,wishlist,2026-01-15T15:55:41,SES-0d7a0235,tablet,Safari,organic,PROD-01844,Samsung Galaxy Watch 6,Smartwatches,Electronics,790.52,,0,0,0,
565f57f0-bbcb-4d42-bb6b-de1d10a73daf,EVT-002512,USER-00154,search,2025-10-22T18:30:17,SES-4035070e,tablet,Chrome,organic,,,,,0.0,red wine gift,0,0,0,
c4d1a41e-1c30-4743-9ea7-e28d766afcd9,EVT-002513,USER-00144,view,2025-11-23T03:21:41,SES-5b1c6528,tablet,Edge,direct,PROD-01196,Oral-B iO Series 9,Personal Care,Healthcare,285.71,,125,0,0,
132bacbc-1e19-4eb5-bfaa-a7270c87cbda,EVT-002514,USER-00001,view,2025-10-30T07:11:15,SES-8f3ac69e,desktop,Safari,direct,PROD-00512,Dom Pérignon Rosé 2009,Champagne,Wine,415.51,,398,0,0,
f4cb356a-63f5-4512-a68c-3ebe4ccc8e4f,EVT-002515,USER-00023,search,2026-01-17T17:39:08,SES-e6e0651b,desktop,Chrome,social,,,,,0.0,gaming laptop,0,0,0,
860728f5-9128-4d3b-ba5e-83c716644ed9,EVT-002516,USER-00155,search,2025-10-27T19:32:21,SES-df180dd3,mobile,Firefox,social,,,,,0.0,wireless headphones,0,0,0,
fd943607-e52d-4588-9172-e3dac95bd9a3,EVT-002517,USER-00218,click,2025-11-05T01:06:15,SES-c2a34f52,desktop,Safari,email,PROD-00003,Penfolds Grange,Red Wine,Wine,390.13,,276,0,0,
99558b18-8aee-4eb5-9a28-979b96ae6119,EVT-002518,USER-00107,search,2025-12-11T10:17:21,SES-08970717,desktop,Firefox,organic,,,,,0.0,home office chair,0,0,0,
7d504a44-98b1-4668-980f-904121d4c4a6,EVT-002519,USER-00147,add_to_cart,2026-01-09T02:55:19,SES-6aed8d81,mobile,Chrome,email,PROD-01416,REI Flash 55 Pack,Outdoor Gear,Sports,517.67,,0,1,0,
c45c616b-b73b-407a-b19e-52bbd2800124,EVT-002520,USER-00048,wishlist,2025-12-04T10:28:45,SES-625447ce,tablet,Safari,organic,PROD-01844,Samsung Galaxy Watch 6,Smartwatches,Electronics,790.52,,0,0,0,
0a36d32c-86ce-4851-8bce-949bbd18fc85,EVT-002521,USER-00154,search,2025-12-03T01:11:48,SES-ec91533f,tablet,Chrome,organic,,,,,0.0,red wine gift,0,0,0,
50756809-e56d-4916-a447-b5faab923835,EVT-002522,USER-00144,view,2025-12-26T07:07:27,SES-3db3c261,tablet,Edge,direct,PROD-01196,Oral-B iO Series 9,Personal Care,Healthcare,285.71,,125,0,0,
b5d870f7-43ac-4e8c-94b0-eeb5c5c979c6,EVT-002523,USER-00001,view,2025-12-07T13:02:41,SES-d1d9a013,desktop,Safari,direct,PROD-00512,Dom Pérignon Rosé 2009,Champagne,Wine,415.51,,398,0,0,
588b8579-e812-4718-96b4-ff849bcc135b,EVT-002524,USER-00023,search,2025-11-23T12:06:11,SES-97d8a3d5,desktop,Chrome,social,,,,,0.0,gaming laptop,0,0,0,
ab293108-84c3-4988-9c1a-62442feda880,EVT-002525,USER-00155,search,2025-11-21T02:56:30,SES-c6a54b1b,mobile,Firefox,social,,,,,0.0,wireless headphones,0,0,0,
8148ff80-a7a0-4f24-8eab-07335e47f414,EVT-002526,USER-00218,click,2025-12-10T07:53:17,SES-4aa582e9,desktop,Safari,email,PROD-00003,Penfolds Grange,Red Wine,Wine,390.13,,276,0,0,
96ac16a5-54c5-4000-9da0-3e80290a5003,EVT-002527,USER-00107,search,2026-01-04T12:52:31,SES-6f956622,desktop,Firefox,organic,,,,,0.0,home office chair,0,0,0,
52496970-7e7e-4275-92da-de74af27adaa,EVT-002528,USER-00147,add_to_cart,2025-11-03T03:15:01,SES-b24e2d8f,mobile,Chrome,email,PROD-01416,REI Flash 55 Pack,Outdoor Gear,Sports,517.67,,0,1,0,
37538a13-b2db-41d1-8543-6d5b136cd5ab,EVT-002529,USER-00048,wishlist,2025-11-15T02:58:16,SES-133899b1,tablet,Safari,organic,PROD-01844,Samsung Galaxy Watch 6,Smartwatches,Electronics,790.52,,0,0,0,
0867a4bb-b18e-4ca7-a79d-52f127007f78,EVT-002530,USER-00154,search,2025-12-16T03:09:44,SES-96110233,tablet,Chrome,organic,,,,,0.0,red wine gift,0,0,0,
e59fd6a6-b859-4aa9-b5c3-f54a28c7cbb9,EVT-002531,USER-00144,view,2025-11-29T22:15:39,SES-92ac0a8f,tablet,Edge,direct,PROD-01196,Oral-B iO Series 9,Personal Care,Healthcare,285.71,,125,0,0,
11e12576-e9b5-4eb8-8c3b-b443a87d0b13,EVT-002532,USER-00001,view,2025-11-28T09:07:28,SES-421efdcd,desktop,Safari,direct,PROD-00512,Dom Pérignon Rosé 2009,Champagne,Wine,415.51,,398,0,0,
c6ee76d0-ca27-4dc5-a9ce-81b287a016c6,EVT-002533,USER-00023,search,2026-01-05T21:17:35,SES-77e8edb2,desktop,Chrome,social,,,,,0.0,gaming laptop,0,0,0,
48e2a7d6-230a-4334-853a-57a6273dedcf,EVT-002534,USER-00155,search,2025-11-29T04:16:45,SES-3703f7ac,mobile,Firefox,social,,,,,0.0,wireless headphones,0,0,0,
d7e9ec18-b28b-40a8-a49b-6cb9ca54a8cd,EVT-002535,USER-00218,click,2025-12-30T07:35:56,SES-69551fc6,desktop,Safari,email,PROD-00003,Penfolds Grange,Red Wine,Wine,390.13,,276,0,0,
36ad1a4e-72b1-4dd9-8e15-6ef6411b59da,EVT-002536,USER-00107,search,2025-12-07T19:32:36,SES-3cf2c2c8,desktop,Firefox,organic,,,,,0.0,home office chair,0,0,0,
5ca1e720-e207-4c4b-a40a-cc47912ae33c,EVT-002537,USER-00147,add_to_cart,2025-11-26T05:07:12,SES-334fdc4f,mobile,Chrome,email,PROD-01416,REI Flash 55 Pack,Outdoor Gear,Sports,517.67,,0,1,0,
62752b37-edc4-4503-ab93-67e593e826d8,EVT-002538,USER-00048,wishlist,2025-11-22T00:23:14,SES-05481531,tablet,Safari,organic,PROD-01844,Samsung Galaxy Watch 6,Smartwatches,Electronics,790.52,,0,0,0,
6dd4bf5d-5bf6-4afe-bd1b-c8216f595707,EVT-002539,USER-00154,search,2026-01-12T04:07:28,SES-9832c7bb,tablet,Chrome,organic,,,,,0.0,red wine gift,0,0,0,
9c7118d7-64e4-4c47-b0c7-03273fac86ca,EVT-002540,USER-00144,view,2025-12-12T10:14:40,SES-d93f51db,tablet,Edge,direct,PROD-01196,Oral-B iO Series 9,Personal Care,Healthcare,285.71,,125,0,0,
7137b9ad-4ff6-40fe-a956-e5febc067bdd,EVT-002541,USER-00001,view,2025-11-22T12:31:40,SES-2742d807,desktop,Safari,direct,PROD-00512,Dom Pérignon Rosé 2009,Champagne,Wine,415.51,,398,0,0,
6904e76a-75ab-456d-8f26-d719653f50e9,EVT-002542,USER-00023,search,2025-12-13T06:30:59,SES-cdc6cf8f,desktop,Chrome,social,,,,,0.0,gaming laptop,0,0,0,
91c1e9b4-132d-4410-a100-ab730918712f,EVT-002543,USER-00155,search,2025-10-30T08:08:53,SES-b120449e,mobile,Firefox,social,,,,,0.0,wireless headphones,0,0,0,
2937fe56-2327-4c1a-85a9-06268387b638,EVT-002544,USER-00218,click,2026-01-16T12:08:03,SES-aa2415ec,desktop,Safari,email,PROD-00003,Penfolds Grange,Red Wine,Wine,390.13,,276,0,0,
b46606f6-9c7e-4f14-880a-fcd86282b675,EVT-002545,USER-00107,search,2025-12-20T12:34:10,SES-c1657dfc,desktop,Firefox,organic,,,,,0.0,home office chair,0,0,0,
b9309b7e-0c48-47f0-893f-ff44be20ba4a,EVT-002546,USER-00147,add_to_cart,2026-01-12T12:22:39,SES-ee319e52,mobile,Chrome,email,PROD-01416,REI Flash 55 Pack,Outdoor Gear,Sports,517.67,,0,1,0,
f892e80c-ff2d-47a6-b6e8-b8484a1a7996,EVT-002547,USER-00048,wishlist,2025-11-12T12:21:04,SES-f720cd25,tablet,Safari,organic,PROD-01844,Samsung Galaxy Watch 6,Smartwatches,Electronics,790.52,,0,0,0,
5ccd64ac-ef5f-4c53-905c-43301db242d0,EVT-002548,USER-00154,search,2025-11-07T21:00:31,SES-ea337cea,tablet,Chrome,organic,,,,,0.0,red wine gift,0,0,0,
223ad113-8ff7-4b60-ac7b-4b186944f029,EVT-002549,USER-00144,view,2025-12-23T06:43:14,SES-3b92650c,tablet,Edge,direct,PROD-01196,Oral-B iO Series 9,Personal Care,Healthcare,285.71,,125,0,0,
1fe6c03a-dc5b-4f9e-a680-cbb0b3a04590,EVT-002550,USER-00001,view,2026-01-11T16:22:12,SES-59def31f,desktop,Safari,direct,PROD-00512,Dom Pérignon Rosé 2009,Champagne,Wine,415.51,,398,0,0,
da1336e4-dbdc-4419-829c-c9c5a372dde0,EVT-002551,USER-00023,search,2025-11-18T17:06:11,SES-5ffff14a,desktop,Chrome,social,,,,,0.0,gaming laptop,0,0,0,
fadcff73-0583-4134-b488-d63ee5d7bbce,EVT-002552,USER-00155,search,2025-12-30T19:29:23,SES-a17f7880,mobile,Firefox,social,,,,,0.0,wireless headphones,0,0,0,
e5fca964-3dcb-4249-adc3-327c3308c314,EVT-002553,USER-00218,click,2025-11-05T14:52:24,SES-7d528bc7,desktop,Safari,email,PROD-00003,Penfolds Grange,Red Wine,Wine,390.13,,276,0,0,
850963ad-62ca-4ffd-a84d-a690c3145903,EVT-002554,USER-00107,search,2026-01-12T06:58:58,SES-5defbd3a,desktop,Firefox,organic,,,,,0.0,home office chair,0,0,0,
8d93bbe2-c84f-4ae0-97b6-d8a03df36759,EVT-002555,USER-00147,add_to_cart,2025-12-04T04:46:49,SES-c36b7e75,mobile,Chrome,email,PROD-01416,REI Flash 55 Pack,Outdoor Gear,Sports,517.67,,0,1,0,
2b776cfb-b9d8-4e72-81f0-c40711aeb648,EVT-002556,USER-00048,wishlist,2025-12-16T03:57:23,SES-875a9fa2,tablet,Safari,organic,PROD-01844,Samsung Galaxy Watch 6,Smartwatches,Electronics,790.52,,0,0,0,
f89ab3f8-e837-4abb-bc6b-98af7cbc013d,EVT-002557,USER-00154,search,2025-12-04T15:02:29,SES-5fddae56,tablet,Chrome,organic,,,,,0.0,red wine gift,0,0,0,
df9ca67c-5bca-4217-a9fc-6e9e1e9eedce,EVT-002558,USER-00144,view,2025-12-09T07:55:49,SES-0032bf7f,tablet,Edge,direct,PROD-01196,Oral-B iO Series 9,Personal Care,Healthcare,285.71,,125,0,0,
67d1d85c-11ff-42b2-9f22-72b41804d43c,EVT-002559,USER-00001,view,2025-12-29T05:37:46,SES-05bc6529,desktop,Safari,direct,PROD-00512,Dom Pérignon Rosé 2009,Champagne,Wine,415.51,,398,0,0,
190b80d7-245b-4f48-8a77-094dfd67ce7f,EVT-002560,USER-00023,search,2026-01-07T08:21:05,SES-0bdf3c1c,desktop,Chrome,social,,,,,0.0,gaming laptop,0,0,0,
ae6cc7df-d50a-40ce-b79c-c798528d705b,EVT-002561,USER-00155,search,2025-11-16T01:43:40,SES-66fb5aca,mobile,Firefox,social,,,,,0.0,wireless headphones,0,0,0,
7ffe63e7-e3b3-4bed-af2f-ecc2fdeba624,EVT-002562,USER-00218,click,2025-12-28T06:57:07,SES-ca887f99,desktop,Safari,email,PROD-00003,Penfolds Grange,Red Wine,Wine,390.13,,276,0,0,
bed95811-a7e9-41e5-afd3-fe7196d1de18,EVT-002563,USER-00107,search,2025-11-03T10:06:31,SES-292843c9,desktop,Firefox,organic,,,,,0.0,home office chair,0,0,0,
a2fd1de0-166f-46e1-8423-bfac5d1d8892,EVT-002564,USER-00147,add_to_cart,2025-12-15T21:56:34,SES-1dd35157,mobile,Chrome,email,PROD-01416,REI Flash 55 Pack,Outdoor Gear,Sports,517.67,,0,1,0,
06ab4cc2-7659-4cca-8aa3-121eaf8c3841,EVT-002565,USER-00048,wishlist,2026-01-18T02:31:38,SES-23f36946,tablet,Safari,organic,PROD-01844,Samsung Galaxy Watch 6,Smartwatches,Electronics,790.52,,0,0,0,
541eac3c-40e7-4f68-bb0b-cc5597c652e0,EVT-002566,USER-00154,search,2025-12-04T00:30:59,SES-aec42878,tablet,Chrome,organic,,,,,0.0,red wine gift,0,0,0,
82b10b0d-5bbd-4561-b9db-fdedde9e89fc,EVT-002567,USER-00144,view,2025-12-25T01:24:52,SES-e7172779,tablet,Edge,direct,PROD-01196,Oral-B iO Series 9,Personal Care,Healthcare,285.71,,125,0,0,
64d243e8-8c4e-42b2-a161-82b2e661828a,EVT-002568,USER-00001,view,2025-11-25T13:14:56,SES-a36add0b,desktop,Safari,direct,PROD-00512,Dom Pérignon Rosé 2009,Champagne,Wine,415.51,,398,0,0,
6e814462-683c-4c5d-ab3c-36d326d905ec,EVT-002569,USER-00023,search,2025-11-09T00:43:43,SES-a662f768,desktop,Chrome,social,,,,,0.0,gaming laptop,0,0,0,
f17fa7aa-0ff2-4a17-9873-8db27ea937fa,EVT-002570,USER-00155,search,2025-10-25T04:52:21,SES-cfbd6471,mobile,Firefox,social,,,,,0.0,wireless headphones,0,0,0,
5134e4a2-3ab8-48a1-ab06-73d80f0c2d97,EVT-002571,USER-00218,click,2026-01-14T20:10:42,SES-c5d6488a,desktop,Safari,email,PROD-00003,Penfolds Grange,Red Wine,Wine,390.13,,276,0,0,
9d3689fd-cc70-41e6-b7de-14c5eb558a5c,EVT-002572,USER-00107,search,2025-11-27T06:02:33,SES-61095d30,desktop,Firefox,organic,,,,,0.0,home office chair,0,0,0,
0cbf85df-1c39-458f-b5bc-0b0eb8c4c098,EVT-002573,USER-00147,add_to_cart,2026-01-13T19:05:30,SES-8c2fe3c4,mobile,Chrome,email,PROD-01416,REI Flash 55 Pack,Outdoor Gear,Sports,517.67,,0,1,0,
f8b6318f-327d-4d69-aa73-09f0c2f41c34,EVT-002574,USER-00048,wishlist,2025-12-06T23:57:54,SES-f86b14d0,tablet,Safari,organic,PROD-01844,Samsung Galaxy Watch 6,Smartwatches,Electronics,790.52,,0,0,0,
cd65b62b-abef-4205-aeb2-c634b28cbebd,EVT-002575,USER-00154,search,2026-01-05T13:53:42,SES-106dcfbb,tablet,Chrome,organic,,,,,0.0,red wine gift,0,0,0,
bbd1eaac-86fd-42c9-ac1c-ec086090ec0b,EVT-002576,USER-00144,view,2025-12-26T19:14:02,SES-828a1c21,tablet,Edge,direct,PROD-01196,Oral-B iO Series 9,Personal Care,Healthcare,285.71,,125,0,0,
a6954875-d9ea-4d7a-8519-a75710a99cda,EVT-002577,USER-00001,view,2025-11-25T08:08:54,SES-fd54b861,desktop,Safari,direct,PROD-00512,Dom Pérignon Rosé 2009,Champagne,Wine,415.51,,398,0,0,
fac3e404-3097-426b-97f0-1e69ab41fe92,EVT-002578,USER-00023,search,2026-01-01T11:26:16,SES-219ef7e5,desktop,Chrome,social,,,,,0.0,gaming laptop,0,0,0,
74cc2e01-dce3-4f53-9381-42d08b44a157,EVT-002579,USER-00155,search,2025-12-02T22:06:10,SES-e0e483f2,mobile,Firefox,social,,,,,0.0,wireless headphones,0,0,0,
8cf404fa-3b7d-4bd1-a423-6e05268cd413,EVT-002580,USER-00218,click,2025-11-12T12:04:23,SES-87aca6c1,desktop,Safari,email,PROD-00003,Penfolds Grange,Red Wine,Wine,390.13,,276,0,0,
d79dd9ca-fcc2-47bd-bb2d-9d8d9ef881bf,EVT-002581,USER-00107,search,2025-12-21T15:35:01,SES-b247bef8,desktop,Firefox,organic,,,,,0.0,home office chair,0,0,0,
b30f14ad-74d5-48fd-aa63-804658065c45,EVT-002582,USER-00147,add_to_cart,2025-12-16T02:20:39,SES-8a2eb273,mobile,Chrome,email,PROD-01416,REI Flash 55 Pack,Outdoor Gear,Sports,517.67,,0,1,0,
fc6ec58a-b418-4785-a264-17689d9d1608,EVT-002583,USER-00048,wishlist,2026-01-15T19:50:40,SES-ea7a0470,tablet,Safari,organic,PROD-01844,Samsung Galaxy Watch 6,Smartwatches,Electronics,790.52,,0,0,0,
a33ae044-7593-43e9-868e-28a62a6f1b1d,EVT-002584,USER-00154,search,2026-01-20T03:05:51,SES-da7d099f,tablet,Chrome,organic,,,,,0.0,red wine gift,0,0,0,
8b165f28-fd55-4957-b574-97f0bf5cd7b4,EVT-002585,USER-00144,view,2025-11-10T06:57:17,SES-dc2f3960,tablet,Edge,direct,PROD-01196,Oral-B iO Series 9,Personal Care,Healthcare,285.71,,125,0,0,
16c8c568-8dff-40eb-b0c3-36008a028c71,EVT-002586,USER-00001,view,2025-11-28T21:07:12,SES-88db1852,desktop,Safari,direct,PROD-00512,Dom Pérignon Rosé 2009,Champagne,Wine,415.51,,398,0,0,
6d14faa4-67c9-4f22-a348-891907f0ffe3,EVT-002587,USER-00023,search,2025-11-28T01:53:33,SES-96fbde06,desktop,Chrome,social,,,,,0.0,gaming laptop,0,0,0,
2612bedd-e130-418f-9b47-9d1b8c13d5cf,EVT-002588,USER-00155,search,2025-11-09T03:02:34,SES-180ecfdc,mobile,Firefox,social,,,,,0.0,wireless headphones,0,0,0,
dedeb34a-7934-47f5-8a59-26d98cd711e6,EVT-002589,USER-00218,click,2026-01-03T08:01:49,SES-79913533,desktop,Safari,email,PROD-00003,Penfolds Grange,Red Wine,Wine,390.13,,276,0,0,
d70585e1-bcf7-43bd-ba7e-f9e8e970164d,EVT-002590,USER-00107,search,2025-10-23T18:47:53,SES-d1893d11,desktop,Firefox,organic,,,,,0.0,home office chair,0,0,0,
54bc12a1-6db7-4ab4-a528-dec57f3b994c,EVT-002591,USER-00147,add_to_cart,2025-11-10T18:15:39,SES-646699f6,mobile,Chrome,email,PROD-01416,REI Flash 55 Pack,Outdoor Gear,Sports,517.67,,0,1,0,
3fcc0d79-5adf-44d5-bd87-ef3796a770c5,EVT-002592,USER-00048,wishlist,2025-12-04T16:03:07,SES-85066e6e,tablet,Safari,organic,PROD-01844,Samsung Galaxy Watch 6,Smartwatches,Electronics,790.52,,0,0,0,
d9c80152-196f-47b9-a1e9-93adaa21a435,EVT-002593,USER-00154,search,2025-11-26T19:06:02,SES-c6eb4c67,tablet,Chrome,organic,,,,,0.0,red wine gift,0,0,0,
06b7bf5c-f06a-43f0-9d28-f507a00fd619,EVT-002594,USER-00144,view,2025-12-12T19:36:16,SES-be949286,tablet,Edge,direct,PROD-01196,Oral-B iO Series 9,Personal Care,Healthcare,285.71,,125,0,0,
889369ef-4435-4f18-80b0-c7074b6e363d,EVT-002595,USER-00001,view,2025-11-10T16:03:11,SES-fcf10e6b,desktop,Safari,direct,PROD-00512,Dom Pérignon Rosé 2009,Champagne,Wine,415.51,,398,0,0,
1d007992-37c0-43d1-a68b-8a4f4e17b00f,EVT-002596,USER-00023,search,2025-10-23T07:00:45,SES-709a5d9e,desktop,Chrome,social,,,,,0.0,gaming laptop,0,0,0,
e321c5df-152a-4b8b-8235-70f5f856141e,EVT-002597,USER-00155,search,2025-12-18T15:50:51,SES-179d8a5a,mobile,Firefox,social,,,,,0.0,wireless headphones,0,0,0,
13ce53f7-26bc-4350-85c1-922138013a88,EVT-002598,USER-00218,click,2025-11-21T21:11:32,SES-bfaf67af,desktop,Safari,email,PROD-00003,Penfolds Grange,Red Wine,Wine,390.13,,276,0,0,
a2077581-b1e8-4b59-a203-a3cef6ee404b,EVT-002599,USER-00107,search,2025-11-23T15:16:38,SES-7e0deeba,desktop,Firefox,organic,,,,,0.0,home office chair,0,0,0,
bacfc744-1d6b-4c06-b9bb-718993a7d752,EVT-002600,USER-00147,add_to_cart,2025-10-31T21:13:06,SES-a0870320,mobile,Chrome,email,PROD-01416,REI Flash 55 Pack,Outdoor Gear,Sports,517.67,,0,1,0,
b9ed92d4-9dc1-4fad-8737-ef68fc192bf0,EVT-002601,USER-00048,wishlist,2026-01-19T04:48:30,SES-7eef9761,tablet,Safari,organic,PROD-01844,Samsung Galaxy Watch 6,Smartwatches,Electronics,790.52,,0,0,0,
dc867f06-9938-407d-ada0-237b9411cb6d,EVT-002602,USER-00154,search,2025-11-27T13:27:11,SES-a839293a,tablet,Chrome,organic,,,,,0.0,red wine gift,0,0,0,
dbc9240c-d6c1-4bab-934b-c542ff0e0b11,EVT-002603,USER-00144,view,2026-01-19T15:54:53,SES-4cb2db23,tablet,Edge,direct,PROD-01196,Oral-B iO Series 9,Personal Care,Healthcare,285.71,,125,0,0,
af512bec-2cb6-4e0c-98ef-99e5002f8241,EVT-002604,USER-00001,view,2025-11-16T09:14:02,SES-190488c6,desktop,Safari,direct,PROD-00512,Dom Pérignon Rosé 2009,Champagne,Wine,415.51,,398,0,0,
2a275ca9-fa38-4cb7-9f02-1b13ab27cd67,EVT-002605,USER-00023,search,2025-12-10T13:31:23,SES-39ffe1cc,desktop,Chrome,social,,,,,0.0,gaming laptop,0,0,0,
787154bb-d896-4aa3-a703-a5c3ec1b3a74,EVT-002606,USER-00155,search,2026-01-20T05:19:45,SES-23cfa7f8,mobile,Firefox,social,,,,,0.0,wireless headphones,0,0,0,
7f203394-ecc6-4efa-97d5-6a4b38a58915,EVT-002607,USER-00218,click,2025-10-24T00:12:32,SES-9626f3f2,desktop,Safari,email,PROD-00003,Penfolds Grange,Red Wine,Wine,390.13,,276,0,0,
38c3e585-5e39-4ac1-b602-08c924ff128c,EVT-002608,USER-00107,search,2025-12-20T15:48:59,SES-54369fa7,desktop,Firefox,organic,,,,,0.0,home office chair,0,0,0,
8e101a22-2133-4d9d-8826-5a22e7dcf2b0,EVT-002609,USER-00147,add_to_cart,2025-11-18T06:07:50,SES-d058371c,mobile,Chrome,email,PROD-01416,REI Flash 55 Pack,Outdoor Gear,Sports,517.67,,0,1,0,
aa1d0be2-79ed-43e6-b305-d8c8d2c9df5b,EVT-002610,USER-00048,wishlist,2025-10-26T00:03:21,SES-2a3a96a7,tablet,Safari,organic,PROD-01844,Samsung Galaxy Watch 6,Smartwatches,Electronics,790.52,,0,0,0,
d114aca4-65ec-473d-92c0-5fa2832f95b0,EVT-002611,USER-00154,search,2025-12-24T14:03:26,SES-ab7ba502,tablet,Chrome,organic,,,,,0.0,red wine gift,0,0,0,
8a3f1d12-8823-4cfd-a051-2bac0c7a3b6e,EVT-002612,USER-00144,view,2025-11-18T10:36:46,SES-3ea76d88,tablet,Edge,direct,PROD-01196,Oral-B iO Series 9,Personal Care,Healthcare,285.71,,125,0,0,
d737e220-5e74-4295-a4a9-85cf5b9bc82a,EVT-002613,USER-00001,view,2025-12-24T01:08:19,SES-da235372,desktop,Safari,direct,PROD-00512,Dom Pérignon Rosé 2009,Champagne,Wine,415.51,,398,0,0,
65eaac00-42c3-4400-a636-1b31778141fe,EVT-002614,USER-00023,search,2025-12-08T05:27:46,SES-70184f79,desktop,Chrome,social,,,,,0.0,gaming laptop,0,0,0,
621dd1cd-ed0a-4f2e-a828-8974c947c70f,EVT-002615,USER-00155,search,2025-11-30T10:01:19,SES-2f27bd63,mobile,Firefox,social,,,,,0.0,wireless headphones,0,0,0,
72c39b61-41c2-4374-b43c-f13b0f27be0e,EVT-002616,USER-00218,click,2025-10-27T00:15:52,SES-da0fdb7f,desktop,Safari,email,PROD-00003,Penfolds Grange,Red Wine,Wine,390.13,,276,0,0,
3c7a94ab-c52b-409b-b68f-dfec4dc0f723,EVT-002617,USER-00107,search,2025-12-29T06:33:36,SES-34d17039,desktop,Firefox,organic,,,,,0.0,home office chair,0,0,0,
d27cbf36-0ca2-4ec1-8248-d79d775cb4d1,EVT-002618,USER-00147,add_to_cart,2025-12-30T02:59:05,SES-e89f4b1c,mobile,Chrome,email,PROD-01416,REI Flash 55 Pack,Outdoor Gear,Sports,517.67,,0,1,0,
87cdcad3-4996-4919-8b1b-6b5bedb66e54,EVT-002619,USER-00048,wishlist,2025-11-16T07:33:03,SES-4e128540,tablet,Safari,organic,PROD-01844,Samsung Galaxy Watch 6,Smartwatches,Electronics,790.52,,0,0,0,
a9fb232a-c720-4f58-b2ba-91e3c24944de,EVT-002620,USER-00154,search,2025-11-18T08:48:03,SES-43324f23,tablet,Chrome,organic,,,,,0.0,red wine gift,0,0,0,
91c450e6-65c1-402d-8c2d-0f39b65eabfb,EVT-002621,USER-00144,view,2025-12-22T10:54:55,SES-4edb0eaf,tablet,Edge,direct,PROD-01196,Oral-B iO Series 9,Personal Care,Healthcare,285.71,,125,0,0,
76ee8930-0c8d-4d14-858f-426c30e16494,EVT-002622,USER-00001,view,2025-10-28T07:16:41,SES-be74314c,desktop,Safari,direct,PROD-00512,Dom Pérignon Rosé 2009,Champagne,Wine,415.51,,398,0,0,
383db9fe-0006-4687-a867-290ab454063c,EVT-002623,USER-00023,search,2025-12-17T07:12:28,SES-8b23e65a,desktop,Chrome,social,,,,,0.0,gaming laptop,0,0,0,
2fbe5dda-bf0d-4f74-9e6b-fba5b0cb5436,EVT-002624,USER-00155,search,2026-01-10T16:25:03,SES-7d1464a5,mobile,Firefox,social,,,,,0.0,wireless headphones,0,0,0,
221c4a01-6b86-49ce-bee5-8ed702e089eb,EVT-002625,USER-00218,click,2025-10-25T16:49:42,SES-649714f7,desktop,Safari,email,PROD-00003,Penfolds Grange,Red Wine,Wine,390.13,,276,0,0,
b2487a35-6bcb-48fb-b7b2-3becdeb4c91c,EVT-002626,USER-00107,search,2026-01-14T13:17:50,SES-84bef1a3,desktop,Firefox,organic,,,,,0.0,home office chair,0,0,0,
395cc7ce-a4e7-462d-8a63-860a9ca0e669,EVT-002627,USER-00147,add_to_cart,2025-12-31T11:03:35,SES-6e5a09d3,mobile,Chrome,email,PROD-01416,REI Flash 55 Pack,Outdoor Gear,Sports,517.67,,0,1,0,
6369bfed-a602-47c9-b1fe-c9de0c9e8bbb,EVT-002628,USER-00048,wishlist,2025-12-07T10:59:41,SES-6a6214bc,tablet,Safari,organic,PROD-01844,Samsung Galaxy Watch 6,Smartwatches,Electronics,790.52,,0,0,0,
bb71b2ef-b05d-4fa3-a8d3-f386b97707c4,EVT-002629,USER-00154,search,2025-12-20T17:36:54,SES-1700a049,tablet,Chrome,organic,,,,,0.0,red wine gift,0,0,0,
310578f3-79bb-4b54-b0ed-baee1a4935d2,EVT-002630,USER-00144,view,2025-12-23T03:09:21,SES-cf0f9ae0,tablet,Edge,direct,PROD-01196,Oral-B iO Series 9,Personal Care,Healthcare,285.71,,125,0,0,
39b0895e-45f3-404c-90cb-e681f2f8e982,EVT-002631,USER-00001,view,2025-12-05T20:56:47,SES-0fdb9e82,desktop,Safari,direct,PROD-00512,Dom Pérignon Rosé 2009,Champagne,Wine,415.51,,398,0,0,
2cef6bdd-79b1-4d9b-b45d-07550ab90029,EVT-002632,USER-00023,search,2025-12-09T08:24:45,SES-d3541e84,desktop,Chrome,social,,,,,0.0,gaming laptop,0,0,0,
8da06d06-2190-4a96-a1ca-ac721f69866f,EVT-002633,USER-00155,search,2025-11-08T14:50:43,SES-025eff03,mobile,Firefox,social,,,,,0.0,wireless headphones,0,0,0,
14318329-2371-4892-a8e9-826f3de797a6,EVT-002634,USER-00218,click,2025-12-07T17:08:40,SES-daf3d4fe,desktop,Safari,email,PROD-00003,Penfolds Grange,Red Wine,Wine,390.13,,276,0,0,
769786b3-5a40-4675-9ce0-142c57c3aab5,EVT-002635,USER-00107,search,2026-01-03T13:24:26,SES-c5e3199b,desktop,Firefox,organic,,,,,0.0,home office chair,0,0,0,
601eced4-96f6-4194-97cf-002ea8289a15,EVT-002636,USER-00147,add_to_cart,2026-01-15T16:40:49,SES-fd227be0,mobile,Chrome,email,PROD-01416,REI Flash 55 Pack,Outdoor Gear,Sports,517.67,,0,1,0,
40f83afd-e3e5-4239-a37c-ef89180ac0ac,EVT-002637,USER-00048,wishlist,2025-12-24T14:49:37,SES-87e439d1,tablet,Safari,organic,PROD-01844,Samsung Galaxy Watch 6,Smartwatches,Electronics,790.52,,0,0,0,
f7f587e0-8fd6-4adc-b11a-eb72eb7a22f2,EVT-002638,USER-00154,search,2026-01-03T14:55:21,SES-20238013,tablet,Chrome,organic,,,,,0.0,red wine gift,0,0,0,
25ea6590-573c-4636-8eae-ffdd8a4ede33,EVT-002639,USER-00144,view,2025-12-14T17:14:25,SES-2ea342ef,tablet,Edge,direct,PROD-01196,Oral-B iO Series 9,Personal Care,Healthcare,285.71,,125,0,0,
fc312213-2416-46e1-8bad-9721dfdcefd4,EVT-002640,USER-00001,view,2026-01-09T03:22:46,SES-9ec3d9de,desktop,Safari,direct,PROD-00512,Dom Pérignon Rosé 2009,Champagne,Wine,415.51,,398,0,0,
037bda96-2e02-43fe-98ba-fe172abb490e,EVT-002641,USER-00023,search,2025-11-01T20:00:16,SES-dd8e2622,desktop,Chrome,social,,,,,0.0,gaming laptop,0,0,0,
a430c62d-f2f9-4a28-aaf0-effc75df193a,EVT-002642,USER-00155,search,2025-10-26T10:55:38,SES-dbae636e,mobile,Firefox,social,,,,,0.0,wireless headphones,0,0,0,
0d20ac01-2a84-4c08-9134-7b77f816a686,EVT-002643,USER-00218,click,2025-11-27T15:00:21,SES-95a8ae0e,desktop,Safari,email,PROD-00003,Penfolds Grange,Red Wine,Wine,390.13,,276,0,0,
a4eb9a70-5b41-4943-98cc-3c20ef4dea03,EVT-002644,USER-00107,search,2025-10-25T13:07:29,SES-cecbe710,desktop,Firefox,organic,,,,,0.0,home office chair,0,0,0,
12da83ee-a918-430c-a605-532f81857736,EVT-002645,USER-00147,add_to_cart,2025-12-21T06:08:16,SES-c8e8cf19,mobile,Chrome,email,PROD-01416,REI Flash 55 Pack,Outdoor Gear,Sports,517.67,,0,1,0,
85a6514d-7d8e-4349-a9cb-04063cf1ec43,EVT-002646,USER-00048,wishlist,2026-01-17T13:43:06,SES-7749c454,tablet,Safari,organic,PROD-01844,Samsung Galaxy Watch 6,Smartwatches,Electronics,790.52,,0,0,0,
f2cf6762-582c-41bf-b3b6-950f2cc9276a,EVT-002647,USER-00154,search,2025-12-31T00:03:48,SES-c078ebfc,tablet,Chrome,organic,,,,,0.0,red wine gift,0,0,0,
0052accf-8f46-4505-b334-1782bea115fb,EVT-002648,USER-00144,view,2025-11-06T14:53:32,SES-41a82277,tablet,Edge,direct,PROD-01196,Oral-B iO Series 9,Personal Care,Healthcare,285.71,,125,0,0,
cb8030ad-7176-4e2f-855f-31a70a4550df,EVT-002649,USER-00001,view,2025-12-30T06:11:20,SES-75407eec,desktop,Safari,direct,PROD-00512,Dom Pérignon Rosé 2009,Champagne,Wine,415.51,,398,0,0,
10529699-7117-4f93-a7cb-7ef67b527fee,EVT-002650,USER-00023,search,2026-01-02T05:23:28,SES-24b85fef,desktop,Chrome,social,,,,,0.0,gaming laptop,0,0,0,
36bb9fce-f3df-414b-b7a3-fbe39d82a3c4,EVT-002651,USER-00155,search,2025-11-08T22:09:16,SES-8ec65056,mobile,Firefox,social,,,,,0.0,wireless headphones,0,0,0,
d9a89ead-228d-4417-844c-2fa22f2d1ab7,EVT-002652,USER-00218,click,2026-01-15T07:18:16,SES-a7ebcfaa,desktop,Safari,email,PROD-00003,Penfolds Grange,Red Wine,Wine,390.13,,276,0,0,
faf58cdd-e5de-45bb-84c3-c66c189f7c7e,EVT-002653,USER-00107,search,2026-01-13T08:46:15,SES-cf06eb88,desktop,Firefox,organic,,,,,0.0,home office chair,0,0,0,
710e2f87-7d0a-4994-a2c3-450a7271cc10,EVT-002654,USER-00147,add_to_cart,2025-11-04T12:41:32,SES-e5907fb8,mobile,Chrome,email,PROD-01416,REI Flash 55 Pack,Outdoor Gear,Sports,517.67,,0,1,0,
56d1e748-a4e4-4276-8f1d-dcbaeeadfb2a,EVT-002655,USER-00048,wishlist,2025-10-30T18:55:30,SES-4697ca07,tablet,Safari,organic,PROD-01844,Samsung Galaxy Watch 6,Smartwatches,Electronics,790.52,,0,0,0,
85ce1a2e-95a5-41bd-89d6-855dc4604347,EVT-002656,USER-00154,search,2025-12-02T11:36:16,SES-5309da96,tablet,Chrome,organic,,,,,0.0,red wine gift,0,0,0,
5441d23b-335b-4663-8702-a44238ff705e,EVT-002657,USER-00144,view,2026-01-11T17:26:26,SES-26e0f02d,tablet,Edge,direct,PROD-01196,Oral-B iO Series 9,Personal Care,Healthcare,285.71,,125,0,0,
f7318245-3abf-498b-8372-fa94c277bc6c,EVT-002658,USER-00001,view,2026-01-12T20:47:37,SES-ee521358,desktop,Safari,direct,PROD-00512,Dom Pérignon Rosé 2009,Champagne,Wine,415.51,,398,0,0,
889f346a-880c-47c3-9fc0-ccae45522fce,EVT-002659,USER-00023,search,2025-11-03T08:12:51,SES-dc059433,desktop,Chrome,social,,,,,0.0,gaming laptop,0,0,0,
de557110-4197-4509-a2c9-cebee5661636,EVT-002660,USER-00155,search,2025-10-28T04:31:51,SES-f122d29e,mobile,Firefox,social,,,,,0.0,wireless headphones,0,0,0,
1a1ebaa0-46c6-4cf0-8821-c20cadfca754,EVT-002661,USER-00218,click,2025-12-04T19:04:31,SES-feafbea1,desktop,Safari,email,PROD-00003,Penfolds Grange,Red Wine,Wine,390.13,,276,0,0,
c8c47a4d-df89-49f1-850d-e1d4fe5ac40e,EVT-002662,USER-00107,search,2025-12-23T15:21:41,SES-2d1badf4,desktop,Firefox,organic,,,,,0.0,home office chair,0,0,0,
2ff30df9-31ad-43ee-b11c-73a0b1ec5a6d,EVT-002663,USER-00147,add_to_cart,2025-12-30T17:43:35,SES-36e555cf,mobile,Chrome,email,PROD-01416,REI Flash 55 Pack,Outdoor Gear,Sports,517.67,,0,1,0,
8d07c9bf-fea9-40b5-8d89-22bb42f822d2,EVT-002664,USER-00048,wishlist,2025-10-28T19:09:30,SES-c4f2df41,tablet,Safari,organic,PROD-01844,Samsung Galaxy Watch 6,Smartwatches,Electronics,790.52,,0,0,0,
605e93f1-a7c5-424d-bfed-11f662cb0bc2,EVT-002665,USER-00154,search,2025-11-22T06:09:14,SES-47a24bd1,tablet,Chrome,organic,,,,,0.0,red wine gift,0,0,0,
63acd639-10c6-4dec-b063-77ad74e047b3,EVT-002666,USER-00144,view,2025-11-01T05:03:50,SES-256aab8d,tablet,Edge,direct,PROD-01196,Oral-B iO Series 9,Personal Care,Healthcare,285.71,,125,0,0,
e034c51b-80b9-4aeb-950b-8c834daef946,EVT-002667,USER-00001,view,2026-01-14T00:57:32,SES-cbfe0dc7,desktop,Safari,direct,PROD-00512,Dom Pérignon Rosé 2009,Champagne,Wine,415.51,,398,0,0,
14bfe211-f947-4358-90b8-af1ca0816e8c,EVT-002668,USER-00023,search,2025-12-14T13:44:10,SES-f17a7cb8,desktop,Chrome,social,,,,,0.0,gaming laptop,0,0,0,
5a103ff2-2fcb-4a05-8a00-fbd0c3e660e5,EVT-002669,USER-00155,search,2025-11-18T16:30:02,SES-516461e1,mobile,Firefox,social,,,,,0.0,wireless headphones,0,0,0,
a3d462f1-388f-4360-a8ce-42d831ee666b,EVT-002670,USER-00218,click,2026-01-13T12:34:31,SES-34f35ae8,desktop,Safari,email,PROD-00003,Penfolds Grange,Red Wine,Wine,390.13,,276,0,0,
31be2c42-ed0c-47d1-8d74-e4ddbf9e14d9,EVT-002671,USER-00107,search,2025-11-10T14:24:26,SES-eea8e1c3,desktop,Firefox,organic,,,,,0.0,home office chair,0,0,0,
67e6f6b5-da95-492b-bc84-7d53ee2c7bd9,EVT-002672,USER-00147,add_to_cart,2025-12-25T08:26:07,SES-2721cf8f,mobile,Chrome,email,PROD-01416,REI Flash 55 Pack,Outdoor Gear,Sports,517.67,,0,1,0,
c44e2d08-af9a-432b-a6aa-d0f59718d3b7,EVT-002673,USER-00048,wishlist,2025-12-21T08:39:44,SES-40b2e903,tablet,Safari,organic,PROD-01844,Samsung Galaxy Watch 6,Smartwatches,Electronics,790.52,,0,0,0,
9514eba5-7604-43de-8c2f-4af7cf8ce400,EVT-002674,USER-00154,search,2026-01-02T08:19:16,SES-ca963587,tablet,Chrome,organic,,,,,0.0,red wine gift,0,0,0,
b62d70ec-bec4-47b0-85e5-cd34e6072b57,EVT-002675,USER-00144,view,2025-10-24T08:47:02,SES-f533b220,tablet,Edge,direct,PROD-01196,Oral-B iO Series 9,Personal Care,Healthcare,285.71,,125,0,0,
b348bb27-a78f-4a88-b131-c617d00f6d9c,EVT-002676,USER-00001,view,2025-11-24T01:05:43,SES-01e09c40,desktop,Safari,direct,PROD-00512,Dom Pérignon Rosé 2009,Champagne,Wine,415.51,,398,0,0,
1c55e8af-46a6-492a-9e4d-a132c585f5bd,EVT-002677,USER-00023,search,2026-01-12T00:55:06,SES-227a6b79,desktop,Chrome,social,,,,,0.0,gaming laptop,0,0,0,
53522010-b313-48fa-9997-33df8d15a3a1,EVT-002678,USER-00155,search,2025-12-26T23:46:55,SES-6bbefd63,mobile,Firefox,social,,,,,0.0,wireless headphones,0,0,0,
56a536b9-95e6-49d0-abe9-677f90dffe24,EVT-002679,USER-00218,click,2026-01-13T02:26:56,SES-f36f99eb,desktop,Safari,email,PROD-00003,Penfolds Grange,Red Wine,Wine,390.13,,276,0,0,
5b3cd36a-07c8-47ea-a1da-89e6cfaa2592,EVT-002680,USER-00107,search,2026-01-18T02:18:16,SES-7c40a18b,desktop,Firefox,organic,,,,,0.0,home office chair,0,0,0,
d27f4e67-6339-4b7b-b43d-3d0b2914aa96,EVT-002681,USER-00147,add_to_cart,2025-11-22T11:22:56,SES-ab688ca6,mobile,Chrome,email,PROD-01416,REI Flash 55 Pack,Outdoor Gear,Sports,517.67,,0,1,0,
0917740f-5e8b-4ef0-8fdb-63b71a9469ec,EVT-002682,USER-00048,wishlist,2026-01-17T21:48:26,SES-63ba0a5a,tablet,Safari,organic,PROD-01844,Samsung Galaxy Watch 6,Smartwatches,Electronics,790.52,,0,0,0,
27c96234-ef5f-46f1-b01a-69a497761c73,EVT-002683,USER-00154,search,2025-12-30T14:44:21,SES-116a9e1a,tablet,Chrome,organic,,,,,0.0,red wine gift,0,0,0,
d41500d6-7fb9-4b85-9ee0-b215956c3daf,EVT-002684,USER-00144,view,2025-11-08T04:13:33,SES-a8b03a52,tablet,Edge,direct,PROD-01196,Oral-B iO Series 9,Personal Care,Healthcare,285.71,,125,0,0,
b54b76fb-192b-4a6e-a73e-9b56cd3e1210,EVT-002685,USER-00001,view,2026-01-18T16:25:16,SES-9776fca7,desktop,Safari,direct,PROD-00512,Dom Pérignon Rosé 2009,Champagne,Wine,415.51,,398,0,0,
45808d59-210a-472e-8e39-a12c9fb43062,EVT-002686,USER-00023,search,2025-12-18T17:23:00,SES-f6b2c69b,desktop,Chrome,social,,,,,0.0,gaming laptop,0,0,0,
5699122b-b027-4f46-bcc2-87720825fc5d,EVT-002687,USER-00155,search,2025-12-31T20:37:38,SES-963851ee,mobile,Firefox,social,,,,,0.0,wireless headphones,0,0,0,
d4a48e7d-2c83-4797-95a9-4abb4c206e64,EVT-002688,USER-00218,click,2025-11-27T07:22:09,SES-b7ea2ec9,desktop,Safari,email,PROD-00003,Penfolds Grange,Red Wine,Wine,390.13,,276,0,0,
f1a6549d-da57-45b9-ac3f-bf3ce8ac446c,EVT-002689,USER-00107,search,2025-12-11T21:05:24,SES-d3633d55,desktop,Firefox,organic,,,,,0.0,home office chair,0,0,0,
8c6f4c15-e007-4d50-a91f-bb92eab8c9e6,EVT-002690,USER-00147,add_to_cart,2025-10-24T02:57:03,SES-b9350c43,mobile,Chrome,email,PROD-01416,REI Flash 55 Pack,Outdoor Gear,Sports,517.67,,0,1,0,
3790bfa2-e729-4704-837e-199b3da7f287,EVT-002691,USER-00048,wishlist,2025-12-26T06:18:57,SES-bdf4a203,tablet,Safari,organic,PROD-01844,Samsung Galaxy Watch 6,Smartwatches,Electronics,790.52,,0,0,0,
e8351c66-8060-446c-a1a3-775de5044440,EVT-002692,USER-00154,search,2025-11-30T21:23:27,SES-440b9696,tablet,Chrome,organic,,,,,0.0,red wine gift,0,0,0,
73cc42f9-f4df-41c3-a0c1-7492efba2661,EVT-002693,USER-00144,view,2025-12-02T04:09:44,SES-ed653a0c,tablet,Edge,direct,PROD-01196,Oral-B iO Series 9,Personal Care,Healthcare,285.71,,125,0,0,
9775d5b8-65f3-4f36-9d70-c91cc61c1423,EVT-002694,USER-00001,view,2026-01-12T01:57:03,SES-356d8319,desktop,Safari,direct,PROD-00512,Dom Pérignon Rosé 2009,Champagne,Wine,415.51,,398,0,0,
4dd35510-26a8-4356-bf65-89e89d2ff061,EVT-002695,USER-00023,search,2025-12-26T13:50:08,SES-142ebf42,desktop,Chrome,social,,,,,0.0,gaming laptop,0,0,0,
386862bc-fc6a-4fbe-95a0-49e11154706b,EVT-002696,USER-00155,search,2025-12-26T18:18:24,SES-03673fd0,mobile,Firefox,social,,,,,0.0,wireless headphones,0,0,0,
5153ec8d-231f-4953-9925-8649dceda28c,EVT-002697,USER-00218,click,2025-10-28T17:11:47,SES-48b2bc9a,desktop,Safari,email,PROD-00003,Penfolds Grange,Red Wine,Wine,390.13,,276,0,0,
3fc7310f-3886-412a-bb2f-effa71e3815d,EVT-002698,USER-00107,search,2025-10-29T01:17:08,SES-c67a7e95,desktop,Firefox,organic,,,,,0.0,home office chair,0,0,0,
04114707-1dd4-4786-bae8-94a9bcc8e039,EVT-002699,USER-00147,add_to_cart,2025-11-10T11:30:44,SES-18f3e635,mobile,Chrome,email,PROD-01416,REI Flash 55 Pack,Outdoor Gear,Sports,517.67,,0,1,0,
296acf32-4ceb-4445-b79b-8aef2ecd2f3f,EVT-002700,USER-00048,wishlist,2026-01-10T20:25:47,SES-c43b1651,tablet,Safari,organic,PROD-01844,Samsung Galaxy Watch 6,Smartwatches,Electronics,790.52,,0,0,0,
c66758db-fb31-4c95-8496-a66512f8e3da,EVT-002701,USER-00154,search,2026-01-04T15:52:16,SES-6a4888d0,tablet,Chrome,organic,,,,,0.0,red wine gift,0,0,0,
433f82fe-bd9a-4e69-a4c8-393b80b3ab03,EVT-002702,USER-00144,view,2025-12-10T10:34:09,SES-f6f111d9,tablet,Edge,direct,PROD-01196,Oral-B iO Series 9,Personal Care,Healthcare,285.71,,125,0,0,
52751880-a1e6-40ee-95dc-84b032b7965a,EVT-002703,USER-00001,view,2025-11-06T01:39:43,SES-d887beeb,desktop,Safari,direct,PROD-00512,Dom Pérignon Rosé 2009,Champagne,Wine,415.51,,398,0,0,
8feb9c41-df58-44a0-91f2-e3208077ba0d,EVT-002704,USER-00023,search,2026-01-01T12:31:22,SES-2cb6bc22,desktop,Chrome,social,,,,,0.0,gaming laptop,0,0,0,
39f3b1a5-701e-41d4-85f9-7521d2e48daf,EVT-002705,USER-00155,search,2025-11-17T15:14:11,SES-0e5877a7,mobile,Firefox,social,,,,,0.0,wireless headphones,0,0,0,
f08b43bf-4a2c-4c28-9dbf-93840fe02e2f,EVT-002706,USER-00218,click,2025-10-30T21:35:27,SES-44813dff,desktop,Safari,email,PROD-00003,Penfolds Grange,Red Wine,Wine,390.13,,276,0,0,
ca095805-3c6b-4425-8ec3-5859c48904c1,EVT-002707,USER-00107,search,2025-11-08T12:04:56,SES-4b80b07e,desktop,Firefox,organic,,,,,0.0,home office chair,0,0,0,
fe78f784-c51b-4f4a-92fd-5bb3b2af4923,EVT-002708,USER-00147,add_to_cart,2025-12-04T19:07:26,SES-098fec41,mobile,Chrome,email,PROD-01416,REI Flash 55 Pack,Outdoor Gear,Sports,517.67,,0,1,0,
b70854e9-2210-4919-b380-5db99c595894,EVT-002709,USER-00048,wishlist,2025-10-27T01:38:30,SES-5030afcd,tablet,Safari,organic,PROD-01844,Samsung Galaxy Watch 6,Smartwatches,Electronics,790.52,,0,0,0,
986f4184-c5ca-4fb3-8e89-cee04a0e07e7,EVT-002710,USER-00154,search,2025-11-18T11:57:02,SES-5dfc3a87,tablet,Chrome,organic,,,,,0.0,red wine gift,0,0,0,
9d151008-cea8-4078-bab6-cb8963e0e27e,EVT-002711,USER-00144,view,2025-12-20T19:54:18,SES-a8a6b948,tablet,Edge,direct,PROD-01196,Oral-B iO Series 9,Personal Care,Healthcare,285.71,,125,0,0,
28d49d96-7748-4986-8034-36ddb1cde6c4,EVT-002712,USER-00001,view,2025-11-11T00:53:44,SES-3556281a,desktop,Safari,direct,PROD-00512,Dom Pérignon Rosé 2009,Champagne,Wine,415.51,,398,0,0,
8eb27d45-9af2-4f70-9cc9-365c63970464,EVT-002713,USER-00023,search,2025-12-28T14:45:21,SES-9cec4364,desktop,Chrome,social,,,,,0.0,gaming laptop,0,0,0,
26c1fdb5-6d2c-4caf-9644-a953f98f3788,EVT-002714,USER-00155,search,2025-12-10T19:45:01,SES-6ae26d6b,mobile,Firefox,social,,,,,0.0,wireless headphones,0,0,0,
0aad84c4-6424-4fe8-8431-510c2bd9d07a,EVT-002715,USER-00218,click,2025-12-01T11:33:17,SES-3d61363a,desktop,Safari,email,PROD-00003,Penfolds Grange,Red Wine,Wine,390.13,,276,0,0,
eb81b79c-ee4a-4a8d-998c-a40c41a9c739,EVT-002716,USER-00107,search,2025-11-08T12:58:29,SES-ac22f6df,desktop,Firefox,organic,,,,,0.0,home office chair,0,0,0,
a3edfa63-21c6-4153-99c5-c85dfc93655f,EVT-002717,USER-00147,add_to_cart,2025-12-23T10:17:07,SES-4b5d930b,mobile,Chrome,email,PROD-01416,REI Flash 55 Pack,Outdoor Gear,Sports,517.67,,0,1,0,
5f4b733c-2e7a-4d06-bbbf-cb9d5da3a1b5,EVT-002718,USER-00048,wishlist,2026-01-03T06:09:57,SES-2b392195,tablet,Safari,organic,PROD-01844,Samsung Galaxy Watch 6,Smartwatches,Electronics,790.52,,0,0,0,
86182a71-d812-47ba-8403-1be7a23c42df,EVT-002719,USER-00154,search,2026-01-12T12:13:15,SES-08b49ae1,tablet,Chrome,organic,,,,,0.0,red wine gift,0,0,0,
aa286705-0d08-418f-a824-ac0c70088663,EVT-002720,USER-00144,view,2026-01-12T02:17:03,SES-3746aa35,tablet,Edge,direct,PROD-01196,Oral-B iO Series 9,Personal Care,Healthcare,285.71,,125,0,0,
6dd0a5d0-e360-43a1-8474-689424c3b5a9,EVT-002721,USER-00001,view,2025-10-23T01:26:35,SES-95022ade,desktop,Safari,direct,PROD-00512,Dom Pérignon Rosé 2009,Champagne,Wine,415.51,,398,0,0,
3f79f01a-14bf-46d1-87a8-afa055bd43dd,EVT-002722,USER-00023,search,2025-11-21T22:59:44,SES-5ce0b07b,desktop,Chrome,social,,,,,0.0,gaming laptop,0,0,0,
f97acd73-8753-47ed-9e70-17c54cad4922,EVT-002723,USER-00155,search,2025-11-18T07:50:38,SES-939adbf0,mobile,Firefox,social,,,,,0.0,wireless headphones,0,0,0,
e9d0d97a-27b2-4759-95e2-a4460eb07202,EVT-002724,USER-00218,click,2025-12-16T04:07:39,SES-df39959b,desktop,Safari,email,PROD-00003,Penfolds Grange,Red Wine,Wine,390.13,,276,0,0,
066377a0-211a-4598-91df-09f5802eccac,EVT-002725,USER-00107,search,2025-11-25T19:05:04,SES-58f9fe7b,desktop,Firefox,organic,,,,,0.0,home office chair,0,0,0,
ae6d1009-252c-48c8-b8a1-d602c0210fb2,EVT-002726,USER-00147,add_to_cart,2025-11-03T04:13:28,SES-40e4e1ea,mobile,Chrome,email,PROD-01416,REI Flash 55 Pack,Outdoor Gear,Sports,517.67,,0,1,0,
6b66194e-4404-490c-9e71-c5749500fe91,EVT-002727,USER-00048,wishlist,2025-11-24T21:34:18,SES-e28d6437,tablet,Safari,organic,PROD-01844,Samsung Galaxy Watch 6,Smartwatches,Electronics,790.52,,0,0,0,
c89334ca-9f68-4492-95d0-e8c7253430ea,EVT-002728,USER-00154,search,2025-12-07T00:22:34,SES-b7c865b8,tablet,Chrome,organic,,,,,0.0,red wine gift,0,0,0,
455fa405-2ae3-4b0b-abb8-e95b5e8fd781,EVT-002729,USER-00144,view,2025-12-16T21:52:09,SES-7e6b7045,tablet,Edge,direct,PROD-01196,Oral-B iO Series 9,Personal Care,Healthcare,285.71,,125,0,0,
25116a80-f460-46cf-bfe2-11c33c4a40cf,EVT-002730,USER-00001,view,2026-01-11T22:11:49,SES-de36d099,desktop,Safari,direct,PROD-00512,Dom Pérignon Rosé 2009,Champagne,Wine,415.51,,398,0,0,
381dc179-d7e9-448e-874d-c2097b0d1849,EVT-002731,USER-00023,search,2025-12-29T08:24:29,SES-59bd6fc2,desktop,Chrome,social,,,,,0.0,gaming laptop,0,0,0,
067b28f0-4bd9-4820-b9bd-38c086243d6c,EVT-002732,USER-00155,search,2025-10-31T02:32:46,SES-3c1020ae,mobile,Firefox,social,,,,,0.0,wireless headphones,0,0,0,
3d145cc2-4129-45cd-8126-8d39474c2cae,EVT-002733,USER-00218,click,2025-12-16T17:14:46,SES-8395dc07,desktop,Safari,email,PROD-00003,Penfolds Grange,Red Wine,Wine,390.13,,276,0,0,
85e3fadc-59c7-4066-83e8-808f238d82dc,EVT-002734,USER-00107,search,2025-12-06T16:48:37,SES-f57fda0b,desktop,Firefox,organic,,,,,0.0,home office chair,0,0,0,
9a19b028-a832-46d6-8f99-af1b7352d8b8,EVT-002735,USER-00147,add_to_cart,2025-10-31T07:21:43,SES-4572e6c6,mobile,Chrome,email,PROD-01416,REI Flash 55 Pack,Outdoor Gear,Sports,517.67,,0,1,0,
ff325185-6032-4366-83d1-c9245b4cee07,EVT-002736,USER-00048,wishlist,2025-11-03T00:50:20,SES-638732cd,tablet,Safari,organic,PROD-01844,Samsung Galaxy Watch 6,Smartwatches,Electronics,790.52,,0,0,0,
b455f64b-d735-463a-bd59-c626c3c6c3d0,EVT-002737,USER-00154,search,2026-01-19T21:03:02,SES-19f5991c,tablet,Chrome,organic,,,,,0.0,red wine gift,0,0,0,
a2b5f1e1-a071-4209-a3f1-d8b874e98318,EVT-002738,USER-00144,view,2025-10-31T12:57:13,SES-ca938b5e,tablet,Edge,direct,PROD-01196,Oral-B iO Series 9,Personal Care,Healthcare,285.71,,125,0,0,
8a83b8f0-d432-402d-a083-095eaf4a059b,EVT-002739,USER-00001,view,2025-11-09T11:11:16,SES-b924f817,desktop,Safari,direct,PROD-00512,Dom Pérignon Rosé 2009,Champagne,Wine,415.51,,398,0,0,
14953aa9-eb81-4c8c-9fd6-b72fb0579e7e,EVT-002740,USER-00023,search,2026-01-01T13:54:19,SES-49eeae65,desktop,Chrome,social,,,,,0.0,gaming laptop,0,0,0,
b95de807-1622-47d0-8185-bd841cda65d4,EVT-002741,USER-00155,search,2025-10-31T03:17:50,SES-1d725b9c,mobile,Firefox,social,,,,,0.0,wireless headphones,0,0,0,
ca2943ac-8190-473a-9298-764034d1569a,EVT-002742,USER-00218,click,2025-11-09T18:32:46,SES-af0e78e2,desktop,Safari,email,PROD-00003,Penfolds Grange,Red Wine,Wine,390.13,,276,0,0,
34f834ae-5a5a-4111-9e45-83be006057f9,EVT-002743,USER-00107,search,2025-11-22T13:45:40,SES-dafbbf2d,desktop,Firefox,organic,,,,,0.0,home office chair,0,0,0,
b826e016-a41d-4f6e-86e2-2b4377d42897,EVT-002744,USER-00147,add_to_cart,2025-12-19T03:24:20,SES-871da868,mobile,Chrome,email,PROD-01416,REI Flash 55 Pack,Outdoor Gear,Sports,517.67,,0,1,0,
1e1af649-8c81-478b-85b0-dbd75328524b,EVT-002745,USER-00048,wishlist,2025-12-22T14:04:17,SES-b968cac7,tablet,Safari,organic,PROD-01844,Samsung Galaxy Watch 6,Smartwatches,Electronics,790.52,,0,0,0,
dcaa29f4-da20-4e5a-9114-2b5c52b92b1f,EVT-002746,USER-00154,search,2025-10-24T16:46:59,SES-d991ae94,tablet,Chrome,organic,,,,,0.0,red wine gift,0,0,0,
3e4ea226-e7f6-4791-87d6-d5aed12f00b6,EVT-002747,USER-00144,view,2026-01-05T04:31:22,SES-e0983ad2,tablet,Edge,direct,PROD-01196,Oral-B iO Series 9,Personal Care,Healthcare,285.71,,125,0,0,
077f0d88-21df-4c54-ba33-ad35a9d7cd0c,EVT-002748,USER-00001,view,2025-11-08T04:30:38,SES-cafabbf4,desktop,Safari,direct,PROD-00512,Dom Pérignon Rosé 2009,Champagne,Wine,415.51,,398,0,0,
9cc4cf30-f746-41c6-98a8-e58595a95f12,EVT-002749,USER-00023,search,2026-01-07T07:49:09,SES-47bda336,desktop,Chrome,social,,,,,0.0,gaming laptop,0,0,0,
88666ca8-0f81-4c6e-8163-5eead22eef17,EVT-002750,USER-00155,search,2025-10-23T18:15:13,SES-1f56aaef,mobile,Firefox,social,,,,,0.0,wireless headphones,0,0,0,
1bd397d9-2a2c-4c2c-a197-579c5dfd5be9,EVT-002751,USER-00218,click,2025-11-12T20:48:06,SES-244cfe54,desktop,Safari,email,PROD-00003,Penfolds Grange,Red Wine,Wine,390.13,,276,0,0,
7bd0cda8-f4b6-4afb-97c9-3cf204babbb2,EVT-002752,USER-00107,search,2025-12-23T16:27:02,SES-cb86085e,desktop,Firefox,organic,,,,,0.0,home office chair,0,0,0,
56b8c771-36c8-42be-b604-618cc2cff936,EVT-002753,USER-00147,add_to_cart,2025-11-28T02:38:48,SES-216e3869,mobile,Chrome,email,PROD-01416,REI Flash 55 Pack,Outdoor Gear,Sports,517.67,,0,1,0,
598e18e2-14b5-4209-8da7-9416ae15bbe5,EVT-002754,USER-00048,wishlist,2025-12-06T10:37:15,SES-01ff56d9,tablet,Safari,organic,PROD-01844,Samsung Galaxy Watch 6,Smartwatches,Electronics,790.52,,0,0,0,
5a5192a7-1112-4ba2-960c-268f29a4086d,EVT-002755,USER-00154,search,2025-10-30T15:18:50,SES-4e7e3351,tablet,Chrome,organic,,,,,0.0,red wine gift,0,0,0,
3e2da678-b078-4dcc-bdb4-e91f10871475,EVT-002756,USER-00144,view,2026-01-15T21:57:00,SES-f023f974,tablet,Edge,direct,PROD-01196,Oral-B iO Series 9,Personal Care,Healthcare,285.71,,125,0,0,
de8aff22-3e54-4424-81b3-ce8edcb05425,EVT-002757,USER-00001,view,2026-01-01T01:37:00,SES-d0fbea53,desktop,Safari,direct,PROD-00512,Dom Pérignon Rosé 2009,Champagne,Wine,415.51,,398,0,0,
5f4434f7-db9c-431d-b41b-5fbaa0ec5863,EVT-002758,USER-00023,search,2025-11-15T16:51:26,SES-c9eba6af,desktop,Chrome,social,,,,,0.0,gaming laptop,0,0,0,
0e53c958-f9c2-421a-a115-369fa95e1b47,EVT-002759,USER-00155,search,2025-11-21T15:06:52,SES-e64329a1,mobile,Firefox,social,,,,,0.0,wireless headphones,0,0,0,
4f37d616-ff80-41a9-ae0a-80854f263ae9,EVT-002760,USER-00218,click,2026-01-12T00:59:58,SES-cdee69de,desktop,Safari,email,PROD-00003,Penfolds Grange,Red Wine,Wine,390.13,,276,0,0,
e0065953-a4b1-473c-ac2e-a278de0badcb,EVT-002761,USER-00107,search,2025-12-27T20:31:11,SES-68f2bca5,desktop,Firefox,organic,,,,,0.0,home office chair,0,0,0,
f539ecad-b89a-4c9f-a4af-61b70d4a1813,EVT-002762,USER-00147,add_to_cart,2025-12-24T02:38:15,SES-67165849,mobile,Chrome,email,PROD-01416,REI Flash 55 Pack,Outdoor Gear,Sports,517.67,,0,1,0,
bd5ad69f-bb94-440d-ab2f-bf2b3f56faec,EVT-002763,USER-00048,wishlist,2026-01-18T06:31:42,SES-9bfa36f5,tablet,Safari,organic,PROD-01844,Samsung Galaxy Watch 6,Smartwatches,Electronics,790.52,,0,0,0,
b49c0cdc-4aae-4d38-b527-52d82fa9dd7c,EVT-002764,USER-00154,search,2026-01-14T16:33:39,SES-9bb8f5f9,tablet,Chrome,organic,,,,,0.0,red wine gift,0,0,0,
a9ec8c61-94a4-453a-8e73-b281cd4fb2d9,EVT-002765,USER-00144,view,2025-11-10T07:11:33,SES-031751ab,tablet,Edge,direct,PROD-01196,Oral-B iO Series 9,Personal Care,Healthcare,285.71,,125,0,0,
133e83da-50d6-463b-b062-1ff4d55a4328,EVT-002766,USER-00001,view,2026-01-03T07:31:03,SES-e48d5080,desktop,Safari,direct,PROD-00512,Dom Pérignon Rosé 2009,Champagne,Wine,415.51,,398,0,0,
26cc5f5b-109c-493b-a05c-49640b881de1,EVT-002767,USER-00023,search,2026-01-04T03:08:49,SES-180d28ee,desktop,Chrome,social,,,,,0.0,gaming laptop,0,0,0,
66dbf8e1-af2a-4626-86e7-b5f15036348a,EVT-002768,USER-00155,search,2026-01-02T09:51:06,SES-c9d87bf5,mobile,Firefox,social,,,,,0.0,wireless headphones,0,0,0,
abbd1187-ddbd-4e2b-9183-8054e2f05dd7,EVT-002769,USER-00218,click,2025-11-04T15:13:27,SES-f46125f5,desktop,Safari,email,PROD-00003,Penfolds Grange,Red Wine,Wine,390.13,,276,0,0,
dc491094-6d83-4178-afc7-26701b4892b8,EVT-002770,USER-00107,search,2025-11-21T21:25:01,SES-513d2ac4,desktop,Firefox,organic,,,,,0.0,home office chair,0,0,0,
70a7fa0b-91b0-4a1b-9079-6426bf48c6e1,EVT-002771,USER-00147,add_to_cart,2025-10-27T22:12:35,SES-76156a74,mobile,Chrome,email,PROD-01416,REI Flash 55 Pack,Outdoor Gear,Sports,517.67,,0,1,0,
32d7f963-27aa-4bda-8da0-988cfd0a7851,EVT-002772,USER-00048,wishlist,2025-11-28T13:47:13,SES-a15b60e2,tablet,Safari,organic,PROD-01844,Samsung Galaxy Watch 6,Smartwatches,Electronics,790.52,,0,0,0,
c4db029b-f6de-4909-afdb-bea476ca309f,EVT-002773,USER-00154,search,2025-12-30T06:49:42,SES-fa41005c,tablet,Chrome,organic,,,,,0.0,red wine gift,0,0,0,
c420b11e-9476-4f0e-a244-0bbd4a020139,EVT-002774,USER-00144,view,2025-11-19T14:51:59,SES-968f91fc,tablet,Edge,direct,PROD-01196,Oral-B iO Series 9,Personal Care,Healthcare,285.71,,125,0,0,
5db10a39-607c-4b65-b17f-fdaa7829b8ca,EVT-002775,USER-00001,view,2025-11-09T00:42:33,SES-841cc918,desktop,Safari,direct,PROD-00512,Dom Pérignon Rosé 2009,Champagne,Wine,415.51,,398,0,0,
1f86f174-f63b-4524-aa46-a65285aba796,EVT-002776,USER-00023,search,2025-11-18T19:57:41,SES-c77c9560,desktop,Chrome,social,,,,,0.0,gaming laptop,0,0,0,
f233d5fd-095e-4440-aaee-939f384b804c,EVT-002777,USER-00155,search,2025-11-05T09:08:46,SES-aa82d824,mobile,Firefox,social,,,,,0.0,wireless headphones,0,0,0,
44938fa5-b36f-40c6-9882-b6d8998e080b,EVT-002778,USER-00218,click,2025-12-16T14:34:05,SES-63435aa5,desktop,Safari,email,PROD-00003,Penfolds Grange,Red Wine,Wine,390.13,,276,0,0,
4b7af9c1-ac88-483f-a8fe-78beff47e8df,EVT-002779,USER-00107,search,2025-11-22T09:11:36,SES-393dfa12,desktop,Firefox,organic,,,,,0.0,home office chair,0,0,0,
8fca95a4-864f-40d1-9d46-97b37718401f,EVT-002780,USER-00147,add_to_cart,2025-12-01T22:34:46,SES-fa5d7d3c,mobile,Chrome,email,PROD-01416,REI Flash 55 Pack,Outdoor Gear,Sports,517.67,,0,1,0,
f37cca01-53ff-4e47-a5a0-07e612b6da4a,EVT-002781,USER-00048,wishlist,2025-11-13T16:27:20,SES-62472ea8,tablet,Safari,organic,PROD-01844,Samsung Galaxy Watch 6,Smartwatches,Electronics,790.52,,0,0,0,
5ebd6a8b-3e05-4331-9d17-16f4abb9a8ad,EVT-002782,USER-00154,search,2026-01-11T20:15:43,SES-a9f28185,tablet,Chrome,organic,,,,,0.0,red wine gift,0,0,0,
58719ead-ac7c-4691-87d3-cdd40111fd9d,EVT-002783,USER-00144,view,2025-11-10T00:34:22,SES-28b68511,tablet,Edge,direct,PROD-01196,Oral-B iO Series 9,Personal Care,Healthcare,285.71,,125,0,0,
9f2ed8a5-3fda-4699-a1ac-313db5a5dc04,EVT-002784,USER-00001,view,2025-11-18T05:35:54,SES-37a28d80,desktop,Safari,direct,PROD-00512,Dom Pérignon Rosé 2009,Champagne,Wine,415.51,,398,0,0,
7dec1c61-cee0-4d05-9e4a-597f59be2f84,EVT-002785,USER-00023,search,2026-01-16T12:47:37,SES-2ad88e7f,desktop,Chrome,social,,,,,0.0,gaming laptop,0,0,0,
67c92b24-018f-410b-ab75-281deb74b82a,EVT-002786,USER-00155,search,2025-11-11T02:09:24,SES-91c76fd8,mobile,Firefox,social,,,,,0.0,wireless headphones,0,0,0,
b29e86c8-91e8-4b0c-a802-3814f6f9bbc0,EVT-002787,USER-00218,click,2025-11-08T22:37:50,SES-5c5932f7,desktop,Safari,email,PROD-00003,Penfolds Grange,Red Wine,Wine,390.13,,276,0,0,
4f0bdfbb-37a6-4537-96ff-31c2f89c9f33,EVT-002788,USER-00107,search,2025-11-20T09:10:18,SES-4b15afb4,desktop,Firefox,organic,,,,,0.0,home office chair,0,0,0,
341d8457-5cfe-4024-8faf-44be7da8f6d8,EVT-002789,USER-00147,add_to_cart,2025-11-16T22:16:06,SES-1220d7e5,mobile,Chrome,email,PROD-01416,REI Flash 55 Pack,Outdoor Gear,Sports,517.67,,0,1,0,
5af2f8bb-c77e-49b5-a981-c6cc6751c452,EVT-002790,USER-00048,wishlist,2025-12-29T11:21:28,SES-4c7c86e2,tablet,Safari,organic,PROD-01844,Samsung Galaxy Watch 6,Smartwatches,Electronics,790.52,,0,0,0,
4403b878-692a-496b-a892-7135d2fa0b2c,EVT-002791,USER-00154,search,2025-12-04T10:16:05,SES-d0a52b71,tablet,Chrome,organic,,,,,0.0,red wine gift,0,0,0,
135b0032-0e32-48bd-bbf5-a3976be4d697,EVT-002792,USER-00144,view,2025-11-17T10:21:52,SES-3d420437,tablet,Edge,direct,PROD-01196,Oral-B iO Series 9,Personal Care,Healthcare,285.71,,125,0,0,
a03a0409-db38-47da-8224-ec2bf4c123c7,EVT-002793,USER-00001,view,2025-10-31T17:15:55,SES-3b959a7f,desktop,Safari,direct,PROD-00512,Dom Pérignon Rosé 2009,Champagne,Wine,415.51,,398,0,0,
a21453a4-d0cd-4743-96c3-7229939a07d5,EVT-002794,USER-00023,search,2025-12-09T07:26:45,SES-c2d4264a,desktop,Chrome,social,,,,,0.0,gaming laptop,0,0,0,
291004b9-f4ea-483b-83ee-dba4dd3656d9,EVT-002795,USER-00155,search,2025-11-26T05:29:47,SES-857dd38e,mobile,Firefox,social,,,,,0.0,wireless headphones,0,0,0,
d7b67d17-0189-46c0-9bcc-f79d58a11610,EVT-002796,USER-00218,click,2025-12-17T22:23:22,SES-c3197274,desktop,Safari,email,PROD-00003,Penfolds Grange,Red Wine,Wine,390.13,,276,0,0,
5e9ce094-d676-4571-b0b0-295496b5de25,EVT-002797,USER-00107,search,2025-11-27T01:12:35,SES-731b3f96,desktop,Firefox,organic,,,,,0.0,home office chair,0,0,0,
450731ac-8a47-4822-93db-4c59c9184688,EVT-002798,USER-00147,add_to_cart,2025-11-25T14:49:50,SES-bb585b54,mobile,Chrome,email,PROD-01416,REI Flash 55 Pack,Outdoor Gear,Sports,517.67,,0,1,0,
5b4a3c1f-0ed0-4954-bdec-5fd32cc61411,EVT-002799,USER-00048,wishlist,2026-01-05T17:41:00,SES-7ec198c3,tablet,Safari,organic,PROD-01844,Samsung Galaxy Watch 6,Smartwatches,Electronics,790.52,,0,0,0,
9aba763d-658c-4a2e-b95b-31dcc7b89c0d,EVT-002800,USER-00154,search,2025-12-24T01:29:32,SES-1e5084b7,tablet,Chrome,organic,,,,,0.0,red wine gift,0,0,0,
4e5e69f7-0ad8-4c02-bc15-6534ced7f50c,EVT-002801,USER-00144,view,2025-12-12T12:42:27,SES-463d8f6b,tablet,Edge,direct,PROD-01196,Oral-B iO Series 9,Personal Care,Healthcare,285.71,,125,0,0,
7744751c-0cea-4d5c-91a9-c5e22128f042,EVT-002802,USER-00001,view,2025-12-05T09:44:38,SES-0c823a38,desktop,Safari,direct,PROD-00512,Dom Pérignon Rosé 2009,Champagne,Wine,415.51,,398,0,0,
cd3b6227-a364-4e28-8d94-f36d35b12eb4,EVT-002803,USER-00023,search,2026-01-11T06:48:17,SES-a1944cb5,desktop,Chrome,social,,,,,0.0,gaming laptop,0,0,0,
deda4241-5c0d-4be6-8641-4e8c28f0de14,EVT-002804,USER-00155,search,2025-12-23T00:19:40,SES-eb21c4f9,mobile,Firefox,social,,,,,0.0,wireless headphones,0,0,0,
1264044d-ffeb-4cae-88f0-6d71f20ed6c8,EVT-002805,USER-00218,click,2025-12-28T10:50:55,SES-73c4f144,desktop,Safari,email,PROD-00003,Penfolds Grange,Red Wine,Wine,390.13,,276,0,0,
d271b32a-03dc-4495-8b58-8f99d9f346a4,EVT-002806,USER-00107,search,2026-01-11T12:00:07,SES-8cfbe8d8,desktop,Firefox,organic,,,,,0.0,home office chair,0,0,0,
34431caf-884c-4f7f-8778-8eada918cb42,EVT-002807,USER-00147,add_to_cart,2025-11-08T07:09:51,SES-1f9b32b5,mobile,Chrome,email,PROD-01416,REI Flash 55 Pack,Outdoor Gear,Sports,517.67,,0,1,0,
5a5bee79-a2e8-4357-b356-b7b65aa759a8,EVT-002808,USER-00048,wishlist,2025-10-26T07:31:09,SES-43647122,tablet,Safari,organic,PROD-01844,Samsung Galaxy Watch 6,Smartwatches,Electronics,790.52,,0,0,0,
b09d481b-0ac7-4eb9-9296-e9e25db8d164,EVT-002809,USER-00154,search,2026-01-11T18:58:41,SES-4f7d5527,tablet,Chrome,organic,,,,,0.0,red wine gift,0,0,0,
7967caba-27a8-4c1d-bb5c-88032ec14de7,EVT-002810,USER-00144,view,2025-12-18T13:35:53,SES-41685098,tablet,Edge,direct,PROD-01196,Oral-B iO Series 9,Personal Care,Healthcare,285.71,,125,0,0,
96705089-5ca8-48c2-95bc-242f30373f6d,EVT-002811,USER-00001,view,2025-11-29T04:37:51,SES-bd4c103d,desktop,Safari,direct,PROD-00512,Dom Pérignon Rosé 2009,Champagne,Wine,415.51,,398,0,0,
2d80c53c-d390-4570-af86-2a9e0f679c9a,EVT-002812,USER-00023,search,2025-11-06T20:44:48,SES-a29a9519,desktop,Chrome,social,,,,,0.0,gaming laptop,0,0,0,
cdd3edc2-db53-45be-a96a-643477446735,EVT-002813,USER-00155,search,2025-12-13T23:26:28,SES-638c0222,mobile,Firefox,social,,,,,0.0,wireless headphones,0,0,0,
c63c8a72-b251-4bf0-b019-112c15696da5,EVT-002814,USER-00218,click,2025-12-16T23:07:23,SES-79a5b689,desktop,Safari,email,PROD-00003,Penfolds Grange,Red Wine,Wine,390.13,,276,0,0,
b54e045d-6a32-4809-93ff-9654d0b3d15f,EVT-002815,USER-00107,search,2025-11-12T04:48:34,SES-0d79d875,desktop,Firefox,organic,,,,,0.0,home office chair,0,0,0,
f49a7b87-c712-426c-8bb2-e619fe242b08,EVT-002816,USER-00147,add_to_cart,2025-12-29T22:08:42,SES-1a58ae6a,mobile,Chrome,email,PROD-01416,REI Flash 55 Pack,Outdoor Gear,Sports,517.67,,0,1,0,
f9b291eb-81c3-4da3-9874-1fb6791096f4,EVT-002817,USER-00048,wishlist,2025-12-03T20:52:53,SES-98a28aab,tablet,Safari,organic,PROD-01844,Samsung Galaxy Watch 6,Smartwatches,Electronics,790.52,,0,0,0,
9f8cddfe-1787-46b5-a427-b5bc64577a4d,EVT-002818,USER-00154,search,2025-11-25T10:18:55,SES-35da9146,tablet,Chrome,organic,,,,,0.0,red wine gift,0,0,0,
7ae5175b-2f90-403b-b3da-85e678819db8,EVT-002819,USER-00144,view,2025-12-24T11:14:14,SES-e4103bdb,tablet,Edge,direct,PROD-01196,Oral-B iO Series 9,Personal Care,Healthcare,285.71,,125,0,0,
ee4c935f-66f9-4afa-9b03-65ac7265fad7,EVT-002820,USER-00001,view,2026-01-09T11:28:59,SES-78fbb422,desktop,Safari,direct,PROD-00512,Dom Pérignon Rosé 2009,Champagne,Wine,415.51,,398,0,0,
f3ff1ad4-786d-4865-821a-414e419c4768,EVT-002821,USER-00023,search,2025-12-27T23:08:46,SES-6974d68f,desktop,Chrome,social,,,,,0.0,gaming laptop,0,0,0,
917cc5b0-1696-497c-b6be-d6133ef3a737,EVT-002822,USER-00155,search,2026-01-08T01:22:35,SES-fce0e0d6,mobile,Firefox,social,,,,,0.0,wireless headphones,0,0,0,
5be96645-3397-472c-9bda-671437de8a4b,EVT-002823,USER-00218,click,2025-11-19T18:37:25,SES-24312441,desktop,Safari,email,PROD-00003,Penfolds Grange,Red Wine,Wine,390.13,,276,0,0,
f0c3a5bd-9269-4f56-b22f-f3ea9d06c2d3,EVT-002824,USER-00107,search,2025-11-11T21:18:58,SES-cd07e156,desktop,Firefox,organic,,,,,0.0,home office chair,0,0,0,
94b06d88-cba2-415d-a5c4-96d33516c011,EVT-002825,USER-00147,add_to_cart,2025-11-24T23:16:10,SES-accb7cdd,mobile,Chrome,email,PROD-01416,REI Flash 55 Pack,Outdoor Gear,Sports,517.67,,0,1,0,
a4653fcc-3a27-4971-a274-b6843a8db3fb,EVT-002826,USER-00048,wishlist,2025-12-29T16:14:28,SES-85938d0e,tablet,Safari,organic,PROD-01844,Samsung Galaxy Watch 6,Smartwatches,Electronics,790.52,,0,0,0,
a776f8b4-8605-48bd-a47c-c5dfe6a57c18,EVT-002827,USER-00154,search,2025-12-10T15:47:16,SES-daeb1270,tablet,Chrome,organic,,,,,0.0,red wine gift,0,0,0,
02f9c88f-4ca7-49e2-998c-b4f494f96ae3,EVT-002828,USER-00144,view,2025-12-15T07:16:37,SES-ce96bc7d,tablet,Edge,direct,PROD-01196,Oral-B iO Series 9,Personal Care,Healthcare,285.71,,125,0,0,
d6af1a95-599f-4f2f-b3e0-9ab4b7dd00b0,EVT-002829,USER-00001,view,2026-01-11T07:38:17,SES-90d1495b,desktop,Safari,direct,PROD-00512,Dom Pérignon Rosé 2009,Champagne,Wine,415.51,,398,0,0,
7526651e-8692-497c-aadf-29f865000f35,EVT-002830,USER-00023,search,2026-01-02T21:33:08,SES-40d2946a,desktop,Chrome,social,,,,,0.0,gaming laptop,0,0,0,
b2f877ab-5a46-4656-857b-266f1ad39a27,EVT-002831,USER-00155,search,2026-01-07T20:46:16,SES-15f3db6a,mobile,Firefox,social,,,,,0.0,wireless headphones,0,0,0,
cc7c3e27-667d-480f-9ae8-667a9a97a539,EVT-002832,USER-00218,click,2025-11-17T20:37:44,SES-8fcfd309,desktop,Safari,email,PROD-00003,Penfolds Grange,Red Wine,Wine,390.13,,276,0,0,
f75787cb-26a3-4018-96f7-dae1f6ff1ccb,EVT-002833,USER-00107,search,2025-10-31T13:24:36,SES-8098357e,desktop,Firefox,organic,,,,,0.0,home office chair,0,0,0,
28900cff-07f8-4883-9e77-43acbf1e2adf,EVT-002834,USER-00147,add_to_cart,2025-12-11T13:56:28,SES-3013a228,mobile,Chrome,email,PROD-01416,REI Flash 55 Pack,Outdoor Gear,Sports,517.67,,0,1,0,
2a607e92-1413-4005-9004-77eac5a48339,EVT-002835,USER-00048,wishlist,2026-01-05T20:06:11,SES-5637d10a,tablet,Safari,organic,PROD-01844,Samsung Galaxy Watch 6,Smartwatches,Electronics,790.52,,0,0,0,
d48787ec-7f51-4061-9aad-e8c2ea628403,EVT-002836,USER-00154,search,2025-11-12T04:56:51,SES-58fc2f28,tablet,Chrome,organic,,,,,0.0,red wine gift,0,0,0,
ff016dd1-6eda-4be8-aaae-cc4e6fea7a2e,EVT-002837,USER-00144,view,2025-11-16T19:36:41,SES-336e33d6,tablet,Edge,direct,PROD-01196,Oral-B iO Series 9,Personal Care,Healthcare,285.71,,125,0,0,
13841ff8-8da2-4e8f-8091-a14f2738fde2,EVT-002838,USER-00001,view,2025-11-12T22:30:01,SES-27c8ba53,desktop,Safari,direct,PROD-00512,Dom Pérignon Rosé 2009,Champagne,Wine,415.51,,398,0,0,
1559bed7-ea62-4f37-942c-92601e4a493f,EVT-002839,USER-00023,search,2025-12-07T03:43:19,SES-91f5b433,desktop,Chrome,social,,,,,0.0,gaming laptop,0,0,0,
e03dc2b7-6cfd-4e57-9676-20e08344371d,EVT-002840,USER-00155,search,2025-11-17T01:44:41,SES-52d64bf5,mobile,Firefox,social,,,,,0.0,wireless headphones,0,0,0,
68a04f9e-5671-4194-9284-74687b143118,EVT-002841,USER-00218,click,2025-10-25T19:12:32,SES-0468ea86,desktop,Safari,email,PROD-00003,Penfolds Grange,Red Wine,Wine,390.13,,276,0,0,
581b222b-c01e-4f75-b9ac-c5400f4db192,EVT-002842,USER-00107,search,2026-01-20T06:09:27,SES-dfb78222,desktop,Firefox,organic,,,,,0.0,home office chair,0,0,0,
bfbccc48-8510-499f-8e73-36ddf3d1824b,EVT-002843,USER-00147,add_to_cart,2025-11-02T22:35:38,SES-88e988f9,mobile,Chrome,email,PROD-01416,REI Flash 55 Pack,Outdoor Gear,Sports,517.67,,0,1,0,
f9f23453-87f8-4ef4-b4dc-3ca85e5b1a0d,EVT-002844,USER-00048,wishlist,2025-12-11T22:41:47,SES-60927991,tablet,Safari,organic,PROD-01844,Samsung Galaxy Watch 6,Smartwatches,Electronics,790.52,,0,0,0,
064d6bb6-eca0-4175-b94a-d6709797ea42,EVT-002845,USER-00154,search,2025-12-25T15:57:17,SES-889b98bd,tablet,Chrome,organic,,,,,0.0,red wine gift,0,0,0,
b947333f-c089-4a59-81a6-c01ce44d532e,EVT-002846,USER-00144,view,2025-12-23T00:31:52,SES-54e0a9ac,tablet,Edge,direct,PROD-01196,Oral-B iO Series 9,Personal Care,Healthcare,285.71,,125,0,0,
cf88dace-0018-4644-9ac4-ba5c38286f0d,EVT-002847,USER-00001,view,2025-11-09T20:19:57,SES-3f7d8a1f,desktop,Safari,direct,PROD-00512,Dom Pérignon Rosé 2009,Champagne,Wine,415.51,,398,0,0,
471154e6-7751-4f10-9653-5fe7c3cce078,EVT-002848,USER-00023,search,2025-12-07T21:14:55,SES-d8c4e561,desktop,Chrome,social,,,,,0.0,gaming laptop,0,0,0,
b1929244-bfd8-46cc-b917-1b008a3e1c3d,EVT-002849,USER-00155,search,2025-11-05T07:43:22,SES-97053024,mobile,Firefox,social,,,,,0.0,wireless headphones,0,0,0,
718ec017-2311-4c76-b17f-8a5a19b02647,EVT-002850,USER-00218,click,2025-12-07T02:41:37,SES-e6ddf2fa,desktop,Safari,email,PROD-00003,Penfolds Grange,Red Wine,Wine,390.13,,276,0,0,
20597b56-c3c2-4bbe-a4b1-54e7f8e0ce40,EVT-002851,USER-00107,search,2025-12-18T17:19:16,SES-913737a5,desktop,Firefox,organic,,,,,0.0,home office chair,0,0,0,
1ce2d3f0-b086-4d3f-959d-e51444979eac,EVT-002852,USER-00147,add_to_cart,2025-11-23T02:33:11,SES-3d5f16ef,mobile,Chrome,email,PROD-01416,REI Flash 55 Pack,Outdoor Gear,Sports,517.67,,0,1,0,
c507c3f0-be89-4f03-8fab-25647ed641c1,EVT-002853,USER-00048,wishlist,2025-11-27T21:24:41,SES-fd79baaa,tablet,Safari,organic,PROD-01844,Samsung Galaxy Watch 6,Smartwatches,Electronics,790.52,,0,0,0,
5816552c-ce99-47fa-8447-6ab719ed1a8e,EVT-002854,USER-00154,search,2025-12-16T11:36:27,SES-8429c275,tablet,Chrome,organic,,,,,0.0,red wine gift,0,0,0,
242f5b16-aaa5-4182-8794-8ab3423bff49,EVT-002855,USER-00144,view,2025-11-28T10:31:27,SES-c1f69a8a,tablet,Edge,direct,PROD-01196,Oral-B iO Series 9,Personal Care,Healthcare,285.71,,125,0,0,
149037d5-fbad-461c-b59a-abf9cb297494,EVT-002856,USER-00001,view,2025-12-25T15:53:27,SES-552d9eea,desktop,Safari,direct,PROD-00512,Dom Pérignon Rosé 2009,Champagne,Wine,415.51,,398,0,0,
28df6506-1837-4b20-abb3-ed07881611b2,EVT-002857,USER-00023,search,2025-12-18T20:58:46,SES-7c49e5af,desktop,Chrome,social,,,,,0.0,gaming laptop,0,0,0,
9884b0b2-6f92-4c9a-b429-af2470f100b7,EVT-002858,USER-00155,search,2026-01-18T06:03:08,SES-53970c69,mobile,Firefox,social,,,,,0.0,wireless headphones,0,0,0,
3b876b1a-3b61-4893-9b9b-2ecd6f471578,EVT-002859,USER-00218,click,2025-10-26T00:48:19,SES-c9a7953e,desktop,Safari,email,PROD-00003,Penfolds Grange,Red Wine,Wine,390.13,,276,0,0,
0c675994-804d-4549-a596-759c4e854d56,EVT-002860,USER-00107,search,2025-11-23T01:06:39,SES-1e71663d,desktop,Firefox,organic,,,,,0.0,home office chair,0,0,0,
811dac60-507b-4a7b-b9aa-43f34c679bcd,EVT-002861,USER-00147,add_to_cart,2025-12-29T20:02:59,SES-953dbffa,mobile,Chrome,email,PROD-01416,REI Flash 55 Pack,Outdoor Gear,Sports,517.67,,0,1,0,
361d5b01-a584-4f3b-b215-9ec8c05ead68,EVT-002862,USER-00048,wishlist,2025-11-01T21:41:44,SES-f17c82c9,tablet,Safari,organic,PROD-01844,Samsung Galaxy Watch 6,Smartwatches,Electronics,790.52,,0,0,0,
ee227c23-de73-4a34-9fe2-11a9326ff5fb,EVT-002863,USER-00154,search,2025-12-22T20:42:21,SES-6208536c,tablet,Chrome,organic,,,,,0.0,red wine gift,0,0,0,
8a8007ce-0cfd-4e21-b4c7-9620eefcde60,EVT-002864,USER-00144,view,2025-11-26T14:11:25,SES-b2a657e0,tablet,Edge,direct,PROD-01196,Oral-B iO Series 9,Personal Care,Healthcare,285.71,,125,0,0,
2ebb73ce-4573-4816-9834-5929e9afd1c4,EVT-002865,USER-00001,view,2026-01-15T03:36:48,SES-54265a97,desktop,Safari,direct,PROD-00512,Dom Pérignon Rosé 2009,Champagne,Wine,415.51,,398,0,0,
aee013ad-20a3-430c-b209-61aae03a5fd9,EVT-002866,USER-00023,search,2026-01-18T05:28:04,SES-a0dd255c,desktop,Chrome,social,,,,,0.0,gaming laptop,0,0,0,
9f119c90-af14-4d10-809d-bc8f3fd959ce,EVT-002867,USER-00155,search,2025-10-23T12:20:02,SES-e3bfe1a8,mobile,Firefox,social,,,,,0.0,wireless headphones,0,0,0,
c922f04a-97c1-4ba9-b2d2-f7c3472b2f6b,EVT-002868,USER-00218,click,2025-11-07T03:50:42,SES-73d123cf,desktop,Safari,email,PROD-00003,Penfolds Grange,Red Wine,Wine,390.13,,276,0,0,
6560366b-d555-470f-8aac-b07bd6ec91af,EVT-002869,USER-00107,search,2025-12-02T15:52:51,SES-d0ece09e,desktop,Firefox,organic,,,,,0.0,home office chair,0,0,0,
c562d693-fb2c-4a4a-b520-c6ca446282a2,EVT-002870,USER-00147,add_to_cart,2025-12-07T21:54:55,SES-360352cb,mobile,Chrome,email,PROD-01416,REI Flash 55 Pack,Outdoor Gear,Sports,517.67,,0,1,0,
dae1a936-bf50-40ad-b359-87705e8ada07,EVT-002871,USER-00048,wishlist,2025-11-24T05:51:58,SES-253c44f4,tablet,Safari,organic,PROD-01844,Samsung Galaxy Watch 6,Smartwatches,Electronics,790.52,,0,0,0,
9be414bf-2ed3-41ff-b5e3-75b8ab017eb8,EVT-002872,USER-00154,search,2025-11-24T10:25:55,SES-a3a104d1,tablet,Chrome,organic,,,,,0.0,red wine gift,0,0,0,
a35a8894-caec-4259-9780-79b15a887052,EVT-002873,USER-00144,view,2025-12-24T15:36:09,SES-d5da19d6,tablet,Edge,direct,PROD-01196,Oral-B iO Series 9,Personal Care,Healthcare,285.71,,125,0,0,
76181b4b-321c-4402-800e-1ba403fad570,EVT-002874,USER-00001,view,2026-01-18T10:01:31,SES-cb39edf9,desktop,Safari,direct,PROD-00512,Dom Pérignon Rosé 2009,Champagne,Wine,415.51,,398,0,0,
672b1cd4-eb65-4673-b6f3-26f0fcb99290,EVT-002875,USER-00023,search,2025-11-01T11:25:50,SES-09b2e975,desktop,Chrome,social,,,,,0.0,gaming laptop,0,0,0,
3c402ac3-dda4-40d4-9a9d-004a97fdc735,EVT-002876,USER-00155,search,2025-11-09T21:55:52,SES-1265a324,mobile,Firefox,social,,,,,0.0,wireless headphones,0,0,0,
aa0e6524-b476-49e5-ba31-37be802d727c,EVT-002877,USER-00218,click,2026-01-19T09:43:14,SES-d3bd4fc8,desktop,Safari,email,PROD-00003,Penfolds Grange,Red Wine,Wine,390.13,,276,0,0,
19f56507-04f5-4059-9b0f-c7f7b8886eea,EVT-002878,USER-00107,search,2025-11-26T12:08:26,SES-c6d27f7d,desktop,Firefox,organic,,,,,0.0,home office chair,0,0,0,
e15d5319-822a-4128-8ffa-afb282196753,EVT-002879,USER-00147,add_to_cart,2025-11-21T11:36:13,SES-ffa5d868,mobile,Chrome,email,PROD-01416,REI Flash 55 Pack,Outdoor Gear,Sports,517.67,,0,1,0,
de582ac9-ec22-4009-9aca-7c9fc372c622,EVT-002880,USER-00048,wishlist,2025-11-07T13:09:16,SES-2ab045c3,tablet,Safari,organic,PROD-01844,Samsung Galaxy Watch 6,Smartwatches,Electronics,790.52,,0,0,0,
b30b3eea-ebb3-4dd3-8acf-ee645e5c8842,EVT-002881,USER-00154,search,2025-12-07T01:44:55,SES-cddf620e,tablet,Chrome,organic,,,,,0.0,red wine gift,0,0,0,
dd52feff-ce08-48d0-b58b-24be18ea7a55,EVT-002882,USER-00144,view,2025-12-14T20:00:54,SES-2ff0c5b2,tablet,Edge,direct,PROD-01196,Oral-B iO Series 9,Personal Care,Healthcare,285.71,,125,0,0,
717e530d-ab0d-4a50-a7b3-26dc8a5ccf04,EVT-002883,USER-00001,view,2025-11-09T19:42:56,SES-18e35e2b,desktop,Safari,direct,PROD-00512,Dom Pérignon Rosé 2009,Champagne,Wine,415.51,,398,0,0,
2d4b4b9c-3f50-486e-9733-0e5ca75b19bb,EVT-002884,USER-00023,search,2026-01-03T18:19:19,SES-3b88c527,desktop,Chrome,social,,,,,0.0,gaming laptop,0,0,0,
4c57dfea-f69a-4d2a-9f5c-bd0e317ddb5e,EVT-002885,USER-00155,search,2025-10-24T20:36:38,SES-0031964f,mobile,Firefox,social,,,,,0.0,wireless headphones,0,0,0,
a807d317-1105-4b8f-b722-0bed6e90927e,EVT-002886,USER-00218,click,2025-12-04T08:53:38,SES-40264e9d,desktop,Safari,email,PROD-00003,Penfolds Grange,Red Wine,Wine,390.13,,276,0,0,
10080fe5-c206-453f-bda0-1bed0d28bfd7,EVT-002887,USER-00107,search,2026-01-09T07:33:07,SES-ad236f8b,desktop,Firefox,organic,,,,,0.0,home office chair,0,0,0,
bfae92bf-2287-4d6e-8491-d494406c6117,EVT-002888,USER-00147,add_to_cart,2025-12-21T14:44:26,SES-560ab549,mobile,Chrome,email,PROD-01416,REI Flash 55 Pack,Outdoor Gear,Sports,517.67,,0,1,0,
a2ca8c1d-daa3-4676-a87e-1554dc9823a1,EVT-002889,USER-00048,wishlist,2025-12-06T01:31:30,SES-933746db,tablet,Safari,organic,PROD-01844,Samsung Galaxy Watch 6,Smartwatches,Electronics,790.52,,0,0,0,
36fe52a3-9b4f-4aa3-ad87-097e1b8505e6,EVT-002890,USER-00154,search,2025-12-19T09:03:32,SES-8aecfdf8,tablet,Chrome,organic,,,,,0.0,red wine gift,0,0,0,
f867cf8b-7608-4180-9883-52fc528abbb4,EVT-002891,USER-00144,view,2025-12-17T16:01:33,SES-cf061483,tablet,Edge,direct,PROD-01196,Oral-B iO Series 9,Personal Care,Healthcare,285.71,,125,0,0,
653b076c-b4d3-4a9a-a920-d20d6b29c17c,EVT-002892,USER-00001,view,2025-12-29T04:13:42,SES-313e6527,desktop,Safari,direct,PROD-00512,Dom Pérignon Rosé 2009,Champagne,Wine,415.51,,398,0,0,
c802ed15-dd9e-4b7b-b40d-c21b15aa287d,EVT-002893,USER-00023,search,2025-12-03T23:28:47,SES-ef728288,desktop,Chrome,social,,,,,0.0,gaming laptop,0,0,0,
af52c806-4df2-4736-b8e5-bd642b784de2,EVT-002894,USER-00155,search,2026-01-01T17:10:40,SES-e3fb4ed0,mobile,Firefox,social,,,,,0.0,wireless headphones,0,0,0,
f3ea7aff-86bb-40bc-a419-1d0b507f90cf,EVT-002895,USER-00218,click,2025-11-30T12:26:39,SES-67a57cc5,desktop,Safari,email,PROD-00003,Penfolds Grange,Red Wine,Wine,390.13,,276,0,0,
b834de9a-7bd6-44c9-83a1-50ff6cf9a29d,EVT-002896,USER-00107,search,2025-12-07T17:25:57,SES-d2c71e30,desktop,Firefox,organic,,,,,0.0,home office chair,0,0,0,
d35e77db-1634-4b72-a6e6-3d9f2cadcadc,EVT-002897,USER-00147,add_to_cart,2026-01-11T17:30:54,SES-1bae34a9,mobile,Chrome,email,PROD-01416,REI Flash 55 Pack,Outdoor Gear,Sports,517.67,,0,1,0,
2c85a7bd-ad46-48b3-b445-7bf21d466ad8,EVT-002898,USER-00048,wishlist,2025-11-15T09:31:57,SES-9d3ffa16,tablet,Safari,organic,PROD-01844,Samsung Galaxy Watch 6,Smartwatches,Electronics,790.52,,0,0,0,
55e57c11-0f67-482f-9155-f66fca9a5fc7,EVT-002899,USER-00154,search,2025-11-16T06:28:17,SES-2de4b0e3,tablet,Chrome,organic,,,,,0.0,red wine gift,0,0,0,
73424e02-03ba-47cb-ac10-d8823b4c5386,EVT-002900,USER-00144,view,2025-12-31T23:30:34,SES-0ea75e24,tablet,Edge,direct,PROD-01196,Oral-B iO Series 9,Personal Care,Healthcare,285.71,,125,0,0,
0d072ac7-cd72-4cf2-b1bd-ccd35897a19e,EVT-002901,USER-00001,view,2025-11-27T23:34:59,SES-421b51bb,desktop,Safari,direct,PROD-00512,Dom Pérignon Rosé 2009,Champagne,Wine,415.51,,398,0,0,
a5cc1270-d27b-49e1-960a-bface361f748,EVT-002902,USER-00023,search,2025-12-20T02:13:33,SES-3c26e335,desktop,Chrome,social,,,,,0.0,gaming laptop,0,0,0,
f350e9cd-c656-4511-aa6b-a0d93df3114b,EVT-002903,USER-00155,search,2025-11-24T13:14:35,SES-d8709d40,mobile,Firefox,social,,,,,0.0,wireless headphones,0,0,0,
96204806-2481-45bb-abde-71b874a19136,EVT-002904,USER-00218,click,2025-12-08T14:22:13,SES-c5e99fe6,desktop,Safari,email,PROD-00003,Penfolds Grange,Red Wine,Wine,390.13,,276,0,0,
38158bc2-c4f1-4296-8a9d-1d0242dee18e,EVT-002905,USER-00107,search,2025-12-27T15:04:45,SES-efe81829,desktop,Firefox,organic,,,,,0.0,home office chair,0,0,0,
a1143947-7d3d-4ab2-a753-6a17deb26675,EVT-002906,USER-00147,add_to_cart,2025-11-30T16:41:03,SES-7d094877,mobile,Chrome,email,PROD-01416,REI Flash 55 Pack,Outdoor Gear,Sports,517.67,,0,1,0,
0d11fa79-3bfe-4025-8000-deb08f9cb546,EVT-002907,USER-00048,wishlist,2025-11-20T21:23:03,SES-e119c6b2,tablet,Safari,organic,PROD-01844,Samsung Galaxy Watch 6,Smartwatches,Electronics,790.52,,0,0,0,
c5782b38-80fb-42e7-8e04-599669523208,EVT-002908,USER-00154,search,2025-10-26T15:26:13,SES-7134f511,tablet,Chrome,organic,,,,,0.0,red wine gift,0,0,0,
da8aecae-129a-4bb9-b124-cf8dd4d6941c,EVT-002909,USER-00144,view,2026-01-15T22:29:46,SES-e613ee53,tablet,Edge,direct,PROD-01196,Oral-B iO Series 9,Personal Care,Healthcare,285.71,,125,0,0,
fe1d8367-c162-4c22-87f8-53c19218c5e0,EVT-002910,USER-00001,view,2025-11-14T11:53:43,SES-af01ccb1,desktop,Safari,direct,PROD-00512,Dom Pérignon Rosé 2009,Champagne,Wine,415.51,,398,0,0,
37bb4b5b-9528-4916-b76b-8ce6e5379ec8,EVT-002911,USER-00023,search,2026-01-04T20:15:06,SES-093c88dc,desktop,Chrome,social,,,,,0.0,gaming laptop,0,0,0,
0e100765-2962-45ed-b0ee-3fad437f10b5,EVT-002912,USER-00155,search,2026-01-18T05:05:54,SES-65a02a8c,mobile,Firefox,social,,,,,0.0,wireless headphones,0,0,0,
4dd67444-c7b4-454c-b4f6-e1258571e274,EVT-002913,USER-00218,click,2026-01-20T17:43:53,SES-f6b29469,desktop,Safari,email,PROD-00003,Penfolds Grange,Red Wine,Wine,390.13,,276,0,0,
b54cde62-a4c1-4331-9fab-db4ffabbe547,EVT-002914,USER-00107,search,2025-12-10T23:14:02,SES-d5916d4b,desktop,Firefox,organic,,,,,0.0,home office chair,0,0,0,
cdfb6c0a-5eb4-4cf5-93a9-a1327878f5e0,EVT-002915,USER-00147,add_to_cart,2025-11-02T05:15:02,SES-ea51fe4b,mobile,Chrome,email,PROD-01416,REI Flash 55 Pack,Outdoor Gear,Sports,517.67,,0,1,0,
9aedfb7a-9521-4616-8551-4659fe826549,EVT-002916,USER-00048,wishlist,2025-12-02T14:53:53,SES-b7bd2f37,tablet,Safari,organic,PROD-01844,Samsung Galaxy Watch 6,Smartwatches,Electronics,790.52,,0,0,0,
59836560-e53b-41e0-b740-ab07d10105d7,EVT-002917,USER-00154,search,2025-12-03T02:20:06,SES-22fdf532,tablet,Chrome,organic,,,,,0.0,red wine gift,0,0,0,
53aa70cc-00ce-44be-9190-2f33049c075a,EVT-002918,USER-00144,view,2026-01-05T21:38:57,SES-6b9e6f05,tablet,Edge,direct,PROD-01196,Oral-B iO Series 9,Personal Care,Healthcare,285.71,,125,0,0,
5a43e090-e7d9-4f41-8088-94eb8afa25eb,EVT-002919,USER-00001,view,2025-11-17T21:35:10,SES-04e287ea,desktop,Safari,direct,PROD-00512,Dom Pérignon Rosé 2009,Champagne,Wine,415.51,,398,0,0,
7b9abba7-8334-49d6-a447-7f449ecc3d67,EVT-002920,USER-00023,search,2025-12-17T19:34:27,SES-730cf081,desktop,Chrome,social,,,,,0.0,gaming laptop,0,0,0,
5816280d-df70-4f1d-b808-1c6a3065e0a4,EVT-002921,USER-00155,search,2025-11-30T15:44:42,SES-89f063f8,mobile,Firefox,social,,,,,0.0,wireless headphones,0,0,0,
a3212860-798d-4703-a62d-21851fc352d3,EVT-002922,USER-00218,click,2025-12-19T07:53:49,SES-783782fd,desktop,Safari,email,PROD-00003,Penfolds Grange,Red Wine,Wine,390.13,,276,0,0,
abdb910b-9615-4df4-8f19-beb0b632854e,EVT-002923,USER-00107,search,2025-10-25T12:28:05,SES-7fec876f,desktop,Firefox,organic,,,,,0.0,home office chair,0,0,0,
c2ce47b7-e514-4e6f-895a-82b8bcc7e3f6,EVT-002924,USER-00147,add_to_cart,2025-11-07T16:08:16,SES-f914c6e6,mobile,Chrome,email,PROD-01416,REI Flash 55 Pack,Outdoor Gear,Sports,517.67,,0,1,0,
f39dbd27-2a30-4d18-8804-8b5a0d0dbbcf,EVT-002925,USER-00048,wishlist,2025-12-11T11:27:08,SES-e7b15d42,tablet,Safari,organic,PROD-01844,Samsung Galaxy Watch 6,Smartwatches,Electronics,790.52,,0,0,0,
418ee10e-52d5-4f12-bb72-8d591a32ce56,EVT-002926,USER-00154,search,2025-11-07T21:38:03,SES-86b284f7,tablet,Chrome,organic,,,,,0.0,red wine gift,0,0,0,
70279587-2bad-4048-97a8-a8d2fa8e5dbf,EVT-002927,USER-00144,view,2026-01-20T07:10:09,SES-679ae7ae,tablet,Edge,direct,PROD-01196,Oral-B iO Series 9,Personal Care,Healthcare,285.71,,125,0,0,
359eb3a8-2d1b-4afb-9c5e-c0795e4ca522,EVT-002928,USER-00001,view,2025-11-20T22:20:17,SES-6832bad0,desktop,Safari,direct,PROD-00512,Dom Pérignon Rosé 2009,Champagne,Wine,415.51,,398,0,0,
ae549385-281c-4497-a325-0fc852b3ed37,EVT-002929,USER-00023,search,2026-01-16T19:50:46,SES-c0ba7e02,desktop,Chrome,social,,,,,0.0,gaming laptop,0,0,0,
9ae746d1-0e09-473b-a40b-39289ccc96ae,EVT-002930,USER-00155,search,2025-12-19T16:41:37,SES-c0ffd652,mobile,Firefox,social,,,,,0.0,wireless headphones,0,0,0,
9cbd6d9e-c9e6-4858-9cd2-c4263c019e72,EVT-002931,USER-00218,click,2025-12-29T11:31:44,SES-5f1aa8cb,desktop,Safari,email,PROD-00003,Penfolds Grange,Red Wine,Wine,390.13,,276,0,0,
c17b7505-453a-4f9b-ab17-8def5b367f24,EVT-002932,USER-00107,search,2025-12-12T15:08:14,SES-ee43053b,desktop,Firefox,organic,,,,,0.0,home office chair,0,0,0,
de4ee5af-640c-4612-889c-f0b0046bebbe,EVT-002933,USER-00147,add_to_cart,2025-11-11T00:22:48,SES-2703b14d,mobile,Chrome,email,PROD-01416,REI Flash 55 Pack,Outdoor Gear,Sports,517.67,,0,1,0,
3cda518c-eeb0-4357-9a4d-f7cf8bef2a4c,EVT-002934,USER-00048,wishlist,2025-12-16T21:26:17,SES-eff5b324,tablet,Safari,organic,PROD-01844,Samsung Galaxy Watch 6,Smartwatches,Electronics,790.52,,0,0,0,
c2dcbee8-95c4-404f-9843-25640fd2250a,EVT-002935,USER-00154,search,2026-01-03T17:52:02,SES-1d454201,tablet,Chrome,organic,,,,,0.0,red wine gift,0,0,0,
ac0a8662-a71e-4fda-93c4-4e49faeda259,EVT-002936,USER-00144,view,2025-11-05T07:06:10,SES-a52ac7b1,tablet,Edge,direct,PROD-01196,Oral-B iO Series 9,Personal Care,Healthcare,285.71,,125,0,0,
44dc4c26-ec7a-4001-a835-b9544a5b2df5,EVT-002937,USER-00001,view,2025-11-04T08:35:50,SES-07690e7b,desktop,Safari,direct,PROD-00512,Dom Pérignon Rosé 2009,Champagne,Wine,415.51,,398,0,0,
d48f959a-328e-40a4-bc61-caab9b02f0ac,EVT-002938,USER-00023,search,2025-12-26T03:46:43,SES-9b7980f9,desktop,Chrome,social,,,,,0.0,gaming laptop,0,0,0,
2c838ea2-d0eb-4e0d-a3f3-03e0ef96a457,EVT-002939,USER-00155,search,2025-11-24T02:13:07,SES-d72f4849,mobile,Firefox,social,,,,,0.0,wireless headphones,0,0,0,
b30a3911-a388-438a-9bfe-60a4cc51fb5b,EVT-002940,USER-00218,click,2026-01-07T07:25:46,SES-9a459082,desktop,Safari,email,PROD-00003,Penfolds Grange,Red Wine,Wine,390.13,,276,0,0,
7df61917-727c-4662-b5ea-d5d983fd37d1,EVT-002941,USER-00107,search,2025-10-27T23:17:34,SES-cf0aa761,desktop,Firefox,organic,,,,,0.0,home office chair,0,0,0,
975b3c2d-16d1-4066-a575-9dc719e77cee,EVT-002942,USER-00147,add_to_cart,2025-10-31T12:34:25,SES-fd424941,mobile,Chrome,email,PROD-01416,REI Flash 55 Pack,Outdoor Gear,Sports,517.67,,0,1,0,
5dc04554-1799-41fe-afe9-aebf2e8324ea,EVT-002943,USER-00048,wishlist,2025-11-21T18:35:21,SES-2016aa10,tablet,Safari,organic,PROD-01844,Samsung Galaxy Watch 6,Smartwatches,Electronics,790.52,,0,0,0,
ba926ed4-4ae1-486d-bd83-c8f49d7185fb,EVT-002944,USER-00154,search,2026-01-07T17:26:07,SES-d8c11f51,tablet,Chrome,organic,,,,,0.0,red wine gift,0,0,0,
ecde1444-edd4-4a33-9db8-a126b8f90152,EVT-002945,USER-00144,view,2026-01-05T02:25:36,SES-46d6481e,tablet,Edge,direct,PROD-01196,Oral-B iO Series 9,Personal Care,Healthcare,285.71,,125,0,0,
36c3de48-6664-4498-8000-afd577d4ac58,EVT-002946,USER-00001,view,2025-11-05T11:33:27,SES-fb29328c,desktop,Safari,direct,PROD-00512,Dom Pérignon Rosé 2009,Champagne,Wine,415.51,,398,0,0,
042f9ef0-a617-4103-8f41-ef692a0a4009,EVT-002947,USER-00023,search,2026-01-08T13:32:09,SES-61a13868,desktop,Chrome,social,,,,,0.0,gaming laptop,0,0,0,
7e472077-11bc-4961-bf3f-3e3c321799cf,EVT-002948,USER-00155,search,2025-11-25T08:24:24,SES-e45fd031,mobile,Firefox,social,,,,,0.0,wireless headphones,0,0,0,
ff0745f7-6b34-4e07-901c-035ea2a9933c,EVT-002949,USER-00218,click,2025-12-06T06:48:34,SES-ce242083,desktop,Safari,email,PROD-00003,Penfolds Grange,Red Wine,Wine,390.13,,276,0,0,
86fe8214-aa04-4a80-940c-37ee1c2fe56f,EVT-002950,USER-00107,search,2025-11-30T04:39:44,SES-907c22c3,desktop,Firefox,organic,,,,,0.0,home office chair,0,0,0,
e0798d3f-87aa-426c-b1a4-83d50baf0188,EVT-002951,USER-00147,add_to_cart,2025-11-07T19:12:16,SES-122c7cdf,mobile,Chrome,email,PROD-01416,REI Flash 55 Pack,Outdoor Gear,Sports,517.67,,0,1,0,
1fc063b4-f96c-4b09-8c2c-82136f9cb5ad,EVT-002952,USER-00048,wishlist,2025-12-06T11:10:36,SES-83d32b26,tablet,Safari,organic,PROD-01844,Samsung Galaxy Watch 6,Smartwatches,Electronics,790.52,,0,0,0,
a7658940-46f4-4558-864b-a2e83969df92,EVT-002953,USER-00154,search,2025-10-22T19:53:40,SES-0f0685fe,tablet,Chrome,organic,,,,,0.0,red wine gift,0,0,0,
ee77e6c8-bd74-42e2-bfa7-eaf049449f09,EVT-002954,USER-00144,view,2025-12-25T16:35:56,SES-bd10c9b2,tablet,Edge,direct,PROD-01196,Oral-B iO Series 9,Personal Care,Healthcare,285.71,,125,0,0,
f6d037d3-282f-41ed-ba99-42019a8e5008,EVT-002955,USER-00001,view,2025-11-06T01:36:31,SES-ed4faef9,desktop,Safari,direct,PROD-00512,Dom Pérignon Rosé 2009,Champagne,Wine,415.51,,398,0,0,
77a3c70d-7113-4683-a79f-db3193e546aa,EVT-002956,USER-00023,search,2025-11-11T04:54:38,SES-33cd51c0,desktop,Chrome,social,,,,,0.0,gaming laptop,0,0,0,
61226942-70f9-444f-9894-f00a11833d40,EVT-002957,USER-00155,search,2026-01-16T11:21:48,SES-06af954b,mobile,Firefox,social,,,,,0.0,wireless headphones,0,0,0,
3d36ca04-18b7-4863-af34-c6756912bd7e,EVT-002958,USER-00218,click,2025-11-08T10:52:41,SES-54442397,desktop,Safari,email,PROD-00003,Penfolds Grange,Red Wine,Wine,390.13,,276,0,0,
e58c22bd-f4fd-401c-a1ed-7fa02c969c09,EVT-002959,USER-00107,search,2025-11-20T23:58:06,SES-3d0b02a9,desktop,Firefox,organic,,,,,0.0,home office chair,0,0,0,
65c3edcc-6702-4837-84fb-2c83cee28ff4,EVT-002960,USER-00147,add_to_cart,2025-11-21T14:31:08,SES-234fde26,mobile,Chrome,email,PROD-01416,REI Flash 55 Pack,Outdoor Gear,Sports,517.67,,0,1,0,
98a421fa-b696-4237-9216-29c7b627f3be,EVT-002961,USER-00048,wishlist,2025-10-30T13:13:03,SES-8b7e9614,tablet,Safari,organic,PROD-01844,Samsung Galaxy Watch 6,Smartwatches,Electronics,790.52,,0,0,0,
39325d08-14d7-40d3-9eff-627d14c88616,EVT-002962,USER-00154,search,2025-11-09T16:03:50,SES-8988663c,tablet,Chrome,organic,,,,,0.0,red wine gift,0,0,0,
7af86e4c-3c53-4586-8d59-33c1fe47f461,EVT-002963,USER-00144,view,2025-11-14T16:16:38,SES-5608b5f3,tablet,Edge,direct,PROD-01196,Oral-B iO Series 9,Personal Care,Healthcare,285.71,,125,0,0,
a0dda54a-9d3d-439a-af25-505b6683849b,EVT-002964,USER-00001,view,2026-01-14T00:39:37,SES-a981f845,desktop,Safari,direct,PROD-00512,Dom Pérignon Rosé 2009,Champagne,Wine,415.51,,398,0,0,
e5684ea5-6e90-4d0d-9b2e-e3013c082a29,EVT-002965,USER-00023,search,2025-11-11T11:42:15,SES-4a72aec9,desktop,Chrome,social,,,,,0.0,gaming laptop,0,0,0,
d34a1b3f-6088-4906-acc7-3f597089f69a,EVT-002966,USER-00155,search,2025-12-04T03:09:44,SES-a350916b,mobile,Firefox,social,,,,,0.0,wireless headphones,0,0,0,
0d6530ec-00e5-460b-b9dc-e9b8f9dbfcc0,EVT-002967,USER-00218,click,2025-10-31T12:02:01,SES-314d0c6f,desktop,Safari,email,PROD-00003,Penfolds Grange,Red Wine,Wine,390.13,,276,0,0,
f46ee198-3c8a-4640-9f59-bc8408d3361e,EVT-002968,USER-00107,search,2026-01-01T01:17:06,SES-d902b3e2,desktop,Firefox,organic,,,,,0.0,home office chair,0,0,0,
382873e1-ed4a-4ff9-9651-76423ec4ed98,EVT-002969,USER-00147,add_to_cart,2025-11-15T12:11:52,SES-8eb5b8d1,mobile,Chrome,email,PROD-01416,REI Flash 55 Pack,Outdoor Gear,Sports,517.67,,0,1,0,
38cb03f2-39a8-4af3-b7b1-3a9d55b8c1c9,EVT-002970,USER-00048,wishlist,2025-11-06T17:05:49,SES-173aed15,tablet,Safari,organic,PROD-01844,Samsung Galaxy Watch 6,Smartwatches,Electronics,790.52,,0,0,0,
2c7552b8-7f29-41ad-bce4-68541579a5ff,EVT-002971,USER-00154,search,2025-12-28T05:25:40,SES-29a49e6a,tablet,Chrome,organic,,,,,0.0,red wine gift,0,0,0,
1496363d-6f6f-4d6a-b596-d6b5bbced380,EVT-002972,USER-00144,view,2025-12-15T15:59:05,SES-640c5598,tablet,Edge,direct,PROD-01196,Oral-B iO Series 9,Personal Care,Healthcare,285.71,,125,0,0,
5d7000fc-f815-47d0-ae04-33d2d0e9c109,EVT-002973,USER-00001,view,2026-01-12T20:28:47,SES-19b956b7,desktop,Safari,direct,PROD-00512,Dom Pérignon Rosé 2009,Champagne,Wine,415.51,,398,0,0,
3d493299-67a8-4af1-a1ce-d761084907ac,EVT-002974,USER-00023,search,2026-01-06T01:13:42,SES-aa1f3232,desktop,Chrome,social,,,,,0.0,gaming laptop,0,0,0,
4e3aff3d-8aad-45fb-8735-bf6ab73ab744,EVT-002975,USER-00155,search,2025-11-28T02:00:49,SES-9f44d3e9,mobile,Firefox,social,,,,,0.0,wireless headphones,0,0,0,
b12d87a7-f1d3-4e72-a64e-1fcbe38312f5,EVT-002976,USER-00218,click,2025-10-23T05:27:06,SES-5bfcbe29,desktop,Safari,email,PROD-00003,Penfolds Grange,Red Wine,Wine,390.13,,276,0,0,
8e9a364e-8183-4e2d-be98-c0a5b8be34b2,EVT-002977,USER-00107,search,2025-12-08T02:13:19,SES-5d8865f4,desktop,Firefox,organic,,,,,0.0,home office chair,0,0,0,
17d0606c-4b26-4092-bd1d-12cd1a3a361e,EVT-002978,USER-00147,add_to_cart,2025-11-07T05:11:42,SES-5b89d34c,mobile,Chrome,email,PROD-01416,REI Flash 55 Pack,Outdoor Gear,Sports,517.67,,0,1,0,
3d060b20-279d-480f-ae05-d5b6a5a66c49,EVT-002979,USER-00048,wishlist,2025-11-25T05:09:59,SES-b2c135dc,tablet,Safari,organic,PROD-01844,Samsung Galaxy Watch 6,Smartwatches,Electronics,790.52,,0,0,0,
9d5b1f23-169b-45ca-8e50-9126983f19ae,EVT-002980,USER-00154,search,2025-11-01T10:44:41,SES-53c98a3d,tablet,Chrome,organic,,,,,0.0,red wine gift,0,0,0,
8a01ea09-2f41-4bc3-91f7-84336c22ccc3,EVT-002981,USER-00144,view,2025-12-07T10:58:29,SES-6da644b0,tablet,Edge,direct,PROD-01196,Oral-B iO Series 9,Personal Care,Healthcare,285.71,,125,0,0,
7f8a51ff-d840-4e7d-b467-dede53f0b7c6,EVT-002982,USER-00001,view,2025-12-15T03:07:27,SES-0d48f4c9,desktop,Safari,direct,PROD-00512,Dom Pérignon Rosé 2009,Champagne,Wine,415.51,,398,0,0,
22b654cf-b87f-4bb4-bfba-af6d4eb36f62,EVT-002983,USER-00023,search,2025-12-28T10:15:29,SES-d1d79648,desktop,Chrome,social,,,,,0.0,gaming laptop,0,0,0,
ef6f2412-a1e4-48ff-b921-f8ef006d1bb4,EVT-002984,USER-00155,search,2025-11-30T00:07:35,SES-faf353f6,mobile,Firefox,social,,,,,0.0,wireless headphones,0,0,0,
54167edf-e13d-4019-81f8-6126b7cf37d0,EVT-002985,USER-00218,click,2025-12-29T14:12:16,SES-50be8bce,desktop,Safari,email,PROD-00003,Penfolds Grange,Red Wine,Wine,390.13,,276,0,0,
cfbe5cc4-1d16-473a-bed1-80a358cb8050,EVT-002986,USER-00107,search,2025-11-12T09:04:18,SES-298529aa,desktop,Firefox,organic,,,,,0.0,home office chair,0,0,0,
dc2cac1f-9488-4e30-97db-7f53639bf532,EVT-002987,USER-00147,add_to_cart,2026-01-19T08:59:05,SES-3a13c705,mobile,Chrome,email,PROD-01416,REI Flash 55 Pack,Outdoor Gear,Sports,517.67,,0,1,0,
8113dc06-8096-4aa0-aca6-4e07eb35f511,EVT-002988,USER-00048,wishlist,2025-12-07T14:28:56,SES-2557e41d,tablet,Safari,organic,PROD-01844,Samsung Galaxy Watch 6,Smartwatches,Electronics,790.52,,0,0,0,
e139a191-c99c-49d2-b0e6-d50efa14ed31,EVT-002989,USER-00154,search,2025-12-26T15:30:01,SES-8a53bc16,tablet,Chrome,organic,,,,,0.0,red wine gift,0,0,0,
1de522f6-d71c-4ea4-b035-13897fa78320,EVT-002990,USER-00144,view,2025-11-28T06:45:09,SES-24f48b45,tablet,Edge,direct,PROD-01196,Oral-B iO Series 9,Personal Care,Healthcare,285.71,,125,0,0,
47120172-5f9d-4f15-908d-d11a9ba8526e,EVT-002991,USER-00001,view,2026-01-11T11:06:31,SES-f1a9c4e8,desktop,Safari,direct,PROD-00512,Dom Pérignon Rosé 2009,Champagne,Wine,415.51,,398,0,0,
89c8e0c7-d792-4828-9cc0-60c99adc5d0d,EVT-002992,USER-00023,search,2025-12-06T17:55:32,SES-091da451,desktop,Chrome,social,,,,,0.0,gaming laptop,0,0,0,
6f47de81-8379-4560-8c90-32f20ed89540,EVT-002993,USER-00155,search,2025-12-30T07:33:04,SES-5a6fee94,mobile,Firefox,social,,,,,0.0,wireless headphones,0,0,0,
0e3918bb-0a65-496e-87f2-bcaac0affb9a,EVT-002994,USER-00218,click,2025-11-15T07:33:34,SES-6a8851cb,desktop,Safari,email,PROD-00003,Penfolds Grange,Red Wine,Wine,390.13,,276,0,0,
138133c9-2ac7-44b4-ae47-874772a3c5c0,EVT-002995,USER-00107,search,2026-01-04T19:58:46,SES-094ebfcf,desktop,Firefox,organic,,,,,0.0,home office chair,0,0,0,
dce8722a-e864-414b-93d8-7cb78c1ce290,EVT-002996,USER-00147,add_to_cart,2026-01-19T18:34:38,SES-e287d5a0,mobile,Chrome,email,PROD-01416,REI Flash 55 Pack,Outdoor Gear,Sports,517.67,,0,1,0,
c712b5cf-827e-4e9e-96c0-52950186f1a3,EVT-002997,USER-00048,wishlist,2025-11-01T01:13:04,SES-4aa08cf0,tablet,Safari,organic,PROD-01844,Samsung Galaxy Watch 6,Smartwatches,Electronics,790.52,,0,0,0,
89748103-69ca-406f-a356-256233d22911,EVT-002998,USER-00154,search,2025-11-29T09:02:32,SES-4ad47a68,tablet,Chrome,organic,,,,,0.0,red wine gift,0,0,0,
e6fe9597-23be-42d6-9cef-cb8cabb3ac99,EVT-002999,USER-00144,view,2025-11-04T05:21:43,SES-4fc80500,tablet,Edge,direct,PROD-01196,Oral-B iO Series 9,Personal Care,Healthcare,285.71,,125,0,0,
9f8785fc-cb1d-41d1-a4a3-d488af8463b8,EVT-003000,USER-00001,view,2025-11-22T15:45:16,SES-7dc6fd68,desktop,Safari,direct,PROD-00512,Dom Pérignon Rosé 2009,Champagne,Wine,415.51,,398,0,0,
db7266c9-c167-469b-9dae-2bfb95d4398c,EVT-003001,USER-00023,search,2026-01-04T19:57:06,SES-239bf366,desktop,Chrome,social,,,,,0.0,gaming laptop,0,0,0,
e7023c7a-121b-47d3-97fd-bb7198526bd6,EVT-003002,USER-00155,search,2025-11-04T17:04:06,SES-e35c90f8,mobile,Firefox,social,,,,,0.0,wireless headphones,0,0,0,
e4226508-8471-4eb5-849d-5bfc0a1e874b,EVT-003003,USER-00218,click,2025-11-30T13:43:33,SES-2d827bca,desktop,Safari,email,PROD-00003,Penfolds Grange,Red Wine,Wine,390.13,,276,0,0,
ae9489e1-fd35-44d0-9067-75055b20fbc0,EVT-003004,USER-00107,search,2026-01-05T19:45:25,SES-0f8ba717,desktop,Firefox,organic,,,,,0.0,home office chair,0,0,0,
4cc2f1a8-ce40-42fd-b368-872007f4a39d,EVT-003005,USER-00147,add_to_cart,2025-11-23T12:09:19,SES-7ea02e96,mobile,Chrome,email,PROD-01416,REI Flash 55 Pack,Outdoor Gear,Sports,517.67,,0,1,0,
e3245f2a-0de2-4d5d-b014-91088757b8cd,EVT-003006,USER-00048,wishlist,2026-01-17T22:28:15,SES-4abc15c9,tablet,Safari,organic,PROD-01844,Samsung Galaxy Watch 6,Smartwatches,Electronics,790.52,,0,0,0,
7381c422-908a-411e-ad0b-57d7f3f98e6d,EVT-003007,USER-00154,search,2025-11-19T05:49:15,SES-2d08b1fe,tablet,Chrome,organic,,,,,0.0,red wine gift,0,0,0,
ccac656f-d32e-4734-89da-196973cb6bbb,EVT-003008,USER-00144,view,2026-01-10T08:10:52,SES-e9c22818,tablet,Edge,direct,PROD-01196,Oral-B iO Series 9,Personal Care,Healthcare,285.71,,125,0,0,
f4c5f943-778e-4395-a220-e45d7f94d2b6,EVT-003009,USER-00001,view,2025-12-27T06:12:36,SES-a1a7f3c0,desktop,Safari,direct,PROD-00512,Dom Pérignon Rosé 2009,Champagne,Wine,415.51,,398,0,0,
4a3d0a9a-4a85-4d13-aade-a24b4415d916,EVT-003010,USER-00023,search,2026-01-01T15:49:12,SES-30802f08,desktop,Chrome,social,,,,,0.0,gaming laptop,0,0,0,
68c3ad5e-faa2-4c07-bdac-44bca825b1ca,EVT-003011,USER-00155,search,2026-01-15T11:25:49,SES-a4447746,mobile,Firefox,social,,,,,0.0,wireless headphones,0,0,0,
6bf58dc1-f479-4f2d-8406-38b1262b961d,EVT-003012,USER-00218,click,2025-12-02T23:18:06,SES-9343b0de,desktop,Safari,email,PROD-00003,Penfolds Grange,Red Wine,Wine,390.13,,276,0,0,
f5da375e-2d5a-4391-ba48-c4e096425c73,EVT-003013,USER-00107,search,2025-12-19T16:53:53,SES-218f6e07,desktop,Firefox,organic,,,,,0.0,home office chair,0,0,0,
52c198fc-a35c-4e62-abe9-663b794148ee,EVT-003014,USER-00147,add_to_cart,2025-11-29T23:40:03,SES-60b5e370,mobile,Chrome,email,PROD-01416,REI Flash 55 Pack,Outdoor Gear,Sports,517.67,,0,1,0,
50ad9a55-bc9c-44e7-b3f8-19eb90120ced,EVT-003015,USER-00048,wishlist,2025-12-13T14:30:29,SES-bee77fe9,tablet,Safari,organic,PROD-01844,Samsung Galaxy Watch 6,Smartwatches,Electronics,790.52,,0,0,0,
5d0d84f4-195b-42de-9d19-0896fee7e399,EVT-003016,USER-00154,search,2025-10-29T16:54:07,SES-9280c645,tablet,Chrome,organic,,,,,0.0,red wine gift,0,0,0,
8bf2de2b-2b65-408f-8668-6f18bbd057a5,EVT-003017,USER-00144,view,2025-11-25T10:11:19,SES-d7a09c3b,tablet,Edge,direct,PROD-01196,Oral-B iO Series 9,Personal Care,Healthcare,285.71,,125,0,0,
50e3242e-a9e6-46cd-ac31-69529524c7ee,EVT-003018,USER-00001,view,2025-12-09T03:46:22,SES-a4cf8850,desktop,Safari,direct,PROD-00512,Dom Pérignon Rosé 2009,Champagne,Wine,415.51,,398,0,0,
5fbc9086-6cc4-4e97-9e9f-882e5ee28339,EVT-003019,USER-00023,search,2025-12-26T18:51:19,SES-d6cce33b,desktop,Chrome,social,,,,,0.0,gaming laptop,0,0,0,
5e001daf-3b9a-4f00-b000-d98df87e44f2,EVT-003020,USER-00155,search,2026-01-02T15:15:16,SES-1a3d49cb,mobile,Firefox,social,,,,,0.0,wireless headphones,0,0,0,
c765f068-4fc3-41f0-a8a1-bb09d4706746,EVT-003021,USER-00218,click,2025-12-18T16:24:29,SES-00e5d3e5,desktop,Safari,email,PROD-00003,Penfolds Grange,Red Wine,Wine,390.13,,276,0,0,
8d305c9a-d18f-4f58-83bc-43793bf905ee,EVT-003022,USER-00107,search,2025-10-25T08:36:09,SES-6b46662d,desktop,Firefox,organic,,,,,0.0,home office chair,0,0,0,
b93f0517-7cdf-4719-94fb-66e32c0e8668,EVT-003023,USER-00147,add_to_cart,2025-11-13T06:30:51,SES-6f36e7e9,mobile,Chrome,email,PROD-01416,REI Flash 55 Pack,Outdoor Gear,Sports,517.67,,0,1,0,
5da49c85-75e8-4bed-bede-cbb7e8856bdf,EVT-003024,USER-00048,wishlist,2026-01-16T17:29:58,SES-d4a4009e,tablet,Safari,organic,PROD-01844,Samsung Galaxy Watch 6,Smartwatches,Electronics,790.52,,0,0,0,
d1c469c4-4cad-44f2-8140-60f701d9b73d,EVT-003025,USER-00154,search,2025-12-20T19:53:22,SES-64b2eb86,tablet,Chrome,organic,,,,,0.0,red wine gift,0,0,0,
d13b6450-3a94-40b1-a839-95d5394deced,EVT-003026,USER-00144,view,2025-11-09T01:04:21,SES-df7eaf83,tablet,Edge,direct,PROD-01196,Oral-B iO Series 9,Personal Care,Healthcare,285.71,,125,0,0,
95e2facc-f80b-47f4-9c78-dad77674d442,EVT-003027,USER-00001,view,2026-01-05T07:08:08,SES-8bba9301,desktop,Safari,direct,PROD-00512,Dom Pérignon Rosé 2009,Champagne,Wine,415.51,,398,0,0,
419fc33c-b99c-4b93-bb32-d779cef6ec5e,EVT-003028,USER-00023,search,2025-11-14T13:53:11,SES-d87deda7,desktop,Chrome,social,,,,,0.0,gaming laptop,0,0,0,
6fcf23fa-3fd5-45de-911c-6a2da034dbdb,EVT-003029,USER-00155,search,2025-11-27T14:04:15,SES-61ab5623,mobile,Firefox,social,,,,,0.0,wireless headphones,0,0,0,
217cad61-f193-4b22-b88d-746a3265d337,EVT-003030,USER-00218,click,2025-11-26T22:06:15,SES-847b838c,desktop,Safari,email,PROD-00003,Penfolds Grange,Red Wine,Wine,390.13,,276,0,0,
c463b274-4e31-479a-bda3-7a51d20628af,EVT-003031,USER-00107,search,2025-11-24T17:50:23,SES-2b16aacc,desktop,Firefox,organic,,,,,0.0,home office chair,0,0,0,
18203597-bd2c-4c1a-9ff4-ef92cd5a7f56,EVT-003032,USER-00147,add_to_cart,2025-12-10T10:24:24,SES-f4744f09,mobile,Chrome,email,PROD-01416,REI Flash 55 Pack,Outdoor Gear,Sports,517.67,,0,1,0,
60af838c-6baa-4573-8f95-35163d185e7c,EVT-003033,USER-00048,wishlist,2026-01-10T16:12:49,SES-042d545f,tablet,Safari,organic,PROD-01844,Samsung Galaxy Watch 6,Smartwatches,Electronics,790.52,,0,0,0,
60b15a56-10ea-4049-aa3b-b6bc8d1870ca,EVT-003034,USER-00154,search,2025-10-22T21:38:17,SES-90171a04,tablet,Chrome,organic,,,,,0.0,red wine gift,0,0,0,
ba1bb248-d839-4920-bf66-5ce0cc226087,EVT-003035,USER-00144,view,2025-12-21T00:39:10,SES-2fbdb737,tablet,Edge,direct,PROD-01196,Oral-B iO Series 9,Personal Care,Healthcare,285.71,,125,0,0,
97d768cf-ae35-437c-aa93-b31983275261,EVT-003036,USER-00001,view,2025-12-19T22:05:50,SES-84fdf503,desktop,Safari,direct,PROD-00512,Dom Pérignon Rosé 2009,Champagne,Wine,415.51,,398,0,0,
e3af8148-50ca-49ac-8d8f-bb2cf9a26678,EVT-003037,USER-00023,search,2026-01-03T17:28:53,SES-231030d2,desktop,Chrome,social,,,,,0.0,gaming laptop,0,0,0,
46f835e5-3cfa-4d5d-a139-a35f7f373bfb,EVT-003038,USER-00155,search,2025-11-30T09:45:29,SES-a0494c01,mobile,Firefox,social,,,,,0.0,wireless headphones,0,0,0,
2b0b00ca-df14-4ad0-9a47-045c741bebb0,EVT-003039,USER-00218,click,2026-01-19T13:04:10,SES-02823349,desktop,Safari,email,PROD-00003,Penfolds Grange,Red Wine,Wine,390.13,,276,0,0,
f74ae4ed-18e1-4286-8e23-ab76b27964c8,EVT-003040,USER-00107,search,2025-10-30T05:58:51,SES-b6443740,desktop,Firefox,organic,,,,,0.0,home office chair,0,0,0,
55e1ef8e-7dd6-4720-b677-d7d86e198da5,EVT-003041,USER-00147,add_to_cart,2025-12-24T10:14:01,SES-afe793ba,mobile,Chrome,email,PROD-01416,REI Flash 55 Pack,Outdoor Gear,Sports,517.67,,0,1,0,
d6ece9cc-28d4-46a3-a569-2291b155437d,EVT-003042,USER-00048,wishlist,2025-11-14T02:02:23,SES-ec7fec16,tablet,Safari,organic,PROD-01844,Samsung Galaxy Watch 6,Smartwatches,Electronics,790.52,,0,0,0,
b91b53b6-d9d3-402f-b6af-16343fed82b2,EVT-003043,USER-00154,search,2025-11-05T03:40:45,SES-3dd30c0f,tablet,Chrome,organic,,,,,0.0,red wine gift,0,0,0,
b772c28c-7f14-4aa6-8f42-2bc48c730283,EVT-003044,USER-00144,view,2025-12-10T06:53:48,SES-dff552a8,tablet,Edge,direct,PROD-01196,Oral-B iO Series 9,Personal Care,Healthcare,285.71,,125,0,0,
0e7ea66d-4f1f-4593-9442-a0fbdea25b19,EVT-003045,USER-00001,view,2025-11-09T23:55:58,SES-f0c73d2b,desktop,Safari,direct,PROD-00512,Dom Pérignon Rosé 2009,Champagne,Wine,415.51,,398,0,0,
91e07bc4-6479-4233-8683-48a1d114cde2,EVT-003046,USER-00023,search,2025-10-27T01:02:05,SES-7d940425,desktop,Chrome,social,,,,,0.0,gaming laptop,0,0,0,
82180f3e-6b8d-4f2e-8182-4a783b9bc570,EVT-003047,USER-00155,search,2025-11-12T06:08:12,SES-d4acad77,mobile,Firefox,social,,,,,0.0,wireless headphones,0,0,0,
a26d4496-a0b4-4a36-994e-634b99244245,EVT-003048,USER-00218,click,2025-11-21T01:29:45,SES-18eda765,desktop,Safari,email,PROD-00003,Penfolds Grange,Red Wine,Wine,390.13,,276,0,0,
fb8d9766-cca7-4e7e-9ce0-aadc383f10c7,EVT-003049,USER-00107,search,2025-12-04T00:29:12,SES-c3d3c793,desktop,Firefox,organic,,,,,0.0,home office chair,0,0,0,
02b14d56-0de0-4340-b647-290101397fb8,EVT-003050,USER-00147,add_to_cart,2025-10-31T18:17:12,SES-ed815894,mobile,Chrome,email,PROD-01416,REI Flash 55 Pack,Outdoor Gear,Sports,517.67,,0,1,0,
5a9e1439-25c6-4195-9e79-de89bb4c2820,EVT-003051,USER-00048,wishlist,2025-11-24T17:13:26,SES-46e264d2,tablet,Safari,organic,PROD-01844,Samsung Galaxy Watch 6,Smartwatches,Electronics,790.52,,0,0,0,
3b0d7b63-73b5-4526-ba6c-92bcdca8f6c6,EVT-003052,USER-00154,search,2025-11-29T00:52:10,SES-7bf698eb,tablet,Chrome,organic,,,,,0.0,red wine gift,0,0,0,
6c81fdf2-23bf-4ffd-9975-af3812611f7d,EVT-003053,USER-00144,view,2025-12-25T05:57:53,SES-ba844fd9,tablet,Edge,direct,PROD-01196,Oral-B iO Series 9,Personal Care,Healthcare,285.71,,125,0,0,
25baf99f-0f33-4ccd-911f-fd1f0359a46b,EVT-003054,USER-00001,view,2025-11-09T05:04:13,SES-d0d0a089,desktop,Safari,direct,PROD-00512,Dom Pérignon Rosé 2009,Champagne,Wine,415.51,,398,0,0,
8a1a8b67-8d55-4dca-9eb9-17bcbb633a0d,EVT-003055,USER-00023,search,2025-12-03T01:54:32,SES-0ba4c757,desktop,Chrome,social,,,,,0.0,gaming laptop,0,0,0,
13848cfc-622d-477b-bcb2-29de235ba6ff,EVT-003056,USER-00155,search,2025-11-06T09:11:49,SES-2c73aea4,mobile,Firefox,social,,,,,0.0,wireless headphones,0,0,0,
5a221378-95cb-4a5c-9a6f-bb8365927979,EVT-003057,USER-00218,click,2025-11-19T09:56:39,SES-9ec95ae4,desktop,Safari,email,PROD-00003,Penfolds Grange,Red Wine,Wine,390.13,,276,0,0,
cc232194-91f4-4da4-9251-f8db65bdb608,EVT-003058,USER-00107,search,2025-11-21T22:49:36,SES-fdbe20aa,desktop,Firefox,organic,,,,,0.0,home office chair,0,0,0,
ea24401d-95cb-43ca-a002-53ec6fc5c913,EVT-003059,USER-00147,add_to_cart,2025-11-29T07:16:30,SES-a3dc4b64,mobile,Chrome,email,PROD-01416,REI Flash 55 Pack,Outdoor Gear,Sports,517.67,,0,1,0,
88659543-6c5f-4ef5-baf9-90371a645492,EVT-003060,USER-00048,wishlist,2025-12-27T07:25:46,SES-651a3228,tablet,Safari,organic,PROD-01844,Samsung Galaxy Watch 6,Smartwatches,Electronics,790.52,,0,0,0,
275118c5-ac27-4529-9a39-8098c1bec681,EVT-003061,USER-00154,search,2026-01-10T11:38:21,SES-5b067c57,tablet,Chrome,organic,,,,,0.0,red wine gift,0,0,0,
0be45e82-5f2e-4e54-be86-1b7e24e2053f,EVT-003062,USER-00144,view,2025-12-08T09:55:48,SES-f095f4ef,tablet,Edge,direct,PROD-01196,Oral-B iO Series 9,Personal Care,Healthcare,285.71,,125,0,0,
27916f62-9804-437f-8e6a-c1ccc312b67b,EVT-003063,USER-00001,view,2025-10-26T03:04:54,SES-7f1c85f8,desktop,Safari,direct,PROD-00512,Dom Pérignon Rosé 2009,Champagne,Wine,415.51,,398,0,0,
8d559a4c-a8d5-4a4a-96f1-8e8f26a6f031,EVT-003064,USER-00023,search,2025-11-17T02:08:57,SES-06e46e1c,desktop,Chrome,social,,,,,0.0,gaming laptop,0,0,0,
ee6a9c59-bc9e-4cf2-ad38-3c8286e75dd1,EVT-003065,USER-00155,search,2025-12-02T16:38:52,SES-75994b6f,mobile,Firefox,social,,,,,0.0,wireless headphones,0,0,0,
b1e2dde6-0acd-416e-95b2-286dc4bb2a72,EVT-003066,USER-00218,click,2025-11-09T04:14:12,SES-6aafad4a,desktop,Safari,email,PROD-00003,Penfolds Grange,Red Wine,Wine,390.13,,276,0,0,
60c2a91d-4571-4de6-9bfa-443260fe6a69,EVT-003067,USER-00107,search,2025-11-07T15:00:44,SES-9022db78,desktop,Firefox,organic,,,,,0.0,home office chair,0,0,0,
5c046fdb-b310-4c82-aa24-daa5b600195d,EVT-003068,USER-00147,add_to_cart,2025-11-30T09:50:26,SES-7249bf47,mobile,Chrome,email,PROD-01416,REI Flash 55 Pack,Outdoor Gear,Sports,517.67,,0,1,0,
95d3d3cc-c7c0-4808-ba16-ced5805b7515,EVT-003069,USER-00048,wishlist,2025-12-27T23:53:47,SES-47286e40,tablet,Safari,organic,PROD-01844,Samsung Galaxy Watch 6,Smartwatches,Electronics,790.52,,0,0,0,
7a81c8fe-8ff2-4a50-b3a7-57597dd8da83,EVT-003070,USER-00154,search,2025-12-11T23:26:21,SES-8a0d9b8d,tablet,Chrome,organic,,,,,0.0,red wine gift,0,0,0,
21235c73-4629-45dc-b6c5-6e0cf33c1dec,EVT-003071,USER-00144,view,2026-01-11T17:49:56,SES-47b11dc7,tablet,Edge,direct,PROD-01196,Oral-B iO Series 9,Personal Care,Healthcare,285.71,,125,0,0,
6615d819-6ff8-4d77-9686-994d8d6ef696,EVT-003072,USER-00001,view,2025-11-02T01:55:51,SES-c7a83297,desktop,Safari,direct,PROD-00512,Dom Pérignon Rosé 2009,Champagne,Wine,415.51,,398,0,0,
e2d3511e-c895-4b1c-ab9f-f791300efa6c,EVT-003073,USER-00023,search,2025-12-06T21:16:41,SES-15a1d8cd,desktop,Chrome,social,,,,,0.0,gaming laptop,0,0,0,
5cca12f4-afa8-4b27-b3cf-7e3a3ecafda8,EVT-003074,USER-00155,search,2026-01-09T00:34:45,SES-d46cba16,mobile,Firefox,social,,,,,0.0,wireless headphones,0,0,0,
7f61c7ac-6e3d-43c5-9f60-1ce84e21092a,EVT-003075,USER-00218,click,2025-10-30T18:29:45,SES-dadadcfe,desktop,Safari,email,PROD-00003,Penfolds Grange,Red Wine,Wine,390.13,,276,0,0,
3f6abed7-8e2d-4fbf-9ec5-c4005a933387,EVT-003076,USER-00107,search,2025-11-25T08:50:11,SES-59378baa,desktop,Firefox,organic,,,,,0.0,home office chair,0,0,0,
813ba112-6e10-4c54-847f-5ebd059d6e8b,EVT-003077,USER-00147,add_to_cart,2025-12-28T08:34:42,SES-0709aed5,mobile,Chrome,email,PROD-01416,REI Flash 55 Pack,Outdoor Gear,Sports,517.67,,0,1,0,
66fe697a-40d6-47f0-bbdd-1a3e2bacb731,EVT-003078,USER-00048,wishlist,2026-01-01T21:10:33,SES-0faaf585,tablet,Safari,organic,PROD-01844,Samsung Galaxy Watch 6,Smartwatches,Electronics,790.52,,0,0,0,
2becc9be-0810-4b0e-bfa3-021a4564b319,EVT-003079,USER-00154,search,2025-11-01T14:13:14,SES-15c8e78e,tablet,Chrome,organic,,,,,0.0,red wine gift,0,0,0,
2a19119a-7d32-4b98-8ecf-906f3030253f,EVT-003080,USER-00144,view,2025-12-25T10:12:51,SES-93d25d0f,tablet,Edge,direct,PROD-01196,Oral-B iO Series 9,Personal Care,Healthcare,285.71,,125,0,0,
0f5b418d-5c69-468c-ac9d-1ee581591672,EVT-003081,USER-00001,view,2026-01-14T11:37:20,SES-bb7d24e3,desktop,Safari,direct,PROD-00512,Dom Pérignon Rosé 2009,Champagne,Wine,415.51,,398,0,0,
6c1116b4-b93e-49cf-8783-5dba53a6f6a0,EVT-003082,USER-00023,search,2025-12-01T00:25:17,SES-a25db32c,desktop,Chrome,social,,,,,0.0,gaming laptop,0,0,0,
e404a36b-3126-4bce-81eb-b06839edf384,EVT-003083,USER-00155,search,2026-01-08T18:20:15,SES-a36cac76,mobile,Firefox,social,,,,,0.0,wireless headphones,0,0,0,
e255e7c3-b03b-42c3-bac2-2738d2a2654a,EVT-003084,USER-00218,click,2026-01-09T02:10:45,SES-9e63aab7,desktop,Safari,email,PROD-00003,Penfolds Grange,Red Wine,Wine,390.13,,276,0,0,
b7d4f940-b992-46f2-bf32-3455620a60ba,EVT-003085,USER-00107,search,2025-10-23T22:24:53,SES-368966eb,desktop,Firefox,organic,,,,,0.0,home office chair,0,0,0,
87fb3269-907f-4d41-a7b0-35153c4888d0,EVT-003086,USER-00147,add_to_cart,2025-11-07T08:48:57,SES-db25dcaa,mobile,Chrome,email,PROD-01416,REI Flash 55 Pack,Outdoor Gear,Sports,517.67,,0,1,0,
65eb1b08-39b3-447e-ada1-4c437db1e515,EVT-003087,USER-00048,wishlist,2025-11-22T17:18:49,SES-4d73358d,tablet,Safari,organic,PROD-01844,Samsung Galaxy Watch 6,Smartwatches,Electronics,790.52,,0,0,0,
76bf9ea9-bad5-44cb-8818-726a023a65fa,EVT-003088,USER-00154,search,2025-11-04T05:54:52,SES-28a5e18a,tablet,Chrome,organic,,,,,0.0,red wine gift,0,0,0,
50a70418-997d-4bfa-bf2c-96edb591414d,EVT-003089,USER-00144,view,2025-12-17T13:02:10,SES-0a7f7f1f,tablet,Edge,direct,PROD-01196,Oral-B iO Series 9,Personal Care,Healthcare,285.71,,125,0,0,
78902b4a-ad15-47a1-b0b1-585963b9fd75,EVT-003090,USER-00001,view,2025-12-10T23:15:23,SES-f51a237e,desktop,Safari,direct,PROD-00512,Dom Pérignon Rosé 2009,Champagne,Wine,415.51,,398,0,0,
c6d63cbb-2e00-4dfb-a0c1-d9fed35f0451,EVT-003091,USER-00023,search,2025-11-29T00:41:30,SES-ff037b18,desktop,Chrome,social,,,,,0.0,gaming laptop,0,0,0,
3b65d704-8f94-40f3-9da2-82e970b37a5e,EVT-003092,USER-00155,search,2025-12-28T09:07:17,SES-75fe98d9,mobile,Firefox,social,,,,,0.0,wireless headphones,0,0,0,
47d98276-88f6-4911-b754-5dbb089df403,EVT-003093,USER-00218,click,2025-12-05T21:26:20,SES-bca050d0,desktop,Safari,email,PROD-00003,Penfolds Grange,Red Wine,Wine,390.13,,276,0,0,
e1513c95-86df-4c4c-a44f-381ba504ccac,EVT-003094,USER-00107,search,2025-10-23T20:55:59,SES-079f2ad4,desktop,Firefox,organic,,,,,0.0,home office chair,0,0,0,
9af32506-9482-443a-86c0-c81ba5407df8,EVT-003095,USER-00147,add_to_cart,2025-12-08T22:42:59,SES-d5f69b54,mobile,Chrome,email,PROD-01416,REI Flash 55 Pack,Outdoor Gear,Sports,517.67,,0,1,0,
df94ee65-8969-4157-b1c6-6b85e6172c57,EVT-003096,USER-00048,wishlist,2025-12-25T05:26:03,SES-cb8021aa,tablet,Safari,organic,PROD-01844,Samsung Galaxy Watch 6,Smartwatches,Electronics,790.52,,0,0,0,
803c342f-6bfd-413d-9f9c-b236f0b57196,EVT-003097,USER-00154,search,2025-12-26T19:35:49,SES-04478388,tablet,Chrome,organic,,,,,0.0,red wine gift,0,0,0,
a95a1136-3de5-4e6a-b352-bff7221126a5,EVT-003098,USER-00144,view,2025-11-30T17:57:59,SES-3ca567eb,tablet,Edge,direct,PROD-01196,Oral-B iO Series 9,Personal Care,Healthcare,285.71,,125,0,0,
60f298ad-c423-4148-828b-1868294b468b,EVT-003099,USER-00001,view,2025-12-02T18:19:33,SES-4303ce96,desktop,Safari,direct,PROD-00512,Dom Pérignon Rosé 2009,Champagne,Wine,415.51,,398,0,0,
425d3bd2-b161-4bc4-85fd-6a92b5116081,EVT-003100,USER-00023,search,2026-01-05T15:19:40,SES-eb8c51cc,desktop,Chrome,social,,,,,0.0,gaming laptop,0,0,0,
9c06bd37-c0fc-46e4-bfa1-d08f19f96621,EVT-003101,USER-00155,search,2025-10-28T00:57:00,SES-0a5ab1de,mobile,Firefox,social,,,,,0.0,wireless headphones,0,0,0,
33fcb034-0bf9-4655-86dd-47eb9e0ae565,EVT-003102,USER-00218,click,2025-11-21T03:51:53,SES-fbf56846,desktop,Safari,email,PROD-00003,Penfolds Grange,Red Wine,Wine,390.13,,276,0,0,
898b78e8-12af-43a8-94c1-7bc516a8f5ad,EVT-003103,USER-00107,search,2025-12-03T00:12:27,SES-4cc4d266,desktop,Firefox,organic,,,,,0.0,home office chair,0,0,0,
8d381276-ba61-42ac-8daf-5c392f5acf6d,EVT-003104,USER-00147,add_to_cart,2025-11-16T20:37:32,SES-5cb0d664,mobile,Chrome,email,PROD-01416,REI Flash 55 Pack,Outdoor Gear,Sports,517.67,,0,1,0,
39fd6fec-f42b-451c-8313-d018bdb3268a,EVT-003105,USER-00048,wishlist,2026-01-02T19:03:59,SES-c380d8b3,tablet,Safari,organic,PROD-01844,Samsung Galaxy Watch 6,Smartwatches,Electronics,790.52,,0,0,0,
7d1b69f0-6d04-405f-aea6-85022edbe1c3,EVT-003106,USER-00154,search,2025-12-23T07:31:47,SES-9eb13838,tablet,Chrome,organic,,,,,0.0,red wine gift,0,0,0,
d1c6cae5-bd0c-46a9-a317-0d739e2afbbd,EVT-003107,USER-00144,view,2025-11-03T00:07:56,SES-08f988b7,tablet,Edge,direct,PROD-01196,Oral-B iO Series 9,Personal Care,Healthcare,285.71,,125,0,0,
f5f5c1cd-bb0b-401c-a32d-bbd0e00097e1,EVT-003108,USER-00001,view,2025-12-20T08:30:13,SES-0531b980,desktop,Safari,direct,PROD-00512,Dom Pérignon Rosé 2009,Champagne,Wine,415.51,,398,0,0,
e80b2613-9a55-42b9-b784-96c043846ea5,EVT-003109,USER-00023,search,2026-01-09T02:40:02,SES-8e45d666,desktop,Chrome,social,,,,,0.0,gaming laptop,0,0,0,
55fc3720-52c2-4f25-9433-b49d93efc302,EVT-003110,USER-00155,search,2026-01-08T15:42:00,SES-56dccb90,mobile,Firefox,social,,,,,0.0,wireless headphones,0,0,0,
d8650853-4e20-420b-a1c5-5a13566e5b4e,EVT-003111,USER-00218,click,2026-01-18T22:12:51,SES-8745087b,desktop,Safari,email,PROD-00003,Penfolds Grange,Red Wine,Wine,390.13,,276,0,0,
93e97b3c-6f4f-4735-b8f7-9ef90ca444e1,EVT-003112,USER-00107,search,2025-12-05T11:08:05,SES-12d780f4,desktop,Firefox,organic,,,,,0.0,home office chair,0,0,0,
4e161bc5-1cb1-46fe-8064-17f5a8c4e75d,EVT-003113,USER-00147,add_to_cart,2025-12-10T11:49:04,SES-d8cc9271,mobile,Chrome,email,PROD-01416,REI Flash 55 Pack,Outdoor Gear,Sports,517.67,,0,1,0,
431c0cfa-c1dc-453c-bb22-332c89bba178,EVT-003114,USER-00048,wishlist,2025-11-27T22:40:32,SES-4fd0b583,tablet,Safari,organic,PROD-01844,Samsung Galaxy Watch 6,Smartwatches,Electronics,790.52,,0,0,0,
33d6623a-fb97-40c2-8c9c-7e61f419424e,EVT-003115,USER-00154,search,2026-01-06T13:47:59,SES-68d4e8a7,tablet,Chrome,organic,,,,,0.0,red wine gift,0,0,0,
737a8dec-ae05-49c0-a4a4-d6787d45f4af,EVT-003116,USER-00144,view,2025-12-07T17:22:29,SES-269617c3,tablet,Edge,direct,PROD-01196,Oral-B iO Series 9,Personal Care,Healthcare,285.71,,125,0,0,
ef647ece-8b2a-4999-be2f-a59729755c2f,EVT-003117,USER-00001,view,2025-12-30T21:03:52,SES-ef35a1f9,desktop,Safari,direct,PROD-00512,Dom Pérignon Rosé 2009,Champagne,Wine,415.51,,398,0,0,
d3eb1ad5-227b-4e84-9567-10cc30bde588,EVT-003118,USER-00023,search,2025-11-24T06:41:03,SES-e0f96e10,desktop,Chrome,social,,,,,0.0,gaming laptop,0,0,0,
9a9ad0c8-71fb-43ac-b368-867922da8c4e,EVT-003119,USER-00155,search,2026-01-12T16:59:04,SES-8a80c018,mobile,Firefox,social,,,,,0.0,wireless headphones,0,0,0,
63123c52-3efa-4c9b-b808-4d698db56b3e,EVT-003120,USER-00218,click,2025-12-13T16:37:34,SES-2e01b556,desktop,Safari,email,PROD-00003,Penfolds Grange,Red Wine,Wine,390.13,,276,0,0,
211b11bc-73f6-4cf2-8b3d-4d03d089b859,EVT-003121,USER-00107,search,2025-11-27T04:07:09,SES-a9f7ede3,desktop,Firefox,organic,,,,,0.0,home office chair,0,0,0,
8ebe7461-50a5-4e53-9b4d-7bd48be68c21,EVT-003122,USER-00147,add_to_cart,2025-11-02T14:08:40,SES-f98ca1d7,mobile,Chrome,email,PROD-01416,REI Flash 55 Pack,Outdoor Gear,Sports,517.67,,0,1,0,
efd6d0a5-17b0-41db-83b9-e9eb47515df4,EVT-003123,USER-00048,wishlist,2026-01-07T00:15:54,SES-0a7fd874,tablet,Safari,organic,PROD-01844,Samsung Galaxy Watch 6,Smartwatches,Electronics,790.52,,0,0,0,
38271916-70d5-4364-aecd-8a4378b3f826,EVT-003124,USER-00154,search,2025-11-09T02:39:21,SES-f7ec412f,tablet,Chrome,organic,,,,,0.0,red wine gift,0,0,0,
1fee1920-e7a9-462d-83e3-12efd8f2c7c8,EVT-003125,USER-00144,view,2025-12-02T22:04:23,SES-793f2672,tablet,Edge,direct,PROD-01196,Oral-B iO Series 9,Personal Care,Healthcare,285.71,,125,0,0,
fcab345f-a881-4c0f-b9a2-d7860feb1e0a,EVT-003126,USER-00001,view,2025-12-13T08:54:27,SES-b866ac17,desktop,Safari,direct,PROD-00512,Dom Pérignon Rosé 2009,Champagne,Wine,415.51,,398,0,0,
2cd82622-8d71-40ea-a745-e92a59f93672,EVT-003127,USER-00023,search,2026-01-04T11:57:04,SES-ef45ea71,desktop,Chrome,social,,,,,0.0,gaming laptop,0,0,0,
5e82fd7c-2eff-41ee-a70f-fb789caa0e04,EVT-003128,USER-00155,search,2025-11-28T23:29:01,SES-3b971392,mobile,Firefox,social,,,,,0.0,wireless headphones,0,0,0,
c2df96fb-07c8-426c-a746-644f01925834,EVT-003129,USER-00218,click,2026-01-15T05:54:32,SES-01406d48,desktop,Safari,email,PROD-00003,Penfolds Grange,Red Wine,Wine,390.13,,276,0,0,
5820e70b-e71f-4b6e-92ba-f0b7a4be87ae,EVT-003130,USER-00107,search,2025-12-27T06:08:19,SES-df91b1f2,desktop,Firefox,organic,,,,,0.0,home office chair,0,0,0,
becf58c2-c944-49be-91c8-d18ebf2b2b27,EVT-003131,USER-00147,add_to_cart,2025-10-30T12:21:52,SES-042eccd3,mobile,Chrome,email,PROD-01416,REI Flash 55 Pack,Outdoor Gear,Sports,517.67,,0,1,0,
1a6123db-8400-4d04-acbe-f0dab79df577,EVT-003132,USER-00048,wishlist,2025-11-06T08:21:26,SES-56d5d25d,tablet,Safari,organic,PROD-01844,Samsung Galaxy Watch 6,Smartwatches,Electronics,790.52,,0,0,0,
4354f73e-582c-4cb1-b8e4-786c4329454d,EVT-003133,USER-00154,search,2025-10-23T10:08:24,SES-69eabb5f,tablet,Chrome,organic,,,,,0.0,red wine gift,0,0,0,
8a024be3-58bd-49ed-8051-cc887696fd72,EVT-003134,USER-00144,view,2025-11-24T11:27:58,SES-57331926,tablet,Edge,direct,PROD-01196,Oral-B iO Series 9,Personal Care,Healthcare,285.71,,125,0,0,
c0cd7a52-f817-406c-9cc6-ca9741a13e51,EVT-003135,USER-00001,view,2025-12-30T10:40:30,SES-451d6de5,desktop,Safari,direct,PROD-00512,Dom Pérignon Rosé 2009,Champagne,Wine,415.51,,398,0,0,
72db987b-ad84-4af2-8f87-4475d3f11c63,EVT-003136,USER-00023,search,2025-12-19T01:05:09,SES-efc87877,desktop,Chrome,social,,,,,0.0,gaming laptop,0,0,0,
46be96eb-b176-4e93-aa64-6c4d06c25bee,EVT-003137,USER-00155,search,2025-11-16T18:43:56,SES-556125f8,mobile,Firefox,social,,,,,0.0,wireless headphones,0,0,0,
1c85a660-bbff-4637-b43b-9f26c698e2c7,EVT-003138,USER-00218,click,2025-11-10T22:24:05,SES-5991624e,desktop,Safari,email,PROD-00003,Penfolds Grange,Red Wine,Wine,390.13,,276,0,0,
238f71de-e54b-47c3-b01d-92ac917b2064,EVT-003139,USER-00107,search,2025-12-11T17:43:30,SES-e601c4d8,desktop,Firefox,organic,,,,,0.0,home office chair,0,0,0,
170d4542-9b37-401f-a929-5c906cc91f1b,EVT-003140,USER-00147,add_to_cart,2026-01-09T15:58:22,SES-37a8358c,mobile,Chrome,email,PROD-01416,REI Flash 55 Pack,Outdoor Gear,Sports,517.67,,0,1,0,
bbe0adb9-2c90-4dd1-b7fb-8ed68e56de2d,EVT-003141,USER-00048,wishlist,2025-12-21T09:51:55,SES-0566700d,tablet,Safari,organic,PROD-01844,Samsung Galaxy Watch 6,Smartwatches,Electronics,790.52,,0,0,0,
5d83bda2-b905-45fa-a1ea-edecc381a6fc,EVT-003142,USER-00154,search,2026-01-01T09:25:39,SES-5f7dabae,tablet,Chrome,organic,,,,,0.0,red wine gift,0,0,0,
768510b2-00ae-486e-b40f-9f0f21742fec,EVT-003143,USER-00144,view,2026-01-15T10:18:54,SES-228213ca,tablet,Edge,direct,PROD-01196,Oral-B iO Series 9,Personal Care,Healthcare,285.71,,125,0,0,
ec1a682f-b45c-48cf-b7b3-b8b775d48de8,EVT-003144,USER-00001,view,2025-12-05T22:07:54,SES-f4d8056e,desktop,Safari,direct,PROD-00512,Dom Pérignon Rosé 2009,Champagne,Wine,415.51,,398,0,0,
832cc33d-9fd8-415f-b7aa-0b250fc5170a,EVT-003145,USER-00023,search,2025-12-03T23:17:32,SES-20201ba5,desktop,Chrome,social,,,,,0.0,gaming laptop,0,0,0,
9278e964-679d-4a3e-b940-9fe26b96ae44,EVT-003146,USER-00155,search,2025-10-27T11:02:40,SES-7d015c9c,mobile,Firefox,social,,,,,0.0,wireless headphones,0,0,0,
d4d7fe90-882a-4cf1-9970-e7bce7b48744,EVT-003147,USER-00218,click,2025-12-06T20:54:23,SES-4df02d25,desktop,Safari,email,PROD-00003,Penfolds Grange,Red Wine,Wine,390.13,,276,0,0,
b5225853-8484-4045-b2b2-af892db8b0da,EVT-003148,USER-00107,search,2025-11-19T02:22:14,SES-9d3f2a4a,desktop,Firefox,organic,,,,,0.0,home office chair,0,0,0,
327f8305-5d32-4bf6-a493-596479a9c0fc,EVT-003149,USER-00147,add_to_cart,2025-10-26T14:46:26,SES-765c9118,mobile,Chrome,email,PROD-01416,REI Flash 55 Pack,Outdoor Gear,Sports,517.67,,0,1,0,
0d49966b-c6dd-416c-bddb-a92bf899f1a4,EVT-003150,USER-00048,wishlist,2025-11-03T13:09:54,SES-f1e3746a,tablet,Safari,organic,PROD-01844,Samsung Galaxy Watch 6,Smartwatches,Electronics,790.52,,0,0,0,
19eb9a48-4861-46e1-90a3-bdd00c35b70e,EVT-003151,USER-00154,search,2026-01-15T00:16:32,SES-41cf7a61,tablet,Chrome,organic,,,,,0.0,red wine gift,0,0,0,
a795e48b-7a55-449e-ae88-7b183fb0facb,EVT-003152,USER-00144,view,2025-12-09T06:49:49,SES-46039f82,tablet,Edge,direct,PROD-01196,Oral-B iO Series 9,Personal Care,Healthcare,285.71,,125,0,0,
7976f8d0-468b-46ec-8643-2bbb07f8f3dd,EVT-003153,USER-00001,view,2025-12-06T10:23:29,SES-036635bd,desktop,Safari,direct,PROD-00512,Dom Pérignon Rosé 2009,Champagne,Wine,415.51,,398,0,0,
46a4bbb6-4808-496e-bd34-2558e1a81e7c,EVT-003154,USER-00023,search,2025-11-27T09:20:39,SES-c21fde85,desktop,Chrome,social,,,,,0.0,gaming laptop,0,0,0,
11be5661-bcd6-4769-942d-16964ceb908b,EVT-003155,USER-00155,search,2025-10-27T14:36:34,SES-9dbfd3a2,mobile,Firefox,social,,,,,0.0,wireless headphones,0,0,0,
b5f8e280-9ee5-4e65-b26e-b0579470bfcf,EVT-003156,USER-00218,click,2026-01-17T01:50:11,SES-fd51bf71,desktop,Safari,email,PROD-00003,Penfolds Grange,Red Wine,Wine,390.13,,276,0,0,
dc66de37-7fc5-446d-b1f6-ec560df5f0a9,EVT-003157,USER-00107,search,2025-12-19T22:27:56,SES-3e41b285,desktop,Firefox,organic,,,,,0.0,home office chair,0,0,0,
62d3b94f-c889-4bb0-9877-c2915c006acb,EVT-003158,USER-00147,add_to_cart,2025-12-28T09:19:43,SES-33547156,mobile,Chrome,email,PROD-01416,REI Flash 55 Pack,Outdoor Gear,Sports,517.67,,0,1,0,
53ac91f5-d809-4fbe-b62e-af209b8589b9,EVT-003159,USER-00048,wishlist,2025-11-27T14:27:09,SES-69c4853f,tablet,Safari,organic,PROD-01844,Samsung Galaxy Watch 6,Smartwatches,Electronics,790.52,,0,0,0,
1772e60d-d571-4e19-8776-105a78f5fe02,EVT-003160,USER-00154,search,2025-11-16T05:53:37,SES-76d6812c,tablet,Chrome,organic,,,,,0.0,red wine gift,0,0,0,
672aa50b-088e-4e02-b41e-6a8ef4b96138,EVT-003161,USER-00144,view,2025-12-03T01:53:18,SES-ac29b030,tablet,Edge,direct,PROD-01196,Oral-B iO Series 9,Personal Care,Healthcare,285.71,,125,0,0,
55785444-0e20-4b77-b4fd-1da701114562,EVT-003162,USER-00001,view,2025-11-24T12:16:21,SES-12ddc588,desktop,Safari,direct,PROD-00512,Dom Pérignon Rosé 2009,Champagne,Wine,415.51,,398,0,0,
25706d6d-e642-4c76-ad7b-de31910362c5,EVT-003163,USER-00023,search,2025-12-27T06:47:06,SES-d14cb642,desktop,Chrome,social,,,,,0.0,gaming laptop,0,0,0,
2d16b3f8-6970-47b2-81d8-6fedfad23498,EVT-003164,USER-00155,search,2025-11-20T11:59:46,SES-6604192d,mobile,Firefox,social,,,,,0.0,wireless headphones,0,0,0,
669d4943-98c9-4c1c-b7fe-289531fb88dc,EVT-003165,USER-00218,click,2026-01-05T04:46:54,SES-e0356c41,desktop,Safari,email,PROD-00003,Penfolds Grange,Red Wine,Wine,390.13,,276,0,0,
aee91035-c9e1-4384-b015-e100a1da1240,EVT-003166,USER-00107,search,2026-01-10T06:43:57,SES-fcc69356,desktop,Firefox,organic,,,,,0.0,home office chair,0,0,0,
67f4919d-0c16-4df9-bade-93d938e8ba0e,EVT-003167,USER-00147,add_to_cart,2025-10-25T00:45:33,SES-44a6f792,mobile,Chrome,email,PROD-01416,REI Flash 55 Pack,Outdoor Gear,Sports,517.67,,0,1,0,
da5bd454-e746-4157-80f2-5965f1be26a2,EVT-003168,USER-00048,wishlist,2025-12-14T10:37:31,SES-0ce9253a,tablet,Safari,organic,PROD-01844,Samsung Galaxy Watch 6,Smartwatches,Electronics,790.52,,0,0,0,
44dd6747-81c9-40c7-b9ac-55d104943f29,EVT-003169,USER-00154,search,2025-11-17T16:38:01,SES-bc9fc7b9,tablet,Chrome,organic,,,,,0.0,red wine gift,0,0,0,
f3656330-96e4-448a-b1dd-701db843d00c,EVT-003170,USER-00144,view,2025-11-09T02:23:47,SES-14b9c79e,tablet,Edge,direct,PROD-01196,Oral-B iO Series 9,Personal Care,Healthcare,285.71,,125,0,0,
e081a9bf-9bb0-478a-b34a-a13d794182f6,EVT-003171,USER-00001,view,2025-11-20T05:13:39,SES-f7baceb1,desktop,Safari,direct,PROD-00512,Dom Pérignon Rosé 2009,Champagne,Wine,415.51,,398,0,0,
9fc3aa38-e6f7-41e3-b422-5ad3b253854c,EVT-003172,USER-00023,search,2025-11-26T09:31:58,SES-cc3f9f7b,desktop,Chrome,social,,,,,0.0,gaming laptop,0,0,0,
5b0c7866-23c1-4b19-bb87-7cb433e865c4,EVT-003173,USER-00155,search,2025-12-02T05:45:01,SES-a907aa04,mobile,Firefox,social,,,,,0.0,wireless headphones,0,0,0,
921802b6-1433-4b58-bf5d-ac9fb07edb60,EVT-003174,USER-00218,click,2025-10-24T10:45:06,SES-58e4f1af,desktop,Safari,email,PROD-00003,Penfolds Grange,Red Wine,Wine,390.13,,276,0,0,
20bde4e7-b1a4-420a-b6af-00c4ecf5a2d4,EVT-003175,USER-00107,search,2025-12-05T02:58:46,SES-9b25f9b1,desktop,Firefox,organic,,,,,0.0,home office chair,0,0,0,
f0117dc5-67a4-48e8-9ccc-8dae8759ea33,EVT-003176,USER-00147,add_to_cart,2025-11-23T06:22:42,SES-e1ddbb55,mobile,Chrome,email,PROD-01416,REI Flash 55 Pack,Outdoor Gear,Sports,517.67,,0,1,0,
841291f6-a15b-4023-a0e9-dfac6c546ab1,EVT-003177,USER-00048,wishlist,2025-11-20T15:34:55,SES-84159f5a,tablet,Safari,organic,PROD-01844,Samsung Galaxy Watch 6,Smartwatches,Electronics,790.52,,0,0,0,
5988624d-3136-42f8-a2c4-f771a31ac785,EVT-003178,USER-00154,search,2025-12-23T11:52:36,SES-00f1ae46,tablet,Chrome,organic,,,,,0.0,red wine gift,0,0,0,
ae2dd939-91f9-4d77-a569-da70f2a5b4a9,EVT-003179,USER-00144,view,2025-10-26T04:55:07,SES-52712af6,tablet,Edge,direct,PROD-01196,Oral-B iO Series 9,Personal Care,Healthcare,285.71,,125,0,0,
7d427edf-179b-4351-8915-f5ff58461a7e,EVT-003180,USER-00001,view,2025-12-19T14:11:42,SES-674aa4f2,desktop,Safari,direct,PROD-00512,Dom Pérignon Rosé 2009,Champagne,Wine,415.51,,398,0,0,
3ed8f617-3823-48d6-b4d1-c097d5f06940,EVT-003181,USER-00023,search,2025-11-02T14:10:14,SES-f73826e5,desktop,Chrome,social,,,,,0.0,gaming laptop,0,0,0,
cf3c0ce3-5930-4062-8437-fd7657953691,EVT-003182,USER-00155,search,2025-11-26T10:22:10,SES-2388f84d,mobile,Firefox,social,,,,,0.0,wireless headphones,0,0,0,
2c03f259-205d-4567-93be-6884ad59a128,EVT-003183,USER-00218,click,2026-01-01T19:23:25,SES-64a1d244,desktop,Safari,email,PROD-00003,Penfolds Grange,Red Wine,Wine,390.13,,276,0,0,
cd0977e9-709a-4d70-b2e6-a623e0128e4c,EVT-003184,USER-00107,search,2025-10-26T07:14:33,SES-686ced80,desktop,Firefox,organic,,,,,0.0,home office chair,0,0,0,
e2f971fa-19dd-4411-bbe7-e425f06a1e9c,EVT-003185,USER-00147,add_to_cart,2025-12-13T07:52:30,SES-75948893,mobile,Chrome,email,PROD-01416,REI Flash 55 Pack,Outdoor Gear,Sports,517.67,,0,1,0,
fc663bb6-294d-45b7-b1ec-e17277fd9470,EVT-003186,USER-00048,wishlist,2026-01-02T11:10:46,SES-70d0e3a7,tablet,Safari,organic,PROD-01844,Samsung Galaxy Watch 6,Smartwatches,Electronics,790.52,,0,0,0,
e30ea895-d93c-4fb2-bad4-b285a9722bf9,EVT-003187,USER-00154,search,2025-11-30T05:10:35,SES-14ebbe33,tablet,Chrome,organic,,,,,0.0,red wine gift,0,0,0,
09250020-64a2-43a4-93ba-92dff84237e4,EVT-003188,USER-00144,view,2025-11-15T21:16:19,SES-5c0ab501,tablet,Edge,direct,PROD-01196,Oral-B iO Series 9,Personal Care,Healthcare,285.71,,125,0,0,
909de6d0-f397-4443-bbb0-6fdb6a388823,EVT-003189,USER-00001,view,2025-11-08T18:15:13,SES-05d1ddf8,desktop,Safari,direct,PROD-00512,Dom Pérignon Rosé 2009,Champagne,Wine,415.51,,398,0,0,
51a25777-38cb-45ab-81c7-44fad8a9caf1,EVT-003190,USER-00023,search,2025-10-30T21:46:23,SES-a3929cb3,desktop,Chrome,social,,,,,0.0,gaming laptop,0,0,0,
ed1d0fe7-a077-42b7-970a-cf78d5151fd4,EVT-003191,USER-00155,search,2025-12-13T16:32:08,SES-306e0744,mobile,Firefox,social,,,,,0.0,wireless headphones,0,0,0,
8d015989-6643-4aaa-87a6-b7b718374623,EVT-003192,USER-00218,click,2025-10-31T22:17:59,SES-402fb1cd,desktop,Safari,email,PROD-00003,Penfolds Grange,Red Wine,Wine,390.13,,276,0,0,
f6b38428-c171-495f-b214-b734e4d3618a,EVT-003193,USER-00107,search,2025-11-03T23:39:29,SES-3422f080,desktop,Firefox,organic,,,,,0.0,home office chair,0,0,0,
49204300-4263-4fea-9a37-0d25e3bc178c,EVT-003194,USER-00147,add_to_cart,2026-01-01T07:28:01,SES-a0d62183,mobile,Chrome,email,PROD-01416,REI Flash 55 Pack,Outdoor Gear,Sports,517.67,,0,1,0,
a0c669cf-a320-4efa-acf4-4744a3b61bee,EVT-003195,USER-00048,wishlist,2025-11-05T18:58:31,SES-548ce1ae,tablet,Safari,organic,PROD-01844,Samsung Galaxy Watch 6,Smartwatches,Electronics,790.52,,0,0,0,
a6a0d57b-4256-40b0-b580-343c14f6ae99,EVT-003196,USER-00154,search,2025-12-23T04:44:24,SES-90346b67,tablet,Chrome,organic,,,,,0.0,red wine gift,0,0,0,
df500dd1-b300-4e7b-bbe8-d92892339ed7,EVT-003197,USER-00144,view,2025-12-09T15:45:08,SES-26532fff,tablet,Edge,direct,PROD-01196,Oral-B iO Series 9,Personal Care,Healthcare,285.71,,125,0,0,
ec137a86-ba84-40b9-bc10-26b8c1f5b9f0,EVT-003198,USER-00001,view,2025-12-03T14:28:00,SES-9f5314d2,desktop,Safari,direct,PROD-00512,Dom Pérignon Rosé 2009,Champagne,Wine,415.51,,398,0,0,
529c1a9b-a125-4cb1-8997-c3517a3d921a,EVT-003199,USER-00023,search,2026-01-17T10:06:37,SES-f959f6ed,desktop,Chrome,social,,,,,0.0,gaming laptop,0,0,0,
67750aa6-af69-4c5f-b34b-c0d3abf884c6,EVT-003200,USER-00155,search,2025-11-18T10:01:06,SES-6fcf9516,mobile,Firefox,social,,,,,0.0,wireless headphones,0,0,0,
0b8c2779-43f7-4148-ba3c-e4d564d63004,EVT-003201,USER-00218,click,2025-11-25T06:44:17,SES-a63e77be,desktop,Safari,email,PROD-00003,Penfolds Grange,Red Wine,Wine,390.13,,276,0,0,
bd30f13f-13d0-40f3-b425-c7c3c518f61e,EVT-003202,USER-00107,search,2025-12-06T05:13:08,SES-85f7e8c7,desktop,Firefox,organic,,,,,0.0,home office chair,0,0,0,
2a8340b6-217d-4852-b2d2-42286d4f4108,EVT-003203,USER-00147,add_to_cart,2025-12-28T15:23:50,SES-1e8b5f46,mobile,Chrome,email,PROD-01416,REI Flash 55 Pack,Outdoor Gear,Sports,517.67,,0,1,0,
35d22912-4282-4265-9ff8-f6d04a4a28fe,EVT-003204,USER-00048,wishlist,2025-12-21T16:12:20,SES-b2b58d81,tablet,Safari,organic,PROD-01844,Samsung Galaxy Watch 6,Smartwatches,Electronics,790.52,,0,0,0,
63703c6c-cb97-49d2-858a-350989780262,EVT-003205,USER-00154,search,2025-11-15T10:43:32,SES-ba1a77cd,tablet,Chrome,organic,,,,,0.0,red wine gift,0,0,0,
de068039-cdd7-44d0-8504-79a2a8be3dbb,EVT-003206,USER-00144,view,2026-01-19T22:49:51,SES-de9e4fc6,tablet,Edge,direct,PROD-01196,Oral-B iO Series 9,Personal Care,Healthcare,285.71,,125,0,0,
5aac8411-7de7-48cf-86e6-f56c61628184,EVT-003207,USER-00001,view,2026-01-10T21:39:01,SES-c297b316,desktop,Safari,direct,PROD-00512,Dom Pérignon Rosé 2009,Champagne,Wine,415.51,,398,0,0,
db1f8d02-43b5-439d-839b-9dbb87b9400f,EVT-003208,USER-00023,search,2026-01-18T11:25:29,SES-0f4669ef,desktop,Chrome,social,,,,,0.0,gaming laptop,0,0,0,
0847b85b-1224-4d77-86ad-9ed86b09dcb6,EVT-003209,USER-00155,search,2026-01-11T19:25:45,SES-c948cae2,mobile,Firefox,social,,,,,0.0,wireless headphones,0,0,0,
b71d07df-9f1c-4066-9d4e-a8cbaa8e02ba,EVT-003210,USER-00218,click,2026-01-01T21:12:57,SES-ca16a639,desktop,Safari,email,PROD-00003,Penfolds Grange,Red Wine,Wine,390.13,,276,0,0,
0031183b-8f0a-4547-be8d-27c9c3fcabfc,EVT-003211,USER-00107,search,2026-01-10T09:47:59,SES-ab04c31b,desktop,Firefox,organic,,,,,0.0,home office chair,0,0,0,
965261cf-5cff-417a-922f-2c1bd585ab17,EVT-003212,USER-00147,add_to_cart,2025-12-12T13:54:36,SES-c69dafae,mobile,Chrome,email,PROD-01416,REI Flash 55 Pack,Outdoor Gear,Sports,517.67,,0,1,0,
fac8f6eb-80ef-4e77-9173-52d66019d7b1,EVT-003213,USER-00048,wishlist,2025-12-16T23:57:17,SES-a28b1c1d,tablet,Safari,organic,PROD-01844,Samsung Galaxy Watch 6,Smartwatches,Electronics,790.52,,0,0,0,
a4a53f70-7af5-44ed-b761-8c6ba75c5198,EVT-003214,USER-00154,search,2025-12-06T06:07:29,SES-7f26f059,tablet,Chrome,organic,,,,,0.0,red wine gift,0,0,0,
19ce293f-0e92-4cdc-a260-df1c70434949,EVT-003215,USER-00144,view,2025-10-26T16:37:48,SES-671259bd,tablet,Edge,direct,PROD-01196,Oral-B iO Series 9,Personal Care,Healthcare,285.71,,125,0,0,
fab4b641-ffcf-4511-ab75-717aea4df536,EVT-003216,USER-00001,view,2025-10-30T04:16:18,SES-0b667bdd,desktop,Safari,direct,PROD-00512,Dom Pérignon Rosé 2009,Champagne,Wine,415.51,,398,0,0,
58962b88-fbb9-4a03-a739-d928aedc5611,EVT-003217,USER-00023,search,2025-11-23T10:56:09,SES-bc8e02c1,desktop,Chrome,social,,,,,0.0,gaming laptop,0,0,0,
5a1dd466-8a88-4ca5-9f35-d9cccd9b7ee5,EVT-003218,USER-00155,search,2025-11-27T22:36:20,SES-9c1943bb,mobile,Firefox,social,,,,,0.0,wireless headphones,0,0,0,
a6621f51-c6e5-456d-a6d5-2bc305ccb6ed,EVT-003219,USER-00218,click,2025-10-26T11:08:44,SES-cf10b39a,desktop,Safari,email,PROD-00003,Penfolds Grange,Red Wine,Wine,390.13,,276,0,0,
4b44e86d-61dd-4fa3-a580-7fc72457a4b2,EVT-003220,USER-00107,search,2025-11-05T23:52:58,SES-349f4861,desktop,Firefox,organic,,,,,0.0,home office chair,0,0,0,
c613047b-838b-4823-ab1b-52be2e0e249c,EVT-003221,USER-00147,add_to_cart,2025-12-20T21:49:34,SES-d77e1067,mobile,Chrome,email,PROD-01416,REI Flash 55 Pack,Outdoor Gear,Sports,517.67,,0,1,0,
8bfc65e5-2d94-45ed-819c-b29f48ab9a68,EVT-003222,USER-00048,wishlist,2026-01-01T00:31:47,SES-d7d56137,tablet,Safari,organic,PROD-01844,Samsung Galaxy Watch 6,Smartwatches,Electronics,790.52,,0,0,0,
5bc6a6fe-ca4f-4274-8349-9bfbde84995c,EVT-003223,USER-00154,search,2025-12-23T16:08:42,SES-169e929f,tablet,Chrome,organic,,,,,0.0,red wine gift,0,0,0,
38b633e3-7c8e-404f-9095-3c2d93411015,EVT-003224,USER-00144,view,2026-01-09T15:08:13,SES-8bbc3261,tablet,Edge,direct,PROD-01196,Oral-B iO Series 9,Personal Care,Healthcare,285.71,,125,0,0,
7ef7d454-2a9a-462e-bad7-c82dbe834774,EVT-003225,USER-00001,view,2026-01-16T09:13:28,SES-dc9a24ae,desktop,Safari,direct,PROD-00512,Dom Pérignon Rosé 2009,Champagne,Wine,415.51,,398,0,0,
be6d0d87-4ae5-4596-9c11-15ce30e89d68,EVT-003226,USER-00023,search,2025-11-01T13:33:45,SES-eac319b4,desktop,Chrome,social,,,,,0.0,gaming laptop,0,0,0,
21a01cc8-18c5-412d-a0a8-8aca060088ac,EVT-003227,USER-00155,search,2025-11-28T19:51:05,SES-fe13de63,mobile,Firefox,social,,,,,0.0,wireless headphones,0,0,0,
6939d371-08f8-4095-830e-342bea9f4cfe,EVT-003228,USER-00218,click,2025-12-11T12:26:58,SES-834ce180,desktop,Safari,email,PROD-00003,Penfolds Grange,Red Wine,Wine,390.13,,276,0,0,
ff388177-a6b5-4714-bf5f-0dad6f18bd6a,EVT-003229,USER-00107,search,2026-01-01T04:13:55,SES-e7ab64b3,desktop,Firefox,organic,,,,,0.0,home office chair,0,0,0,
4ec9594d-a73b-4f62-815d-2270b42f47ac,EVT-003230,USER-00147,add_to_cart,2025-10-30T09:27:54,SES-6715c054,mobile,Chrome,email,PROD-01416,REI Flash 55 Pack,Outdoor Gear,Sports,517.67,,0,1,0,
5580c05a-6adb-4ca4-912d-a59204c201cf,EVT-003231,USER-00048,wishlist,2025-11-24T12:59:50,SES-273d27af,tablet,Safari,organic,PROD-01844,Samsung Galaxy Watch 6,Smartwatches,Electronics,790.52,,0,0,0,
880603a2-c4ae-4160-8364-d31ae91d865a,EVT-003232,USER-00154,search,2025-12-23T13:38:38,SES-1bd66384,tablet,Chrome,organic,,,,,0.0,red wine gift,0,0,0,
8a7fa8b8-5024-4162-b2a5-63084a3483d5,EVT-003233,USER-00144,view,2026-01-03T11:50:54,SES-819a905c,tablet,Edge,direct,PROD-01196,Oral-B iO Series 9,Personal Care,Healthcare,285.71,,125,0,0,
01687003-396a-47ce-a7c0-0795336565c4,EVT-003234,USER-00001,view,2025-11-21T01:36:28,SES-d8774738,desktop,Safari,direct,PROD-00512,Dom Pérignon Rosé 2009,Champagne,Wine,415.51,,398,0,0,
51ec5995-a414-4dac-920d-0443aaff2f86,EVT-003235,USER-00023,search,2025-12-02T18:29:44,SES-9896ece4,desktop,Chrome,social,,,,,0.0,gaming laptop,0,0,0,
6751a0f7-7a44-4082-83ef-e9077eb4cbb5,EVT-003236,USER-00155,search,2025-11-30T15:43:14,SES-d5948e04,mobile,Firefox,social,,,,,0.0,wireless headphones,0,0,0,
c2f81e35-2ab2-4245-a4dd-bc5943036a5d,EVT-003237,USER-00218,click,2025-10-24T22:05:13,SES-6b9d5f5c,desktop,Safari,email,PROD-00003,Penfolds Grange,Red Wine,Wine,390.13,,276,0,0,
b5c28c28-ecba-46f6-b104-bdfcdac4f61a,EVT-003238,USER-00107,search,2025-11-09T14:31:06,SES-c141e7c4,desktop,Firefox,organic,,,,,0.0,home office chair,0,0,0,
3b405f99-39a6-4842-8b97-fa83118554b3,EVT-003239,USER-00147,add_to_cart,2026-01-03T06:01:22,SES-417dcbd3,mobile,Chrome,email,PROD-01416,REI Flash 55 Pack,Outdoor Gear,Sports,517.67,,0,1,0,
5eab8d95-aaa4-4e68-8fc5-d890d57564c1,EVT-003240,USER-00048,wishlist,2025-11-16T16:27:08,SES-528541b8,tablet,Safari,organic,PROD-01844,Samsung Galaxy Watch 6,Smartwatches,Electronics,790.52,,0,0,0,
3f3d2466-27e8-4aa5-814d-2672387d4d04,EVT-003241,USER-00154,search,2025-12-31T19:21:55,SES-1a8f36b8,tablet,Chrome,organic,,,,,0.0,red wine gift,0,0,0,
17a6cb5c-f5d0-4eb1-8461-3e328c8d58fb,EVT-003242,USER-00144,view,2025-12-25T03:17:10,SES-8d4c7d49,tablet,Edge,direct,PROD-01196,Oral-B iO Series 9,Personal Care,Healthcare,285.71,,125,0,0,
1c981b81-13a1-42ba-8aae-ce1ed29db098,EVT-003243,USER-00001,view,2026-01-02T20:30:39,SES-ae1e3ae2,desktop,Safari,direct,PROD-00512,Dom Pérignon Rosé 2009,Champagne,Wine,415.51,,398,0,0,
f8c1636c-cf2d-4ea6-ac1e-cf22e6055e69,EVT-003244,USER-00023,search,2026-01-16T11:17:41,SES-33abd9fa,desktop,Chrome,social,,,,,0.0,gaming laptop,0,0,0,
9a626a79-a618-46b4-b0a7-b87a1b371620,EVT-003245,USER-00155,search,2025-10-30T10:40:23,SES-c182af79,mobile,Firefox,social,,,,,0.0,wireless headphones,0,0,0,
9ea47c9d-c6fc-4fe4-b965-fe6ff902ef41,EVT-003246,USER-00218,click,2026-01-11T23:56:21,SES-d9398e16,desktop,Safari,email,PROD-00003,Penfolds Grange,Red Wine,Wine,390.13,,276,0,0,
ddc92759-d88e-40cd-8139-27f4ad780c16,EVT-003247,USER-00107,search,2026-01-19T07:51:05,SES-b66224c7,desktop,Firefox,organic,,,,,0.0,home office chair,0,0,0,
66bb0f1a-13e8-4dcf-99d0-d378e3725914,EVT-003248,USER-00147,add_to_cart,2025-12-03T19:54:25,SES-a3695a0a,mobile,Chrome,email,PROD-01416,REI Flash 55 Pack,Outdoor Gear,Sports,517.67,,0,1,0,
af40e352-a059-47bc-afd4-b4a99c365cb5,EVT-003249,USER-00048,wishlist,2025-11-03T01:13:14,SES-57b0811f,tablet,Safari,organic,PROD-01844,Samsung Galaxy Watch 6,Smartwatches,Electronics,790.52,,0,0,0,
bdc09c16-52da-46f3-a5eb-b40f91fb48e0,EVT-003250,USER-00154,search,2026-01-07T19:15:22,SES-50ca1f83,tablet,Chrome,organic,,,,,0.0,red wine gift,0,0,0,
ddfccf21-3926-4600-aede-4d8faff5e87b,EVT-003251,USER-00144,view,2025-11-10T08:29:30,SES-027e786e,tablet,Edge,direct,PROD-01196,Oral-B iO Series 9,Personal Care,Healthcare,285.71,,125,0,0,
7e0ec40c-aa53-424b-9a87-9a28e6508e1a,EVT-003252,USER-00001,view,2025-12-17T04:12:42,SES-fce16ad2,desktop,Safari,direct,PROD-00512,Dom Pérignon Rosé 2009,Champagne,Wine,415.51,,398,0,0,
5d847c9c-70dd-4341-8a55-f33b4d348b6f,EVT-003253,USER-00023,search,2025-11-17T02:02:50,SES-c3b76fac,desktop,Chrome,social,,,,,0.0,gaming laptop,0,0,0,
0a276db8-145b-4ab5-a413-e0c0eb9841fb,EVT-003254,USER-00155,search,2025-11-21T04:26:24,SES-0cd64860,mobile,Firefox,social,,,,,0.0,wireless headphones,0,0,0,
93203190-ad3b-445b-883b-aee9282ca4b9,EVT-003255,USER-00218,click,2025-12-21T12:20:18,SES-954dffcb,desktop,Safari,email,PROD-00003,Penfolds Grange,Red Wine,Wine,390.13,,276,0,0,
5649a08d-beb2-4b7f-8fde-7c28a425cc27,EVT-003256,USER-00107,search,2025-12-11T15:43:43,SES-2b0d41a3,desktop,Firefox,organic,,,,,0.0,home office chair,0,0,0,
329f3e55-7e9a-497e-a4ea-96dbc1054184,EVT-003257,USER-00147,add_to_cart,2025-12-14T02:15:28,SES-3fd1054e,mobile,Chrome,email,PROD-01416,REI Flash 55 Pack,Outdoor Gear,Sports,517.67,,0,1,0,
cefeb605-1d91-4c57-bfae-cef8ef6f581c,EVT-003258,USER-00048,wishlist,2026-01-13T16:27:42,SES-ad6344dc,tablet,Safari,organic,PROD-01844,Samsung Galaxy Watch 6,Smartwatches,Electronics,790.52,,0,0,0,
8ba56a7e-6606-4f4a-8f06-f519cf688997,EVT-003259,USER-00154,search,2026-01-07T19:26:22,SES-7041c83e,tablet,Chrome,organic,,,,,0.0,red wine gift,0,0,0,
62e1db11-ce85-4c07-84ca-bd8d08ed5d9f,EVT-003260,USER-00144,view,2025-11-15T09:54:50,SES-173dadb4,tablet,Edge,direct,PROD-01196,Oral-B iO Series 9,Personal Care,Healthcare,285.71,,125,0,0,
dcfe9402-007b-478f-9fbe-5c4cab8595ee,EVT-003261,USER-00001,view,2025-12-29T03:39:57,SES-efbec10f,desktop,Safari,direct,PROD-00512,Dom Pérignon Rosé 2009,Champagne,Wine,415.51,,398,0,0,
f5ab4438-6671-4001-804b-81cfc3f6ddd3,EVT-003262,USER-00023,search,2026-01-08T07:37:39,SES-5ff7a1d0,desktop,Chrome,social,,,,,0.0,gaming laptop,0,0,0,
9f484ea5-065e-42f0-993a-6ec77d4854ec,EVT-003263,USER-00155,search,2025-10-27T11:42:52,SES-f94cd0f9,mobile,Firefox,social,,,,,0.0,wireless headphones,0,0,0,
7e3fa135-ba6d-40e6-b541-c149b159eed0,EVT-003264,USER-00218,click,2025-11-28T01:57:49,SES-ce6654bf,desktop,Safari,email,PROD-00003,Penfolds Grange,Red Wine,Wine,390.13,,276,0,0,
0c828dc2-4629-45df-924c-2a58f66dab75,EVT-003265,USER-00107,search,2025-12-17T09:53:58,SES-da890e39,desktop,Firefox,organic,,,,,0.0,home office chair,0,0,0,
44edf9ab-a601-491a-bf89-9dab39aee6c0,EVT-003266,USER-00147,add_to_cart,2025-12-07T15:54:34,SES-cbf18c96,mobile,Chrome,email,PROD-01416,REI Flash 55 Pack,Outdoor Gear,Sports,517.67,,0,1,0,
56f9c28f-1e45-44c8-a98e-0a3af3089629,EVT-003267,USER-00048,wishlist,2025-11-12T15:24:13,SES-2b4d6a4c,tablet,Safari,organic,PROD-01844,Samsung Galaxy Watch 6,Smartwatches,Electronics,790.52,,0,0,0,
84db93e7-59a7-474e-8be5-0739e1fd4822,EVT-003268,USER-00154,search,2026-01-04T14:32:00,SES-88b1d59e,tablet,Chrome,organic,,,,,0.0,red wine gift,0,0,0,
800bf90a-f814-4ea6-b9cf-4414263747d2,EVT-003269,USER-00144,view,2025-12-04T04:05:12,SES-22a631b1,tablet,Edge,direct,PROD-01196,Oral-B iO Series 9,Personal Care,Healthcare,285.71,,125,0,0,
482d25c8-9ad7-4a16-aa23-1d86a5b9d615,EVT-003270,USER-00001,view,2025-11-18T10:13:45,SES-d7716305,desktop,Safari,direct,PROD-00512,Dom Pérignon Rosé 2009,Champagne,Wine,415.51,,398,0,0,
8e375539-4719-4872-9973-4bd4f463dcf3,EVT-003271,USER-00023,search,2026-01-03T06:15:44,SES-d363f522,desktop,Chrome,social,,,,,0.0,gaming laptop,0,0,0,
640ed683-f734-4f99-8e99-a54593f97d35,EVT-003272,USER-00155,search,2025-12-28T15:05:51,SES-1dac43dd,mobile,Firefox,social,,,,,0.0,wireless headphones,0,0,0,
c51ee4f2-daba-4d0b-a5ce-77b6122b1d1e,EVT-003273,USER-00218,click,2026-01-06T07:31:15,SES-b0322aef,desktop,Safari,email,PROD-00003,Penfolds Grange,Red Wine,Wine,390.13,,276,0,0,
2e5d5080-5288-4c9b-9027-93a53359a48b,EVT-003274,USER-00107,search,2025-11-09T18:40:24,SES-23072296,desktop,Firefox,organic,,,,,0.0,home office chair,0,0,0,
a0734ebd-aaf0-4fbb-9bc5-a4635e629ee1,EVT-003275,USER-00147,add_to_cart,2025-11-18T15:02:45,SES-983f648c,mobile,Chrome,email,PROD-01416,REI Flash 55 Pack,Outdoor Gear,Sports,517.67,,0,1,0,
70f727b1-d52a-4ebf-875c-f34dc659a0ea,EVT-003276,USER-00048,wishlist,2025-12-10T10:39:23,SES-3a4c22b4,tablet,Safari,organic,PROD-01844,Samsung Galaxy Watch 6,Smartwatches,Electronics,790.52,,0,0,0,
391e4624-b483-43b6-aef0-fde73bce07b0,EVT-003277,USER-00154,search,2025-12-26T22:29:50,SES-db7528eb,tablet,Chrome,organic,,,,,0.0,red wine gift,0,0,0,
9788f65f-64df-4054-b3a3-39bf49baecae,EVT-003278,USER-00144,view,2025-10-27T04:31:00,SES-6c35b519,tablet,Edge,direct,PROD-01196,Oral-B iO Series 9,Personal Care,Healthcare,285.71,,125,0,0,
8fd69ca4-15f0-416c-8f72-dad702c8adf4,EVT-003279,USER-00001,view,2025-12-20T10:48:08,SES-ae76be6c,desktop,Safari,direct,PROD-00512,Dom Pérignon Rosé 2009,Champagne,Wine,415.51,,398,0,0,
0257a35b-480b-43f2-861f-6c11cf7fc8c1,EVT-003280,USER-00023,search,2025-11-30T10:53:58,SES-1eef2ebd,desktop,Chrome,social,,,,,0.0,gaming laptop,0,0,0,
dd6ca972-ccff-4436-9871-3d89b7c4e530,EVT-003281,USER-00155,search,2026-01-19T01:47:33,SES-a47fbeb5,mobile,Firefox,social,,,,,0.0,wireless headphones,0,0,0,
fc102c37-4c24-4231-9067-7ac006d7354e,EVT-003282,USER-00218,click,2025-11-09T08:17:49,SES-d7b8bfca,desktop,Safari,email,PROD-00003,Penfolds Grange,Red Wine,Wine,390.13,,276,0,0,
a30da41c-1d0c-428b-8842-9eb8684648c6,EVT-003283,USER-00107,search,2025-12-27T14:16:10,SES-026d39a4,desktop,Firefox,organic,,,,,0.0,home office chair,0,0,0,
3ff895f3-1227-41e3-bedb-430486402f5d,EVT-003284,USER-00147,add_to_cart,2025-11-19T09:49:26,SES-63851817,mobile,Chrome,email,PROD-01416,REI Flash 55 Pack,Outdoor Gear,Sports,517.67,,0,1,0,
003be951-92f3-4a7e-8ea8-2a043bd576bb,EVT-003285,USER-00048,wishlist,2025-11-18T05:19:07,SES-31260abc,tablet,Safari,organic,PROD-01844,Samsung Galaxy Watch 6,Smartwatches,Electronics,790.52,,0,0,0,
b4977108-aeca-4ded-aac8-8ee211e63a38,EVT-003286,USER-00154,search,2025-10-23T05:41:58,SES-1eeeef3c,tablet,Chrome,organic,,,,,0.0,red wine gift,0,0,0,
bd7bc5e6-ed44-4219-a1ce-dbaacd787ffd,EVT-003287,USER-00144,view,2025-12-01T06:44:03,SES-c10e6816,tablet,Edge,direct,PROD-01196,Oral-B iO Series 9,Personal Care,Healthcare,285.71,,125,0,0,
8da21943-a085-48f5-8b59-3201bf179840,EVT-003288,USER-00001,view,2025-11-11T20:35:32,SES-4747abcd,desktop,Safari,direct,PROD-00512,Dom Pérignon Rosé 2009,Champagne,Wine,415.51,,398,0,0,
324b5c11-419f-44de-83fd-a5dd40c9d3a9,EVT-003289,USER-00023,search,2025-10-24T13:32:52,SES-2dc6aadc,desktop,Chrome,social,,,,,0.0,gaming laptop,0,0,0,
e13fe958-be48-449f-aaac-3f8e9fe7478d,EVT-003290,USER-00155,search,2026-01-06T16:14:22,SES-5d0e7b3f,mobile,Firefox,social,,,,,0.0,wireless headphones,0,0,0,
89f7b518-98a8-4c99-9cdc-02f168433838,EVT-003291,USER-00218,click,2025-12-01T23:22:35,SES-cf8d0141,desktop,Safari,email,PROD-00003,Penfolds Grange,Red Wine,Wine,390.13,,276,0,0,
53d30f68-029d-4dc4-b6b0-60e5acbae901,EVT-003292,USER-00107,search,2025-12-25T13:20:47,SES-1a4fd34c,desktop,Firefox,organic,,,,,0.0,home office chair,0,0,0,
9796b426-44f6-48cb-beed-d8bd318d5ca1,EVT-003293,USER-00147,add_to_cart,2025-11-04T08:18:31,SES-3c7d91b7,mobile,Chrome,email,PROD-01416,REI Flash 55 Pack,Outdoor Gear,Sports,517.67,,0,1,0,
c3b43e08-927e-4a00-8092-35bedbf98787,EVT-003294,USER-00048,wishlist,2025-11-18T10:11:13,SES-86a8fcd0,tablet,Safari,organic,PROD-01844,Samsung Galaxy Watch 6,Smartwatches,Electronics,790.52,,0,0,0,
41fec3bc-b194-42cd-8b2b-bf1ebfcb84fb,EVT-003295,USER-00154,search,2025-11-17T16:12:32,SES-32ecf5ae,tablet,Chrome,organic,,,,,0.0,red wine gift,0,0,0,
03baca5c-65da-4cd5-b2ba-99f0e032d96d,EVT-003296,USER-00144,view,2025-12-06T15:29:45,SES-05eef41b,tablet,Edge,direct,PROD-01196,Oral-B iO Series 9,Personal Care,Healthcare,285.71,,125,0,0,
97a90b5e-2196-4b55-8135-9275050621d1,EVT-003297,USER-00001,view,2025-12-19T21:53:09,SES-8ae170ff,desktop,Safari,direct,PROD-00512,Dom Pérignon Rosé 2009,Champagne,Wine,415.51,,398,0,0,
9bc2cf69-f04f-4a5c-8df9-21533213b634,EVT-003298,USER-00023,search,2026-01-07T11:21:53,SES-66f3e45d,desktop,Chrome,social,,,,,0.0,gaming laptop,0,0,0,
0666156a-9da4-40a5-9465-7f2bbcb7c885,EVT-003299,USER-00155,search,2025-12-23T09:15:10,SES-c040ab0e,mobile,Firefox,social,,,,,0.0,wireless headphones,0,0,0,
862bdf38-a7d9-481f-ad16-8291f8829150,EVT-003300,USER-00218,click,2025-11-22T15:17:41,SES-66ff55c9,desktop,Safari,email,PROD-00003,Penfolds Grange,Red Wine,Wine,390.13,,276,0,0,
bdcf3303-7492-4d1e-9139-d67d4983cbd1,EVT-003301,USER-00107,search,2025-11-01T04:18:00,SES-2d9e508d,desktop,Firefox,organic,,,,,0.0,home office chair,0,0,0,
c39aa985-3d47-44e0-a751-2b2a41ae0049,EVT-003302,USER-00147,add_to_cart,2025-11-13T05:39:04,SES-5b5abca2,mobile,Chrome,email,PROD-01416,REI Flash 55 Pack,Outdoor Gear,Sports,517.67,,0,1,0,
7da843aa-96c7-4632-855e-dd09af792bdc,EVT-003303,USER-00048,wishlist,2025-11-13T13:48:33,SES-0da446f6,tablet,Safari,organic,PROD-01844,Samsung Galaxy Watch 6,Smartwatches,Electronics,790.52,,0,0,0,
c71a36e8-4670-4ed8-8b0f-e64886edef17,EVT-003304,USER-00154,search,2025-10-24T12:02:33,SES-444199e3,tablet,Chrome,organic,,,,,0.0,red wine gift,0,0,0,
b24d9715-6c55-4794-832e-f91545156e16,EVT-003305,USER-00144,view,2025-12-30T14:02:21,SES-e264cf6e,tablet,Edge,direct,PROD-01196,Oral-B iO Series 9,Personal Care,Healthcare,285.71,,125,0,0,
e36059e2-14b4-48f4-ab6f-09f2563da81c,EVT-003306,USER-00001,view,2025-11-23T06:19:23,SES-01d7558b,desktop,Safari,direct,PROD-00512,Dom Pérignon Rosé 2009,Champagne,Wine,415.51,,398,0,0,
f41c2551-7efc-412c-af5f-1a90a364dc05,EVT-003307,USER-00023,search,2025-11-13T05:01:53,SES-8d700aae,desktop,Chrome,social,,,,,0.0,gaming laptop,0,0,0,
dbf4923a-772f-4b9f-b67a-3f89f72c73da,EVT-003308,USER-00155,search,2025-10-28T22:24:49,SES-8e24da01,mobile,Firefox,social,,,,,0.0,wireless headphones,0,0,0,
951ac37e-f9ca-4366-8c62-f397b9024e04,EVT-003309,USER-00218,click,2025-12-21T02:33:46,SES-3e489ba2,desktop,Safari,email,PROD-00003,Penfolds Grange,Red Wine,Wine,390.13,,276,0,0,
11577787-6d95-41c5-a32d-e7f4986629da,EVT-003310,USER-00107,search,2025-11-19T16:37:31,SES-ab50ccaa,desktop,Firefox,organic,,,,,0.0,home office chair,0,0,0,
ac0e163d-c361-4149-8f04-b0072582a792,EVT-003311,USER-00147,add_to_cart,2026-01-01T10:40:29,SES-490cf5b1,mobile,Chrome,email,PROD-01416,REI Flash 55 Pack,Outdoor Gear,Sports,517.67,,0,1,0,
a22a930e-c384-4a7f-b003-39743936569f,EVT-003312,USER-00048,wishlist,2025-12-30T21:05:17,SES-93945314,tablet,Safari,organic,PROD-01844,Samsung Galaxy Watch 6,Smartwatches,Electronics,790.52,,0,0,0,
b71bd19c-2bd7-44b9-8b88-affb0541e0e5,EVT-003313,USER-00154,search,2025-12-20T21:44:21,SES-fd238c3a,tablet,Chrome,organic,,,,,0.0,red wine gift,0,0,0,
493963fd-ea41-42f3-9851-78841f953114,EVT-003314,USER-00144,view,2026-01-11T00:55:15,SES-d4a78e28,tablet,Edge,direct,PROD-01196,Oral-B iO Series 9,Personal Care,Healthcare,285.71,,125,0,0,
da51f2f3-c608-4483-b5cb-2dd6d3221b0a,EVT-003315,USER-00001,view,2025-12-06T11:18:30,SES-5b5075c0,desktop,Safari,direct,PROD-00512,Dom Pérignon Rosé 2009,Champagne,Wine,415.51,,398,0,0,
29591a59-7e1a-4219-8a5c-bcb3c16a1934,EVT-003316,USER-00023,search,2025-12-18T19:52:08,SES-55951418,desktop,Chrome,social,,,,,0.0,gaming laptop,0,0,0,
c8c34001-9e88-4251-8d21-b886aefe0ca1,EVT-003317,USER-00155,search,2025-12-02T14:22:57,SES-4509bb70,mobile,Firefox,social,,,,,0.0,wireless headphones,0,0,0,
0f85136a-76c7-402b-ad4a-228b69d3e530,EVT-003318,USER-00218,click,2025-12-23T09:03:26,SES-a2f8d328,desktop,Safari,email,PROD-00003,Penfolds Grange,Red Wine,Wine,390.13,,276,0,0,
adc40287-524d-4b56-8b9c-97cfd7b10916,EVT-003319,USER-00107,search,2025-12-19T12:55:04,SES-c85b42b5,desktop,Firefox,organic,,,,,0.0,home office chair,0,0,0,
81078727-f487-41d3-b7e6-b2114d9e7935,EVT-003320,USER-00147,add_to_cart,2025-11-23T15:58:38,SES-ba92ee86,mobile,Chrome,email,PROD-01416,REI Flash 55 Pack,Outdoor Gear,Sports,517.67,,0,1,0,
3aadda7c-0082-4513-ab5d-d27651754558,EVT-003321,USER-00048,wishlist,2025-12-14T07:37:05,SES-f930dfa2,tablet,Safari,organic,PROD-01844,Samsung Galaxy Watch 6,Smartwatches,Electronics,790.52,,0,0,0,
cdfc0ab6-c565-4838-b5fc-e97d0bcb8ce1,EVT-003322,USER-00154,search,2025-11-29T12:27:26,SES-3f59be43,tablet,Chrome,organic,,,,,0.0,red wine gift,0,0,0,
fc51d320-f9d5-4ea9-b152-7d4873eb31f7,EVT-003323,USER-00144,view,2025-12-07T22:09:53,SES-539e0a2a,tablet,Edge,direct,PROD-01196,Oral-B iO Series 9,Personal Care,Healthcare,285.71,,125,0,0,
e037c770-9983-43a3-a1cb-750edb9830d1,EVT-003324,USER-00001,view,2025-12-15T21:21:54,SES-b9c47282,desktop,Safari,direct,PROD-00512,Dom Pérignon Rosé 2009,Champagne,Wine,415.51,,398,0,0,
d2dc421b-05a2-4520-9562-7e3e32c02b6d,EVT-003325,USER-00023,search,2025-10-23T23:12:48,SES-420b16a4,desktop,Chrome,social,,,,,0.0,gaming laptop,0,0,0,
4c299656-676f-4f5c-af92-60182189f92a,EVT-003326,USER-00155,search,2025-11-25T01:03:46,SES-333536bb,mobile,Firefox,social,,,,,0.0,wireless headphones,0,0,0,
4dc69f44-e2ec-4f38-8ac7-b1960abe8218,EVT-003327,USER-00218,click,2025-11-24T19:34:33,SES-26d1f8a0,desktop,Safari,email,PROD-00003,Penfolds Grange,Red Wine,Wine,390.13,,276,0,0,
cf501ced-53df-461f-a8b3-84b707f82ac9,EVT-003328,USER-00107,search,2025-11-22T18:45:05,SES-f86965c8,desktop,Firefox,organic,,,,,0.0,home office chair,0,0,0,
4bf61208-9a94-419c-bb92-b1265b058102,EVT-003329,USER-00147,add_to_cart,2025-11-25T09:01:18,SES-319244d8,mobile,Chrome,email,PROD-01416,REI Flash 55 Pack,Outdoor Gear,Sports,517.67,,0,1,0,
f081a871-fc64-437e-ac42-2329eaa9ef6b,EVT-003330,USER-00048,wishlist,2026-01-10T14:47:36,SES-c234959c,tablet,Safari,organic,PROD-01844,Samsung Galaxy Watch 6,Smartwatches,Electronics,790.52,,0,0,0,
ab4a2628-cff7-41e4-a99c-aec06c9a07d5,EVT-003331,USER-00154,search,2025-12-04T21:25:02,SES-ac1524d2,tablet,Chrome,organic,,,,,0.0,red wine gift,0,0,0,
5716a0d9-6057-4362-8a27-513627b7111b,EVT-003332,USER-00144,view,2025-11-06T11:35:58,SES-4c111496,tablet,Edge,direct,PROD-01196,Oral-B iO Series 9,Personal Care,Healthcare,285.71,,125,0,0,
4f0be4a7-4c5e-4e5f-ad77-89948326e09c,EVT-003333,USER-00001,view,2025-12-06T14:20:43,SES-8e3d6d49,desktop,Safari,direct,PROD-00512,Dom Pérignon Rosé 2009,Champagne,Wine,415.51,,398,0,0,
78e622f0-8474-4829-9e09-9e79cbb8909e,EVT-003334,USER-00023,search,2026-01-13T16:43:24,SES-278bae1b,desktop,Chrome,social,,,,,0.0,gaming laptop,0,0,0,
72f70fcb-cd7a-458d-85d7-3fc013678ce9,EVT-003335,USER-00155,search,2026-01-02T20:14:45,SES-115f7b22,mobile,Firefox,social,,,,,0.0,wireless headphones,0,0,0,
4418cde1-b8ed-415a-8ac7-9a79fbd04f31,EVT-003336,USER-00218,click,2025-12-10T04:37:29,SES-8c1a9e92,desktop,Safari,email,PROD-00003,Penfolds Grange,Red Wine,Wine,390.13,,276,0,0,
ea6bc995-05a1-4079-adc8-71b826f251e8,EVT-003337,USER-00107,search,2025-11-12T04:45:01,SES-e69ad27b,desktop,Firefox,organic,,,,,0.0,home office chair,0,0,0,
584ad955-b8c1-4958-bb37-551e38dcbbc9,EVT-003338,USER-00147,add_to_cart,2025-12-13T10:08:22,SES-72e50678,mobile,Chrome,email,PROD-01416,REI Flash 55 Pack,Outdoor Gear,Sports,517.67,,0,1,0,
5913d115-3de6-4a37-a4aa-24e96157c8f8,EVT-003339,USER-00048,wishlist,2025-12-29T11:44:51,SES-366c1105,tablet,Safari,organic,PROD-01844,Samsung Galaxy Watch 6,Smartwatches,Electronics,790.52,,0,0,0,
eb33e722-16c2-45f9-8aba-7aeb299a8986,EVT-003340,USER-00154,search,2025-11-08T06:05:22,SES-f6c699b2,tablet,Chrome,organic,,,,,0.0,red wine gift,0,0,0,
cdcd4d48-d0f9-4863-8851-972cb9be12d3,EVT-003341,USER-00144,view,2025-12-27T02:06:02,SES-76033c95,tablet,Edge,direct,PROD-01196,Oral-B iO Series 9,Personal Care,Healthcare,285.71,,125,0,0,
818d1f1a-3966-4088-b50b-a696e8060fd9,EVT-003342,USER-00001,view,2025-11-29T14:50:17,SES-c232de03,desktop,Safari,direct,PROD-00512,Dom Pérignon Rosé 2009,Champagne,Wine,415.51,,398,0,0,
4250b847-ebd0-45c0-a580-e2d662520be8,EVT-003343,USER-00023,search,2025-11-16T13:44:11,SES-6affa685,desktop,Chrome,social,,,,,0.0,gaming laptop,0,0,0,
e1ff28ae-897b-4599-ad0e-1029362d0c2f,EVT-003344,USER-00155,search,2025-11-30T20:50:37,SES-f7924f95,mobile,Firefox,social,,,,,0.0,wireless headphones,0,0,0,
562a5e58-0eea-4a55-9649-8fba9d4a95e8,EVT-003345,USER-00218,click,2025-10-25T21:06:58,SES-f8e57a98,desktop,Safari,email,PROD-00003,Penfolds Grange,Red Wine,Wine,390.13,,276,0,0,
b343a37e-593e-49b6-a1ee-30376be24d58,EVT-003346,USER-00107,search,2025-12-25T21:28:07,SES-8aa46cc0,desktop,Firefox,organic,,,,,0.0,home office chair,0,0,0,
dd654ba0-1efa-4c7d-814c-e0c2a2c44bb5,EVT-003347,USER-00147,add_to_cart,2026-01-13T11:54:47,SES-bf4320c4,mobile,Chrome,email,PROD-01416,REI Flash 55 Pack,Outdoor Gear,Sports,517.67,,0,1,0,
3ea0b610-b5aa-49a3-badf-e2e0b44acac6,EVT-003348,USER-00048,wishlist,2025-12-17T05:11:10,SES-81e09543,tablet,Safari,organic,PROD-01844,Samsung Galaxy Watch 6,Smartwatches,Electronics,790.52,,0,0,0,
7ebfe777-49c4-46c4-9202-f16f8505f4c3,EVT-003349,USER-00154,search,2025-10-30T09:06:03,SES-4b83a890,tablet,Chrome,organic,,,,,0.0,red wine gift,0,0,0,
b586394d-2b0f-4a62-8683-0debba2f5adf,EVT-003350,USER-00144,view,2025-12-23T01:09:40,SES-7c0220c1,tablet,Edge,direct,PROD-01196,Oral-B iO Series 9,Personal Care,Healthcare,285.71,,125,0,0,
84edac63-c7a1-45ee-b422-bbf0f3409bc7,EVT-003351,USER-00001,view,2025-12-08T23:38:47,SES-8bcfffe0,desktop,Safari,direct,PROD-00512,Dom Pérignon Rosé 2009,Champagne,Wine,415.51,,398,0,0,
a5105931-e38f-424f-b2fb-8e37513386d5,EVT-003352,USER-00023,search,2025-12-16T05:54:48,SES-5052d40a,desktop,Chrome,social,,,,,0.0,gaming laptop,0,0,0,
097150cb-c9c2-4d34-bb20-415cda35a40b,EVT-003353,USER-00155,search,2025-11-25T06:32:06,SES-45d528ce,mobile,Firefox,social,,,,,0.0,wireless headphones,0,0,0,
dbd93bb6-b705-4b2f-95a3-6246df98b208,EVT-003354,USER-00218,click,2025-10-30T19:32:53,SES-b4057455,desktop,Safari,email,PROD-00003,Penfolds Grange,Red Wine,Wine,390.13,,276,0,0,
507e7391-5714-4f51-9306-b9f3a65fc34e,EVT-003355,USER-00107,search,2025-11-11T21:33:32,SES-02d023c3,desktop,Firefox,organic,,,,,0.0,home office chair,0,0,0,
c7b20205-9a68-4546-bbd0-69ceec69f053,EVT-003356,USER-00147,add_to_cart,2026-01-03T08:55:17,SES-f24456af,mobile,Chrome,email,PROD-01416,REI Flash 55 Pack,Outdoor Gear,Sports,517.67,,0,1,0,
8253bf16-7274-41b1-9dda-8ef4743ce9ef,EVT-003357,USER-00048,wishlist,2025-12-13T03:58:04,SES-44ae4ac2,tablet,Safari,organic,PROD-01844,Samsung Galaxy Watch 6,Smartwatches,Electronics,790.52,,0,0,0,
7d998aed-f415-4673-b63f-acbc35dc2313,EVT-003358,USER-00154,search,2025-11-27T14:12:29,SES-0cc4d5db,tablet,Chrome,organic,,,,,0.0,red wine gift,0,0,0,
6b2a82d4-5384-497f-a58a-39f1a874d7a3,EVT-003359,USER-00144,view,2025-11-21T06:22:38,SES-db1731ae,tablet,Edge,direct,PROD-01196,Oral-B iO Series 9,Personal Care,Healthcare,285.71,,125,0,0,
01edbb2d-1ff9-4524-9ea3-9c120f185e74,EVT-003360,USER-00001,view,2025-11-20T01:55:36,SES-7968b0cf,desktop,Safari,direct,PROD-00512,Dom Pérignon Rosé 2009,Champagne,Wine,415.51,,398,0,0,
9c375bc3-7b68-4c1c-9639-951de3994103,EVT-003361,USER-00023,search,2026-01-03T15:33:16,SES-70f686e0,desktop,Chrome,social,,,,,0.0,gaming laptop,0,0,0,
365dff65-18da-4b73-8d1c-8d22c91d0bdc,EVT-003362,USER-00155,search,2025-11-22T08:43:14,SES-e655a605,mobile,Firefox,social,,,,,0.0,wireless headphones,0,0,0,
291df820-d6ff-4842-8bb6-efa327173e4e,EVT-003363,USER-00218,click,2025-12-05T13:59:56,SES-53850410,desktop,Safari,email,PROD-00003,Penfolds Grange,Red Wine,Wine,390.13,,276,0,0,
9ff309ce-1a53-462e-acd8-a9cd48b09e81,EVT-003364,USER-00107,search,2025-12-27T05:37:54,SES-1ecafdb1,desktop,Firefox,organic,,,,,0.0,home office chair,0,0,0,
b4d52880-03a8-44e8-beaf-5561090c9490,EVT-003365,USER-00147,add_to_cart,2025-12-07T03:00:15,SES-fb04a335,mobile,Chrome,email,PROD-01416,REI Flash 55 Pack,Outdoor Gear,Sports,517.67,,0,1,0,
27183aea-e201-421d-bad6-a1008ca47e86,EVT-003366,USER-00048,wishlist,2025-10-25T14:49:12,SES-7267bf42,tablet,Safari,organic,PROD-01844,Samsung Galaxy Watch 6,Smartwatches,Electronics,790.52,,0,0,0,
24d1645d-ed86-407a-806f-d2d957b058be,EVT-003367,USER-00154,search,2025-11-06T21:12:15,SES-37059e58,tablet,Chrome,organic,,,,,0.0,red wine gift,0,0,0,
3839b1b2-8a44-41b9-ae30-37b5bc150ab2,EVT-003368,USER-00144,view,2025-12-22T09:57:55,SES-fde4c01f,tablet,Edge,direct,PROD-01196,Oral-B iO Series 9,Personal Care,Healthcare,285.71,,125,0,0,
b142bc14-1736-4a78-a005-3d60503ac2aa,EVT-003369,USER-00001,view,2025-12-18T12:55:53,SES-f14957e2,desktop,Safari,direct,PROD-00512,Dom Pérignon Rosé 2009,Champagne,Wine,415.51,,398,0,0,
eb622927-05e7-4115-8bf3-20919bc81ce8,EVT-003370,USER-00023,search,2025-11-07T22:26:55,SES-fe9ea63a,desktop,Chrome,social,,,,,0.0,gaming laptop,0,0,0,
9feaf929-c34f-4d5b-9fb1-3d3eb28cf304,EVT-003371,USER-00155,search,2025-12-22T08:34:22,SES-a9f453d0,mobile,Firefox,social,,,,,0.0,wireless headphones,0,0,0,
953b2752-1672-4dda-8a35-e111961708c2,EVT-003372,USER-00218,click,2025-11-25T21:16:42,SES-a6ca2f1a,desktop,Safari,email,PROD-00003,Penfolds Grange,Red Wine,Wine,390.13,,276,0,0,
43367c24-02e8-469f-83e6-823b3145a3f4,EVT-003373,USER-00107,search,2025-12-16T14:13:28,SES-f17baa2e,desktop,Firefox,organic,,,,,0.0,home office chair,0,0,0,
03dc21ab-8542-4500-8dcf-ffb15362d223,EVT-003374,USER-00147,add_to_cart,2025-12-03T15:28:09,SES-38dac14e,mobile,Chrome,email,PROD-01416,REI Flash 55 Pack,Outdoor Gear,Sports,517.67,,0,1,0,
036bbc4a-0ce9-469c-a2e5-c611a499af8a,EVT-003375,USER-00048,wishlist,2025-12-02T01:51:55,SES-0a39eddf,tablet,Safari,organic,PROD-01844,Samsung Galaxy Watch 6,Smartwatches,Electronics,790.52,,0,0,0,
76847899-2570-46d3-a46e-dc0b852a2386,EVT-003376,USER-00154,search,2026-01-05T00:22:10,SES-aa130ed5,tablet,Chrome,organic,,,,,0.0,red wine gift,0,0,0,
0d122f67-8070-4c7f-a908-fad24b6f3104,EVT-003377,USER-00144,view,2025-10-25T00:28:30,SES-8690343f,tablet,Edge,direct,PROD-01196,Oral-B iO Series 9,Personal Care,Healthcare,285.71,,125,0,0,
841a4426-9823-4810-8b74-5e66816e6a36,EVT-003378,USER-00001,view,2026-01-03T16:47:29,SES-30f47134,desktop,Safari,direct,PROD-00512,Dom Pérignon Rosé 2009,Champagne,Wine,415.51,,398,0,0,
6e3ed742-b179-44bd-8078-0bc4a0bf0e19,EVT-003379,USER-00023,search,2025-11-19T07:26:09,SES-439cbc5d,desktop,Chrome,social,,,,,0.0,gaming laptop,0,0,0,
01075f4b-2dfc-4319-be94-b910cc7a7c96,EVT-003380,USER-00155,search,2025-12-15T18:31:39,SES-3a9e1796,mobile,Firefox,social,,,,,0.0,wireless headphones,0,0,0,
279ddf53-2f4a-4f69-bf94-5ae06d7de01c,EVT-003381,USER-00218,click,2026-01-02T23:41:47,SES-1244f5a6,desktop,Safari,email,PROD-00003,Penfolds Grange,Red Wine,Wine,390.13,,276,0,0,
56a813ca-4fa8-421f-9898-72c78eed17e7,EVT-003382,USER-00107,search,2025-12-09T09:28:34,SES-7f9a87f6,desktop,Firefox,organic,,,,,0.0,home office chair,0,0,0,
a637b9c3-32a1-48ca-ac06-1ddb602d3abd,EVT-003383,USER-00147,add_to_cart,2025-11-14T12:51:49,SES-d8fec9a8,mobile,Chrome,email,PROD-01416,REI Flash 55 Pack,Outdoor Gear,Sports,517.67,,0,1,0,
63626188-560b-4712-a6fb-bc3046ff9935,EVT-003384,USER-00048,wishlist,2025-11-28T04:24:20,SES-ef968289,tablet,Safari,organic,PROD-01844,Samsung Galaxy Watch 6,Smartwatches,Electronics,790.52,,0,0,0,
4f5489dc-1c7e-447f-9a43-ebbbe5517e4d,EVT-003385,USER-00154,search,2026-01-20T04:25:33,SES-1b55a15a,tablet,Chrome,organic,,,,,0.0,red wine gift,0,0,0,
1cf22ffa-8548-4b1e-a727-dab780686513,EVT-003386,USER-00144,view,2025-12-13T22:36:41,SES-a92c2d57,tablet,Edge,direct,PROD-01196,Oral-B iO Series 9,Personal Care,Healthcare,285.71,,125,0,0,
fc7e3d47-8844-43bb-a24a-802b4fe0d159,EVT-003387,USER-00001,view,2025-11-04T12:48:24,SES-22f0ea62,desktop,Safari,direct,PROD-00512,Dom Pérignon Rosé 2009,Champagne,Wine,415.51,,398,0,0,
5360ac11-a029-4348-babd-bbe4b8d8796b,EVT-003388,USER-00023,search,2025-11-28T11:43:58,SES-7888b2cb,desktop,Chrome,social,,,,,0.0,gaming laptop,0,0,0,
84d339ad-8478-455c-a956-16e3c2a970f6,EVT-003389,USER-00155,search,2025-12-20T16:37:33,SES-eb1d4ae4,mobile,Firefox,social,,,,,0.0,wireless headphones,0,0,0,
e8a664ca-1ca9-49f7-b48f-7cf75fe84a81,EVT-003390,USER-00218,click,2026-01-13T05:48:00,SES-e1191aa8,desktop,Safari,email,PROD-00003,Penfolds Grange,Red Wine,Wine,390.13,,276,0,0,
0a63f598-1024-4205-9e4e-d40a5eca3052,EVT-003391,USER-00107,search,2025-11-03T17:41:29,SES-03bd0578,desktop,Firefox,organic,,,,,0.0,home office chair,0,0,0,
1beb1738-2e0d-4ddf-817d-d045f71ad2d9,EVT-003392,USER-00147,add_to_cart,2025-11-01T03:54:32,SES-543f8130,mobile,Chrome,email,PROD-01416,REI Flash 55 Pack,Outdoor Gear,Sports,517.67,,0,1,0,
287e0f42-6c0a-4636-b8fc-a906df6ff343,EVT-003393,USER-00048,wishlist,2025-11-30T04:05:36,SES-e1e2356a,tablet,Safari,organic,PROD-01844,Samsung Galaxy Watch 6,Smartwatches,Electronics,790.52,,0,0,0,
00ae94d9-08a4-4ce2-85e3-c7af2a722ea9,EVT-003394,USER-00154,search,2025-11-12T22:37:05,SES-69e45c22,tablet,Chrome,organic,,,,,0.0,red wine gift,0,0,0,
a72ec837-2d05-49b7-9005-c59f476975bc,EVT-003395,USER-00144,view,2025-11-12T06:18:23,SES-ab9ed093,tablet,Edge,direct,PROD-01196,Oral-B iO Series 9,Personal Care,Healthcare,285.71,,125,0,0,
644f2f5e-745f-4dbc-9873-1b22fb67dd02,EVT-003396,USER-00001,view,2025-11-02T11:43:21,SES-d90b15d2,desktop,Safari,direct,PROD-00512,Dom Pérignon Rosé 2009,Champagne,Wine,415.51,,398,0,0,
2ecab2ec-7039-4df7-b7ba-343b514cd48c,EVT-003397,USER-00023,search,2025-12-17T03:51:43,SES-5c2f9fe6,desktop,Chrome,social,,,,,0.0,gaming laptop,0,0,0,
4d893f26-3772-45a6-8c03-bc364e9ff017,EVT-003398,USER-00155,search,2025-11-19T20:09:42,SES-d0f31860,mobile,Firefox,social,,,,,0.0,wireless headphones,0,0,0,
6525d0ed-ada9-4fa1-94e5-dd8cff97b15f,EVT-003399,USER-00218,click,2025-11-09T02:09:00,SES-a518434b,desktop,Safari,email,PROD-00003,Penfolds Grange,Red Wine,Wine,390.13,,276,0,0,
7b1a60aa-588b-440f-98b4-b9d969583cc1,EVT-003400,USER-00107,search,2026-01-14T17:16:37,SES-859a2acf,desktop,Firefox,organic,,,,,0.0,home office chair,0,0,0,
53b88202-4aee-450c-baa5-a3de70fad2fd,EVT-003401,USER-00147,add_to_cart,2025-11-07T04:42:01,SES-1533b912,mobile,Chrome,email,PROD-01416,REI Flash 55 Pack,Outdoor Gear,Sports,517.67,,0,1,0,
244dfe45-3ab9-4334-996a-1dc5e394d3bc,EVT-003402,USER-00048,wishlist,2026-01-05T04:52:37,SES-b585ad7b,tablet,Safari,organic,PROD-01844,Samsung Galaxy Watch 6,Smartwatches,Electronics,790.52,,0,0,0,
59ca2635-9669-4103-a236-618e4efcb172,EVT-003403,USER-00154,search,2026-01-06T05:41:36,SES-4c728384,tablet,Chrome,organic,,,,,0.0,red wine gift,0,0,0,
d7a64352-5ea2-4ac5-ab48-27f99803c4e2,EVT-003404,USER-00144,view,2026-01-02T01:20:49,SES-69e842a2,tablet,Edge,direct,PROD-01196,Oral-B iO Series 9,Personal Care,Healthcare,285.71,,125,0,0,
b85ab7e8-7f54-4d4a-b5cd-ede1e206ffa4,EVT-003405,USER-00001,view,2025-11-30T16:35:56,SES-09d5d4de,desktop,Safari,direct,PROD-00512,Dom Pérignon Rosé 2009,Champagne,Wine,415.51,,398,0,0,
9a07fa6e-1f0c-45d5-9aac-b24b13358d17,EVT-003406,USER-00023,search,2025-12-15T03:41:11,SES-f958ec31,desktop,Chrome,social,,,,,0.0,gaming laptop,0,0,0,
66a0d710-3d44-490f-8a35-fc81355e5b8f,EVT-003407,USER-00155,search,2025-12-01T09:50:29,SES-c9d29007,mobile,Firefox,social,,,,,0.0,wireless headphones,0,0,0,
1236a208-9bc8-4fff-9371-faca611596cb,EVT-003408,USER-00218,click,2025-11-25T22:12:23,SES-fcde42e4,desktop,Safari,email,PROD-00003,Penfolds Grange,Red Wine,Wine,390.13,,276,0,0,
f70fae1e-7eae-49b4-b619-b43d11278645,EVT-003409,USER-00107,search,2026-01-03T16:32:28,SES-13910493,desktop,Firefox,organic,,,,,0.0,home office chair,0,0,0,
e56a80d3-094d-4bd7-9610-753565f7c7bb,EVT-003410,USER-00147,add_to_cart,2025-11-12T21:19:48,SES-1384ce02,mobile,Chrome,email,PROD-01416,REI Flash 55 Pack,Outdoor Gear,Sports,517.67,,0,1,0,
eb8d6425-6ffd-46cd-bfa8-ef5522f84818,EVT-003411,USER-00048,wishlist,2025-12-02T08:21:35,SES-feee2107,tablet,Safari,organic,PROD-01844,Samsung Galaxy Watch 6,Smartwatches,Electronics,790.52,,0,0,0,
7e08de61-c06e-4a06-aea6-1fced5cb4256,EVT-003412,USER-00154,search,2026-01-18T04:09:03,SES-958c3cf5,tablet,Chrome,organic,,,,,0.0,red wine gift,0,0,0,
3fc7d0e4-fc9d-4a99-a5a8-ba5a08c4c4a0,EVT-003413,USER-00144,view,2025-12-19T22:16:48,SES-46497979,tablet,Edge,direct,PROD-01196,Oral-B iO Series 9,Personal Care,Healthcare,285.71,,125,0,0,
00482dbf-fcac-42b4-995c-450ba546222f,EVT-003414,USER-00001,view,2025-11-18T19:45:59,SES-78f19622,desktop,Safari,direct,PROD-00512,Dom Pérignon Rosé 2009,Champagne,Wine,415.51,,398,0,0,
70a1def3-4572-4a42-a7bf-ea127f7b61a9,EVT-003415,USER-00023,search,2025-11-22T18:11:37,SES-1953c1ac,desktop,Chrome,social,,,,,0.0,gaming laptop,0,0,0,
d190d0e0-3897-4d0c-a875-c98b863c2bb1,EVT-003416,USER-00155,search,2026-01-05T13:19:26,SES-64bfc323,mobile,Firefox,social,,,,,0.0,wireless headphones,0,0,0,
49bb12b4-0649-428a-8468-da75201a59e6,EVT-003417,USER-00218,click,2025-11-27T00:11:17,SES-57fc2f55,desktop,Safari,email,PROD-00003,Penfolds Grange,Red Wine,Wine,390.13,,276,0,0,
be7d2a9e-d60e-4580-b17d-ddfdacfc0dff,EVT-003418,USER-00107,search,2025-12-22T22:34:42,SES-a5b398bf,desktop,Firefox,organic,,,,,0.0,home office chair,0,0,0,
03565d81-2e63-48c1-9262-599e48b3e179,EVT-003419,USER-00147,add_to_cart,2025-11-02T00:05:09,SES-fe75fa0f,mobile,Chrome,email,PROD-01416,REI Flash 55 Pack,Outdoor Gear,Sports,517.67,,0,1,0,
8a0a56e5-9dc0-4f76-bf0c-27bd05ed7a68,EVT-003420,USER-00048,wishlist,2025-12-26T05:42:30,SES-d0337fc7,tablet,Safari,organic,PROD-01844,Samsung Galaxy Watch 6,Smartwatches,Electronics,790.52,,0,0,0,
415b66fc-8efa-4cac-b4a7-b1ac4f447e26,EVT-003421,USER-00154,search,2026-01-16T15:33:53,SES-6efd26e9,tablet,Chrome,organic,,,,,0.0,red wine gift,0,0,0,
f40c6d81-d10c-4822-be58-46043cfaef75,EVT-003422,USER-00144,view,2025-12-28T10:23:31,SES-3b527b8d,tablet,Edge,direct,PROD-01196,Oral-B iO Series 9,Personal Care,Healthcare,285.71,,125,0,0,
57147ab0-e3f4-4277-995c-39d8beaba04f,EVT-003423,USER-00001,view,2025-12-23T05:12:44,SES-4e85f569,desktop,Safari,direct,PROD-00512,Dom Pérignon Rosé 2009,Champagne,Wine,415.51,,398,0,0,
170b2cd1-eb70-4045-abbc-1a911927c2c1,EVT-003424,USER-00023,search,2026-01-04T16:56:35,SES-4f6a8d02,desktop,Chrome,social,,,,,0.0,gaming laptop,0,0,0,
9f50a863-385d-40f3-bc33-477edcd97d6d,EVT-003425,USER-00155,search,2025-12-23T12:24:43,SES-aba9be98,mobile,Firefox,social,,,,,0.0,wireless headphones,0,0,0,
3677d106-c4de-4438-8364-10e7a587d952,EVT-003426,USER-00218,click,2025-11-22T14:23:57,SES-5da7a8f3,desktop,Safari,email,PROD-00003,Penfolds Grange,Red Wine,Wine,390.13,,276,0,0,
be0ffdc3-19fe-4731-9fed-979aa674f0f9,EVT-003427,USER-00107,search,2025-12-10T12:23:03,SES-f87d51b8,desktop,Firefox,organic,,,,,0.0,home office chair,0,0,0,
bb90f982-ae7e-4f4a-9552-412aef367873,EVT-003428,USER-00147,add_to_cart,2025-12-13T18:01:52,SES-ef7feb4b,mobile,Chrome,email,PROD-01416,REI Flash 55 Pack,Outdoor Gear,Sports,517.67,,0,1,0,
6e618223-a827-451b-a407-a29b17048eb1,EVT-003429,USER-00048,wishlist,2025-12-13T10:45:51,SES-00805104,tablet,Safari,organic,PROD-01844,Samsung Galaxy Watch 6,Smartwatches,Electronics,790.52,,0,0,0,
a93b9d43-9fda-4b04-abca-63a46c2256d0,EVT-003430,USER-00154,search,2025-11-29T19:45:35,SES-2fe8f34c,tablet,Chrome,organic,,,,,0.0,red wine gift,0,0,0,
e9b191e6-ad7d-4c18-a398-2aff47db0481,EVT-003431,USER-00144,view,2025-11-13T14:26:56,SES-22be257a,tablet,Edge,direct,PROD-01196,Oral-B iO Series 9,Personal Care,Healthcare,285.71,,125,0,0,
35012cfe-2a2d-4e67-8378-e609b4b76155,EVT-003432,USER-00001,view,2026-01-14T03:40:35,SES-631c7ed2,desktop,Safari,direct,PROD-00512,Dom Pérignon Rosé 2009,Champagne,Wine,415.51,,398,0,0,
2151012e-a8d5-448b-81cc-6d53a5061c1a,EVT-003433,USER-00023,search,2025-11-30T23:14:19,SES-83abd311,desktop,Chrome,social,,,,,0.0,gaming laptop,0,0,0,
58ff844b-e4da-4dfc-b5a9-910c2f82f8fc,EVT-003434,USER-00155,search,2025-12-09T18:58:28,SES-014b87e0,mobile,Firefox,social,,,,,0.0,wireless headphones,0,0,0,
99aa7b56-23be-4055-9f8d-a3e470226abb,EVT-003435,USER-00218,click,2026-01-04T05:28:01,SES-79129ccc,desktop,Safari,email,PROD-00003,Penfolds Grange,Red Wine,Wine,390.13,,276,0,0,
5d3f5d11-4ca8-4c06-b9e1-097f01394e0a,EVT-003436,USER-00107,search,2025-12-06T18:55:39,SES-64399bd3,desktop,Firefox,organic,,,,,0.0,home office chair,0,0,0,
bcb433b0-6d55-4c86-a078-b498dbce1586,EVT-003437,USER-00147,add_to_cart,2025-11-19T13:01:06,SES-d41e0cd9,mobile,Chrome,email,PROD-01416,REI Flash 55 Pack,Outdoor Gear,Sports,517.67,,0,1,0,
0176dc1d-e7e8-41ba-9d59-d54c06c8e4dd,EVT-003438,USER-00048,wishlist,2026-01-10T22:58:18,SES-52cdc80b,tablet,Safari,organic,PROD-01844,Samsung Galaxy Watch 6,Smartwatches,Electronics,790.52,,0,0,0,
b8f1f18d-427f-4a7e-873e-29963c415136,EVT-003439,USER-00154,search,2026-01-20T12:17:17,SES-a3c77de5,tablet,Chrome,organic,,,,,0.0,red wine gift,0,0,0,
dd81378e-bd02-45e4-80c9-7faddad8a7da,EVT-003440,USER-00144,view,2025-12-05T09:14:16,SES-0d81912b,tablet,Edge,direct,PROD-01196,Oral-B iO Series 9,Personal Care,Healthcare,285.71,,125,0,0,
249d4a07-9f63-4f8c-a104-6700d61da886,EVT-003441,USER-00001,view,2025-11-06T23:41:28,SES-8332ec3e,desktop,Safari,direct,PROD-00512,Dom Pérignon Rosé 2009,Champagne,Wine,415.51,,398,0,0,
acfbb329-0742-498d-aea6-07cd6537673f,EVT-003442,USER-00023,search,2026-01-20T10:47:50,SES-a4c2e8b4,desktop,Chrome,social,,,,,0.0,gaming laptop,0,0,0,
4fa142f4-8236-470d-9491-2e4c793454f6,EVT-003443,USER-00155,search,2026-01-15T12:57:49,SES-c63b4ccd,mobile,Firefox,social,,,,,0.0,wireless headphones,0,0,0,
249eccc7-10e3-40e4-9be4-9e5081b3ff71,EVT-003444,USER-00218,click,2025-11-08T23:49:47,SES-f6e763da,desktop,Safari,email,PROD-00003,Penfolds Grange,Red Wine,Wine,390.13,,276,0,0,
4a8142bd-4ed6-44b3-860a-afeed0dde8f0,EVT-003445,USER-00107,search,2025-11-30T14:07:26,SES-6ebe342e,desktop,Firefox,organic,,,,,0.0,home office chair,0,0,0,
13d3ffd1-4976-4a03-9b02-8c52878d3412,EVT-003446,USER-00147,add_to_cart,2025-11-19T17:58:07,SES-8a2090fe,mobile,Chrome,email,PROD-01416,REI Flash 55 Pack,Outdoor Gear,Sports,517.67,,0,1,0,
d5c46567-dee4-4c29-8e86-ddc83d601c7b,EVT-003447,USER-00048,wishlist,2025-10-23T01:42:22,SES-15d85133,tablet,Safari,organic,PROD-01844,Samsung Galaxy Watch 6,Smartwatches,Electronics,790.52,,0,0,0,
89c11465-bf3f-4a91-a32b-ac4974bbd5d5,EVT-003448,USER-00154,search,2025-12-13T11:07:50,SES-41fc8869,tablet,Chrome,organic,,,,,0.0,red wine gift,0,0,0,
8bf68266-d065-46f9-852e-a82ced8487c1,EVT-003449,USER-00144,view,2026-01-11T07:39:30,SES-b37b025e,tablet,Edge,direct,PROD-01196,Oral-B iO Series 9,Personal Care,Healthcare,285.71,,125,0,0,
a4149dc9-918d-43cc-8ec8-1e213fcdff19,EVT-003450,USER-00001,view,2025-11-24T04:20:02,SES-fa59ad37,desktop,Safari,direct,PROD-00512,Dom Pérignon Rosé 2009,Champagne,Wine,415.51,,398,0,0,
29db7716-2c84-4f84-bd39-7e4ae936f34f,EVT-003451,USER-00023,search,2026-01-04T19:41:48,SES-0653d4da,desktop,Chrome,social,,,,,0.0,gaming laptop,0,0,0,
ade7ba3c-a5c6-4648-a649-14e360bb4931,EVT-003452,USER-00155,search,2025-12-06T19:10:41,SES-b3f748c7,mobile,Firefox,social,,,,,0.0,wireless headphones,0,0,0,
4fbf7b05-0dac-4d53-99d0-b8bf6f2ecfbc,EVT-003453,USER-00218,click,2025-12-25T10:57:52,SES-12a38b8c,desktop,Safari,email,PROD-00003,Penfolds Grange,Red Wine,Wine,390.13,,276,0,0,
06171a03-304a-49c5-aa8d-ec90e3a99782,EVT-003454,USER-00107,search,2025-11-08T11:20:58,SES-efdf778c,desktop,Firefox,organic,,,,,0.0,home office chair,0,0,0,
1d1ce801-f067-4fd4-a90d-863be3fa2f84,EVT-003455,USER-00147,add_to_cart,2025-12-28T02:15:17,SES-116c463b,mobile,Chrome,email,PROD-01416,REI Flash 55 Pack,Outdoor Gear,Sports,517.67,,0,1,0,
940b9ad0-69b2-4fbb-8e51-e133c9346828,EVT-003456,USER-00048,wishlist,2026-01-18T20:02:50,SES-ae540362,tablet,Safari,organic,PROD-01844,Samsung Galaxy Watch 6,Smartwatches,Electronics,790.52,,0,0,0,
8be7fb34-dbe9-4b64-85e6-02c40c1e0732,EVT-003457,USER-00154,search,2025-11-01T07:02:20,SES-b1935569,tablet,Chrome,organic,,,,,0.0,red wine gift,0,0,0,
0950478d-6cda-4264-99d0-1bcd33e15b34,EVT-003458,USER-00144,view,2025-11-28T23:12:28,SES-684399db,tablet,Edge,direct,PROD-01196,Oral-B iO Series 9,Personal Care,Healthcare,285.71,,125,0,0,
bd134d6a-564e-4a36-b52e-a0fda7709588,EVT-003459,USER-00001,view,2025-12-18T01:47:43,SES-ddbdfedc,desktop,Safari,direct,PROD-00512,Dom Pérignon Rosé 2009,Champagne,Wine,415.51,,398,0,0,
0bd8b5b2-a970-4ab4-9bc1-99d8774eb6b4,EVT-003460,USER-00023,search,2025-12-25T03:46:22,SES-a39401e8,desktop,Chrome,social,,,,,0.0,gaming laptop,0,0,0,
8bb16876-959a-4acd-a312-94af475a487c,EVT-003461,USER-00155,search,2025-12-02T08:10:23,SES-d0f0d787,mobile,Firefox,social,,,,,0.0,wireless headphones,0,0,0,
1464c489-a11b-4131-b8e3-3f3a00c9c815,EVT-003462,USER-00218,click,2025-12-02T08:34:06,SES-46319bdd,desktop,Safari,email,PROD-00003,Penfolds Grange,Red Wine,Wine,390.13,,276,0,0,
ddd45933-079f-4439-804e-be86c3336dba,EVT-003463,USER-00107,search,2025-12-01T13:59:00,SES-1b0ab1b4,desktop,Firefox,organic,,,,,0.0,home office chair,0,0,0,
d4d6e380-15ca-415c-988a-f257c44b8fc6,EVT-003464,USER-00147,add_to_cart,2025-11-10T02:02:24,SES-a81a6bcb,mobile,Chrome,email,PROD-01416,REI Flash 55 Pack,Outdoor Gear,Sports,517.67,,0,1,0,
f271bc4d-493a-4dc2-9c19-2c7929affc77,EVT-003465,USER-00048,wishlist,2025-12-23T12:53:18,SES-aab8c423,tablet,Safari,organic,PROD-01844,Samsung Galaxy Watch 6,Smartwatches,Electronics,790.52,,0,0,0,
cdb4c180-80e5-4983-a2c4-d3cc9ac2037a,EVT-003466,USER-00154,search,2025-10-25T13:36:00,SES-37e5c7a8,tablet,Chrome,organic,,,,,0.0,red wine gift,0,0,0,
d8f62976-6e5d-494f-a25e-cffc12519b3f,EVT-003467,USER-00144,view,2025-12-21T20:00:54,SES-ddd6e3e6,tablet,Edge,direct,PROD-01196,Oral-B iO Series 9,Personal Care,Healthcare,285.71,,125,0,0,
1ccc152b-5804-4360-9e3e-7eeda7ad2dd5,EVT-003468,USER-00001,view,2025-11-13T12:20:10,SES-9dcfcb48,desktop,Safari,direct,PROD-00512,Dom Pérignon Rosé 2009,Champagne,Wine,415.51,,398,0,0,
226e4b18-238d-4f65-9cbb-1028ff8cb588,EVT-003469,USER-00023,search,2025-11-05T04:49:33,SES-a1f646f7,desktop,Chrome,social,,,,,0.0,gaming laptop,0,0,0,
3fd4db15-281c-462c-9cf4-f58b0fdc6075,EVT-003470,USER-00155,search,2025-12-20T22:38:52,SES-5fcc20db,mobile,Firefox,social,,,,,0.0,wireless headphones,0,0,0,
ea600132-9394-49b8-861a-7bd29f0d24ab,EVT-003471,USER-00218,click,2025-12-21T22:26:55,SES-77eae01e,desktop,Safari,email,PROD-00003,Penfolds Grange,Red Wine,Wine,390.13,,276,0,0,
6f21f97c-f46c-44a1-a537-81745c9f1dfb,EVT-003472,USER-00107,search,2025-12-10T14:50:47,SES-a6de8a4e,desktop,Firefox,organic,,,,,0.0,home office chair,0,0,0,
c633de40-c3c4-4f8a-a0d8-93286fa128ad,EVT-003473,USER-00147,add_to_cart,2025-10-30T13:31:18,SES-1a985288,mobile,Chrome,email,PROD-01416,REI Flash 55 Pack,Outdoor Gear,Sports,517.67,,0,1,0,
166c4f33-4f98-4844-95d5-b9aa08c1e0aa,EVT-003474,USER-00048,wishlist,2025-12-19T23:01:29,SES-a340be24,tablet,Safari,organic,PROD-01844,Samsung Galaxy Watch 6,Smartwatches,Electronics,790.52,,0,0,0,
b1522a02-eb96-4ae6-a8f3-6bbdf6e57fa7,EVT-003475,USER-00154,search,2025-12-17T03:29:18,SES-33bc99d7,tablet,Chrome,organic,,,,,0.0,red wine gift,0,0,0,
2293dbda-bcd4-466a-beda-794c9e27c086,EVT-003476,USER-00144,view,2026-01-01T19:57:29,SES-35ff68a4,tablet,Edge,direct,PROD-01196,Oral-B iO Series 9,Personal Care,Healthcare,285.71,,125,0,0,
21d61c50-5779-441c-8bf2-8671e8e6caae,EVT-003477,USER-00001,view,2025-12-01T10:26:42,SES-22036f2a,desktop,Safari,direct,PROD-00512,Dom Pérignon Rosé 2009,Champagne,Wine,415.51,,398,0,0,
4bfa4e59-4627-44ea-9aa2-313ea6e6704b,EVT-003478,USER-00023,search,2025-10-24T23:08:09,SES-7267f7f7,desktop,Chrome,social,,,,,0.0,gaming laptop,0,0,0,
f41d8028-cf14-4394-9d2c-bfeccc9b141a,EVT-003479,USER-00155,search,2025-11-23T07:16:54,SES-88c40209,mobile,Firefox,social,,,,,0.0,wireless headphones,0,0,0,
1a05ee6f-435e-44bb-9ce9-251e30e0a73a,EVT-003480,USER-00218,click,2025-12-20T22:53:45,SES-f9ec4d1c,desktop,Safari,email,PROD-00003,Penfolds Grange,Red Wine,Wine,390.13,,276,0,0,
75e84b90-f299-4155-b528-60c1f19c4dd5,EVT-003481,USER-00107,search,2025-11-16T00:20:02,SES-1079cdfb,desktop,Firefox,organic,,,,,0.0,home office chair,0,0,0,
0f2868ec-4fd3-42a4-b77f-e099b82b5eb9,EVT-003482,USER-00147,add_to_cart,2025-11-07T21:48:25,SES-8436df9e,mobile,Chrome,email,PROD-01416,REI Flash 55 Pack,Outdoor Gear,Sports,517.67,,0,1,0,
f0739465-2c39-4823-97c8-4980c3816515,EVT-003483,USER-00048,wishlist,2025-12-17T00:30:33,SES-28648ab2,tablet,Safari,organic,PROD-01844,Samsung Galaxy Watch 6,Smartwatches,Electronics,790.52,,0,0,0,
8f3b3248-f2a1-40bf-b361-580802f1cd18,EVT-003484,USER-00154,search,2025-12-22T11:26:20,SES-945045c8,tablet,Chrome,organic,,,,,0.0,red wine gift,0,0,0,
b447eada-6a9e-455f-9b8b-6c57bfdd0a60,EVT-003485,USER-00144,view,2025-12-07T13:34:04,SES-a8bc574e,tablet,Edge,direct,PROD-01196,Oral-B iO Series 9,Personal Care,Healthcare,285.71,,125,0,0,
0cd62121-c230-4b1e-95f9-6bb0b292ff2c,EVT-003486,USER-00001,view,2025-12-28T04:36:40,SES-ffb974af,desktop,Safari,direct,PROD-00512,Dom Pérignon Rosé 2009,Champagne,Wine,415.51,,398,0,0,
b7e8cd99-7225-463c-8a43-93060aebe33f,EVT-003487,USER-00023,search,2025-10-31T13:53:48,SES-e35c70a4,desktop,Chrome,social,,,,,0.0,gaming laptop,0,0,0,
384ecd8f-2d16-48de-8bbe-80d2d37822c4,EVT-003488,USER-00155,search,2025-11-27T16:46:54,SES-ec8402db,mobile,Firefox,social,,,,,0.0,wireless headphones,0,0,0,
83fed4b2-1dba-4ca6-8951-35e562d5acbb,EVT-003489,USER-00218,click,2025-10-24T22:52:12,SES-d1f1f6bb,desktop,Safari,email,PROD-00003,Penfolds Grange,Red Wine,Wine,390.13,,276,0,0,
07661158-c4f1-4711-b2bc-fabc92848792,EVT-003490,USER-00107,search,2026-01-02T21:09:52,SES-ba96a861,desktop,Firefox,organic,,,,,0.0,home office chair,0,0,0,
c4a63f14-5a58-47d6-a29b-661d1565fc14,EVT-003491,USER-00147,add_to_cart,2025-12-20T03:09:34,SES-e1b6c104,mobile,Chrome,email,PROD-01416,REI Flash 55 Pack,Outdoor Gear,Sports,517.67,,0,1,0,
7501ef94-b20c-456a-a04d-77ad62a5bac3,EVT-003492,USER-00048,wishlist,2026-01-16T12:39:46,SES-cdff0a74,tablet,Safari,organic,PROD-01844,Samsung Galaxy Watch 6,Smartwatches,Electronics,790.52,,0,0,0,
aeaf602f-ee29-434c-842f-3c0565b544bd,EVT-003493,USER-00154,search,2026-01-07T10:28:59,SES-b703bcb6,tablet,Chrome,organic,,,,,0.0,red wine gift,0,0,0,
bb590950-8028-4a73-a9ec-d42d2953c5f1,EVT-003494,USER-00144,view,2025-12-25T06:07:50,SES-151d5116,tablet,Edge,direct,PROD-01196,Oral-B iO Series 9,Personal Care,Healthcare,285.71,,125,0,0,
21d73655-b343-4bf9-9efd-25196ae7cce4,EVT-003495,USER-00001,view,2025-11-29T13:09:22,SES-da3490a4,desktop,Safari,direct,PROD-00512,Dom Pérignon Rosé 2009,Champagne,Wine,415.51,,398,0,0,
9e6c35bd-6beb-49a4-86e7-0585f2b8450e,EVT-003496,USER-00023,search,2025-12-15T08:18:59,SES-818b5091,desktop,Chrome,social,,,,,0.0,gaming laptop,0,0,0,
9c890e52-353d-4b4e-ae8f-2a0902cc77f9,EVT-003497,USER-00155,search,2025-12-11T09:25:39,SES-e244e181,mobile,Firefox,social,,,,,0.0,wireless headphones,0,0,0,
5c9030d3-10e5-4b0a-99e8-a8bada881b3d,EVT-003498,USER-00218,click,2026-01-14T13:53:12,SES-88db6126,desktop,Safari,email,PROD-00003,Penfolds Grange,Red Wine,Wine,390.13,,276,0,0,
88a07672-3672-4b80-a5c0-afb0df8c80e9,EVT-003499,USER-00107,search,2025-11-10T11:43:33,SES-da3954fd,desktop,Firefox,organic,,,,,0.0,home office chair,0,0,0,
1bbffc2d-0667-4b4c-8bc7-ea561400ffc2,EVT-003500,USER-00147,add_to_cart,2026-01-13T07:17:35,SES-30c08c7a,mobile,Chrome,email,PROD-01416,REI Flash 55 Pack,Outdoor Gear,Sports,517.67,,0,1,0,
be8e9303-f014-473e-874a-19c8ddfe5a14,EVT-003501,USER-00048,wishlist,2026-01-19T09:51:20,SES-bb5625be,tablet,Safari,organic,PROD-01844,Samsung Galaxy Watch 6,Smartwatches,Electronics,790.52,,0,0,0,
6e94ef0e-0356-4dad-a34b-98aaa7c2f518,EVT-003502,USER-00154,search,2025-11-07T09:58:14,SES-83748dfe,tablet,Chrome,organic,,,,,0.0,red wine gift,0,0,0,
41d58b9d-58d0-4386-ace0-6092a7ab046b,EVT-003503,USER-00144,view,2025-12-06T04:36:30,SES-dfa55609,tablet,Edge,direct,PROD-01196,Oral-B iO Series 9,Personal Care,Healthcare,285.71,,125,0,0,
6b991078-f7d8-4632-b2ca-2518aa175103,EVT-003504,USER-00001,view,2025-11-27T13:54:42,SES-5141d5c3,desktop,Safari,direct,PROD-00512,Dom Pérignon Rosé 2009,Champagne,Wine,415.51,,398,0,0,
afa81a27-1a53-4522-9262-7812b68a54b1,EVT-003505,USER-00023,search,2025-12-31T22:46:54,SES-38ca6ccd,desktop,Chrome,social,,,,,0.0,gaming laptop,0,0,0,
83aef4bb-e631-4cfc-88bf-e51a9ed647a8,EVT-003506,USER-00155,search,2026-01-15T16:00:44,SES-54ad6f9e,mobile,Firefox,social,,,,,0.0,wireless headphones,0,0,0,
45a5e780-d892-473e-8833-edf4b19ef73c,EVT-003507,USER-00218,click,2025-11-14T23:34:29,SES-914172d5,desktop,Safari,email,PROD-00003,Penfolds Grange,Red Wine,Wine,390.13,,276,0,0,
d7a0a3b0-7551-45f7-afa7-347743c7eda9,EVT-003508,USER-00107,search,2025-11-08T18:12:03,SES-0a0d7627,desktop,Firefox,organic,,,,,0.0,home office chair,0,0,0,
5799aeda-ef20-4c17-9d30-2bb42d1251ce,EVT-003509,USER-00147,add_to_cart,2025-12-07T14:09:46,SES-01903c2a,mobile,Chrome,email,PROD-01416,REI Flash 55 Pack,Outdoor Gear,Sports,517.67,,0,1,0,
21fb1853-a00f-4b1a-be65-0bb649b187cb,EVT-003510,USER-00048,wishlist,2025-12-30T22:51:24,SES-8e08c6b7,tablet,Safari,organic,PROD-01844,Samsung Galaxy Watch 6,Smartwatches,Electronics,790.52,,0,0,0,
9964d3a5-c0e5-472e-9b80-b3f5f8429690,EVT-003511,USER-00154,search,2026-01-20T04:54:50,SES-bd2d35fa,tablet,Chrome,organic,,,,,0.0,red wine gift,0,0,0,
49a5081b-d2b2-4c9f-8eb4-7eded0bb72e1,EVT-003512,USER-00144,view,2025-11-11T03:27:47,SES-7e23a78b,tablet,Edge,direct,PROD-01196,Oral-B iO Series 9,Personal Care,Healthcare,285.71,,125,0,0,
4c52ee96-239c-44c7-83e1-56f23bd2a43b,EVT-003513,USER-00001,view,2025-11-23T01:55:53,SES-1d57465d,desktop,Safari,direct,PROD-00512,Dom Pérignon Rosé 2009,Champagne,Wine,415.51,,398,0,0,
3c696aea-3f3c-4d39-b1ef-218b7354e370,EVT-003514,USER-00023,search,2025-11-04T15:01:36,SES-b8953343,desktop,Chrome,social,,,,,0.0,gaming laptop,0,0,0,
40c08e21-7fb2-4379-bf6d-5e9113a817f5,EVT-003515,USER-00155,search,2025-11-20T04:37:37,SES-0dc92a63,mobile,Firefox,social,,,,,0.0,wireless headphones,0,0,0,
12e9355f-3857-4651-a2ad-463d71f0278a,EVT-003516,USER-00218,click,2025-10-29T00:57:16,SES-8ba5d708,desktop,Safari,email,PROD-00003,Penfolds Grange,Red Wine,Wine,390.13,,276,0,0,
29bf7a5f-9a3f-4cbd-b0cc-e5db96c88170,EVT-003517,USER-00107,search,2026-01-17T14:08:21,SES-c58070f5,desktop,Firefox,organic,,,,,0.0,home office chair,0,0,0,
e14dc6b5-9723-4643-9e74-758afea3e4fb,EVT-003518,USER-00147,add_to_cart,2025-10-25T17:54:29,SES-943d1974,mobile,Chrome,email,PROD-01416,REI Flash 55 Pack,Outdoor Gear,Sports,517.67,,0,1,0,
07e6b33b-d21f-4619-9232-9ef25afd01df,EVT-003519,USER-00048,wishlist,2025-11-11T20:17:29,SES-3a45cd88,tablet,Safari,organic,PROD-01844,Samsung Galaxy Watch 6,Smartwatches,Electronics,790.52,,0,0,0,
90dbc382-af4c-4f5d-91a0-e53b5ee797ab,EVT-003520,USER-00154,search,2025-12-17T19:50:25,SES-fc2f2745,tablet,Chrome,organic,,,,,0.0,red wine gift,0,0,0,
9eb67129-cff3-43aa-b5ce-aed13b30417d,EVT-003521,USER-00144,view,2025-12-06T12:33:21,SES-e3330a16,tablet,Edge,direct,PROD-01196,Oral-B iO Series 9,Personal Care,Healthcare,285.71,,125,0,0,
7b42ef65-69f3-48a3-b161-0b2289e0d7c8,EVT-003522,USER-00001,view,2025-12-06T07:55:36,SES-bb7418e3,desktop,Safari,direct,PROD-00512,Dom Pérignon Rosé 2009,Champagne,Wine,415.51,,398,0,0,
6a216c29-5cd1-405d-83a8-86727027f9f0,EVT-003523,USER-00023,search,2025-11-15T12:55:49,SES-10f4e03e,desktop,Chrome,social,,,,,0.0,gaming laptop,0,0,0,
f6e260e3-8ca1-4026-99d0-e5b46d97d4d6,EVT-003524,USER-00155,search,2025-12-28T02:59:55,SES-2a8b17a6,mobile,Firefox,social,,,,,0.0,wireless headphones,0,0,0,
2cf535c7-423f-41f3-b6ce-c383b54470e2,EVT-003525,USER-00218,click,2025-12-20T07:36:06,SES-121f407b,desktop,Safari,email,PROD-00003,Penfolds Grange,Red Wine,Wine,390.13,,276,0,0,
c7e28649-771a-4470-988c-8199ff508b37,EVT-003526,USER-00107,search,2025-12-04T19:42:59,SES-9df2734f,desktop,Firefox,organic,,,,,0.0,home office chair,0,0,0,
261a27a9-29d7-40a8-807d-8b3076f1753b,EVT-003527,USER-00147,add_to_cart,2025-11-15T05:33:34,SES-d61716ab,mobile,Chrome,email,PROD-01416,REI Flash 55 Pack,Outdoor Gear,Sports,517.67,,0,1,0,
c709ab89-0507-4a18-afdd-588147cd966b,EVT-003528,USER-00048,wishlist,2026-01-08T02:30:00,SES-81e635f3,tablet,Safari,organic,PROD-01844,Samsung Galaxy Watch 6,Smartwatches,Electronics,790.52,,0,0,0,
6f1fb4db-924a-4989-9d09-d3f82df8119a,EVT-003529,USER-00154,search,2025-11-08T22:05:06,SES-407cbb07,tablet,Chrome,organic,,,,,0.0,red wine gift,0,0,0,
4b00bed8-224e-49eb-a963-901e281ca3cf,EVT-003530,USER-00144,view,2025-12-06T13:05:02,SES-f042db45,tablet,Edge,direct,PROD-01196,Oral-B iO Series 9,Personal Care,Healthcare,285.71,,125,0,0,
d5ee4185-004a-4078-b4fd-5750bab83e6e,EVT-003531,USER-00001,view,2025-12-10T07:30:54,SES-7bb2ce5e,desktop,Safari,direct,PROD-00512,Dom Pérignon Rosé 2009,Champagne,Wine,415.51,,398,0,0,
536cd6d4-ef8f-4e17-aac9-51c77123d130,EVT-003532,USER-00023,search,2025-12-24T00:27:06,SES-e7efb60d,desktop,Chrome,social,,,,,0.0,gaming laptop,0,0,0,
247b67b8-a571-4cf8-b544-f352b7c3b8e9,EVT-003533,USER-00155,search,2025-11-02T12:56:41,SES-63f1df87,mobile,Firefox,social,,,,,0.0,wireless headphones,0,0,0,
0a57d49f-12ac-4896-a557-9d6dc0a09ade,EVT-003534,USER-00218,click,2026-01-08T18:39:21,SES-8e62b9d5,desktop,Safari,email,PROD-00003,Penfolds Grange,Red Wine,Wine,390.13,,276,0,0,
4a4e8ab0-029d-4654-9cea-40d7d7f7427b,EVT-003535,USER-00107,search,2025-12-20T09:22:03,SES-016457b0,desktop,Firefox,organic,,,,,0.0,home office chair,0,0,0,
b2f5b51e-e37e-4855-bdf6-d13c888f47ad,EVT-003536,USER-00147,add_to_cart,2026-01-12T02:19:15,SES-c175b849,mobile,Chrome,email,PROD-01416,REI Flash 55 Pack,Outdoor Gear,Sports,517.67,,0,1,0,
6c4f1eab-1585-4102-bcac-a53c87050410,EVT-003537,USER-00048,wishlist,2025-11-23T21:49:10,SES-0769ba7b,tablet,Safari,organic,PROD-01844,Samsung Galaxy Watch 6,Smartwatches,Electronics,790.52,,0,0,0,
755a01ca-f894-4dd8-a0cc-ed54da92d193,EVT-003538,USER-00154,search,2026-01-15T10:02:10,SES-95b77e2b,tablet,Chrome,organic,,,,,0.0,red wine gift,0,0,0,
e01b92ce-587f-41cd-bb12-70426c567b04,EVT-003539,USER-00144,view,2026-01-20T02:02:53,SES-377cdd60,tablet,Edge,direct,PROD-01196,Oral-B iO Series 9,Personal Care,Healthcare,285.71,,125,0,0,
6af3d95c-1aa5-440c-a09b-22795d1b7f51,EVT-003540,USER-00001,view,2026-01-18T23:46:13,SES-dd9e25dc,desktop,Safari,direct,PROD-00512,Dom Pérignon Rosé 2009,Champagne,Wine,415.51,,398,0,0,
b34389a6-812d-4e5d-a806-806c5311ea27,EVT-003541,USER-00023,search,2025-11-07T05:02:51,SES-40e7990f,desktop,Chrome,social,,,,,0.0,gaming laptop,0,0,0,
8472231b-72e5-4824-8b33-7c967109884d,EVT-003542,USER-00155,search,2025-11-15T12:30:10,SES-3d3bd427,mobile,Firefox,social,,,,,0.0,wireless headphones,0,0,0,
3eb76cff-025b-40be-8a58-867cd192fea0,EVT-003543,USER-00218,click,2025-12-06T14:57:44,SES-f974919a,desktop,Safari,email,PROD-00003,Penfolds Grange,Red Wine,Wine,390.13,,276,0,0,
4f601bdf-6465-43f1-99dd-c607587c658d,EVT-003544,USER-00107,search,2025-12-31T20:25:10,SES-ed2339f1,desktop,Firefox,organic,,,,,0.0,home office chair,0,0,0,
cb49d946-acf3-4982-a2fa-742d4f8bcc9f,EVT-003545,USER-00147,add_to_cart,2025-10-29T12:40:26,SES-2da66947,mobile,Chrome,email,PROD-01416,REI Flash 55 Pack,Outdoor Gear,Sports,517.67,,0,1,0,
125538ca-e36a-4f53-bb91-e21a5f05bc3f,EVT-003546,USER-00048,wishlist,2025-10-23T09:58:08,SES-bbcd956d,tablet,Safari,organic,PROD-01844,Samsung Galaxy Watch 6,Smartwatches,Electronics,790.52,,0,0,0,
dd919b31-41d0-4581-8283-78d8f5a0b292,EVT-003547,USER-00154,search,2026-01-03T10:18:50,SES-4365027b,tablet,Chrome,organic,,,,,0.0,red wine gift,0,0,0,
0c0b2451-a606-492d-a116-c9552428c7db,EVT-003548,USER-00144,view,2025-10-25T21:14:48,SES-283f0a34,tablet,Edge,direct,PROD-01196,Oral-B iO Series 9,Personal Care,Healthcare,285.71,,125,0,0,
36950511-dbdb-4c6d-b656-2fe5901a3ba7,EVT-003549,USER-00001,view,2025-12-27T23:09:35,SES-a36f32de,desktop,Safari,direct,PROD-00512,Dom Pérignon Rosé 2009,Champagne,Wine,415.51,,398,0,0,
a8c85f0a-294a-4ac9-9a62-4fbdccc81ea3,EVT-003550,USER-00023,search,2025-12-27T11:09:24,SES-e407fb95,desktop,Chrome,social,,,,,0.0,gaming laptop,0,0,0,
557947e4-8165-4105-9688-03e54006fc7a,EVT-003551,USER-00155,search,2025-12-01T04:47:10,SES-6f0b15a8,mobile,Firefox,social,,,,,0.0,wireless headphones,0,0,0,
1b068992-4e5a-46be-bf7f-44489b9c80c7,EVT-003552,USER-00218,click,2026-01-14T22:19:56,SES-cf1d0109,desktop,Safari,email,PROD-00003,Penfolds Grange,Red Wine,Wine,390.13,,276,0,0,
10e9324b-c53b-4cdf-bcc2-530bfff3f06d,EVT-003553,USER-00107,search,2025-12-12T05:04:32,SES-ae814346,desktop,Firefox,organic,,,,,0.0,home office chair,0,0,0,
dab84c1a-8034-42a5-b001-8c725710bcd8,EVT-003554,USER-00147,add_to_cart,2025-12-07T09:35:47,SES-61ddfab6,mobile,Chrome,email,PROD-01416,REI Flash 55 Pack,Outdoor Gear,Sports,517.67,,0,1,0,
ad886215-5c1c-48a5-bd37-93562bbe8310,EVT-003555,USER-00048,wishlist,2026-01-14T10:55:44,SES-d0928a91,tablet,Safari,organic,PROD-01844,Samsung Galaxy Watch 6,Smartwatches,Electronics,790.52,,0,0,0,
0c32000a-c08a-4836-af05-a58f44251f4a,EVT-003556,USER-00154,search,2025-11-29T03:46:48,SES-92e0a1b2,tablet,Chrome,organic,,,,,0.0,red wine gift,0,0,0,
df32afbf-e32e-4e5b-93d7-a3423894643a,EVT-003557,USER-00144,view,2025-10-29T13:53:36,SES-ec643f91,tablet,Edge,direct,PROD-01196,Oral-B iO Series 9,Personal Care,Healthcare,285.71,,125,0,0,
cb044f0b-c0a8-453e-8e79-ba63f588cc29,EVT-003558,USER-00001,view,2026-01-06T18:33:05,SES-b1cc1563,desktop,Safari,direct,PROD-00512,Dom Pérignon Rosé 2009,Champagne,Wine,415.51,,398,0,0,
c0192d2a-e517-4868-82ef-78f02355187c,EVT-003559,USER-00023,search,2025-12-02T05:49:08,SES-fc1bb6bc,desktop,Chrome,social,,,,,0.0,gaming laptop,0,0,0,
2c15348d-6718-4226-8c40-08fa87869035,EVT-003560,USER-00155,search,2025-11-16T23:50:30,SES-028311b7,mobile,Firefox,social,,,,,0.0,wireless headphones,0,0,0,
ac97c7e6-1b8d-4a33-bdf5-ca6696076cd4,EVT-003561,USER-00218,click,2026-01-16T12:18:02,SES-fcc77f93,desktop,Safari,email,PROD-00003,Penfolds Grange,Red Wine,Wine,390.13,,276,0,0,
c1542835-7fc5-4668-8e03-4887de3c8ad1,EVT-003562,USER-00107,search,2025-12-31T06:16:33,SES-b35de87e,desktop,Firefox,organic,,,,,0.0,home office chair,0,0,0,
e1f12e11-32b7-4f99-9400-ce8eac9652bb,EVT-003563,USER-00147,add_to_cart,2025-12-13T22:01:33,SES-da80bbc5,mobile,Chrome,email,PROD-01416,REI Flash 55 Pack,Outdoor Gear,Sports,517.67,,0,1,0,
d09abbf5-b5c6-4e50-90d5-346bbbc73f9a,EVT-003564,USER-00048,wishlist,2025-11-03T11:50:17,SES-def1bb1b,tablet,Safari,organic,PROD-01844,Samsung Galaxy Watch 6,Smartwatches,Electronics,790.52,,0,0,0,
3a9cd886-5371-4820-b31c-9a8497835b8f,EVT-003565,USER-00154,search,2025-12-31T05:51:09,SES-aa479451,tablet,Chrome,organic,,,,,0.0,red wine gift,0,0,0,
200b43c6-f471-4d18-85bc-c0861016d0e9,EVT-003566,USER-00144,view,2026-01-06T03:31:50,SES-f0d0ebef,tablet,Edge,direct,PROD-01196,Oral-B iO Series 9,Personal Care,Healthcare,285.71,,125,0,0,
0b36a4aa-2648-4ed1-aa88-18dee965518b,EVT-003567,USER-00001,view,2025-12-20T16:17:18,SES-612b82e1,desktop,Safari,direct,PROD-00512,Dom Pérignon Rosé 2009,Champagne,Wine,415.51,,398,0,0,
00c757d0-ae6e-4644-8c2b-82662ebab4d0,EVT-003568,USER-00023,search,2025-12-24T13:45:25,SES-7b2e594f,desktop,Chrome,social,,,,,0.0,gaming laptop,0,0,0,
e13d48f1-b6a3-4e7c-8b90-fe2e46b75f7b,EVT-003569,USER-00155,search,2025-12-13T14:38:16,SES-e48e6fb3,mobile,Firefox,social,,,,,0.0,wireless headphones,0,0,0,
60c56333-bd18-4cd6-b8eb-b1c46f62f284,EVT-003570,USER-00218,click,2025-12-31T03:27:03,SES-40690015,desktop,Safari,email,PROD-00003,Penfolds Grange,Red Wine,Wine,390.13,,276,0,0,
00a7b8af-960b-4cec-8993-1a88cad062a8,EVT-003571,USER-00107,search,2025-10-25T01:12:05,SES-8e4302b0,desktop,Firefox,organic,,,,,0.0,home office chair,0,0,0,
f4a9ae78-1cf1-48d5-afb6-f03a01faee89,EVT-003572,USER-00147,add_to_cart,2025-12-04T07:45:28,SES-99abb51e,mobile,Chrome,email,PROD-01416,REI Flash 55 Pack,Outdoor Gear,Sports,517.67,,0,1,0,
814fd883-f595-421c-88bf-ed57fd920b4d,EVT-003573,USER-00048,wishlist,2025-12-08T10:17:33,SES-505bead3,tablet,Safari,organic,PROD-01844,Samsung Galaxy Watch 6,Smartwatches,Electronics,790.52,,0,0,0,
108f3dc3-29d5-4024-8b1e-8770ea631052,EVT-003574,USER-00154,search,2026-01-11T02:44:09,SES-69fb4b88,tablet,Chrome,organic,,,,,0.0,red wine gift,0,0,0,
e500165e-f508-476e-9c51-5f7a869add0e,EVT-003575,USER-00144,view,2026-01-01T05:42:22,SES-27e83f38,tablet,Edge,direct,PROD-01196,Oral-B iO Series 9,Personal Care,Healthcare,285.71,,125,0,0,
cb1f6f48-f586-4bc7-80bf-aa1a9540bc82,EVT-003576,USER-00001,view,2025-10-28T13:14:30,SES-994d5137,desktop,Safari,direct,PROD-00512,Dom Pérignon Rosé 2009,Champagne,Wine,415.51,,398,0,0,
b6c6cbcc-9173-42e1-8e69-e33ed50b248b,EVT-003577,USER-00023,search,2025-11-20T04:34:59,SES-1010811a,desktop,Chrome,social,,,,,0.0,gaming laptop,0,0,0,
ce3ba5c7-c9a5-4c49-aa72-c6681056952a,EVT-003578,USER-00155,search,2026-01-09T13:14:24,SES-ffd8775d,mobile,Firefox,social,,,,,0.0,wireless headphones,0,0,0,
a2cc8400-1aed-46b8-a396-19d5f0da1429,EVT-003579,USER-00218,click,2025-11-30T10:15:41,SES-8bdac325,desktop,Safari,email,PROD-00003,Penfolds Grange,Red Wine,Wine,390.13,,276,0,0,
6d7abc92-b579-4d8d-8967-1af4df448ca0,EVT-003580,USER-00107,search,2026-01-11T04:01:35,SES-51a654aa,desktop,Firefox,organic,,,,,0.0,home office chair,0,0,0,
b8bab842-8904-4cfd-8e2c-4eb3e381e2ca,EVT-003581,USER-00147,add_to_cart,2026-01-10T14:03:51,SES-97ed33ee,mobile,Chrome,email,PROD-01416,REI Flash 55 Pack,Outdoor Gear,Sports,517.67,,0,1,0,
564498e1-6b7f-4463-b821-5ef54ad63d29,EVT-003582,USER-00048,wishlist,2026-01-01T03:39:10,SES-e707ba91,tablet,Safari,organic,PROD-01844,Samsung Galaxy Watch 6,Smartwatches,Electronics,790.52,,0,0,0,
7946b9ac-d9c9-48d0-b437-924da6cdd5ab,EVT-003583,USER-00154,search,2026-01-05T09:16:26,SES-d69d1974,tablet,Chrome,organic,,,,,0.0,red wine gift,0,0,0,
d0271bce-f504-4b9e-a2b0-b582c626ec28,EVT-003584,USER-00144,view,2025-10-26T14:55:06,SES-623813d4,tablet,Edge,direct,PROD-01196,Oral-B iO Series 9,Personal Care,Healthcare,285.71,,125,0,0,
8c801029-063f-4f7e-9e2a-fd2f3abdbba3,EVT-003585,USER-00001,view,2025-11-27T00:39:02,SES-a380568a,desktop,Safari,direct,PROD-00512,Dom Pérignon Rosé 2009,Champagne,Wine,415.51,,398,0,0,
9efb98a7-0f19-4938-9990-689977d92741,EVT-003586,USER-00023,search,2025-11-30T12:40:03,SES-9950ed52,desktop,Chrome,social,,,,,0.0,gaming laptop,0,0,0,
dacca8ed-5831-48c3-8292-52e4862dc736,EVT-003587,USER-00155,search,2025-12-31T07:47:10,SES-3b41f2d1,mobile,Firefox,social,,,,,0.0,wireless headphones,0,0,0,
97ccee05-7eb4-49a9-bf95-1a98171de54f,EVT-003588,USER-00218,click,2025-12-11T09:57:00,SES-cde9d6c7,desktop,Safari,email,PROD-00003,Penfolds Grange,Red Wine,Wine,390.13,,276,0,0,
6226ddfb-78c8-4818-95a7-f7733501d554,EVT-003589,USER-00107,search,2025-12-22T20:13:51,SES-56ec2ace,desktop,Firefox,organic,,,,,0.0,home office chair,0,0,0,
6d8ff658-9cb3-4726-b48c-28efd0c82179,EVT-003590,USER-00147,add_to_cart,2025-12-24T19:40:36,SES-969ef3bc,mobile,Chrome,email,PROD-01416,REI Flash 55 Pack,Outdoor Gear,Sports,517.67,,0,1,0,
3e09bced-272c-4dd3-a3bb-41d954c08fec,EVT-003591,USER-00048,wishlist,2025-12-04T11:18:38,SES-d8a373a3,tablet,Safari,organic,PROD-01844,Samsung Galaxy Watch 6,Smartwatches,Electronics,790.52,,0,0,0,
d33caffa-5b71-4df1-9032-14d38198d5b1,EVT-003592,USER-00154,search,2025-12-03T08:36:48,SES-9b9295d7,tablet,Chrome,organic,,,,,0.0,red wine gift,0,0,0,
749078ed-ff25-4447-92a3-446385e2a200,EVT-003593,USER-00144,view,2026-01-07T04:45:34,SES-e8682b48,tablet,Edge,direct,PROD-01196,Oral-B iO Series 9,Personal Care,Healthcare,285.71,,125,0,0,
abc789fb-5f4a-4f11-90e3-16e95fa53719,EVT-003594,USER-00001,view,2025-11-03T19:00:11,SES-c43ef9d1,desktop,Safari,direct,PROD-00512,Dom Pérignon Rosé 2009,Champagne,Wine,415.51,,398,0,0,
465a5e14-a386-44f0-8000-8fd4b0a51ff0,EVT-003595,USER-00023,search,2025-11-01T19:23:19,SES-24ca865c,desktop,Chrome,social,,,,,0.0,gaming laptop,0,0,0,
88d40dd3-4b1d-45b5-8851-5da3272553d8,EVT-003596,USER-00155,search,2025-11-05T22:05:47,SES-dc4c9219,mobile,Firefox,social,,,,,0.0,wireless headphones,0,0,0,
05964f2c-61c0-4101-bd3b-d5cd1055dcb9,EVT-003597,USER-00218,click,2026-01-12T23:44:48,SES-aec015dd,desktop,Safari,email,PROD-00003,Penfolds Grange,Red Wine,Wine,390.13,,276,0,0,
25823813-84bf-490d-ab9e-07ff5e28cfb0,EVT-003598,USER-00107,search,2025-11-17T05:35:49,SES-446991ae,desktop,Firefox,organic,,,,,0.0,home office chair,0,0,0,
b1c0225b-913b-45a8-b228-3b09da5a34ed,EVT-003599,USER-00147,add_to_cart,2026-01-04T08:03:32,SES-cf3b2d40,mobile,Chrome,email,PROD-01416,REI Flash 55 Pack,Outdoor Gear,Sports,517.67,,0,1,0,
e218bf0c-a239-4b54-9373-7099626d59ff,EVT-003600,USER-00048,wishlist,2026-01-10T20:51:06,SES-ebe848f7,tablet,Safari,organic,PROD-01844,Samsung Galaxy Watch 6,Smartwatches,Electronics,790.52,,0,0,0,
218be5bc-1cab-46cd-a20c-dbd0c4845c24,EVT-003601,USER-00154,search,2025-12-18T00:59:22,SES-726da051,tablet,Chrome,organic,,,,,0.0,red wine gift,0,0,0,
a249d6b3-f1d5-4d24-93a8-a4d86a74b1e0,EVT-003602,USER-00144,view,2026-01-03T21:53:36,SES-16a826ad,tablet,Edge,direct,PROD-01196,Oral-B iO Series 9,Personal Care,Healthcare,285.71,,125,0,0,
7b4a5bc1-b8cb-4f0c-bd48-d4441c455122,EVT-003603,USER-00001,view,2026-01-07T14:32:04,SES-d94c23fa,desktop,Safari,direct,PROD-00512,Dom Pérignon Rosé 2009,Champagne,Wine,415.51,,398,0,0,
b3562f2a-db1d-41b9-a42f-1ae7785206cb,EVT-003604,USER-00023,search,2025-11-02T14:24:16,SES-66cce423,desktop,Chrome,social,,,,,0.0,gaming laptop,0,0,0,
140d1007-755f-404a-ba27-51491be4ced9,EVT-003605,USER-00155,search,2025-12-31T20:17:53,SES-9fb5fa58,mobile,Firefox,social,,,,,0.0,wireless headphones,0,0,0,
ae41608e-3813-4bb1-8b31-a80187c5563d,EVT-003606,USER-00218,click,2025-11-08T03:37:11,SES-7ecaf2f0,desktop,Safari,email,PROD-00003,Penfolds Grange,Red Wine,Wine,390.13,,276,0,0,
1946f9a3-20e8-4f36-b9f7-fc96c67c91c5,EVT-003607,USER-00107,search,2025-11-27T07:51:14,SES-ff9af81f,desktop,Firefox,organic,,,,,0.0,home office chair,0,0,0,
ea991b49-4c27-4c30-a5f9-de5191aa329b,EVT-003608,USER-00147,add_to_cart,2025-12-01T20:02:24,SES-1dbea8fe,mobile,Chrome,email,PROD-01416,REI Flash 55 Pack,Outdoor Gear,Sports,517.67,,0,1,0,
0775f3f2-2d79-42bd-98e3-5d5d63ed746f,EVT-003609,USER-00048,wishlist,2025-12-25T11:46:18,SES-9fdbafed,tablet,Safari,organic,PROD-01844,Samsung Galaxy Watch 6,Smartwatches,Electronics,790.52,,0,0,0,
d8431852-5c34-4255-ab5f-57d3fd940387,EVT-003610,USER-00154,search,2025-11-24T17:48:06,SES-86c42fa0,tablet,Chrome,organic,,,,,0.0,red wine gift,0,0,0,
72ae6f0a-cbae-4d4d-adaf-e62a893b1bb2,EVT-003611,USER-00144,view,2025-11-05T12:41:50,SES-25c5266a,tablet,Edge,direct,PROD-01196,Oral-B iO Series 9,Personal Care,Healthcare,285.71,,125,0,0,
ac88c635-0224-42a8-a0a9-798d2f0d2c8d,EVT-003612,USER-00001,view,2026-01-19T09:18:52,SES-7ac6fea0,desktop,Safari,direct,PROD-00512,Dom Pérignon Rosé 2009,Champagne,Wine,415.51,,398,0,0,
5b60b3c7-7a83-4928-845e-0bc41456064f,EVT-003613,USER-00023,search,2025-11-15T08:19:14,SES-d5def717,desktop,Chrome,social,,,,,0.0,gaming laptop,0,0,0,
ac2a2112-c9c4-4e69-9ae8-0450d10e673e,EVT-003614,USER-00155,search,2026-01-07T23:42:10,SES-e06b3786,mobile,Firefox,social,,,,,0.0,wireless headphones,0,0,0,
19a514a6-b737-4337-914a-94c91d6c13eb,EVT-003615,USER-00218,click,2025-12-08T14:26:53,SES-5a7079a9,desktop,Safari,email,PROD-00003,Penfolds Grange,Red Wine,Wine,390.13,,276,0,0,
dca8cbfa-7100-4939-aa12-e7b10d4fef38,EVT-003616,USER-00107,search,2025-11-12T03:27:47,SES-887ef883,desktop,Firefox,organic,,,,,0.0,home office chair,0,0,0,
5a8e827b-1d2f-4ad9-9d2e-d17499f0bf6c,EVT-003617,USER-00147,add_to_cart,2025-11-17T10:16:38,SES-cabddc7d,mobile,Chrome,email,PROD-01416,REI Flash 55 Pack,Outdoor Gear,Sports,517.67,,0,1,0,
90d96149-c9e1-46a9-a27a-7f4bc5a47d3a,EVT-003618,USER-00048,wishlist,2025-11-01T04:14:56,SES-454fc4c1,tablet,Safari,organic,PROD-01844,Samsung Galaxy Watch 6,Smartwatches,Electronics,790.52,,0,0,0,
9bd9e7c8-6a23-4ee9-94fb-e7838d96da1c,EVT-003619,USER-00154,search,2025-11-23T18:56:43,SES-c2b0b644,tablet,Chrome,organic,,,,,0.0,red wine gift,0,0,0,
e2b869ef-7221-4945-b50d-5a9246d35ad9,EVT-003620,USER-00144,view,2025-12-24T01:58:51,SES-07f96e50,tablet,Edge,direct,PROD-01196,Oral-B iO Series 9,Personal Care,Healthcare,285.71,,125,0,0,
4ad8da5e-75b2-4f64-8b16-dd1ce1bc24a3,EVT-003621,USER-00001,view,2025-12-29T02:24:19,SES-2a28f022,desktop,Safari,direct,PROD-00512,Dom Pérignon Rosé 2009,Champagne,Wine,415.51,,398,0,0,
2cbdb369-ec2a-4b10-bc9b-06e1e0531483,EVT-003622,USER-00023,search,2025-10-29T22:31:27,SES-5490d6c1,desktop,Chrome,social,,,,,0.0,gaming laptop,0,0,0,
f09f0f6d-a5ec-4c58-a5ac-166a85fff460,EVT-003623,USER-00155,search,2025-12-06T05:42:39,SES-b298aafa,mobile,Firefox,social,,,,,0.0,wireless headphones,0,0,0,
cdd096bb-1307-42ff-8dcb-b9f82e7d7eea,EVT-003624,USER-00218,click,2026-01-18T01:12:23,SES-d6ed97d3,desktop,Safari,email,PROD-00003,Penfolds Grange,Red Wine,Wine,390.13,,276,0,0,
8d68af27-bc86-415b-8b17-e5c7d0a23db2,EVT-003625,USER-00107,search,2025-12-30T14:12:45,SES-034d74a2,desktop,Firefox,organic,,,,,0.0,home office chair,0,0,0,
1911e1af-1bb5-46df-aa40-78903053e850,EVT-003626,USER-00147,add_to_cart,2025-12-09T11:23:13,SES-f4cb28b9,mobile,Chrome,email,PROD-01416,REI Flash 55 Pack,Outdoor Gear,Sports,517.67,,0,1,0,
89b147e2-e1b2-4e81-ad9e-98d3b247f6e9,EVT-003627,USER-00048,wishlist,2026-01-03T19:23:15,SES-b8588a4a,tablet,Safari,organic,PROD-01844,Samsung Galaxy Watch 6,Smartwatches,Electronics,790.52,,0,0,0,
68a6751b-d735-4e5f-a2be-e4bfd0e266ee,EVT-003628,USER-00154,search,2025-11-15T12:11:17,SES-a755ec49,tablet,Chrome,organic,,,,,0.0,red wine gift,0,0,0,
fef7c1fa-470a-423d-af62-1e6d30c05e17,EVT-003629,USER-00144,view,2026-01-04T05:49:20,SES-ae578845,tablet,Edge,direct,PROD-01196,Oral-B iO Series 9,Personal Care,Healthcare,285.71,,125,0,0,
f1909bf0-b658-4274-b8b5-a0a87cd37c15,EVT-003630,USER-00001,view,2025-11-16T23:46:21,SES-a81ea780,desktop,Safari,direct,PROD-00512,Dom Pérignon Rosé 2009,Champagne,Wine,415.51,,398,0,0,
4c8c4f5b-29fe-4811-928e-9c9a369eb8f5,EVT-003631,USER-00023,search,2025-11-24T23:52:46,SES-36c0ae2f,desktop,Chrome,social,,,,,0.0,gaming laptop,0,0,0,
cabc3816-4d36-4386-8c26-7f7c199b1040,EVT-003632,USER-00155,search,2025-11-20T10:00:36,SES-b7149f2b,mobile,Firefox,social,,,,,0.0,wireless headphones,0,0,0,
66190366-091a-4d83-8653-b8f3729a5f00,EVT-003633,USER-00218,click,2025-12-28T15:52:06,SES-0aab5ab6,desktop,Safari,email,PROD-00003,Penfolds Grange,Red Wine,Wine,390.13,,276,0,0,
32f5d366-448d-482f-a195-9904ed06a79d,EVT-003634,USER-00107,search,2025-12-04T22:05:26,SES-b0acf64f,desktop,Firefox,organic,,,,,0.0,home office chair,0,0,0,
024ba470-ef43-4eee-8a8d-b6ba288be94b,EVT-003635,USER-00147,add_to_cart,2025-11-23T20:25:34,SES-6f93c901,mobile,Chrome,email,PROD-01416,REI Flash 55 Pack,Outdoor Gear,Sports,517.67,,0,1,0,
f4d116e8-f7db-4c2a-b2b4-803a028c6ae1,EVT-003636,USER-00048,wishlist,2026-01-07T04:38:38,SES-fad3bcd0,tablet,Safari,organic,PROD-01844,Samsung Galaxy Watch 6,Smartwatches,Electronics,790.52,,0,0,0,
90ab5430-b981-4103-b32d-d7bff65bd390,EVT-003637,USER-00154,search,2025-12-05T11:22:56,SES-82c87137,tablet,Chrome,organic,,,,,0.0,red wine gift,0,0,0,
eba9544d-5ab1-4887-a66f-65d1d78be2e7,EVT-003638,USER-00144,view,2025-12-29T16:01:35,SES-3c28b14c,tablet,Edge,direct,PROD-01196,Oral-B iO Series 9,Personal Care,Healthcare,285.71,,125,0,0,
461ea271-be52-4cf6-9765-87c325763d7d,EVT-003639,USER-00001,view,2025-11-16T18:55:51,SES-0a21bb61,desktop,Safari,direct,PROD-00512,Dom Pérignon Rosé 2009,Champagne,Wine,415.51,,398,0,0,
219575be-de7a-4008-a27c-a5596467348b,EVT-003640,USER-00023,search,2025-12-16T22:00:15,SES-f7799ce4,desktop,Chrome,social,,,,,0.0,gaming laptop,0,0,0,
72edd20a-5574-4213-abd7-6a7eb47e03ae,EVT-003641,USER-00155,search,2025-11-18T11:25:22,SES-63580741,mobile,Firefox,social,,,,,0.0,wireless headphones,0,0,0,
fbdb3ce8-b211-4f4e-9c3e-b01c6713e3fa,EVT-003642,USER-00218,click,2025-12-19T11:02:51,SES-f8100b5b,desktop,Safari,email,PROD-00003,Penfolds Grange,Red Wine,Wine,390.13,,276,0,0,
4c0a8b2f-fd5e-4713-864b-c84cfd21f66c,EVT-003643,USER-00107,search,2025-10-26T05:13:14,SES-fd0113d8,desktop,Firefox,organic,,,,,0.0,home office chair,0,0,0,
a95228f8-53f7-40f6-8f5b-ed867a63a23f,EVT-003644,USER-00147,add_to_cart,2026-01-04T15:56:25,SES-cbaf9b32,mobile,Chrome,email,PROD-01416,REI Flash 55 Pack,Outdoor Gear,Sports,517.67,,0,1,0,
bcab8aa2-ef43-4515-b8ec-615c9eaf4785,EVT-003645,USER-00048,wishlist,2025-11-05T08:12:08,SES-2f1c7b59,tablet,Safari,organic,PROD-01844,Samsung Galaxy Watch 6,Smartwatches,Electronics,790.52,,0,0,0,
159b7209-f862-44a1-a914-3fd78b226f97,EVT-003646,USER-00154,search,2025-11-06T02:51:02,SES-386c5716,tablet,Chrome,organic,,,,,0.0,red wine gift,0,0,0,
f5c4d1ce-d530-4d16-8427-46d925c4546f,EVT-003647,USER-00144,view,2025-12-12T09:45:48,SES-e12e7f63,tablet,Edge,direct,PROD-01196,Oral-B iO Series 9,Personal Care,Healthcare,285.71,,125,0,0,
d801739e-07f4-4a45-bc09-57970b63a727,EVT-003648,USER-00001,view,2025-11-19T18:01:16,SES-78b71f8e,desktop,Safari,direct,PROD-00512,Dom Pérignon Rosé 2009,Champagne,Wine,415.51,,398,0,0,
1462d800-56f8-4cca-9c83-fcf168d9d96e,EVT-003649,USER-00023,search,2025-10-25T06:22:31,SES-0532e718,desktop,Chrome,social,,,,,0.0,gaming laptop,0,0,0,
63c79148-a5a0-4e11-8c8f-d046d6d0cc2d,EVT-003650,USER-00155,search,2025-11-13T04:56:50,SES-97585c34,mobile,Firefox,social,,,,,0.0,wireless headphones,0,0,0,
6ea98c9b-9f88-488f-b50f-14bf8560231c,EVT-003651,USER-00218,click,2026-01-16T04:52:33,SES-0f156a8b,desktop,Safari,email,PROD-00003,Penfolds Grange,Red Wine,Wine,390.13,,276,0,0,
9848cb74-eaa9-430b-aa68-d1000447bcb6,EVT-003652,USER-00107,search,2025-11-27T18:04:31,SES-12b9c90f,desktop,Firefox,organic,,,,,0.0,home office chair,0,0,0,
777b8dd0-f692-49b9-bbb1-441eb50425de,EVT-003653,USER-00147,add_to_cart,2025-12-16T11:04:18,SES-37da745d,mobile,Chrome,email,PROD-01416,REI Flash 55 Pack,Outdoor Gear,Sports,517.67,,0,1,0,
d370e5ea-e280-4812-bc0d-9d82c3a4b975,EVT-003654,USER-00048,wishlist,2025-11-26T23:08:18,SES-71c7cb62,tablet,Safari,organic,PROD-01844,Samsung Galaxy Watch 6,Smartwatches,Electronics,790.52,,0,0,0,
d30cab5f-74aa-4ed7-9b3a-9ad0839e3c69,EVT-003655,USER-00154,search,2025-12-31T01:12:41,SES-ad8cb205,tablet,Chrome,organic,,,,,0.0,red wine gift,0,0,0,
0e8728c9-550c-4083-b8c3-8ff06d2ce09b,EVT-003656,USER-00144,view,2025-11-20T00:31:03,SES-64f3660d,tablet,Edge,direct,PROD-01196,Oral-B iO Series 9,Personal Care,Healthcare,285.71,,125,0,0,
d66079b0-1777-4433-b833-f87c113f163a,EVT-003657,USER-00001,view,2025-11-21T12:30:20,SES-9db2e741,desktop,Safari,direct,PROD-00512,Dom Pérignon Rosé 2009,Champagne,Wine,415.51,,398,0,0,
aaf1d544-2edb-49e2-bc80-91884990c895,EVT-003658,USER-00023,search,2025-12-31T05:57:00,SES-ddb1c678,desktop,Chrome,social,,,,,0.0,gaming laptop,0,0,0,
de1d3004-a0e8-41ad-85bf-42cbce0c8af3,EVT-003659,USER-00155,search,2025-11-07T02:48:04,SES-54ecffc5,mobile,Firefox,social,,,,,0.0,wireless headphones,0,0,0,
06fd9d88-7ed9-4324-bb0e-35ccbe644a7f,EVT-003660,USER-00218,click,2025-12-16T20:37:35,SES-020b18fd,desktop,Safari,email,PROD-00003,Penfolds Grange,Red Wine,Wine,390.13,,276,0,0,
c8b1c6cc-4a03-4298-8260-4098949473ed,EVT-003661,USER-00107,search,2025-12-23T07:00:40,SES-140a4cfb,desktop,Firefox,organic,,,,,0.0,home office chair,0,0,0,
919d2d9b-d747-4778-87c0-ceb010a96a31,EVT-003662,USER-00147,add_to_cart,2025-11-21T08:01:42,SES-645962d2,mobile,Chrome,email,PROD-01416,REI Flash 55 Pack,Outdoor Gear,Sports,517.67,,0,1,0,
ce100533-d893-452e-965e-84502b39fe8c,EVT-003663,USER-00048,wishlist,2025-12-07T21:25:25,SES-99b8b36e,tablet,Safari,organic,PROD-01844,Samsung Galaxy Watch 6,Smartwatches,Electronics,790.52,,0,0,0,
ac5e2680-36b6-4eef-800b-a616e57acd01,EVT-003664,USER-00154,search,2025-12-30T23:31:25,SES-aa8e4026,tablet,Chrome,organic,,,,,0.0,red wine gift,0,0,0,
42a5fe75-9ec3-4d2d-b7b3-369c426f2f25,EVT-003665,USER-00144,view,2025-12-04T10:52:59,SES-b6bb914f,tablet,Edge,direct,PROD-01196,Oral-B iO Series 9,Personal Care,Healthcare,285.71,,125,0,0,
94394f19-7166-4a33-a7e6-4622a2eeb179,EVT-003666,USER-00001,view,2025-12-27T02:46:58,SES-15dcc8b8,desktop,Safari,direct,PROD-00512,Dom Pérignon Rosé 2009,Champagne,Wine,415.51,,398,0,0,
99dd91b8-c57e-4832-8daa-c0b33e3066e2,EVT-003667,USER-00023,search,2025-11-20T09:02:56,SES-111503fb,desktop,Chrome,social,,,,,0.0,gaming laptop,0,0,0,
3050f75c-a6ef-4a74-bd98-6e19a701e46c,EVT-003668,USER-00155,search,2025-11-06T17:48:14,SES-c0a5e53b,mobile,Firefox,social,,,,,0.0,wireless headphones,0,0,0,
10ae9738-e3de-4c23-b80f-c61ff522cf30,EVT-003669,USER-00218,click,2026-01-02T22:57:12,SES-93102787,desktop,Safari,email,PROD-00003,Penfolds Grange,Red Wine,Wine,390.13,,276,0,0,
05f9ed70-a2b9-4c9b-91d0-eb5fb8b8cf9c,EVT-003670,USER-00107,search,2026-01-08T22:10:42,SES-894e66c4,desktop,Firefox,organic,,,,,0.0,home office chair,0,0,0,
23cc5ccf-59a2-468c-af15-c8c9a5e7967b,EVT-003671,USER-00147,add_to_cart,2025-12-29T05:35:21,SES-38267b84,mobile,Chrome,email,PROD-01416,REI Flash 55 Pack,Outdoor Gear,Sports,517.67,,0,1,0,
1130ea15-fc28-4dae-9333-8892dd6e2c7e,EVT-003672,USER-00048,wishlist,2025-11-04T05:28:48,SES-51b1375d,tablet,Safari,organic,PROD-01844,Samsung Galaxy Watch 6,Smartwatches,Electronics,790.52,,0,0,0,
8bdedf49-b5bb-40a1-a258-5d4d17b570c2,EVT-003673,USER-00154,search,2025-11-05T23:21:37,SES-78ba3ba0,tablet,Chrome,organic,,,,,0.0,red wine gift,0,0,0,
81cc3208-6937-4259-b79c-881e5886cd6c,EVT-003674,USER-00144,view,2025-12-20T17:23:22,SES-6334931e,tablet,Edge,direct,PROD-01196,Oral-B iO Series 9,Personal Care,Healthcare,285.71,,125,0,0,
bb0621f2-5be5-409a-a0dd-df2fc820a3a1,EVT-003675,USER-00001,view,2025-11-20T03:06:52,SES-7e6b7a41,desktop,Safari,direct,PROD-00512,Dom Pérignon Rosé 2009,Champagne,Wine,415.51,,398,0,0,
c343367b-27f7-4473-884a-ba926ca29e24,EVT-003676,USER-00023,search,2026-01-14T03:53:19,SES-b73ecf7f,desktop,Chrome,social,,,,,0.0,gaming laptop,0,0,0,
6097ec63-5da6-4f71-934b-4432167a8b60,EVT-003677,USER-00155,search,2025-11-29T01:14:33,SES-2bce5387,mobile,Firefox,social,,,,,0.0,wireless headphones,0,0,0,
fb8f0734-5201-4ea8-86f2-72f536b6f06d,EVT-003678,USER-00218,click,2025-11-16T17:29:44,SES-e5cfbfc0,desktop,Safari,email,PROD-00003,Penfolds Grange,Red Wine,Wine,390.13,,276,0,0,
2ebf1b57-13c6-471c-aa2f-44b0e57a9450,EVT-003679,USER-00107,search,2025-12-23T13:41:36,SES-6b8d4889,desktop,Firefox,organic,,,,,0.0,home office chair,0,0,0,
3c0d1955-580e-45a2-b65f-b92c8c6a5cdb,EVT-003680,USER-00147,add_to_cart,2025-11-13T21:01:02,SES-db040c76,mobile,Chrome,email,PROD-01416,REI Flash 55 Pack,Outdoor Gear,Sports,517.67,,0,1,0,
b528fc8d-0d62-4195-858c-21a40b1379f2,EVT-003681,USER-00048,wishlist,2025-10-25T11:11:07,SES-f60f9456,tablet,Safari,organic,PROD-01844,Samsung Galaxy Watch 6,Smartwatches,Electronics,790.52,,0,0,0,
9424253d-492d-4700-a0ba-cb13dacf05f6,EVT-003682,USER-00154,search,2026-01-13T08:42:54,SES-5bbb6517,tablet,Chrome,organic,,,,,0.0,red wine gift,0,0,0,
225e7fff-ce00-4236-ab5d-6ab6e301348d,EVT-003683,USER-00144,view,2025-11-12T07:08:16,SES-ed1f7a06,tablet,Edge,direct,PROD-01196,Oral-B iO Series 9,Personal Care,Healthcare,285.71,,125,0,0,
e97ce4a1-7f3e-4962-8fe1-657a86ac2866,EVT-003684,USER-00001,view,2025-12-18T08:57:17,SES-1d01cb84,desktop,Safari,direct,PROD-00512,Dom Pérignon Rosé 2009,Champagne,Wine,415.51,,398,0,0,
bb70d8f9-2100-419d-aacb-b71a694611bd,EVT-003685,USER-00023,search,2025-11-21T03:52:10,SES-802a4013,desktop,Chrome,social,,,,,0.0,gaming laptop,0,0,0,
192f2a36-fb64-4761-9fb5-7a25c86c7790,EVT-003686,USER-00155,search,2025-11-06T03:38:29,SES-8cea7ad7,mobile,Firefox,social,,,,,0.0,wireless headphones,0,0,0,
b8d36838-fe62-4f65-a082-a04c989b20ed,EVT-003687,USER-00218,click,2025-12-18T11:17:43,SES-4cc011af,desktop,Safari,email,PROD-00003,Penfolds Grange,Red Wine,Wine,390.13,,276,0,0,
a92a1169-8c45-40ed-9158-4f3a8945c96c,EVT-003688,USER-00107,search,2025-10-23T22:02:49,SES-3860de12,desktop,Firefox,organic,,,,,0.0,home office chair,0,0,0,
1fb50af8-d640-4d03-aee1-014850a34519,EVT-003689,USER-00147,add_to_cart,2025-11-16T22:25:29,SES-b09a7484,mobile,Chrome,email,PROD-01416,REI Flash 55 Pack,Outdoor Gear,Sports,517.67,,0,1,0,
7181caac-07b3-4a80-b900-c5ccc97a738f,EVT-003690,USER-00048,wishlist,2025-11-27T02:29:17,SES-eed932bd,tablet,Safari,organic,PROD-01844,Samsung Galaxy Watch 6,Smartwatches,Electronics,790.52,,0,0,0,
18c87526-fd0b-4e51-afbf-567483e2f345,EVT-003691,USER-00154,search,2025-12-31T18:18:22,SES-c403d9b7,tablet,Chrome,organic,,,,,0.0,red wine gift,0,0,0,
e520dc07-99df-4688-93e4-3b8020d8e4cc,EVT-003692,USER-00144,view,2025-12-11T03:02:02,SES-ee94b821,tablet,Edge,direct,PROD-01196,Oral-B iO Series 9,Personal Care,Healthcare,285.71,,125,0,0,
b80406de-d7c2-4613-9fe8-b7844622ade8,EVT-003693,USER-00001,view,2026-01-03T02:58:15,SES-5da3c716,desktop,Safari,direct,PROD-00512,Dom Pérignon Rosé 2009,Champagne,Wine,415.51,,398,0,0,
16b2624e-5cc4-4147-8530-74a1a5064071,EVT-003694,USER-00023,search,2026-01-15T05:43:06,SES-bdd01e22,desktop,Chrome,social,,,,,0.0,gaming laptop,0,0,0,
9c127341-a408-46b7-ae71-644682db018a,EVT-003695,USER-00155,search,2025-12-11T22:12:10,SES-04dbbe13,mobile,Firefox,social,,,,,0.0,wireless headphones,0,0,0,
d604efe0-f0ab-4a3c-8b64-ddb03b89e1de,EVT-003696,USER-00218,click,2025-12-01T03:36:58,SES-4c39aae1,desktop,Safari,email,PROD-00003,Penfolds Grange,Red Wine,Wine,390.13,,276,0,0,
cc1339ba-83c0-4a8a-a263-76e94a1c349a,EVT-003697,USER-00107,search,2025-12-08T01:21:37,SES-165befa0,desktop,Firefox,organic,,,,,0.0,home office chair,0,0,0,
7bb6f338-4ea8-4db4-9686-400877c42fbe,EVT-003698,USER-00147,add_to_cart,2025-12-21T19:02:45,SES-e610e01a,mobile,Chrome,email,PROD-01416,REI Flash 55 Pack,Outdoor Gear,Sports,517.67,,0,1,0,
09d8a285-81c2-4a8c-a82f-82b17a4bb82a,EVT-003699,USER-00048,wishlist,2026-01-18T03:05:27,SES-c6d85e2f,tablet,Safari,organic,PROD-01844,Samsung Galaxy Watch 6,Smartwatches,Electronics,790.52,,0,0,0,
dd1dfcac-72c9-4b7e-8e5d-f4ef3dd71431,EVT-003700,USER-00154,search,2025-11-08T07:00:50,SES-72ff6307,tablet,Chrome,organic,,,,,0.0,red wine gift,0,0,0,
96bc02ca-7a6c-49f7-af2b-f6b657695c15,EVT-003701,USER-00144,view,2025-11-25T04:00:19,SES-020c69fc,tablet,Edge,direct,PROD-01196,Oral-B iO Series 9,Personal Care,Healthcare,285.71,,125,0,0,
f8b699d2-b295-4b3b-8b27-af43c2f48297,EVT-003702,USER-00001,view,2025-12-24T06:12:45,SES-4024f9bb,desktop,Safari,direct,PROD-00512,Dom Pérignon Rosé 2009,Champagne,Wine,415.51,,398,0,0,
91ac66a9-616f-4c81-bc14-94d3d3dac5e3,EVT-003703,USER-00023,search,2025-11-06T21:08:56,SES-140393de,desktop,Chrome,social,,,,,0.0,gaming laptop,0,0,0,
de196db0-59f7-418c-9bbe-29925e444ae1,EVT-003704,USER-00155,search,2025-12-18T18:03:15,SES-d89d46f2,mobile,Firefox,social,,,,,0.0,wireless headphones,0,0,0,
298c9f33-48c4-497a-97a2-31e969b7c415,EVT-003705,USER-00218,click,2026-01-13T12:39:22,SES-eb65f9a7,desktop,Safari,email,PROD-00003,Penfolds Grange,Red Wine,Wine,390.13,,276,0,0,
2382acc0-17bb-40bf-a178-c24d3f6f0b20,EVT-003706,USER-00107,search,2025-12-10T09:33:58,SES-b7cd65fd,desktop,Firefox,organic,,,,,0.0,home office chair,0,0,0,
3de6d117-3b2f-4de3-8ad1-019edc8d43cb,EVT-003707,USER-00147,add_to_cart,2025-11-22T06:17:34,SES-5f3ba486,mobile,Chrome,email,PROD-01416,REI Flash 55 Pack,Outdoor Gear,Sports,517.67,,0,1,0,
ce046e43-b9c2-464a-b3c8-9d63925c239d,EVT-003708,USER-00048,wishlist,2025-12-12T13:23:39,SES-adfb2c8c,tablet,Safari,organic,PROD-01844,Samsung Galaxy Watch 6,Smartwatches,Electronics,790.52,,0,0,0,
72bba877-2a22-450b-8754-75e02535cdfc,EVT-003709,USER-00154,search,2025-11-28T02:15:27,SES-cf30094d,tablet,Chrome,organic,,,,,0.0,red wine gift,0,0,0,
140e626c-1da1-45f6-9586-987276a067af,EVT-003710,USER-00144,view,2025-11-28T10:41:02,SES-e62e8e10,tablet,Edge,direct,PROD-01196,Oral-B iO Series 9,Personal Care,Healthcare,285.71,,125,0,0,
2a1955ca-cbc1-4183-9e68-f4f45bf2ef3d,EVT-003711,USER-00001,view,2026-01-14T18:28:41,SES-0478911a,desktop,Safari,direct,PROD-00512,Dom Pérignon Rosé 2009,Champagne,Wine,415.51,,398,0,0,
879395c6-452d-4862-bb44-dd70a6b0128e,EVT-003712,USER-00023,search,2026-01-20T15:51:28,SES-48336f5f,desktop,Chrome,social,,,,,0.0,gaming laptop,0,0,0,
ae5d0d88-84ac-4aff-bf0b-097bdb141f91,EVT-003713,USER-00155,search,2025-12-08T20:38:03,SES-a05f0355,mobile,Firefox,social,,,,,0.0,wireless headphones,0,0,0,
cc31962c-b286-4232-86b5-c6aa4836f8bf,EVT-003714,USER-00218,click,2025-12-24T16:45:23,SES-e225c3b8,desktop,Safari,email,PROD-00003,Penfolds Grange,Red Wine,Wine,390.13,,276,0,0,
29b184c8-5a9d-4197-8ee3-efbc5871af53,EVT-003715,USER-00107,search,2025-11-08T04:00:35,SES-f4c7bd20,desktop,Firefox,organic,,,,,0.0,home office chair,0,0,0,
32566bd3-d31b-4498-aa3c-c2c600ff49a6,EVT-003716,USER-00147,add_to_cart,2026-01-15T06:59:58,SES-9d74165a,mobile,Chrome,email,PROD-01416,REI Flash 55 Pack,Outdoor Gear,Sports,517.67,,0,1,0,
d3169349-773f-4659-81fc-572042c914ac,EVT-003717,USER-00048,wishlist,2025-12-12T17:49:13,SES-c74eef18,tablet,Safari,organic,PROD-01844,Samsung Galaxy Watch 6,Smartwatches,Electronics,790.52,,0,0,0,
b3eb5048-dd58-443f-aae8-f75ff88cc21e,EVT-003718,USER-00154,search,2025-12-08T13:11:36,SES-0cd3d2e3,tablet,Chrome,organic,,,,,0.0,red wine gift,0,0,0,
15076938-2a18-4c23-b68f-e3158b9392b5,EVT-003719,USER-00144,view,2025-11-08T18:36:42,SES-3ad410bc,tablet,Edge,direct,PROD-01196,Oral-B iO Series 9,Personal Care,Healthcare,285.71,,125,0,0,
6400bb2b-435a-4754-b911-0fd90ec42552,EVT-003720,USER-00001,view,2025-12-08T17:43:40,SES-4c3a3e73,desktop,Safari,direct,PROD-00512,Dom Pérignon Rosé 2009,Champagne,Wine,415.51,,398,0,0,
dcba2265-ef52-4ce8-8d14-9931fe7ecbe0,EVT-003721,USER-00023,search,2026-01-17T20:24:09,SES-4afdc406,desktop,Chrome,social,,,,,0.0,gaming laptop,0,0,0,
8a45d563-21e2-49c8-83a5-7b4da842de64,EVT-003722,USER-00155,search,2025-11-28T15:05:47,SES-cd7ee105,mobile,Firefox,social,,,,,0.0,wireless headphones,0,0,0,
369a0984-7e43-4782-a948-34adb0e146d3,EVT-003723,USER-00218,click,2025-10-24T03:05:38,SES-d526deb7,desktop,Safari,email,PROD-00003,Penfolds Grange,Red Wine,Wine,390.13,,276,0,0,
e06ee90f-00e4-40bc-8196-1bb71bff7dde,EVT-003724,USER-00107,search,2025-12-26T16:13:05,SES-e0f91881,desktop,Firefox,organic,,,,,0.0,home office chair,0,0,0,
4b2d963c-48eb-4f83-b303-e509b9bd6d6e,EVT-003725,USER-00147,add_to_cart,2025-10-29T00:48:51,SES-d31c0a11,mobile,Chrome,email,PROD-01416,REI Flash 55 Pack,Outdoor Gear,Sports,517.67,,0,1,0,
037d987e-6419-4305-ae67-0b1d4a83fa69,EVT-003726,USER-00048,wishlist,2025-11-24T23:42:09,SES-94e8815d,tablet,Safari,organic,PROD-01844,Samsung Galaxy Watch 6,Smartwatches,Electronics,790.52,,0,0,0,
e0fe1e6e-d966-4d54-94d3-cdac18be45d3,EVT-003727,USER-00154,search,2025-11-13T13:48:37,SES-6f58e97f,tablet,Chrome,organic,,,,,0.0,red wine gift,0,0,0,
18b502ee-32be-4d22-aca6-665c4899098e,EVT-003728,USER-00144,view,2025-11-21T18:40:12,SES-e7547a88,tablet,Edge,direct,PROD-01196,Oral-B iO Series 9,Personal Care,Healthcare,285.71,,125,0,0,
2afe070d-8483-48bf-9e81-4d07e853a81d,EVT-003729,USER-00001,view,2025-11-11T18:56:41,SES-2a0f949b,desktop,Safari,direct,PROD-00512,Dom Pérignon Rosé 2009,Champagne,Wine,415.51,,398,0,0,
f002c839-919a-472c-bacd-5cdf2d6ab5ab,EVT-003730,USER-00023,search,2025-11-13T12:36:35,SES-6c75d957,desktop,Chrome,social,,,,,0.0,gaming laptop,0,0,0,
89f68b49-1a0d-4e9e-8fda-98f1293f3cb2,EVT-003731,USER-00155,search,2025-11-06T07:39:40,SES-f426d7d7,mobile,Firefox,social,,,,,0.0,wireless headphones,0,0,0,
d7d878bd-6e54-4968-8ee7-0981ed038a89,EVT-003732,USER-00218,click,2025-11-18T18:27:07,SES-4b78ae0b,desktop,Safari,email,PROD-00003,Penfolds Grange,Red Wine,Wine,390.13,,276,0,0,
6ca0efb1-a995-46ec-a74f-b28afeef4a14,EVT-003733,USER-00107,search,2025-12-20T20:09:59,SES-88226af0,desktop,Firefox,organic,,,,,0.0,home office chair,0,0,0,
6c02ac58-81eb-4eb9-ab10-01e953e4b82c,EVT-003734,USER-00147,add_to_cart,2026-01-06T06:50:04,SES-e9b1d794,mobile,Chrome,email,PROD-01416,REI Flash 55 Pack,Outdoor Gear,Sports,517.67,,0,1,0,
f2c08741-390c-455f-a0f7-3ce8b989aa6b,EVT-003735,USER-00048,wishlist,2026-01-01T12:04:04,SES-13a9f5de,tablet,Safari,organic,PROD-01844,Samsung Galaxy Watch 6,Smartwatches,Electronics,790.52,,0,0,0,
1ef9e47d-d313-4c19-888d-4a7b36ada7de,EVT-003736,USER-00154,search,2026-01-07T09:04:19,SES-c47e64f7,tablet,Chrome,organic,,,,,0.0,red wine gift,0,0,0,
ca18f226-67c2-4536-b7e0-292a2f7efb48,EVT-003737,USER-00144,view,2025-11-03T08:35:52,SES-fbe1a35b,tablet,Edge,direct,PROD-01196,Oral-B iO Series 9,Personal Care,Healthcare,285.71,,125,0,0,
9ab90799-409f-4bed-9f7a-196ee0a8c9e0,EVT-003738,USER-00001,view,2025-12-24T20:31:54,SES-780a479a,desktop,Safari,direct,PROD-00512,Dom Pérignon Rosé 2009,Champagne,Wine,415.51,,398,0,0,
fa90946c-1958-43de-a64f-9de0b78c13b9,EVT-003739,USER-00023,search,2025-11-10T20:50:17,SES-9e9fb2c5,desktop,Chrome,social,,,,,0.0,gaming laptop,0,0,0,
946deca6-cfbd-4765-8404-ad3d9b420963,EVT-003740,USER-00155,search,2025-11-26T08:38:18,SES-48c8bb66,mobile,Firefox,social,,,,,0.0,wireless headphones,0,0,0,
07024bdd-830e-4374-bd49-32911fd9633d,EVT-003741,USER-00218,click,2025-12-10T04:11:42,SES-b72dc79a,desktop,Safari,email,PROD-00003,Penfolds Grange,Red Wine,Wine,390.13,,276,0,0,
2980850a-afde-45f7-b938-e73114e9595c,EVT-003742,USER-00107,search,2025-12-06T08:13:36,SES-779905ec,desktop,Firefox,organic,,,,,0.0,home office chair,0,0,0,
8b878e2f-71bf-4f88-9b21-5f007e67a113,EVT-003743,USER-00147,add_to_cart,2025-12-17T00:44:47,SES-2ce84d39,mobile,Chrome,email,PROD-01416,REI Flash 55 Pack,Outdoor Gear,Sports,517.67,,0,1,0,
060a00c2-16d3-44da-9d46-59003c4762d3,EVT-003744,USER-00048,wishlist,2026-01-19T08:40:50,SES-b767f2a7,tablet,Safari,organic,PROD-01844,Samsung Galaxy Watch 6,Smartwatches,Electronics,790.52,,0,0,0,
e3866d64-4720-455b-b196-ff4db19e362b,EVT-003745,USER-00154,search,2025-12-23T18:03:38,SES-4f64a350,tablet,Chrome,organic,,,,,0.0,red wine gift,0,0,0,
a753d417-d328-40ba-a818-d313afe29d71,EVT-003746,USER-00144,view,2026-01-18T17:45:59,SES-47d919b6,tablet,Edge,direct,PROD-01196,Oral-B iO Series 9,Personal Care,Healthcare,285.71,,125,0,0,
0acc8822-9701-4587-b222-94210e75db50,EVT-003747,USER-00001,view,2025-10-23T22:21:34,SES-3c7335fa,desktop,Safari,direct,PROD-00512,Dom Pérignon Rosé 2009,Champagne,Wine,415.51,,398,0,0,
5bcd7676-f58c-4117-8ec3-a484d92f7261,EVT-003748,USER-00023,search,2026-01-12T07:13:05,SES-cfd35990,desktop,Chrome,social,,,,,0.0,gaming laptop,0,0,0,
91b911b2-cfdc-4cf5-8ac2-68f7a5f83c8e,EVT-003749,USER-00155,search,2026-01-03T04:50:00,SES-d531c0cc,mobile,Firefox,social,,,,,0.0,wireless headphones,0,0,0,
810041f4-66c9-4c9f-9a87-0a5528bea071,EVT-003750,USER-00218,click,2026-01-12T20:39:38,SES-9ea11c09,desktop,Safari,email,PROD-00003,Penfolds Grange,Red Wine,Wine,390.13,,276,0,0,
2a035a04-536d-4be6-9ccf-b1b7706eb63b,EVT-003751,USER-00107,search,2026-01-10T06:05:48,SES-35073d8f,desktop,Firefox,organic,,,,,0.0,home office chair,0,0,0,
a60b8a0f-7518-45c3-afb2-51b6209a4f85,EVT-003752,USER-00147,add_to_cart,2026-01-06T18:39:20,SES-61eba681,mobile,Chrome,email,PROD-01416,REI Flash 55 Pack,Outdoor Gear,Sports,517.67,,0,1,0,
acadd37a-1e95-4e48-bfcb-6291d42cd0c6,EVT-003753,USER-00048,wishlist,2026-01-07T05:22:11,SES-e281a168,tablet,Safari,organic,PROD-01844,Samsung Galaxy Watch 6,Smartwatches,Electronics,790.52,,0,0,0,
2740d9aa-acdf-4d09-b246-075e3615e9c4,EVT-003754,USER-00154,search,2025-12-12T15:12:50,SES-6459f64b,tablet,Chrome,organic,,,,,0.0,red wine gift,0,0,0,
edc22614-bb29-405a-86c2-a64789d6abfa,EVT-003755,USER-00144,view,2026-01-17T22:44:06,SES-6112e4e5,tablet,Edge,direct,PROD-01196,Oral-B iO Series 9,Personal Care,Healthcare,285.71,,125,0,0,
7b554bf9-a22c-4fd4-b8a8-3e225369ae56,EVT-003756,USER-00001,view,2025-11-13T22:04:24,SES-be508ab8,desktop,Safari,direct,PROD-00512,Dom Pérignon Rosé 2009,Champagne,Wine,415.51,,398,0,0,
5fef5d2a-c45c-44bc-9aea-5ff5ad00db86,EVT-003757,USER-00023,search,2026-01-02T17:27:55,SES-d5f50103,desktop,Chrome,social,,,,,0.0,gaming laptop,0,0,0,
98e7f6ac-310d-4c0d-b951-8c9c5cc5ce0b,EVT-003758,USER-00155,search,2025-11-11T09:51:31,SES-34f768db,mobile,Firefox,social,,,,,0.0,wireless headphones,0,0,0,
ca5c704e-35d3-4752-ac8c-ff6744b347d3,EVT-003759,USER-00218,click,2025-11-27T01:05:12,SES-d4f401e7,desktop,Safari,email,PROD-00003,Penfolds Grange,Red Wine,Wine,390.13,,276,0,0,
34dd0e58-b216-4f6f-8414-2fc8a51ef3f0,EVT-003760,USER-00107,search,2025-12-26T05:43:50,SES-621a4c7b,desktop,Firefox,organic,,,,,0.0,home office chair,0,0,0,
e1dddf40-b1d3-4bf4-a336-2b8624198af7,EVT-003761,USER-00147,add_to_cart,2025-10-25T22:27:13,SES-9111663f,mobile,Chrome,email,PROD-01416,REI Flash 55 Pack,Outdoor Gear,Sports,517.67,,0,1,0,
9efe0672-4350-475e-bcf7-8449a9297f47,EVT-003762,USER-00048,wishlist,2025-11-30T10:28:53,SES-79eee860,tablet,Safari,organic,PROD-01844,Samsung Galaxy Watch 6,Smartwatches,Electronics,790.52,,0,0,0,
6134591d-d6f4-4bba-9735-4a42b39d8e6d,EVT-003763,USER-00154,search,2025-12-22T13:33:08,SES-4d1ccc13,tablet,Chrome,organic,,,,,0.0,red wine gift,0,0,0,
b1e6b294-41e3-4c5f-9dd9-1d92cbce2ec2,EVT-003764,USER-00144,view,2025-11-01T08:14:37,SES-3f4249ca,tablet,Edge,direct,PROD-01196,Oral-B iO Series 9,Personal Care,Healthcare,285.71,,125,0,0,
54cf9902-060e-4500-a34d-4cecc51eb196,EVT-003765,USER-00001,view,2025-11-23T17:45:19,SES-e27c9ff7,desktop,Safari,direct,PROD-00512,Dom Pérignon Rosé 2009,Champagne,Wine,415.51,,398,0,0,
69b41539-a310-4771-b2d2-87afc1739fa1,EVT-003766,USER-00023,search,2025-12-11T00:17:45,SES-b4ab9a81,desktop,Chrome,social,,,,,0.0,gaming laptop,0,0,0,
c7d1524f-3fcd-43ce-82cf-9d4ce7bf173b,EVT-003767,USER-00155,search,2025-10-29T06:30:42,SES-686c9df0,mobile,Firefox,social,,,,,0.0,wireless headphones,0,0,0,
083f44ee-71da-422f-81e1-87cc757d08f1,EVT-003768,USER-00218,click,2025-11-18T02:30:32,SES-f489f11e,desktop,Safari,email,PROD-00003,Penfolds Grange,Red Wine,Wine,390.13,,276,0,0,
adbf616c-75fb-4a9f-ab91-831513e79920,EVT-003769,USER-00107,search,2025-12-15T11:10:33,SES-11866ec3,desktop,Firefox,organic,,,,,0.0,home office chair,0,0,0,
cc72aa4f-2ab9-4770-8f30-eefd54a187f3,EVT-003770,USER-00147,add_to_cart,2025-12-13T15:59:47,SES-0b984d55,mobile,Chrome,email,PROD-01416,REI Flash 55 Pack,Outdoor Gear,Sports,517.67,,0,1,0,
eb277f19-2f6c-430d-a7ee-2e256baf596d,EVT-003771,USER-00048,wishlist,2026-01-12T22:39:49,SES-6c8b076d,tablet,Safari,organic,PROD-01844,Samsung Galaxy Watch 6,Smartwatches,Electronics,790.52,,0,0,0,
29da0f3e-ee0e-47b4-a6cb-986d24ee7694,EVT-003772,USER-00154,search,2026-01-02T17:11:08,SES-602bc1b5,tablet,Chrome,organic,,,,,0.0,red wine gift,0,0,0,
fd6a50be-4394-46d9-a954-07d073fdfeb5,EVT-003773,USER-00144,view,2025-12-13T22:55:45,SES-f4c3d38d,tablet,Edge,direct,PROD-01196,Oral-B iO Series 9,Personal Care,Healthcare,285.71,,125,0,0,
b9d33725-1d26-4145-b3b1-dca0072d9b8a,EVT-003774,USER-00001,view,2026-01-15T11:16:17,SES-2fc1d1af,desktop,Safari,direct,PROD-00512,Dom Pérignon Rosé 2009,Champagne,Wine,415.51,,398,0,0,
d04038fd-1864-409a-b8b0-ec233b261512,EVT-003775,USER-00023,search,2025-10-30T11:03:19,SES-0a1aae7f,desktop,Chrome,social,,,,,0.0,gaming laptop,0,0,0,
03549541-8247-45a0-b0b9-ebf662d43aa2,EVT-003776,USER-00155,search,2026-01-08T05:12:46,SES-21819f5b,mobile,Firefox,social,,,,,0.0,wireless headphones,0,0,0,
5b84dbe1-a3e4-42c3-8297-58eacc867e02,EVT-003777,USER-00218,click,2025-10-28T04:21:37,SES-90505b48,desktop,Safari,email,PROD-00003,Penfolds Grange,Red Wine,Wine,390.13,,276,0,0,
6ed9349d-5ede-4b60-9129-43390a8a976e,EVT-003778,USER-00107,search,2025-12-05T02:39:34,SES-2a141366,desktop,Firefox,organic,,,,,0.0,home office chair,0,0,0,
20f446d2-c20b-4c30-a276-ba908cde1a0d,EVT-003779,USER-00147,add_to_cart,2025-12-16T18:26:29,SES-5bd13a7c,mobile,Chrome,email,PROD-01416,REI Flash 55 Pack,Outdoor Gear,Sports,517.67,,0,1,0,
8d3d4b25-21a7-4855-b8a7-39ae2121c1c9,EVT-003780,USER-00048,wishlist,2025-12-12T12:29:19,SES-53f5b46a,tablet,Safari,organic,PROD-01844,Samsung Galaxy Watch 6,Smartwatches,Electronics,790.52,,0,0,0,
244dc69e-37f9-4696-92ac-42892be4bff2,EVT-003781,USER-00154,search,2025-11-15T19:44:46,SES-2b8daaef,tablet,Chrome,organic,,,,,0.0,red wine gift,0,0,0,
866c3003-3ce3-4d7b-abb5-2bd8f8ac1546,EVT-003782,USER-00144,view,2025-11-15T12:06:14,SES-0a84564e,tablet,Edge,direct,PROD-01196,Oral-B iO Series 9,Personal Care,Healthcare,285.71,,125,0,0,
5f3926bc-eb71-4ea3-a128-c01b63610f9d,EVT-003783,USER-00001,view,2025-11-16T14:37:15,SES-984549bb,desktop,Safari,direct,PROD-00512,Dom Pérignon Rosé 2009,Champagne,Wine,415.51,,398,0,0,
9b37cd73-214a-4361-8859-6bd015bfea6b,EVT-003784,USER-00023,search,2026-01-08T03:42:11,SES-08ca43d9,desktop,Chrome,social,,,,,0.0,gaming laptop,0,0,0,
38f10e29-d0df-42d6-83dd-2d211e685ce7,EVT-003785,USER-00155,search,2026-01-02T12:56:23,SES-4eca3509,mobile,Firefox,social,,,,,0.0,wireless headphones,0,0,0,
cc09bed4-f2c4-4a4e-a50f-c33657f94948,EVT-003786,USER-00218,click,2025-11-09T11:36:56,SES-97b5f144,desktop,Safari,email,PROD-00003,Penfolds Grange,Red Wine,Wine,390.13,,276,0,0,
16b01692-f819-47fd-9435-50dd9c8cdfdd,EVT-003787,USER-00107,search,2025-12-28T17:02:41,SES-24a7d7db,desktop,Firefox,organic,,,,,0.0,home office chair,0,0,0,
fd5f105c-8188-40e2-875b-8b68c4750787,EVT-003788,USER-00147,add_to_cart,2025-12-24T22:25:13,SES-3fed1a74,mobile,Chrome,email,PROD-01416,REI Flash 55 Pack,Outdoor Gear,Sports,517.67,,0,1,0,
6d43ad2d-9e2f-47ae-95c2-8fff2346a44a,EVT-003789,USER-00048,wishlist,2026-01-14T00:06:08,SES-32fb52f7,tablet,Safari,organic,PROD-01844,Samsung Galaxy Watch 6,Smartwatches,Electronics,790.52,,0,0,0,
9eb6f5d0-f23b-44ca-b24d-aef6b076f468,EVT-003790,USER-00154,search,2025-11-15T13:01:26,SES-21e68b5c,tablet,Chrome,organic,,,,,0.0,red wine gift,0,0,0,
e0b58d8b-bffc-4f7c-993b-856e24d9df42,EVT-003791,USER-00144,view,2025-11-13T22:00:01,SES-e6438337,tablet,Edge,direct,PROD-01196,Oral-B iO Series 9,Personal Care,Healthcare,285.71,,125,0,0,
e38d92be-df87-44df-96ec-6efd5b7e5204,EVT-003792,USER-00001,view,2025-12-28T16:54:05,SES-dd836244,desktop,Safari,direct,PROD-00512,Dom Pérignon Rosé 2009,Champagne,Wine,415.51,,398,0,0,
3a3cfa38-bf05-40e7-84e3-866c3b1f2fcf,EVT-003793,USER-00023,search,2025-12-31T09:32:49,SES-7da9a1f6,desktop,Chrome,social,,,,,0.0,gaming laptop,0,0,0,
5b156669-81fc-4c71-9455-1d5e17e9923b,EVT-003794,USER-00155,search,2025-12-06T00:38:26,SES-191d188c,mobile,Firefox,social,,,,,0.0,wireless headphones,0,0,0,
f8530c42-6b08-42bd-9596-c0aab9231a97,EVT-003795,USER-00218,click,2025-11-08T23:22:23,SES-8a876e9f,desktop,Safari,email,PROD-00003,Penfolds Grange,Red Wine,Wine,390.13,,276,0,0,
9794d4e8-8206-48c0-ab55-933d7c99417c,EVT-003796,USER-00107,search,2025-10-26T15:40:44,SES-2b25cc49,desktop,Firefox,organic,,,,,0.0,home office chair,0,0,0,
b0dff80d-dc06-42e3-9989-bb79f1a709e8,EVT-003797,USER-00147,add_to_cart,2025-12-20T21:19:24,SES-518bc661,mobile,Chrome,email,PROD-01416,REI Flash 55 Pack,Outdoor Gear,Sports,517.67,,0,1,0,
9bc9e015-9b76-4459-b7b1-0aa613479c29,EVT-003798,USER-00048,wishlist,2025-11-17T13:12:11,SES-a75e8b37,tablet,Safari,organic,PROD-01844,Samsung Galaxy Watch 6,Smartwatches,Electronics,790.52,,0,0,0,
7eb9fac4-c39a-4734-a810-868e5a12c2dd,EVT-003799,USER-00154,search,2025-12-15T08:07:34,SES-e9574edd,tablet,Chrome,organic,,,,,0.0,red wine gift,0,0,0,
b09818db-017d-411d-a898-1217b61f437a,EVT-003800,USER-00144,view,2025-11-18T16:29:49,SES-0dad7ade,tablet,Edge,direct,PROD-01196,Oral-B iO Series 9,Personal Care,Healthcare,285.71,,125,0,0,
4a359889-9a9c-486b-8ef3-beb6ee8e6c08,EVT-003801,USER-00001,view,2025-10-31T14:48:43,SES-924e2954,desktop,Safari,direct,PROD-00512,Dom Pérignon Rosé 2009,Champagne,Wine,415.51,,398,0,0,
a4b8a3fe-065e-437a-8536-22e15156acac,EVT-003802,USER-00023,search,2026-01-02T21:30:09,SES-0e10a7b9,desktop,Chrome,social,,,,,0.0,gaming laptop,0,0,0,
fb614169-cafd-4434-8df8-aab7a7c0b1b5,EVT-003803,USER-00155,search,2025-11-10T04:41:41,SES-21363392,mobile,Firefox,social,,,,,0.0,wireless headphones,0,0,0,
be456a32-50f9-43ef-8ff3-724fabc84b08,EVT-003804,USER-00218,click,2026-01-01T22:43:45,SES-127cd39c,desktop,Safari,email,PROD-00003,Penfolds Grange,Red Wine,Wine,390.13,,276,0,0,
4c3de203-dfd6-4c40-bc1e-e3d6ebb7dd9a,EVT-003805,USER-00107,search,2026-01-11T09:34:59,SES-6facc995,desktop,Firefox,organic,,,,,0.0,home office chair,0,0,0,
b9e70ca9-3f4d-4ba0-b0fb-2f389db5d46e,EVT-003806,USER-00147,add_to_cart,2026-01-19T19:46:56,SES-392e3775,mobile,Chrome,email,PROD-01416,REI Flash 55 Pack,Outdoor Gear,Sports,517.67,,0,1,0,
fbbe154e-2484-4d4b-bd27-3590082de816,EVT-003807,USER-00048,wishlist,2025-10-28T22:17:20,SES-97a12e4e,tablet,Safari,organic,PROD-01844,Samsung Galaxy Watch 6,Smartwatches,Electronics,790.52,,0,0,0,
2a484f71-f1ef-4823-b677-0ef45ae4c218,EVT-003808,USER-00154,search,2026-01-18T17:23:28,SES-9953dc9f,tablet,Chrome,organic,,,,,0.0,red wine gift,0,0,0,
1f04f04e-9085-432b-b406-70a290a7737d,EVT-003809,USER-00144,view,2026-01-18T10:23:00,SES-34360d5c,tablet,Edge,direct,PROD-01196,Oral-B iO Series 9,Personal Care,Healthcare,285.71,,125,0,0,
1825dca0-cab7-4526-abfc-ec1f446b5f4f,EVT-003810,USER-00001,view,2025-11-04T14:47:28,SES-b6482c96,desktop,Safari,direct,PROD-00512,Dom Pérignon Rosé 2009,Champagne,Wine,415.51,,398,0,0,
27370132-2b1d-486a-b89f-80b163fbd867,EVT-003811,USER-00023,search,2025-12-12T11:34:38,SES-36653b9d,desktop,Chrome,social,,,,,0.0,gaming laptop,0,0,0,
b3cbbe35-9cf9-4477-aff7-dc09d7f0a525,EVT-003812,USER-00155,search,2025-11-21T03:24:49,SES-1c73260b,mobile,Firefox,social,,,,,0.0,wireless headphones,0,0,0,
103f5995-6177-47c1-ba2d-881f50a8dd4f,EVT-003813,USER-00218,click,2025-10-28T15:45:20,SES-9e6a8b68,desktop,Safari,email,PROD-00003,Penfolds Grange,Red Wine,Wine,390.13,,276,0,0,
1a381965-51c3-4dc8-8183-c5aed3690c68,EVT-003814,USER-00107,search,2025-11-11T21:58:49,SES-97ae4e86,desktop,Firefox,organic,,,,,0.0,home office chair,0,0,0,
0ee00e06-71c5-4eac-ae43-ea98cb14911a,EVT-003815,USER-00147,add_to_cart,2025-11-13T20:14:38,SES-339ebd21,mobile,Chrome,email,PROD-01416,REI Flash 55 Pack,Outdoor Gear,Sports,517.67,,0,1,0,
0d8b4851-5e2e-40cd-b62e-f0c68116b887,EVT-003816,USER-00048,wishlist,2025-11-15T10:21:09,SES-4eb08359,tablet,Safari,organic,PROD-01844,Samsung Galaxy Watch 6,Smartwatches,Electronics,790.52,,0,0,0,
1d5826ad-d87d-4ca0-a200-144e1838b0e0,EVT-003817,USER-00154,search,2025-12-18T14:39:25,SES-fdba65bc,tablet,Chrome,organic,,,,,0.0,red wine gift,0,0,0,
2c521de8-90f2-4aad-8fb5-4a3f888ad659,EVT-003818,USER-00144,view,2026-01-04T16:46:26,SES-a89bb23c,tablet,Edge,direct,PROD-01196,Oral-B iO Series 9,Personal Care,Healthcare,285.71,,125,0,0,
a7ab083d-cdbd-4424-9eef-874fe1218d96,EVT-003819,USER-00001,view,2025-12-18T04:23:16,SES-395dab5f,desktop,Safari,direct,PROD-00512,Dom Pérignon Rosé 2009,Champagne,Wine,415.51,,398,0,0,
81519cd3-3b1b-4fe4-969a-a9123ae5629b,EVT-003820,USER-00023,search,2025-12-08T02:04:41,SES-1e635f50,desktop,Chrome,social,,,,,0.0,gaming laptop,0,0,0,
48849dc9-c641-4bfe-8248-284e7600a900,EVT-003821,USER-00155,search,2025-12-06T19:45:36,SES-addb2c76,mobile,Firefox,social,,,,,0.0,wireless headphones,0,0,0,
34dd9e30-c8e5-4f63-b5e6-a1bcca8e5777,EVT-003822,USER-00218,click,2025-11-01T06:54:57,SES-e02b90d9,desktop,Safari,email,PROD-00003,Penfolds Grange,Red Wine,Wine,390.13,,276,0,0,
ed8111cb-e466-4238-83fb-8419a11b701c,EVT-003823,USER-00107,search,2025-12-13T21:04:32,SES-1444ce1a,desktop,Firefox,organic,,,,,0.0,home office chair,0,0,0,
a00bc404-27ab-47f6-8c0c-16eb53083832,EVT-003824,USER-00147,add_to_cart,2026-01-16T08:18:05,SES-db6cdd32,mobile,Chrome,email,PROD-01416,REI Flash 55 Pack,Outdoor Gear,Sports,517.67,,0,1,0,
4bd30630-bd7d-49cb-8c80-1f1318593484,EVT-003825,USER-00048,wishlist,2026-01-06T14:45:10,SES-9e895960,tablet,Safari,organic,PROD-01844,Samsung Galaxy Watch 6,Smartwatches,Electronics,790.52,,0,0,0,
a94290b5-fe0f-413a-a459-b7b47d72042a,EVT-003826,USER-00154,search,2025-10-27T16:57:40,SES-9cbef2b9,tablet,Chrome,organic,,,,,0.0,red wine gift,0,0,0,
1ae7958c-e4d9-4560-a07b-77146397ab85,EVT-003827,USER-00144,view,2025-11-22T16:55:24,SES-37cb17c4,tablet,Edge,direct,PROD-01196,Oral-B iO Series 9,Personal Care,Healthcare,285.71,,125,0,0,
104ddcc0-be3c-4c65-90e0-c63172ebc9ea,EVT-003828,USER-00001,view,2026-01-07T10:48:02,SES-6c1c68c4,desktop,Safari,direct,PROD-00512,Dom Pérignon Rosé 2009,Champagne,Wine,415.51,,398,0,0,
68180886-26e6-4f01-bfc0-1230c00d2dfd,EVT-003829,USER-00023,search,2025-12-23T07:02:13,SES-1384f52c,desktop,Chrome,social,,,,,0.0,gaming laptop,0,0,0,
dfc93605-0e40-47c4-aa10-deb5e26fb92e,EVT-003830,USER-00155,search,2025-10-29T20:09:32,SES-4ae53c80,mobile,Firefox,social,,,,,0.0,wireless headphones,0,0,0,
45ab0922-3bac-4f58-9581-6d45058e5670,EVT-003831,USER-00218,click,2025-11-10T19:38:06,SES-53714bf3,desktop,Safari,email,PROD-00003,Penfolds Grange,Red Wine,Wine,390.13,,276,0,0,
d86bd384-983d-49d7-a886-e2f371a8d1df,EVT-003832,USER-00107,search,2025-12-08T04:26:50,SES-f0d69e17,desktop,Firefox,organic,,,,,0.0,home office chair,0,0,0,
1889861a-a2ae-457e-9499-61c0aede4b8d,EVT-003833,USER-00147,add_to_cart,2025-11-03T01:10:34,SES-92daf7c7,mobile,Chrome,email,PROD-01416,REI Flash 55 Pack,Outdoor Gear,Sports,517.67,,0,1,0,
e05ead42-eec1-4f12-913f-de3c71913dd9,EVT-003834,USER-00048,wishlist,2025-12-04T15:37:36,SES-e7a22e2d,tablet,Safari,organic,PROD-01844,Samsung Galaxy Watch 6,Smartwatches,Electronics,790.52,,0,0,0,
46c75285-7c6e-4ac2-8035-daa7df2a36aa,EVT-003835,USER-00154,search,2025-10-30T20:14:01,SES-3686779e,tablet,Chrome,organic,,,,,0.0,red wine gift,0,0,0,
3d1c05d0-07d4-4880-ba71-dd40148abb2e,EVT-003836,USER-00144,view,2025-12-07T23:10:24,SES-18100345,tablet,Edge,direct,PROD-01196,Oral-B iO Series 9,Personal Care,Healthcare,285.71,,125,0,0,
c40eea69-662b-411b-908b-1031d257349d,EVT-003837,USER-00001,view,2025-11-10T21:53:46,SES-5a7948b9,desktop,Safari,direct,PROD-00512,Dom Pérignon Rosé 2009,Champagne,Wine,415.51,,398,0,0,
9651eb14-07ed-475d-bc86-eb130915c9ba,EVT-003838,USER-00023,search,2025-11-01T10:39:26,SES-4663e744,desktop,Chrome,social,,,,,0.0,gaming laptop,0,0,0,
b2f6b342-b374-4e3d-bc84-cdc4340a46fd,EVT-003839,USER-00155,search,2025-12-14T09:44:26,SES-95842ded,mobile,Firefox,social,,,,,0.0,wireless headphones,0,0,0,
f0c50ab9-2677-41c3-a909-e040a2c80ec0,EVT-003840,USER-00218,click,2025-12-18T23:16:30,SES-308d9852,desktop,Safari,email,PROD-00003,Penfolds Grange,Red Wine,Wine,390.13,,276,0,0,
a95f2e2c-9f48-4714-89e0-15ced496b841,EVT-003841,USER-00107,search,2025-11-12T14:54:06,SES-c5bf9bbd,desktop,Firefox,organic,,,,,0.0,home office chair,0,0,0,
259d9a90-3aae-4b1e-8abd-2e8624b9e619,EVT-003842,USER-00147,add_to_cart,2025-12-19T20:03:18,SES-c8318937,mobile,Chrome,email,PROD-01416,REI Flash 55 Pack,Outdoor Gear,Sports,517.67,,0,1,0,
07b05dc0-41ea-4a2b-ab72-f2c97363323a,EVT-003843,USER-00048,wishlist,2025-12-09T01:15:34,SES-dca1f529,tablet,Safari,organic,PROD-01844,Samsung Galaxy Watch 6,Smartwatches,Electronics,790.52,,0,0,0,
fbdf1d8e-8067-45b9-a839-ad2eb88bba72,EVT-003844,USER-00154,search,2025-11-20T20:53:21,SES-8a87db31,tablet,Chrome,organic,,,,,0.0,red wine gift,0,0,0,
1db404fa-3684-49d6-8e31-5bc0fb69ce1f,EVT-003845,USER-00144,view,2025-12-17T00:33:47,SES-3ff217e6,tablet,Edge,direct,PROD-01196,Oral-B iO Series 9,Personal Care,Healthcare,285.71,,125,0,0,
1da64f43-222b-46b2-bca3-c6eae0484d88,EVT-003846,USER-00001,view,2025-10-23T16:18:18,SES-ead1abcf,desktop,Safari,direct,PROD-00512,Dom Pérignon Rosé 2009,Champagne,Wine,415.51,,398,0,0,
cfa8425a-5050-43b6-9702-f1ce94689e0e,EVT-003847,USER-00023,search,2025-12-18T05:25:13,SES-3994fc8a,desktop,Chrome,social,,,,,0.0,gaming laptop,0,0,0,
e8e1abd8-ef17-43bd-8373-1004487bc200,EVT-003848,USER-00155,search,2025-12-03T11:19:58,SES-a768f9c7,mobile,Firefox,social,,,,,0.0,wireless headphones,0,0,0,
6d5d7b9c-c57a-43fa-b92d-057de36c11ab,EVT-003849,USER-00218,click,2026-01-14T08:31:45,SES-7b7062f6,desktop,Safari,email,PROD-00003,Penfolds Grange,Red Wine,Wine,390.13,,276,0,0,
e4091add-cd79-42ee-96dd-d9e6067b6570,EVT-003850,USER-00107,search,2026-01-18T14:42:23,SES-62773c96,desktop,Firefox,organic,,,,,0.0,home office chair,0,0,0,
74f1dea6-a03a-414b-bd25-3ba4f2f8baf9,EVT-003851,USER-00147,add_to_cart,2025-11-02T13:47:57,SES-1c21e8bc,mobile,Chrome,email,PROD-01416,REI Flash 55 Pack,Outdoor Gear,Sports,517.67,,0,1,0,
753ed6f0-0fc3-4df2-b799-047937590d25,EVT-003852,USER-00048,wishlist,2025-12-31T15:36:29,SES-a960db57,tablet,Safari,organic,PROD-01844,Samsung Galaxy Watch 6,Smartwatches,Electronics,790.52,,0,0,0,
73cb2c90-f4ba-4fc0-b002-a0e9a446ab02,EVT-003853,USER-00154,search,2026-01-16T19:39:54,SES-dad1ea0d,tablet,Chrome,organic,,,,,0.0,red wine gift,0,0,0,
80ee445c-ae99-4402-9d18-626a18880932,EVT-003854,USER-00144,view,2025-12-04T17:21:35,SES-2c7d96de,tablet,Edge,direct,PROD-01196,Oral-B iO Series 9,Personal Care,Healthcare,285.71,,125,0,0,
8d7a3f85-8e27-4529-b505-ebdbc4fe387c,EVT-003855,USER-00001,view,2026-01-06T05:23:36,SES-054faf13,desktop,Safari,direct,PROD-00512,Dom Pérignon Rosé 2009,Champagne,Wine,415.51,,398,0,0,
dcffa6b8-86c3-4f27-89df-991e4217986d,EVT-003856,USER-00023,search,2025-12-24T03:21:35,SES-d9d0f58f,desktop,Chrome,social,,,,,0.0,gaming laptop,0,0,0,
2e4a77af-33bb-42f3-ba94-8e97dbbb97e8,EVT-003857,USER-00155,search,2025-11-10T15:50:37,SES-b4d7dadb,mobile,Firefox,social,,,,,0.0,wireless headphones,0,0,0,
8d5ee4ef-d4c6-43ba-87d5-3340a6af51c3,EVT-003858,USER-00218,click,2025-12-18T22:15:13,SES-2a1ca62c,desktop,Safari,email,PROD-00003,Penfolds Grange,Red Wine,Wine,390.13,,276,0,0,
08844a65-8dbd-4767-bd73-ee48b026cb48,EVT-003859,USER-00107,search,2026-01-08T23:30:00,SES-c7cee785,desktop,Firefox,organic,,,,,0.0,home office chair,0,0,0,
a87d6cc2-18b3-4940-b299-4d2586ad4ae0,EVT-003860,USER-00147,add_to_cart,2025-12-23T09:25:47,SES-6ef8fda4,mobile,Chrome,email,PROD-01416,REI Flash 55 Pack,Outdoor Gear,Sports,517.67,,0,1,0,
e0bb8cb2-f875-4c21-8ba5-2b84587cbdda,EVT-003861,USER-00048,wishlist,2025-12-21T09:36:59,SES-c5f32103,tablet,Safari,organic,PROD-01844,Samsung Galaxy Watch 6,Smartwatches,Electronics,790.52,,0,0,0,
32c618f5-06cf-4059-b2aa-221c61062338,EVT-003862,USER-00154,search,2026-01-04T02:28:21,SES-1e6be55d,tablet,Chrome,organic,,,,,0.0,red wine gift,0,0,0,
77663c0a-a22e-484c-8523-e87cfc8ebb70,EVT-003863,USER-00144,view,2025-12-06T01:04:46,SES-85fa1eed,tablet,Edge,direct,PROD-01196,Oral-B iO Series 9,Personal Care,Healthcare,285.71,,125,0,0,
70b8b5f8-3a90-425f-9c8b-4e59425caff3,EVT-003864,USER-00001,view,2025-10-22T19:05:00,SES-5e3551bb,desktop,Safari,direct,PROD-00512,Dom Pérignon Rosé 2009,Champagne,Wine,415.51,,398,0,0,
c4914c82-ea98-41df-aa05-9f6dc91e49fb,EVT-003865,USER-00023,search,2025-11-16T04:32:40,SES-a4c9b774,desktop,Chrome,social,,,,,0.0,gaming laptop,0,0,0,
c8b4e719-c4f4-4fd1-9ca9-76dc972d6f73,EVT-003866,USER-00155,search,2026-01-04T00:10:57,SES-a73d5ea5,mobile,Firefox,social,,,,,0.0,wireless headphones,0,0,0,
13493f00-6667-41e7-88fe-5523b586cd26,EVT-003867,USER-00218,click,2025-12-01T06:42:07,SES-812c1a66,desktop,Safari,email,PROD-00003,Penfolds Grange,Red Wine,Wine,390.13,,276,0,0,
3c6cdb09-daf6-4544-9df8-24950499b53e,EVT-003868,USER-00107,search,2025-12-20T03:11:11,SES-ea609ca6,desktop,Firefox,organic,,,,,0.0,home office chair,0,0,0,
cb24b7e4-2219-4314-a147-f3728b569f98,EVT-003869,USER-00147,add_to_cart,2025-11-18T00:48:25,SES-688cb9e6,mobile,Chrome,email,PROD-01416,REI Flash 55 Pack,Outdoor Gear,Sports,517.67,,0,1,0,
3d0a6217-cd84-4988-8bf7-037da843f2ee,EVT-003870,USER-00048,wishlist,2025-12-09T13:46:58,SES-59dd093a,tablet,Safari,organic,PROD-01844,Samsung Galaxy Watch 6,Smartwatches,Electronics,790.52,,0,0,0,
4a0a72b7-a250-44ae-a9d3-e24f0b5091fd,EVT-003871,USER-00154,search,2025-12-23T00:33:54,SES-9d98573c,tablet,Chrome,organic,,,,,0.0,red wine gift,0,0,0,
959e2d74-a2cf-4dee-a7ef-142a275bf4da,EVT-003872,USER-00144,view,2025-11-08T21:16:43,SES-6a24c41c,tablet,Edge,direct,PROD-01196,Oral-B iO Series 9,Personal Care,Healthcare,285.71,,125,0,0,
3b9b1eaa-2c66-4485-8323-2417454ba4c9,EVT-003873,USER-00001,view,2025-11-23T15:42:54,SES-1afccf73,desktop,Safari,direct,PROD-00512,Dom Pérignon Rosé 2009,Champagne,Wine,415.51,,398,0,0,
a21ba844-7f24-4c85-8583-d7141f356352,EVT-003874,USER-00023,search,2025-12-11T00:00:28,SES-2c3e9293,desktop,Chrome,social,,,,,0.0,gaming laptop,0,0,0,
c2900682-7a96-4473-bf80-d320e5bba592,EVT-003875,USER-00155,search,2025-12-08T16:03:10,SES-a54b7f0d,mobile,Firefox,social,,,,,0.0,wireless headphones,0,0,0,
e9e9dd05-6698-4c2b-83c4-dede5c831f79,EVT-003876,USER-00218,click,2025-12-11T16:06:11,SES-b5cfa994,desktop,Safari,email,PROD-00003,Penfolds Grange,Red Wine,Wine,390.13,,276,0,0,
362067e8-3b8e-4e45-921f-96cdd2c81b6e,EVT-003877,USER-00107,search,2025-11-19T07:07:42,SES-172afdbf,desktop,Firefox,organic,,,,,0.0,home office chair,0,0,0,
f1533391-ad20-4611-9803-a29545ebd0fd,EVT-003878,USER-00147,add_to_cart,2025-12-24T09:32:24,SES-c0ae722f,mobile,Chrome,email,PROD-01416,REI Flash 55 Pack,Outdoor Gear,Sports,517.67,,0,1,0,
f94152b1-3261-4110-a75e-7f18dc98f8f6,EVT-003879,USER-00048,wishlist,2025-11-20T20:08:06,SES-876e8423,tablet,Safari,organic,PROD-01844,Samsung Galaxy Watch 6,Smartwatches,Electronics,790.52,,0,0,0,
0cae3dbf-b0d5-46d3-adc3-50c3d00592d9,EVT-003880,USER-00154,search,2025-11-17T09:33:36,SES-949f2844,tablet,Chrome,organic,,,,,0.0,red wine gift,0,0,0,
1c3bb341-5b42-4484-9319-8881e79aec04,EVT-003881,USER-00144,view,2026-01-14T22:47:39,SES-a60049be,tablet,Edge,direct,PROD-01196,Oral-B iO Series 9,Personal Care,Healthcare,285.71,,125,0,0,
888f1f4e-5b09-459b-938e-046db0098042,EVT-003882,USER-00001,view,2025-12-13T10:01:20,SES-36e74201,desktop,Safari,direct,PROD-00512,Dom Pérignon Rosé 2009,Champagne,Wine,415.51,,398,0,0,
9017d98a-92c9-4376-a369-67d5abe9d19f,EVT-003883,USER-00023,search,2025-11-15T22:11:34,SES-6fdfe09f,desktop,Chrome,social,,,,,0.0,gaming laptop,0,0,0,
617788c9-4e21-4257-876d-855b5aa89172,EVT-003884,USER-00155,search,2025-11-24T20:50:55,SES-382ce4f8,mobile,Firefox,social,,,,,0.0,wireless headphones,0,0,0,
bf272555-3448-4af7-9338-fb8b71dd63a0,EVT-003885,USER-00218,click,2025-11-18T11:23:53,SES-fddff44d,desktop,Safari,email,PROD-00003,Penfolds Grange,Red Wine,Wine,390.13,,276,0,0,
afd04065-dc70-4e10-b45d-0c87d22df154,EVT-003886,USER-00107,search,2025-12-27T13:25:02,SES-638fbf0e,desktop,Firefox,organic,,,,,0.0,home office chair,0,0,0,
6c0704f2-6c3e-457e-8238-dc781ee0490c,EVT-003887,USER-00147,add_to_cart,2025-12-16T05:46:13,SES-ed20847d,mobile,Chrome,email,PROD-01416,REI Flash 55 Pack,Outdoor Gear,Sports,517.67,,0,1,0,
7f7de525-c544-49c7-89a6-84f4c49049a5,EVT-003888,USER-00048,wishlist,2025-12-10T14:08:59,SES-8ebf9350,tablet,Safari,organic,PROD-01844,Samsung Galaxy Watch 6,Smartwatches,Electronics,790.52,,0,0,0,
3e647e1d-0282-470a-bd2a-552cdf929eaa,EVT-003889,USER-00154,search,2025-11-21T17:29:42,SES-a4b0b04d,tablet,Chrome,organic,,,,,0.0,red wine gift,0,0,0,
680bb34a-63d2-414d-a761-c30f1c19eb09,EVT-003890,USER-00144,view,2025-12-22T12:25:58,SES-04bb7391,tablet,Edge,direct,PROD-01196,Oral-B iO Series 9,Personal Care,Healthcare,285.71,,125,0,0,
950b19c6-184d-4b8a-b8f1-dfd1f93448da,EVT-003891,USER-00001,view,2025-12-04T11:18:21,SES-36824551,desktop,Safari,direct,PROD-00512,Dom Pérignon Rosé 2009,Champagne,Wine,415.51,,398,0,0,
6d77614d-3013-4d1c-8d90-e8bf60468694,EVT-003892,USER-00023,search,2025-11-02T13:40:25,SES-8aadbf07,desktop,Chrome,social,,,,,0.0,gaming laptop,0,0,0,
f52843b4-09b4-4296-9fa7-d4d10e0fa331,EVT-003893,USER-00155,search,2026-01-04T04:57:50,SES-f7557a19,mobile,Firefox,social,,,,,0.0,wireless headphones,0,0,0,
7c46c6e4-a49b-45d7-908d-9d03db8f083f,EVT-003894,USER-00218,click,2025-11-09T10:26:25,SES-d0c0ac01,desktop,Safari,email,PROD-00003,Penfolds Grange,Red Wine,Wine,390.13,,276,0,0,
4bf084c3-522c-44aa-a233-3323af3d2f1b,EVT-003895,USER-00107,search,2025-12-09T02:04:28,SES-3df49c2e,desktop,Firefox,organic,,,,,0.0,home office chair,0,0,0,
c36776ab-66e1-407c-b7e3-1d4b2b7c6fa0,EVT-003896,USER-00147,add_to_cart,2025-10-23T09:06:57,SES-e0481e6f,mobile,Chrome,email,PROD-01416,REI Flash 55 Pack,Outdoor Gear,Sports,517.67,,0,1,0,
b5de5d4a-6236-4e65-86d4-ed1f87c3a3c0,EVT-003897,USER-00048,wishlist,2025-11-22T17:44:13,SES-0214e408,tablet,Safari,organic,PROD-01844,Samsung Galaxy Watch 6,Smartwatches,Electronics,790.52,,0,0,0,
dd13f629-7b32-4510-af01-8e053257c5df,EVT-003898,USER-00154,search,2026-01-17T11:37:34,SES-b6f5c0e8,tablet,Chrome,organic,,,,,0.0,red wine gift,0,0,0,
88accd1c-894d-4899-b686-e7e22ed30575,EVT-003899,USER-00144,view,2025-12-11T05:15:44,SES-d7b70625,tablet,Edge,direct,PROD-01196,Oral-B iO Series 9,Personal Care,Healthcare,285.71,,125,0,0,
03657a03-52f8-4242-8e53-6c9f939e21b8,EVT-003900,USER-00001,view,2025-12-07T10:17:20,SES-e2a37397,desktop,Safari,direct,PROD-00512,Dom Pérignon Rosé 2009,Champagne,Wine,415.51,,398,0,0,
85b028fa-e481-458e-a4af-65c30bb1c566,EVT-003901,USER-00023,search,2025-12-09T21:11:57,SES-c0265ad3,desktop,Chrome,social,,,,,0.0,gaming laptop,0,0,0,
ba454c26-4cfc-4cda-9217-6f1444e833a8,EVT-003902,USER-00155,search,2025-11-07T14:03:07,SES-69ea6611,mobile,Firefox,social,,,,,0.0,wireless headphones,0,0,0,
def4a2c4-3497-4629-8460-b8b8283bfa9d,EVT-003903,USER-00218,click,2025-11-09T02:33:09,SES-8b8e3889,desktop,Safari,email,PROD-00003,Penfolds Grange,Red Wine,Wine,390.13,,276,0,0,
31a91c13-aa40-4ce1-8edc-e100abe265e7,EVT-003904,USER-00107,search,2025-10-29T02:41:39,SES-743a97a0,desktop,Firefox,organic,,,,,0.0,home office chair,0,0,0,
acd2959f-bb44-46a4-8610-e50669e81da9,EVT-003905,USER-00147,add_to_cart,2026-01-04T13:52:41,SES-3aad7d70,mobile,Chrome,email,PROD-01416,REI Flash 55 Pack,Outdoor Gear,Sports,517.67,,0,1,0,
18ea3c53-3d62-432c-a5ef-c562c34211e3,EVT-003906,USER-00048,wishlist,2025-12-03T16:35:50,SES-168ed43f,tablet,Safari,organic,PROD-01844,Samsung Galaxy Watch 6,Smartwatches,Electronics,790.52,,0,0,0,
54fe3518-accd-4afd-89e7-91b5579b1e9e,EVT-003907,USER-00154,search,2025-12-27T02:04:40,SES-fde60f0b,tablet,Chrome,organic,,,,,0.0,red wine gift,0,0,0,
f667cb47-ebb4-4135-8f15-6aec28d8cc8b,EVT-003908,USER-00144,view,2025-11-21T07:47:40,SES-ee353328,tablet,Edge,direct,PROD-01196,Oral-B iO Series 9,Personal Care,Healthcare,285.71,,125,0,0,
b31d041e-d8c1-4056-9f1d-01d165553494,EVT-003909,USER-00001,view,2025-10-31T22:17:20,SES-2d5842db,desktop,Safari,direct,PROD-00512,Dom Pérignon Rosé 2009,Champagne,Wine,415.51,,398,0,0,
82fd568b-e77e-4e05-8722-56814802f6e7,EVT-003910,USER-00023,search,2026-01-20T14:01:26,SES-548a2af2,desktop,Chrome,social,,,,,0.0,gaming laptop,0,0,0,
005b7d5e-2ef8-437a-b53e-55f5aa46053d,EVT-003911,USER-00155,search,2026-01-14T10:36:17,SES-e6916ed0,mobile,Firefox,social,,,,,0.0,wireless headphones,0,0,0,
b6853827-4904-455b-86b3-ae880b841dfd,EVT-003912,USER-00218,click,2025-12-04T18:39:24,SES-83d70407,desktop,Safari,email,PROD-00003,Penfolds Grange,Red Wine,Wine,390.13,,276,0,0,
f97d991d-6927-4387-874f-8e010f0b9d28,EVT-003913,USER-00107,search,2025-11-24T23:51:12,SES-f5e6b0f9,desktop,Firefox,organic,,,,,0.0,home office chair,0,0,0,
530931c3-18a9-4f01-9e50-ab5c15c301b0,EVT-003914,USER-00147,add_to_cart,2025-12-23T16:18:17,SES-2fc4843f,mobile,Chrome,email,PROD-01416,REI Flash 55 Pack,Outdoor Gear,Sports,517.67,,0,1,0,
57d633e8-3279-4b1e-a8fe-e600662f661a,EVT-003915,USER-00048,wishlist,2025-12-28T10:39:36,SES-3846ba69,tablet,Safari,organic,PROD-01844,Samsung Galaxy Watch 6,Smartwatches,Electronics,790.52,,0,0,0,
0cd7e87d-65f4-4dbf-b5f0-8ab0cac46c92,EVT-003916,USER-00154,search,2025-12-14T00:56:08,SES-e5b8ce54,tablet,Chrome,organic,,,,,0.0,red wine gift,0,0,0,
ecfdffaf-9dda-48f9-ab82-40bfaa5f450a,EVT-003917,USER-00144,view,2026-01-10T14:37:40,SES-7ec854d2,tablet,Edge,direct,PROD-01196,Oral-B iO Series 9,Personal Care,Healthcare,285.71,,125,0,0,
9d9154d9-b2fb-4b21-a2a9-bada3278675b,EVT-003918,USER-00001,view,2025-11-09T11:32:53,SES-5a6a2fc6,desktop,Safari,direct,PROD-00512,Dom Pérignon Rosé 2009,Champagne,Wine,415.51,,398,0,0,
d3911109-c765-46a2-bfea-ff9d7e4f439f,EVT-003919,USER-00023,search,2025-11-10T13:02:23,SES-c065503b,desktop,Chrome,social,,,,,0.0,gaming laptop,0,0,0,
719f0ad3-5d69-420d-bd76-be1a8f059530,EVT-003920,USER-00155,search,2026-01-06T08:38:46,SES-15e64be8,mobile,Firefox,social,,,,,0.0,wireless headphones,0,0,0,
eee6da44-ca68-4efb-b96c-487737d9012d,EVT-003921,USER-00218,click,2025-11-02T07:14:46,SES-0e4ea681,desktop,Safari,email,PROD-00003,Penfolds Grange,Red Wine,Wine,390.13,,276,0,0,
e8151e1a-43b8-4000-978b-c3d696dfe40c,EVT-003922,USER-00107,search,2026-01-04T19:30:18,SES-416babe9,desktop,Firefox,organic,,,,,0.0,home office chair,0,0,0,
4339c56b-c603-4c12-ba5c-11678f37dde0,EVT-003923,USER-00147,add_to_cart,2025-11-14T06:04:09,SES-247b0067,mobile,Chrome,email,PROD-01416,REI Flash 55 Pack,Outdoor Gear,Sports,517.67,,0,1,0,
a5c19498-adbe-4434-b97f-39e8f7753198,EVT-003924,USER-00048,wishlist,2025-11-12T10:45:36,SES-be99970b,tablet,Safari,organic,PROD-01844,Samsung Galaxy Watch 6,Smartwatches,Electronics,790.52,,0,0,0,
05955d9f-652d-48d9-89e4-f334b7ab694f,EVT-003925,USER-00154,search,2025-11-21T13:45:30,SES-13b086ba,tablet,Chrome,organic,,,,,0.0,red wine gift,0,0,0,
bdb5e30c-27f0-47dd-83c4-ccf9fd95c5ce,EVT-003926,USER-00144,view,2025-12-10T11:09:39,SES-b3f1715f,tablet,Edge,direct,PROD-01196,Oral-B iO Series 9,Personal Care,Healthcare,285.71,,125,0,0,
bcf1bb4d-092b-4679-bb62-1921ef83cee4,EVT-003927,USER-00001,view,2025-11-21T09:31:32,SES-e01cc8ea,desktop,Safari,direct,PROD-00512,Dom Pérignon Rosé 2009,Champagne,Wine,415.51,,398,0,0,
62895192-6ffb-4b4c-8da3-94480bbae9df,EVT-003928,USER-00023,search,2025-11-22T19:37:14,SES-4f15fdf4,desktop,Chrome,social,,,,,0.0,gaming laptop,0,0,0,
be0c7fb5-d73c-4b4f-9b1d-0a0bfc995eec,EVT-003929,USER-00155,search,2026-01-05T03:49:08,SES-9e4a736a,mobile,Firefox,social,,,,,0.0,wireless headphones,0,0,0,
6e47f8fe-9cef-41e1-b8b2-166af3569dc3,EVT-003930,USER-00218,click,2025-12-13T05:51:00,SES-ecdbb326,desktop,Safari,email,PROD-00003,Penfolds Grange,Red Wine,Wine,390.13,,276,0,0,
096aaa22-3e93-4a92-adaf-1b8a16632204,EVT-003931,USER-00107,search,2025-12-07T13:28:46,SES-707c196b,desktop,Firefox,organic,,,,,0.0,home office chair,0,0,0,
a492ce7e-e1b5-4a0f-ab5b-f5c00c1e0bf4,EVT-003932,USER-00147,add_to_cart,2025-11-01T17:44:38,SES-b074ce8a,mobile,Chrome,email,PROD-01416,REI Flash 55 Pack,Outdoor Gear,Sports,517.67,,0,1,0,
5a6aa4c4-7cc4-4c15-847f-d1ab2ffbf68c,EVT-003933,USER-00048,wishlist,2025-12-28T05:30:15,SES-4859d393,tablet,Safari,organic,PROD-01844,Samsung Galaxy Watch 6,Smartwatches,Electronics,790.52,,0,0,0,
fa172f60-4558-4995-88ad-d08fb9e16712,EVT-003934,USER-00154,search,2025-11-20T21:07:24,SES-dbc64806,tablet,Chrome,organic,,,,,0.0,red wine gift,0,0,0,
2b8de002-b2b4-4a3c-b340-30e605e0c6d2,EVT-003935,USER-00144,view,2025-12-20T22:13:47,SES-f71d8021,tablet,Edge,direct,PROD-01196,Oral-B iO Series 9,Personal Care,Healthcare,285.71,,125,0,0,
0bdc893d-7d5f-4091-9dba-a7ebaf17451e,EVT-003936,USER-00001,view,2025-11-12T03:56:43,SES-fb4e9318,desktop,Safari,direct,PROD-00512,Dom Pérignon Rosé 2009,Champagne,Wine,415.51,,398,0,0,
6605a546-c2dd-4a13-860a-812dfa9f16ee,EVT-003937,USER-00023,search,2025-12-17T04:28:32,SES-a6f49f7a,desktop,Chrome,social,,,,,0.0,gaming laptop,0,0,0,
00be843e-7c3a-42aa-a562-79bf81f4c248,EVT-003938,USER-00155,search,2025-12-26T23:32:25,SES-8ef579c4,mobile,Firefox,social,,,,,0.0,wireless headphones,0,0,0,
c4da3683-7eea-4097-aec0-d3cc17690529,EVT-003939,USER-00218,click,2025-11-06T18:10:06,SES-11bb103b,desktop,Safari,email,PROD-00003,Penfolds Grange,Red Wine,Wine,390.13,,276,0,0,
57f9268d-ebbf-4c54-ae5b-5c5ff3e5cd12,EVT-003940,USER-00107,search,2025-11-23T04:21:28,SES-f3b0eb05,desktop,Firefox,organic,,,,,0.0,home office chair,0,0,0,
1a0c8b3e-6a35-4e43-a9c8-eff65d1ff42f,EVT-003941,USER-00147,add_to_cart,2025-11-06T22:20:22,SES-80c9c502,mobile,Chrome,email,PROD-01416,REI Flash 55 Pack,Outdoor Gear,Sports,517.67,,0,1,0,
230828ff-e83f-464e-b4ab-91f365cb3249,EVT-003942,USER-00048,wishlist,2025-11-10T09:05:54,SES-cd0289f1,tablet,Safari,organic,PROD-01844,Samsung Galaxy Watch 6,Smartwatches,Electronics,790.52,,0,0,0,
1dd06e3f-cefd-48b0-a843-b2d730260fc8,EVT-003943,USER-00154,search,2026-01-05T03:45:54,SES-4fcefa7b,tablet,Chrome,organic,,,,,0.0,red wine gift,0,0,0,
e9f3fb01-2fcc-44ea-9799-5f7cb339e4a2,EVT-003944,USER-00144,view,2025-11-30T05:14:08,SES-315618ef,tablet,Edge,direct,PROD-01196,Oral-B iO Series 9,Personal Care,Healthcare,285.71,,125,0,0,
a7c0e0c1-9ca7-423e-b462-53642bfaa221,EVT-003945,USER-00001,view,2026-01-07T01:00:08,SES-214ff411,desktop,Safari,direct,PROD-00512,Dom Pérignon Rosé 2009,Champagne,Wine,415.51,,398,0,0,
2da7b8f1-0cd9-45ba-856a-3234e5cf65fa,EVT-003946,USER-00023,search,2025-11-08T10:11:59,SES-e19a8f1e,desktop,Chrome,social,,,,,0.0,gaming laptop,0,0,0,
066c8b20-5456-4163-9e46-1fca9a523348,EVT-003947,USER-00155,search,2026-01-13T12:03:58,SES-741d3bdd,mobile,Firefox,social,,,,,0.0,wireless headphones,0,0,0,
5b280ce2-c1a8-444d-b6ca-e73d60262993,EVT-003948,USER-00218,click,2025-11-07T01:57:50,SES-4a55933f,desktop,Safari,email,PROD-00003,Penfolds Grange,Red Wine,Wine,390.13,,276,0,0,
325c0c46-0d6d-4c9b-94bd-73c4057ec0de,EVT-003949,USER-00107,search,2025-12-20T23:37:11,SES-3dcb65a0,desktop,Firefox,organic,,,,,0.0,home office chair,0,0,0,
07adfc7d-77db-4002-8942-aee6bb1b7476,EVT-003950,USER-00147,add_to_cart,2025-12-26T01:52:41,SES-21597f80,mobile,Chrome,email,PROD-01416,REI Flash 55 Pack,Outdoor Gear,Sports,517.67,,0,1,0,
74ba14bb-3916-4ce8-9440-6284b2f0b2c4,EVT-003951,USER-00048,wishlist,2025-11-07T00:04:31,SES-451867ba,tablet,Safari,organic,PROD-01844,Samsung Galaxy Watch 6,Smartwatches,Electronics,790.52,,0,0,0,
71d7442a-0036-43ab-ae41-49f92276a24c,EVT-003952,USER-00154,search,2025-11-23T08:49:19,SES-57d10f3d,tablet,Chrome,organic,,,,,0.0,red wine gift,0,0,0,
469f40db-61b7-423c-9f33-251a28f476ff,EVT-003953,USER-00144,view,2025-12-11T21:23:00,SES-acb4bc67,tablet,Edge,direct,PROD-01196,Oral-B iO Series 9,Personal Care,Healthcare,285.71,,125,0,0,
50da9c7c-3924-43e7-aa55-2a3e08e73567,EVT-003954,USER-00001,view,2025-12-07T17:54:21,SES-77861ee7,desktop,Safari,direct,PROD-00512,Dom Pérignon Rosé 2009,Champagne,Wine,415.51,,398,0,0,
3a90e988-84fd-46d2-a9c5-02943cda6f36,EVT-003955,USER-00023,search,2025-12-25T04:40:23,SES-581a2d21,desktop,Chrome,social,,,,,0.0,gaming laptop,0,0,0,
a4577812-c20b-4fac-a548-bf1150bed3e3,EVT-003956,USER-00155,search,2025-12-19T12:54:55,SES-3e991b12,mobile,Firefox,social,,,,,0.0,wireless headphones,0,0,0,
b34b0eb8-15d4-4ec4-a5c5-053dd3b9139e,EVT-003957,USER-00218,click,2026-01-07T07:50:50,SES-c8a35317,desktop,Safari,email,PROD-00003,Penfolds Grange,Red Wine,Wine,390.13,,276,0,0,
43e3709e-7109-4b07-9ea1-ca9209f0da5d,EVT-003958,USER-00107,search,2025-12-02T05:23:54,SES-128a32d6,desktop,Firefox,organic,,,,,0.0,home office chair,0,0,0,
861a6f5c-b3a1-4b50-ab2b-fec345d657a0,EVT-003959,USER-00147,add_to_cart,2026-01-06T10:53:25,SES-88fccae1,mobile,Chrome,email,PROD-01416,REI Flash 55 Pack,Outdoor Gear,Sports,517.67,,0,1,0,
3aa920a1-60a8-498d-ac1c-bc63053b7d7c,EVT-003960,USER-00048,wishlist,2026-01-01T06:43:24,SES-dc12b18c,tablet,Safari,organic,PROD-01844,Samsung Galaxy Watch 6,Smartwatches,Electronics,790.52,,0,0,0,
e539ea6a-0230-4121-9995-d96cff2bd518,EVT-003961,USER-00154,search,2025-11-17T21:38:16,SES-73c07937,tablet,Chrome,organic,,,,,0.0,red wine gift,0,0,0,
ba1f7538-540f-40e8-b921-abb05a6c640c,EVT-003962,USER-00144,view,2025-11-13T22:53:39,SES-e9421bdf,tablet,Edge,direct,PROD-01196,Oral-B iO Series 9,Personal Care,Healthcare,285.71,,125,0,0,
471c3242-083d-4f16-a834-21b8d8262139,EVT-003963,USER-00001,view,2025-11-17T06:25:38,SES-587e97bb,desktop,Safari,direct,PROD-00512,Dom Pérignon Rosé 2009,Champagne,Wine,415.51,,398,0,0,
6c183d57-61c2-4d44-95f3-61bba2f1febe,EVT-003964,USER-00023,search,2025-12-07T13:43:36,SES-46732d4b,desktop,Chrome,social,,,,,0.0,gaming laptop,0,0,0,
28692cd4-1cb4-49f0-a7a0-fae244def89d,EVT-003965,USER-00155,search,2026-01-13T21:06:28,SES-ea8dbfec,mobile,Firefox,social,,,,,0.0,wireless headphones,0,0,0,
25c4876c-2ff8-43aa-b3e6-816456091c17,EVT-003966,USER-00218,click,2026-01-11T18:18:48,SES-0db12f01,desktop,Safari,email,PROD-00003,Penfolds Grange,Red Wine,Wine,390.13,,276,0,0,
e7f9108a-2331-422e-85fb-81e82dd412fa,EVT-003967,USER-00107,search,2025-11-21T05:24:40,SES-0d247fdf,desktop,Firefox,organic,,,,,0.0,home office chair,0,0,0,
30e2f059-db5c-400a-956d-cba4e2570798,EVT-003968,USER-00147,add_to_cart,2025-11-27T17:56:08,SES-51c55f60,mobile,Chrome,email,PROD-01416,REI Flash 55 Pack,Outdoor Gear,Sports,517.67,,0,1,0,
82bbd909-bc56-48ff-95f1-37e8e2232ce5,EVT-003969,USER-00048,wishlist,2025-11-05T19:46:22,SES-bfa48bae,tablet,Safari,organic,PROD-01844,Samsung Galaxy Watch 6,Smartwatches,Electronics,790.52,,0,0,0,
a33848a9-addd-4869-b971-93b465703328,EVT-003970,USER-00154,search,2025-11-21T11:30:10,SES-385ce386,tablet,Chrome,organic,,,,,0.0,red wine gift,0,0,0,
a9243a26-03ed-4850-a8d7-4879cd1d90df,EVT-003971,USER-00144,view,2025-11-24T03:33:31,SES-aa4dc5b9,tablet,Edge,direct,PROD-01196,Oral-B iO Series 9,Personal Care,Healthcare,285.71,,125,0,0,
b14878e3-1b92-48b5-94b8-bca9713ea5af,EVT-003972,USER-00001,view,2026-01-01T07:17:09,SES-908f82de,desktop,Safari,direct,PROD-00512,Dom Pérignon Rosé 2009,Champagne,Wine,415.51,,398,0,0,
713ccec1-dd2d-47dc-8415-20458d65b47f,EVT-003973,USER-00023,search,2025-11-26T02:39:16,SES-e5a30636,desktop,Chrome,social,,,,,0.0,gaming laptop,0,0,0,
d43b8843-1110-41cc-8287-2ba95e88bd52,EVT-003974,USER-00155,search,2026-01-11T06:10:43,SES-2352b958,mobile,Firefox,social,,,,,0.0,wireless headphones,0,0,0,
d9ffc8e2-ca4c-4594-af26-15f836e2a5c6,EVT-003975,USER-00218,click,2026-01-03T02:24:14,SES-1fb1d96c,desktop,Safari,email,PROD-00003,Penfolds Grange,Red Wine,Wine,390.13,,276,0,0,
5d175091-a45c-469f-9031-881e85e4a07d,EVT-003976,USER-00107,search,2025-11-22T08:44:26,SES-4365c674,desktop,Firefox,organic,,,,,0.0,home office chair,0,0,0,
5f4ecf54-7457-4be2-8edf-9f2df07aa64c,EVT-003977,USER-00147,add_to_cart,2025-12-05T09:49:30,SES-acb31ae2,mobile,Chrome,email,PROD-01416,REI Flash 55 Pack,Outdoor Gear,Sports,517.67,,0,1,0,
09708ea3-eff7-4fe8-bfa7-994351f6ad10,EVT-003978,USER-00048,wishlist,2025-11-21T15:39:39,SES-7b528599,tablet,Safari,organic,PROD-01844,Samsung Galaxy Watch 6,Smartwatches,Electronics,790.52,,0,0,0,
0830f5b9-ce4d-4ced-b625-be67f346d93c,EVT-003979,USER-00154,search,2025-12-03T00:56:44,SES-95c1615a,tablet,Chrome,organic,,,,,0.0,red wine gift,0,0,0,
9b9349ac-ca31-47dc-84ff-051f562385a2,EVT-003980,USER-00144,view,2025-12-16T10:28:55,SES-a5c4afd4,tablet,Edge,direct,PROD-01196,Oral-B iO Series 9,Personal Care,Healthcare,285.71,,125,0,0,
cbcd155b-aa99-4ce0-bf3d-0c20a877f7ed,EVT-003981,USER-00001,view,2025-11-29T22:56:58,SES-fd0c088c,desktop,Safari,direct,PROD-00512,Dom Pérignon Rosé 2009,Champagne,Wine,415.51,,398,0,0,
96308ae5-0964-486d-96a2-15cda8c7efbd,EVT-003982,USER-00023,search,2026-01-04T19:08:18,SES-886f7c93,desktop,Chrome,social,,,,,0.0,gaming laptop,0,0,0,
67fac69b-4810-40ae-b4b9-d577d99bba1f,EVT-003983,USER-00155,search,2025-12-02T05:53:53,SES-dac6fac4,mobile,Firefox,social,,,,,0.0,wireless headphones,0,0,0,
62cbbaf0-c234-473b-b5e7-d991e3efe22e,EVT-003984,USER-00218,click,2025-10-23T07:08:51,SES-efc8684e,desktop,Safari,email,PROD-00003,Penfolds Grange,Red Wine,Wine,390.13,,276,0,0,
18c3fd1c-da6a-47be-9f67-e7d4ea6f4f75,EVT-003985,USER-00107,search,2026-01-04T18:02:14,SES-6f1a4e86,desktop,Firefox,organic,,,,,0.0,home office chair,0,0,0,
babffe72-1f9d-4fb8-a3dc-824cb4a75d01,EVT-003986,USER-00147,add_to_cart,2025-11-30T23:30:25,SES-582fad09,mobile,Chrome,email,PROD-01416,REI Flash 55 Pack,Outdoor Gear,Sports,517.67,,0,1,0,
2ce46bae-fc48-4268-af32-32bc7d236e51,EVT-003987,USER-00048,wishlist,2025-10-28T02:48:19,SES-8e40778a,tablet,Safari,organic,PROD-01844,Samsung Galaxy Watch 6,Smartwatches,Electronics,790.52,,0,0,0,
264fca97-bfdb-4ba1-9884-a2c33fafd515,EVT-003988,USER-00154,search,2025-12-01T10:28:27,SES-eb7c5959,tablet,Chrome,organic,,,,,0.0,red wine gift,0,0,0,
6e39dece-2804-4fc7-b5e7-5696a27eae30,EVT-003989,USER-00144,view,2025-11-26T01:54:19,SES-ffa6b76e,tablet,Edge,direct,PROD-01196,Oral-B iO Series 9,Personal Care,Healthcare,285.71,,125,0,0,
81293222-e403-48b1-8cf1-284ba9889f1d,EVT-003990,USER-00001,view,2025-12-24T10:44:08,SES-c821f146,desktop,Safari,direct,PROD-00512,Dom Pérignon Rosé 2009,Champagne,Wine,415.51,,398,0,0,
d848f4d7-09fc-4199-8748-e7dbad95b0bd,EVT-003991,USER-00023,search,2026-01-08T22:34:46,SES-fcfb1a98,desktop,Chrome,social,,,,,0.0,gaming laptop,0,0,0,
18087503-0ec8-4347-af8c-596b07e64fc7,EVT-003992,USER-00155,search,2025-11-05T07:59:27,SES-fec974d0,mobile,Firefox,social,,,,,0.0,wireless headphones,0,0,0,
2096d5be-8bd5-4493-8a06-fcf39f1b420b,EVT-003993,USER-00218,click,2025-12-06T02:33:35,SES-60264d48,desktop,Safari,email,PROD-00003,Penfolds Grange,Red Wine,Wine,390.13,,276,0,0,
3bc5134d-a23c-4dc7-92bb-870dd092314c,EVT-003994,USER-00107,search,2026-01-05T05:16:57,SES-38162049,desktop,Firefox,organic,,,,,0.0,home office chair,0,0,0,
071f792c-2205-4b8c-907e-75b99f5a4693,EVT-003995,USER-00147,add_to_cart,2025-11-18T08:52:44,SES-8c16c898,mobile,Chrome,email,PROD-01416,REI Flash 55 Pack,Outdoor Gear,Sports,517.67,,0,1,0,
5d5fa7a1-1191-47ec-88b7-946213e8db5f,EVT-003996,USER-00048,wishlist,2025-10-24T15:19:13,SES-0d8a5136,tablet,Safari,organic,PROD-01844,Samsung Galaxy Watch 6,Smartwatches,Electronics,790.52,,0,0,0,
17e344bf-3e15-48a8-befb-b70142dc988d,EVT-003997,USER-00154,search,2026-01-10T05:15:00,SES-b2f4e6b1,tablet,Chrome,organic,,,,,0.0,red wine gift,0,0,0,
24675446-84c2-473e-8481-721fc4e521e6,EVT-003998,USER-00144,view,2025-12-30T03:09:30,SES-f80e757f,tablet,Edge,direct,PROD-01196,Oral-B iO Series 9,Personal Care,Healthcare,285.71,,125,0,0,
7c42fdc4-3808-4312-ab50-ac83f3670dfa,EVT-003999,USER-00001,view,2025-11-11T09:07:13,SES-ec0849c6,desktop,Safari,direct,PROD-00512,Dom Pérignon Rosé 2009,Champagne,Wine,415.51,,398,0,0,
1a6ea4aa-512b-40a4-9245-61c21c60288c,EVT-004000,USER-00023,search,2025-11-12T00:01:26,SES-bb34d351,desktop,Chrome,social,,,,,0.0,gaming laptop,0,0,0,
ce596e13-01b5-4705-b602-354c2961e666,EVT-004001,USER-00155,search,2025-12-26T00:37:43,SES-53577059,mobile,Firefox,social,,,,,0.0,wireless headphones,0,0,0,
e2c89b15-d047-4053-8003-0e9e50c13d64,EVT-004002,USER-00218,click,2025-12-31T07:53:53,SES-99e437f2,desktop,Safari,email,PROD-00003,Penfolds Grange,Red Wine,Wine,390.13,,276,0,0,
fd80d929-6e70-44a7-aa02-30a7d0802c23,EVT-004003,USER-00107,search,2025-11-16T14:17:17,SES-844162a3,desktop,Firefox,organic,,,,,0.0,home office chair,0,0,0,
f14fec72-8cb5-4a43-8cc6-1aedef12ba36,EVT-004004,USER-00147,add_to_cart,2025-11-20T08:51:22,SES-4a714a1e,mobile,Chrome,email,PROD-01416,REI Flash 55 Pack,Outdoor Gear,Sports,517.67,,0,1,0,
2141a9a7-233f-46ff-9100-ad0567be5914,EVT-004005,USER-00048,wishlist,2026-01-11T13:54:57,SES-72d83d14,tablet,Safari,organic,PROD-01844,Samsung Galaxy Watch 6,Smartwatches,Electronics,790.52,,0,0,0,
385f725e-2ea4-4176-ae73-174b4f372c78,EVT-004006,USER-00154,search,2025-11-28T00:11:23,SES-3bd38583,tablet,Chrome,organic,,,,,0.0,red wine gift,0,0,0,
010c8e4a-c5d9-4ec2-8a7f-73b24d82dcbc,EVT-004007,USER-00144,view,2025-10-25T01:06:20,SES-fc9dee94,tablet,Edge,direct,PROD-01196,Oral-B iO Series 9,Personal Care,Healthcare,285.71,,125,0,0,
4a17d9d8-3d2e-404d-86ea-ae167bfb4ec0,EVT-004008,USER-00001,view,2025-11-22T23:53:05,SES-f8b791ac,desktop,Safari,direct,PROD-00512,Dom Pérignon Rosé 2009,Champagne,Wine,415.51,,398,0,0,
653fa410-a0d2-4811-8d39-56e80a659aca,EVT-004009,USER-00023,search,2025-12-03T06:04:23,SES-fc1b713c,desktop,Chrome,social,,,,,0.0,gaming laptop,0,0,0,
bdaa253e-1636-4161-9668-b45bfb655e2b,EVT-004010,USER-00155,search,2026-01-07T12:54:24,SES-fdfd442f,mobile,Firefox,social,,,,,0.0,wireless headphones,0,0,0,
5b87226f-d060-4a44-8d87-56ac6834f851,EVT-004011,USER-00218,click,2025-11-28T21:00:03,SES-2311a5b5,desktop,Safari,email,PROD-00003,Penfolds Grange,Red Wine,Wine,390.13,,276,0,0,
9ce42e65-20f3-4115-98bc-a463ebdd9e23,EVT-004012,USER-00107,search,2025-11-23T08:49:51,SES-d03eeb1f,desktop,Firefox,organic,,,,,0.0,home office chair,0,0,0,
a5953ed3-e770-4ebc-9162-b9e047950018,EVT-004013,USER-00147,add_to_cart,2025-12-15T22:19:22,SES-46e438be,mobile,Chrome,email,PROD-01416,REI Flash 55 Pack,Outdoor Gear,Sports,517.67,,0,1,0,
9d400a6e-41df-44fe-b92e-548d9c72b6a5,EVT-004014,USER-00048,wishlist,2025-12-16T02:45:34,SES-7d4583e1,tablet,Safari,organic,PROD-01844,Samsung Galaxy Watch 6,Smartwatches,Electronics,790.52,,0,0,0,
457eddec-2ca0-4816-8ae8-a99499acb19f,EVT-004015,USER-00154,search,2026-01-02T11:57:50,SES-2e64deb6,tablet,Chrome,organic,,,,,0.0,red wine gift,0,0,0,
9e0a36cf-8fcb-4ba2-8bc2-ceb8f76ed3ca,EVT-004016,USER-00144,view,2025-11-11T02:41:12,SES-86d87d8f,tablet,Edge,direct,PROD-01196,Oral-B iO Series 9,Personal Care,Healthcare,285.71,,125,0,0,
2ce5a0bc-2d8f-47ea-b00c-7717d3e647bf,EVT-004017,USER-00001,view,2026-01-08T04:10:48,SES-42c4ab6f,desktop,Safari,direct,PROD-00512,Dom Pérignon Rosé 2009,Champagne,Wine,415.51,,398,0,0,
17edc0b7-934e-4451-b47a-ccf3b6770091,EVT-004018,USER-00023,search,2025-11-12T14:52:08,SES-4d513b0b,desktop,Chrome,social,,,,,0.0,gaming laptop,0,0,0,
21bd4143-53b3-45d9-af73-ca03adf7878f,EVT-004019,USER-00155,search,2025-12-21T16:56:20,SES-9452b829,mobile,Firefox,social,,,,,0.0,wireless headphones,0,0,0,
b2208a1f-c854-4edf-a076-a590091bda52,EVT-004020,USER-00218,click,2025-12-10T13:52:22,SES-61932a48,desktop,Safari,email,PROD-00003,Penfolds Grange,Red Wine,Wine,390.13,,276,0,0,
20afd75a-3988-461a-a76d-8d5cbf57d918,EVT-004021,USER-00107,search,2025-12-04T11:26:39,SES-ef38ff75,desktop,Firefox,organic,,,,,0.0,home office chair,0,0,0,
ed1f2a3c-2172-4d32-939e-a013cf7ce1ef,EVT-004022,USER-00147,add_to_cart,2026-01-13T21:29:39,SES-96196b5c,mobile,Chrome,email,PROD-01416,REI Flash 55 Pack,Outdoor Gear,Sports,517.67,,0,1,0,
1759418b-0683-4980-8cae-0845ce6be2b1,EVT-004023,USER-00048,wishlist,2025-11-18T08:18:35,SES-d52a79b8,tablet,Safari,organic,PROD-01844,Samsung Galaxy Watch 6,Smartwatches,Electronics,790.52,,0,0,0,
4fd657fb-14c2-46ef-a8a4-8878085f7029,EVT-004024,USER-00154,search,2025-11-02T02:52:20,SES-3f7b5887,tablet,Chrome,organic,,,,,0.0,red wine gift,0,0,0,
ca608542-b7bc-4163-9f22-5cf199350099,EVT-004025,USER-00144,view,2025-10-29T23:21:25,SES-32cccaeb,tablet,Edge,direct,PROD-01196,Oral-B iO Series 9,Personal Care,Healthcare,285.71,,125,0,0,
1e39040d-d14b-4e30-a5ac-c317bebcc42c,EVT-004026,USER-00001,view,2025-11-15T08:28:54,SES-1a7864c9,desktop,Safari,direct,PROD-00512,Dom Pérignon Rosé 2009,Champagne,Wine,415.51,,398,0,0,
0982e963-3669-455f-bf43-c4e901f6ca28,EVT-004027,USER-00023,search,2025-11-07T07:43:50,SES-c2cd39e5,desktop,Chrome,social,,,,,0.0,gaming laptop,0,0,0,
536f8d2b-06fc-498a-99c7-3698ab06a01b,EVT-004028,USER-00155,search,2025-11-23T08:21:36,SES-9226b660,mobile,Firefox,social,,,,,0.0,wireless headphones,0,0,0,
ef7f269e-2007-43c8-9106-aa356f1f6004,EVT-004029,USER-00218,click,2025-12-31T22:17:25,SES-6686b228,desktop,Safari,email,PROD-00003,Penfolds Grange,Red Wine,Wine,390.13,,276,0,0,
19d49e87-752a-46d0-810a-59eccc7cc0a8,EVT-004030,USER-00107,search,2025-12-08T07:40:17,SES-6efdb032,desktop,Firefox,organic,,,,,0.0,home office chair,0,0,0,
5b85a53a-503a-4dca-98c2-af2fca4ccb0d,EVT-004031,USER-00147,add_to_cart,2025-12-31T18:35:47,SES-5c42fc8c,mobile,Chrome,email,PROD-01416,REI Flash 55 Pack,Outdoor Gear,Sports,517.67,,0,1,0,
93fbb63f-5163-4db4-8f34-6f6350ee9447,EVT-004032,USER-00048,wishlist,2025-12-19T07:34:50,SES-f4d38f48,tablet,Safari,organic,PROD-01844,Samsung Galaxy Watch 6,Smartwatches,Electronics,790.52,,0,0,0,
175fdd11-e95c-4d02-b251-b87896b12454,EVT-004033,USER-00154,search,2025-12-07T08:48:36,SES-cb58a6e6,tablet,Chrome,organic,,,,,0.0,red wine gift,0,0,0,
5524529f-2f34-4420-b292-d5b446c7526d,EVT-004034,USER-00144,view,2025-10-27T05:07:02,SES-20140142,tablet,Edge,direct,PROD-01196,Oral-B iO Series 9,Personal Care,Healthcare,285.71,,125,0,0,
abcee1b4-8475-4056-9e2b-d95e564ba333,EVT-004035,USER-00001,view,2026-01-06T14:19:21,SES-5d162c1c,desktop,Safari,direct,PROD-00512,Dom Pérignon Rosé 2009,Champagne,Wine,415.51,,398,0,0,
878f058a-8d73-4c3f-82f4-f8c9a5dba490,EVT-004036,USER-00023,search,2025-12-25T18:29:08,SES-91f65eb9,desktop,Chrome,social,,,,,0.0,gaming laptop,0,0,0,
41549668-1f5e-4b8b-8a2e-1596e3c18184,EVT-004037,USER-00155,search,2025-11-29T14:50:32,SES-19994e81,mobile,Firefox,social,,,,,0.0,wireless headphones,0,0,0,
bb1982f9-3b4d-4a74-8511-5bd0ebfbc358,EVT-004038,USER-00218,click,2025-12-28T12:37:19,SES-332f7a15,desktop,Safari,email,PROD-00003,Penfolds Grange,Red Wine,Wine,390.13,,276,0,0,
6a8c085a-ac90-4be0-89e8-de473810699d,EVT-004039,USER-00107,search,2026-01-18T23:47:26,SES-2ea42734,desktop,Firefox,organic,,,,,0.0,home office chair,0,0,0,
fbfae869-2478-4b67-abbd-3744c9b6d5b3,EVT-004040,USER-00147,add_to_cart,2025-12-30T08:10:03,SES-018aa682,mobile,Chrome,email,PROD-01416,REI Flash 55 Pack,Outdoor Gear,Sports,517.67,,0,1,0,
29e4f1e8-b710-40b7-bac5-b55c2a9dc996,EVT-004041,USER-00048,wishlist,2025-12-09T00:49:05,SES-65aac496,tablet,Safari,organic,PROD-01844,Samsung Galaxy Watch 6,Smartwatches,Electronics,790.52,,0,0,0,
bcc3e2ee-d165-4bc4-9d11-c1f3ec18c3dc,EVT-004042,USER-00154,search,2025-11-16T00:06:48,SES-370f9af2,tablet,Chrome,organic,,,,,0.0,red wine gift,0,0,0,
5497e191-0ed1-4214-88e0-b7477498cfac,EVT-004043,USER-00144,view,2025-11-18T22:42:33,SES-566493a4,tablet,Edge,direct,PROD-01196,Oral-B iO Series 9,Personal Care,Healthcare,285.71,,125,0,0,
8acf5064-b5c7-4017-a64e-6e5cbb23f39c,EVT-004044,USER-00001,view,2025-12-20T15:39:16,SES-0c40ad2e,desktop,Safari,direct,PROD-00512,Dom Pérignon Rosé 2009,Champagne,Wine,415.51,,398,0,0,
b0c2cdc0-7ebd-4a4c-8839-01c6594d0170,EVT-004045,USER-00023,search,2025-12-18T15:40:30,SES-08d0c1f2,desktop,Chrome,social,,,,,0.0,gaming laptop,0,0,0,
240fe87f-c325-404c-b00e-b870d6186ffc,EVT-004046,USER-00155,search,2025-11-28T03:47:14,SES-361be886,mobile,Firefox,social,,,,,0.0,wireless headphones,0,0,0,
496a743f-5d22-4d74-9d3c-1cf07a4d318b,EVT-004047,USER-00218,click,2025-10-28T12:08:52,SES-24d55c6a,desktop,Safari,email,PROD-00003,Penfolds Grange,Red Wine,Wine,390.13,,276,0,0,
92128d3d-36ba-4265-bdbe-8dd4301653b9,EVT-004048,USER-00107,search,2025-11-01T14:18:06,SES-bcabf555,desktop,Firefox,organic,,,,,0.0,home office chair,0,0,0,
e66769ba-a349-45ac-9d67-4d0c0c269ee6,EVT-004049,USER-00147,add_to_cart,2025-10-28T04:41:10,SES-bf456925,mobile,Chrome,email,PROD-01416,REI Flash 55 Pack,Outdoor Gear,Sports,517.67,,0,1,0,
4d97d126-6fa5-4c48-887c-39b20afee3db,EVT-004050,USER-00048,wishlist,2025-12-23T20:22:21,SES-956e0b43,tablet,Safari,organic,PROD-01844,Samsung Galaxy Watch 6,Smartwatches,Electronics,790.52,,0,0,0,
d66d77be-5a9b-4be8-938d-53816bd5d6f4,EVT-004051,USER-00154,search,2025-11-25T00:27:35,SES-c608bcb7,tablet,Chrome,organic,,,,,0.0,red wine gift,0,0,0,
c4d0963e-3891-4cac-8c13-76bd21767039,EVT-004052,USER-00144,view,2025-11-18T13:09:50,SES-e42d500d,tablet,Edge,direct,PROD-01196,Oral-B iO Series 9,Personal Care,Healthcare,285.71,,125,0,0,
a288f551-92cc-44a9-a58b-762ea34911e7,EVT-004053,USER-00001,view,2025-12-13T23:19:03,SES-0aa351ff,desktop,Safari,direct,PROD-00512,Dom Pérignon Rosé 2009,Champagne,Wine,415.51,,398,0,0,
7e7943a5-fe20-49ea-82cf-f542b7bd8d6e,EVT-004054,USER-00023,search,2025-11-27T14:48:28,SES-8e6e3560,desktop,Chrome,social,,,,,0.0,gaming laptop,0,0,0,
5f65b246-0832-427f-b958-d196ecff85f2,EVT-004055,USER-00155,search,2025-12-04T06:50:00,SES-7d2c503f,mobile,Firefox,social,,,,,0.0,wireless headphones,0,0,0,
dd92a4e5-7d44-4975-a1c9-4d37ec69ee2b,EVT-004056,USER-00218,click,2026-01-20T10:05:16,SES-e600ee59,desktop,Safari,email,PROD-00003,Penfolds Grange,Red Wine,Wine,390.13,,276,0,0,
8adea369-afea-48f2-9d63-c0a5923de0ca,EVT-004057,USER-00107,search,2025-11-19T08:14:45,SES-c4e6a96d,desktop,Firefox,organic,,,,,0.0,home office chair,0,0,0,
2002a7d5-8219-4e40-aa94-99ec07649d36,EVT-004058,USER-00147,add_to_cart,2025-11-02T12:39:00,SES-46d0010b,mobile,Chrome,email,PROD-01416,REI Flash 55 Pack,Outdoor Gear,Sports,517.67,,0,1,0,
ea860c56-1dbb-4e8b-8327-ae924e3ca681,EVT-004059,USER-00048,wishlist,2025-12-07T13:23:55,SES-7214f78b,tablet,Safari,organic,PROD-01844,Samsung Galaxy Watch 6,Smartwatches,Electronics,790.52,,0,0,0,
98b4c271-f889-4bfb-8d41-845d602898da,EVT-004060,USER-00154,search,2025-11-04T18:50:08,SES-e9d6f8c9,tablet,Chrome,organic,,,,,0.0,red wine gift,0,0,0,
783be2dc-1340-46dd-9360-aecd4e1cb843,EVT-004061,USER-00144,view,2026-01-16T06:27:30,SES-d18def5c,tablet,Edge,direct,PROD-01196,Oral-B iO Series 9,Personal Care,Healthcare,285.71,,125,0,0,
0e8cca2f-6e98-43f8-ac28-b01636dcf172,EVT-004062,USER-00001,view,2026-01-03T13:09:05,SES-68acd897,desktop,Safari,direct,PROD-00512,Dom Pérignon Rosé 2009,Champagne,Wine,415.51,,398,0,0,
27464bd6-c48e-4a2e-a25b-34d2a4ed144b,EVT-004063,USER-00023,search,2025-10-29T22:20:09,SES-cccd595b,desktop,Chrome,social,,,,,0.0,gaming laptop,0,0,0,
fc3db120-b7c5-490a-bab0-c0b6ccbbfc46,EVT-004064,USER-00155,search,2025-11-23T06:10:32,SES-09020b14,mobile,Firefox,social,,,,,0.0,wireless headphones,0,0,0,
6eb368ae-5569-4286-842f-714621bb79b8,EVT-004065,USER-00218,click,2026-01-06T00:22:35,SES-d61155a7,desktop,Safari,email,PROD-00003,Penfolds Grange,Red Wine,Wine,390.13,,276,0,0,
a56e59cf-295c-4c38-a3ff-fe99317dcea2,EVT-004066,USER-00107,search,2026-01-01T20:39:34,SES-a1e42993,desktop,Firefox,organic,,,,,0.0,home office chair,0,0,0,
c21d138d-4437-433d-8a27-3e467f2e44a9,EVT-004067,USER-00147,add_to_cart,2025-12-01T22:06:03,SES-7ac19e1c,mobile,Chrome,email,PROD-01416,REI Flash 55 Pack,Outdoor Gear,Sports,517.67,,0,1,0,
9fffe3b3-6610-4057-bdc6-fde383ec71e5,EVT-004068,USER-00048,wishlist,2026-01-10T18:42:46,SES-88d6f236,tablet,Safari,organic,PROD-01844,Samsung Galaxy Watch 6,Smartwatches,Electronics,790.52,,0,0,0,
6e3c77ec-73ad-4ff0-a535-60938b33a017,EVT-004069,USER-00154,search,2025-11-06T11:35:07,SES-72549d71,tablet,Chrome,organic,,,,,0.0,red wine gift,0,0,0,
9918c8da-1d69-4d50-965f-f9dfceb408fc,EVT-004070,USER-00144,view,2026-01-15T14:22:56,SES-59c7cd8a,tablet,Edge,direct,PROD-01196,Oral-B iO Series 9,Personal Care,Healthcare,285.71,,125,0,0,
28792d8b-f42a-48cf-a893-b347e4857895,EVT-004071,USER-00001,view,2025-11-06T08:25:57,SES-b3345637,desktop,Safari,direct,PROD-00512,Dom Pérignon Rosé 2009,Champagne,Wine,415.51,,398,0,0,
5447dca1-a53e-4208-983e-9832cea957e0,EVT-004072,USER-00023,search,2025-12-19T00:16:57,SES-ad90b497,desktop,Chrome,social,,,,,0.0,gaming laptop,0,0,0,
a50e41d6-5350-4604-b3ad-b5ed39255b08,EVT-004073,USER-00155,search,2025-11-20T18:18:49,SES-bf8f0df7,mobile,Firefox,social,,,,,0.0,wireless headphones,0,0,0,
f633ff6e-5179-4d9a-b853-eed44c9f45b1,EVT-004074,USER-00218,click,2025-12-17T11:39:07,SES-01ed8f5e,desktop,Safari,email,PROD-00003,Penfolds Grange,Red Wine,Wine,390.13,,276,0,0,
1c321c8b-ef00-4c9f-a9f5-915269e65c84,EVT-004075,USER-00107,search,2025-11-11T03:57:00,SES-8d31384e,desktop,Firefox,organic,,,,,0.0,home office chair,0,0,0,
1f1fe54c-e58c-4955-9374-e253440f24fc,EVT-004076,USER-00147,add_to_cart,2025-12-16T07:06:12,SES-58177c3b,mobile,Chrome,email,PROD-01416,REI Flash 55 Pack,Outdoor Gear,Sports,517.67,,0,1,0,
426bed1f-b7a6-4ddc-9c0a-e8fcb47f1260,EVT-004077,USER-00048,wishlist,2025-10-31T06:59:47,SES-27c87b65,tablet,Safari,organic,PROD-01844,Samsung Galaxy Watch 6,Smartwatches,Electronics,790.52,,0,0,0,
c9e30667-39c0-45c2-8828-56bc4ce3da98,EVT-004078,USER-00154,search,2025-12-04T07:09:08,SES-c8ec4ee0,tablet,Chrome,organic,,,,,0.0,red wine gift,0,0,0,
00bbd3c9-fbc4-44cf-86d1-73c63e5b1207,EVT-004079,USER-00144,view,2025-11-15T13:20:57,SES-f8147374,tablet,Edge,direct,PROD-01196,Oral-B iO Series 9,Personal Care,Healthcare,285.71,,125,0,0,
20ba2f6a-b318-40c0-a414-46bb612ad7de,EVT-004080,USER-00001,view,2025-11-23T13:51:25,SES-6d11d370,desktop,Safari,direct,PROD-00512,Dom Pérignon Rosé 2009,Champagne,Wine,415.51,,398,0,0,
fb548908-5d71-44d4-81dc-32a195a2e0a9,EVT-004081,USER-00023,search,2025-12-17T08:29:41,SES-0b4205e8,desktop,Chrome,social,,,,,0.0,gaming laptop,0,0,0,
ef3796ee-9834-490a-9f0f-affe66dbd924,EVT-004082,USER-00155,search,2025-12-14T19:33:55,SES-5e1f5adb,mobile,Firefox,social,,,,,0.0,wireless headphones,0,0,0,
7ab266d5-3844-45f2-abad-cc9f56b0e699,EVT-004083,USER-00218,click,2026-01-04T19:21:09,SES-e9625b78,desktop,Safari,email,PROD-00003,Penfolds Grange,Red Wine,Wine,390.13,,276,0,0,
a15c707c-8e53-47e6-ae43-9cf8888cfc5b,EVT-004084,USER-00107,search,2025-12-25T21:27:03,SES-0ee2513d,desktop,Firefox,organic,,,,,0.0,home office chair,0,0,0,
0e59fcbf-ee03-40d0-9266-51cf7c46e144,EVT-004085,USER-00147,add_to_cart,2025-11-17T01:26:57,SES-108156bb,mobile,Chrome,email,PROD-01416,REI Flash 55 Pack,Outdoor Gear,Sports,517.67,,0,1,0,
656e2b23-51d9-44b4-87b9-89082a8b9a56,EVT-004086,USER-00048,wishlist,2025-12-15T19:04:30,SES-a346e856,tablet,Safari,organic,PROD-01844,Samsung Galaxy Watch 6,Smartwatches,Electronics,790.52,,0,0,0,
6e925021-956a-439c-9f14-0f64afd53827,EVT-004087,USER-00154,search,2025-12-13T07:18:48,SES-5b0bc254,tablet,Chrome,organic,,,,,0.0,red wine gift,0,0,0,
c213946d-a2d6-475b-a58f-7f10105e6e09,EVT-004088,USER-00144,view,2026-01-10T02:24:00,SES-993dcc3e,tablet,Edge,direct,PROD-01196,Oral-B iO Series 9,Personal Care,Healthcare,285.71,,125,0,0,
9823babd-8252-4bba-9163-8f6b7ca84544,EVT-004089,USER-00001,view,2025-11-20T00:59:09,SES-164edb60,desktop,Safari,direct,PROD-00512,Dom Pérignon Rosé 2009,Champagne,Wine,415.51,,398,0,0,
9eef86dc-65e9-4adb-bd21-36de011e302c,EVT-004090,USER-00023,search,2025-12-28T16:44:40,SES-8002c427,desktop,Chrome,social,,,,,0.0,gaming laptop,0,0,0,
0fb0624a-7b79-4dba-af05-f08ebdb24c3e,EVT-004091,USER-00155,search,2025-10-24T20:50:53,SES-bfbb9c75,mobile,Firefox,social,,,,,0.0,wireless headphones,0,0,0,
e6d78ea8-923a-45c9-bebc-ed9fe8017efe,EVT-004092,USER-00218,click,2025-11-05T09:14:34,SES-8bb1710c,desktop,Safari,email,PROD-00003,Penfolds Grange,Red Wine,Wine,390.13,,276,0,0,
11237fa9-05cd-4541-b3b6-dd1a870eccd4,EVT-004093,USER-00107,search,2026-01-05T17:03:17,SES-c02bae9a,desktop,Firefox,organic,,,,,0.0,home office chair,0,0,0,
b98bb592-60da-4b93-9477-4fe8e3a808c3,EVT-004094,USER-00147,add_to_cart,2026-01-05T11:56:25,SES-25343b1d,mobile,Chrome,email,PROD-01416,REI Flash 55 Pack,Outdoor Gear,Sports,517.67,,0,1,0,
1b3e9980-ad63-443e-bb9b-9c946b9f0cf2,EVT-004095,USER-00048,wishlist,2025-10-29T08:23:25,SES-42be1739,tablet,Safari,organic,PROD-01844,Samsung Galaxy Watch 6,Smartwatches,Electronics,790.52,,0,0,0,
85fc9796-d949-4d08-9638-8ab92d936a15,EVT-004096,USER-00154,search,2026-01-15T06:52:00,SES-5ab4b448,tablet,Chrome,organic,,,,,0.0,red wine gift,0,0,0,
9a1f785c-0bdc-429d-925c-515da8c464e3,EVT-004097,USER-00144,view,2026-01-07T01:12:39,SES-41f7a8a0,tablet,Edge,direct,PROD-01196,Oral-B iO Series 9,Personal Care,Healthcare,285.71,,125,0,0,
c379ce37-5302-488b-ad5a-5156d1272f66,EVT-004098,USER-00001,view,2025-12-29T15:18:12,SES-7dfd96c1,desktop,Safari,direct,PROD-00512,Dom Pérignon Rosé 2009,Champagne,Wine,415.51,,398,0,0,
5f641789-7d8a-4874-9554-6d5f95a98b57,EVT-004099,USER-00023,search,2025-12-30T19:37:05,SES-b12116a2,desktop,Chrome,social,,,,,0.0,gaming laptop,0,0,0,
12569a03-c38c-4470-baba-8b5595a52e1b,EVT-004100,USER-00155,search,2026-01-02T12:03:36,SES-f94d5367,mobile,Firefox,social,,,,,0.0,wireless headphones,0,0,0,
3494037d-8a2c-4941-bec4-6d8c5f584b2b,EVT-004101,USER-00218,click,2025-11-22T05:30:44,SES-11eaab95,desktop,Safari,email,PROD-00003,Penfolds Grange,Red Wine,Wine,390.13,,276,0,0,
16d238f9-e7dc-4caa-ab88-6b439f25a208,EVT-004102,USER-00107,search,2026-01-13T14:34:24,SES-b3ecd074,desktop,Firefox,organic,,,,,0.0,home office chair,0,0,0,
965fe58d-b902-426a-940d-da658c72cd7f,EVT-004103,USER-00147,add_to_cart,2025-11-26T19:39:20,SES-49533cbf,mobile,Chrome,email,PROD-01416,REI Flash 55 Pack,Outdoor Gear,Sports,517.67,,0,1,0,
7a0ff1fa-1755-4513-844f-267bafa188d5,EVT-004104,USER-00048,wishlist,2026-01-18T14:58:25,SES-0c23a82c,tablet,Safari,organic,PROD-01844,Samsung Galaxy Watch 6,Smartwatches,Electronics,790.52,,0,0,0,
ca77edaa-6d10-409c-aead-0191b7787ff0,EVT-004105,USER-00154,search,2026-01-05T18:27:29,SES-6a12312e,tablet,Chrome,organic,,,,,0.0,red wine gift,0,0,0,
e3f25d5c-0e37-4ddf-be85-e18da71904ad,EVT-004106,USER-00144,view,2025-12-05T00:48:47,SES-6e65f6e3,tablet,Edge,direct,PROD-01196,Oral-B iO Series 9,Personal Care,Healthcare,285.71,,125,0,0,
872232c2-5a04-49cf-b280-b474ef9f005b,EVT-004107,USER-00001,view,2026-01-03T07:12:08,SES-558cc145,desktop,Safari,direct,PROD-00512,Dom Pérignon Rosé 2009,Champagne,Wine,415.51,,398,0,0,
4baff33f-a5a2-46fe-88f3-bff5b007bd9a,EVT-004108,USER-00023,search,2026-01-16T15:09:45,SES-7bdc8451,desktop,Chrome,social,,,,,0.0,gaming laptop,0,0,0,
bca20e02-ec40-4df5-9e35-63ead58679df,EVT-004109,USER-00155,search,2025-11-12T14:28:47,SES-4e0d65f3,mobile,Firefox,social,,,,,0.0,wireless headphones,0,0,0,
fdc6d628-14d6-4390-838b-0a9673cc7b9f,EVT-004110,USER-00218,click,2025-11-09T15:00:25,SES-160bdba6,desktop,Safari,email,PROD-00003,Penfolds Grange,Red Wine,Wine,390.13,,276,0,0,
8e6fe3dd-1d1d-4e80-814a-9efbe1db5356,EVT-004111,USER-00107,search,2025-11-22T22:32:11,SES-77b9ccd2,desktop,Firefox,organic,,,,,0.0,home office chair,0,0,0,
1247f7b4-5193-4c07-bab6-a806c563f45d,EVT-004112,USER-00147,add_to_cart,2025-12-07T05:12:33,SES-74ba7d34,mobile,Chrome,email,PROD-01416,REI Flash 55 Pack,Outdoor Gear,Sports,517.67,,0,1,0,
a64acc7e-0c8a-461e-86ff-72e220baebf4,EVT-004113,USER-00048,wishlist,2025-11-13T20:28:04,SES-a7e6c342,tablet,Safari,organic,PROD-01844,Samsung Galaxy Watch 6,Smartwatches,Electronics,790.52,,0,0,0,
ebf1b50b-c9dc-4b3c-89e7-d236ad99bcc1,EVT-004114,USER-00154,search,2025-12-06T11:40:48,SES-4ed9b74a,tablet,Chrome,organic,,,,,0.0,red wine gift,0,0,0,
5b1646ce-8f2a-4193-b27d-70f50c20b2fb,EVT-004115,USER-00144,view,2025-11-26T21:55:32,SES-aefddd31,tablet,Edge,direct,PROD-01196,Oral-B iO Series 9,Personal Care,Healthcare,285.71,,125,0,0,
6a851085-2dc3-47e2-b72e-b95c490bf736,EVT-004116,USER-00001,view,2025-11-24T01:54:14,SES-f94b3609,desktop,Safari,direct,PROD-00512,Dom Pérignon Rosé 2009,Champagne,Wine,415.51,,398,0,0,
fc75dbd8-ad7e-4a02-af76-ab1676c423c7,EVT-004117,USER-00023,search,2025-11-11T01:35:55,SES-108c877c,desktop,Chrome,social,,,,,0.0,gaming laptop,0,0,0,
ab53c7c1-37da-41b8-aa53-afed3a1d5203,EVT-004118,USER-00155,search,2025-12-27T13:00:44,SES-3cda1fc8,mobile,Firefox,social,,,,,0.0,wireless headphones,0,0,0,
a9ffd639-e274-452b-a88c-e6b189e09dba,EVT-004119,USER-00218,click,2025-12-30T02:30:32,SES-63fd63cd,desktop,Safari,email,PROD-00003,Penfolds Grange,Red Wine,Wine,390.13,,276,0,0,
8e58b766-f9b7-4880-83c1-13baae6d926b,EVT-004120,USER-00107,search,2025-11-16T21:30:13,SES-3a7815e5,desktop,Firefox,organic,,,,,0.0,home office chair,0,0,0,
ab2393e1-e172-4472-bc73-383a902a8555,EVT-004121,USER-00147,add_to_cart,2025-11-16T12:57:23,SES-a02bef5a,mobile,Chrome,email,PROD-01416,REI Flash 55 Pack,Outdoor Gear,Sports,517.67,,0,1,0,
28940d88-cb8c-49e0-afb1-18d7e967b9eb,EVT-004122,USER-00048,wishlist,2025-12-20T08:27:32,SES-f3b09dfd,tablet,Safari,organic,PROD-01844,Samsung Galaxy Watch 6,Smartwatches,Electronics,790.52,,0,0,0,
d304ed55-924e-4b6b-a876-21b0ca080bb4,EVT-004123,USER-00154,search,2026-01-03T08:04:52,SES-7c4e89c4,tablet,Chrome,organic,,,,,0.0,red wine gift,0,0,0,
9f110ca4-f9a3-44d3-a19e-76c416c4b65e,EVT-004124,USER-00144,view,2025-10-24T23:50:45,SES-6ccbcd32,tablet,Edge,direct,PROD-01196,Oral-B iO Series 9,Personal Care,Healthcare,285.71,,125,0,0,
34ecb026-bdcd-4b6a-be61-58f6fe26d19f,EVT-004125,USER-00001,view,2025-11-05T08:46:56,SES-e1d21cb8,desktop,Safari,direct,PROD-00512,Dom Pérignon Rosé 2009,Champagne,Wine,415.51,,398,0,0,
050a4356-5e72-4aab-84b2-9991abed2d6d,EVT-004126,USER-00023,search,2025-11-03T07:39:48,SES-4a4008e1,desktop,Chrome,social,,,,,0.0,gaming laptop,0,0,0,
954a7c1f-1542-4c7f-826d-d7488099ca7e,EVT-004127,USER-00155,search,2025-12-24T02:27:28,SES-e702bf97,mobile,Firefox,social,,,,,0.0,wireless headphones,0,0,0,
073a732a-f9d3-4d75-b616-240377eace92,EVT-004128,USER-00218,click,2025-12-01T15:06:50,SES-1a5b9813,desktop,Safari,email,PROD-00003,Penfolds Grange,Red Wine,Wine,390.13,,276,0,0,
6b71caa2-11d0-4c80-a856-6022cec1eeb8,EVT-004129,USER-00107,search,2025-12-03T05:40:58,SES-52c0edc8,desktop,Firefox,organic,,,,,0.0,home office chair,0,0,0,
089d166a-214e-45b3-b4bd-a1661ea016b9,EVT-004130,USER-00147,add_to_cart,2025-11-30T05:23:39,SES-6b78d5b5,mobile,Chrome,email,PROD-01416,REI Flash 55 Pack,Outdoor Gear,Sports,517.67,,0,1,0,
676f8fbd-b036-4350-9a2c-4a948b5b974a,EVT-004131,USER-00048,wishlist,2026-01-09T00:11:48,SES-20599e4a,tablet,Safari,organic,PROD-01844,Samsung Galaxy Watch 6,Smartwatches,Electronics,790.52,,0,0,0,
ec2e3b91-2d9d-48fa-8a43-219c4bad4685,EVT-004132,USER-00154,search,2025-12-08T23:13:29,SES-df5cef7d,tablet,Chrome,organic,,,,,0.0,red wine gift,0,0,0,
0a6ba727-c30d-47d8-8032-7fdff4578f3d,EVT-004133,USER-00144,view,2026-01-08T05:37:49,SES-a883dee0,tablet,Edge,direct,PROD-01196,Oral-B iO Series 9,Personal Care,Healthcare,285.71,,125,0,0,
2ad878e7-df5a-4f44-b4a1-7a84562a36e9,EVT-004134,USER-00001,view,2025-10-27T09:51:00,SES-35df7d94,desktop,Safari,direct,PROD-00512,Dom Pérignon Rosé 2009,Champagne,Wine,415.51,,398,0,0,
da66da9c-9276-47cb-8bad-de547f16d607,EVT-004135,USER-00023,search,2026-01-11T11:52:17,SES-efd2af2c,desktop,Chrome,social,,,,,0.0,gaming laptop,0,0,0,
9ab099c2-b6c9-46e8-be48-4cebf45eba52,EVT-004136,USER-00155,search,2025-12-13T01:11:05,SES-96ca55ea,mobile,Firefox,social,,,,,0.0,wireless headphones,0,0,0,
fbc433be-979d-41ee-92b5-d28ed192a2d3,EVT-004137,USER-00218,click,2025-10-28T14:24:25,SES-d4d9fac3,desktop,Safari,email,PROD-00003,Penfolds Grange,Red Wine,Wine,390.13,,276,0,0,
32177afd-be05-4894-8e22-79d4cc17f210,EVT-004138,USER-00107,search,2026-01-19T09:19:56,SES-343d113e,desktop,Firefox,organic,,,,,0.0,home office chair,0,0,0,
292d85df-3ba0-4006-9587-6cbfa86f82e6,EVT-004139,USER-00147,add_to_cart,2025-12-11T11:35:09,SES-b311a934,mobile,Chrome,email,PROD-01416,REI Flash 55 Pack,Outdoor Gear,Sports,517.67,,0,1,0,
a33b1760-d5af-46b1-a529-02574d79c1f9,EVT-004140,USER-00048,wishlist,2025-11-28T00:11:17,SES-48aa556f,tablet,Safari,organic,PROD-01844,Samsung Galaxy Watch 6,Smartwatches,Electronics,790.52,,0,0,0,
9a85b010-8a78-41a1-948f-dfb84a1bfcc4,EVT-004141,USER-00154,search,2025-10-24T07:40:53,SES-ac44dbcb,tablet,Chrome,organic,,,,,0.0,red wine gift,0,0,0,
0a9d60d4-2888-4ba1-85e7-228b65e818e8,EVT-004142,USER-00144,view,2025-12-16T16:08:24,SES-52a48545,tablet,Edge,direct,PROD-01196,Oral-B iO Series 9,Personal Care,Healthcare,285.71,,125,0,0,
c9133da5-01a1-4116-8a31-db20e32a565d,EVT-004143,USER-00001,view,2025-12-04T04:41:44,SES-dc6429ad,desktop,Safari,direct,PROD-00512,Dom Pérignon Rosé 2009,Champagne,Wine,415.51,,398,0,0,
31581f89-240d-49ae-a37c-bab30628bc2e,EVT-004144,USER-00023,search,2025-10-25T20:41:27,SES-fb5a075d,desktop,Chrome,social,,,,,0.0,gaming laptop,0,0,0,
f248a24c-618a-408f-8eda-e9242be477d9,EVT-004145,USER-00155,search,2025-12-10T16:49:40,SES-fff669b3,mobile,Firefox,social,,,,,0.0,wireless headphones,0,0,0,
f1248e2a-31f6-4d0d-b245-1e1d917ac069,EVT-004146,USER-00218,click,2026-01-15T12:21:20,SES-dafd2669,desktop,Safari,email,PROD-00003,Penfolds Grange,Red Wine,Wine,390.13,,276,0,0,
b726ebe9-704f-43a7-abe8-246391b3dc86,EVT-004147,USER-00107,search,2026-01-08T06:03:10,SES-42156c28,desktop,Firefox,organic,,,,,0.0,home office chair,0,0,0,
fac2c921-bc1b-4c0a-b1aa-e2e871457dca,EVT-004148,USER-00147,add_to_cart,2025-11-23T12:03:29,SES-752e555b,mobile,Chrome,email,PROD-01416,REI Flash 55 Pack,Outdoor Gear,Sports,517.67,,0,1,0,
3a365ac2-e560-449a-ab68-8f8cfbe8e630,EVT-004149,USER-00048,wishlist,2026-01-07T11:05:00,SES-f33a055f,tablet,Safari,organic,PROD-01844,Samsung Galaxy Watch 6,Smartwatches,Electronics,790.52,,0,0,0,
220f3305-31c4-4e0e-b0c4-6943b98c50d1,EVT-004150,USER-00154,search,2025-12-14T01:26:47,SES-f4319bdc,tablet,Chrome,organic,,,,,0.0,red wine gift,0,0,0,
a69f6dfb-e5d9-470c-a5e3-fd12f942b59d,EVT-004151,USER-00144,view,2025-12-09T12:23:41,SES-9e563d76,tablet,Edge,direct,PROD-01196,Oral-B iO Series 9,Personal Care,Healthcare,285.71,,125,0,0,
5b4b7eed-3d2a-48b3-b865-4f357a562d51,EVT-004152,USER-00001,view,2025-11-19T04:32:37,SES-39609630,desktop,Safari,direct,PROD-00512,Dom Pérignon Rosé 2009,Champagne,Wine,415.51,,398,0,0,
221ea407-22d5-4595-8f67-216a62621f31,EVT-004153,USER-00023,search,2025-12-17T13:20:48,SES-962ca4b4,desktop,Chrome,social,,,,,0.0,gaming laptop,0,0,0,
a17d38be-ea12-4ae8-b436-ff32b960d3d1,EVT-004154,USER-00155,search,2025-11-24T03:37:46,SES-4a212c08,mobile,Firefox,social,,,,,0.0,wireless headphones,0,0,0,
4dc35d73-13b3-424e-90ef-d3f0629bc852,EVT-004155,USER-00218,click,2025-12-23T08:07:40,SES-d4890192,desktop,Safari,email,PROD-00003,Penfolds Grange,Red Wine,Wine,390.13,,276,0,0,
580d17dd-8b83-4d7b-bd4f-0f9535285a29,EVT-004156,USER-00107,search,2025-10-29T06:18:22,SES-7621dfb9,desktop,Firefox,organic,,,,,0.0,home office chair,0,0,0,
65ca9127-c8a3-4239-a221-7efe2e619b51,EVT-004157,USER-00147,add_to_cart,2026-01-02T01:17:04,SES-585b3b7e,mobile,Chrome,email,PROD-01416,REI Flash 55 Pack,Outdoor Gear,Sports,517.67,,0,1,0,
cf9e4809-f3ff-4b0d-b0a8-f32e4363c26c,EVT-004158,USER-00048,wishlist,2025-10-30T01:58:47,SES-5c515366,tablet,Safari,organic,PROD-01844,Samsung Galaxy Watch 6,Smartwatches,Electronics,790.52,,0,0,0,
70bcec2f-c4f6-4bbf-97c7-d3b75dacdfcf,EVT-004159,USER-00154,search,2025-12-16T15:11:24,SES-528d6b30,tablet,Chrome,organic,,,,,0.0,red wine gift,0,0,0,
fafdbf94-0d32-4bf0-96dc-7fdeda0ec804,EVT-004160,USER-00144,view,2025-10-31T16:38:22,SES-d0189cd1,tablet,Edge,direct,PROD-01196,Oral-B iO Series 9,Personal Care,Healthcare,285.71,,125,0,0,
e39adce5-3830-4004-873c-fd796074bcd1,EVT-004161,USER-00001,view,2025-12-15T22:50:28,SES-14b866a0,desktop,Safari,direct,PROD-00512,Dom Pérignon Rosé 2009,Champagne,Wine,415.51,,398,0,0,
1d9e099d-7a5f-4a0e-b665-590be1658dca,EVT-004162,USER-00023,search,2026-01-06T12:49:55,SES-7df7c7a9,desktop,Chrome,social,,,,,0.0,gaming laptop,0,0,0,
a9705eb5-5e49-4a52-9e6d-c1f26f40bd22,EVT-004163,USER-00155,search,2025-11-02T15:41:20,SES-ecc9d624,mobile,Firefox,social,,,,,0.0,wireless headphones,0,0,0,
49c117af-f63e-41fa-8fd0-ab310a151313,EVT-004164,USER-00218,click,2025-12-13T09:01:33,SES-91a91e12,desktop,Safari,email,PROD-00003,Penfolds Grange,Red Wine,Wine,390.13,,276,0,0,
8132061c-db7e-4989-894d-dc224ce4405e,EVT-004165,USER-00107,search,2025-11-07T02:37:05,SES-faacee7a,desktop,Firefox,organic,,,,,0.0,home office chair,0,0,0,
7f684cba-8c69-4f2a-9585-110039fbcea9,EVT-004166,USER-00147,add_to_cart,2026-01-08T06:46:53,SES-52157556,mobile,Chrome,email,PROD-01416,REI Flash 55 Pack,Outdoor Gear,Sports,517.67,,0,1,0,
d7c919ce-de4e-465c-8091-51466e311cdb,EVT-004167,USER-00048,wishlist,2025-12-11T14:28:20,SES-1330aec0,tablet,Safari,organic,PROD-01844,Samsung Galaxy Watch 6,Smartwatches,Electronics,790.52,,0,0,0,
75f537de-71cf-4e09-9d25-b92afcfea926,EVT-004168,USER-00154,search,2026-01-12T21:57:00,SES-a05ec3a9,tablet,Chrome,organic,,,,,0.0,red wine gift,0,0,0,
9b8d0f1b-d14a-4f4e-a1c3-5eee11a9cc6a,EVT-004169,USER-00144,view,2026-01-13T10:02:08,SES-c9e37687,tablet,Edge,direct,PROD-01196,Oral-B iO Series 9,Personal Care,Healthcare,285.71,,125,0,0,
6a5cb9dd-d92a-4ffc-9416-1904a4b84ba2,EVT-004170,USER-00001,view,2025-10-31T06:21:21,SES-c2e72b30,desktop,Safari,direct,PROD-00512,Dom Pérignon Rosé 2009,Champagne,Wine,415.51,,398,0,0,
e776201a-5b4f-4c92-8a6c-46c38466590a,EVT-004171,USER-00023,search,2025-12-17T11:16:20,SES-5225eed6,desktop,Chrome,social,,,,,0.0,gaming laptop,0,0,0,
bfb281be-430a-4041-88d5-5ba4f56c469e,EVT-004172,USER-00155,search,2026-01-20T07:30:11,SES-e0878cf5,mobile,Firefox,social,,,,,0.0,wireless headphones,0,0,0,
d011f340-1b15-49b3-9470-25e32cc0d915,EVT-004173,USER-00218,click,2025-12-07T05:29:23,SES-284271b0,desktop,Safari,email,PROD-00003,Penfolds Grange,Red Wine,Wine,390.13,,276,0,0,
e694c58b-0def-47a8-bac8-ad15f0c18bf5,EVT-004174,USER-00107,search,2025-12-20T23:24:21,SES-c0c21db2,desktop,Firefox,organic,,,,,0.0,home office chair,0,0,0,
a407da42-3e06-452a-8659-6fd63e00f85f,EVT-004175,USER-00147,add_to_cart,2025-12-24T20:56:41,SES-f2559863,mobile,Chrome,email,PROD-01416,REI Flash 55 Pack,Outdoor Gear,Sports,517.67,,0,1,0,
37c24bd2-9c46-4857-a823-c1234c30edc4,EVT-004176,USER-00048,wishlist,2025-11-10T06:43:47,SES-44280728,tablet,Safari,organic,PROD-01844,Samsung Galaxy Watch 6,Smartwatches,Electronics,790.52,,0,0,0,
6e7b81ab-d6c6-4cea-8eb9-df084de46764,EVT-004177,USER-00154,search,2026-01-03T18:00:03,SES-ff786228,tablet,Chrome,organic,,,,,0.0,red wine gift,0,0,0,
bc107af2-7346-4e09-96e0-34b3c4b5aa2b,EVT-004178,USER-00144,view,2025-10-29T20:13:36,SES-44d80e40,tablet,Edge,direct,PROD-01196,Oral-B iO Series 9,Personal Care,Healthcare,285.71,,125,0,0,
a70826dd-d314-492c-930f-9609c589f286,EVT-004179,USER-00001,view,2026-01-05T05:26:16,SES-a55d9a49,desktop,Safari,direct,PROD-00512,Dom Pérignon Rosé 2009,Champagne,Wine,415.51,,398,0,0,
22e2d480-7e2b-475d-9761-a7b07afae7da,EVT-004180,USER-00023,search,2025-12-28T03:39:21,SES-5a38231a,desktop,Chrome,social,,,,,0.0,gaming laptop,0,0,0,
35f9a18b-4eef-42d6-8ab1-9e0f0606202f,EVT-004181,USER-00155,search,2025-12-03T14:06:30,SES-7588e224,mobile,Firefox,social,,,,,0.0,wireless headphones,0,0,0,
bf7a7f79-e897-4c79-93c4-2524c70324fb,EVT-004182,USER-00218,click,2026-01-10T03:26:19,SES-6883439c,desktop,Safari,email,PROD-00003,Penfolds Grange,Red Wine,Wine,390.13,,276,0,0,
537d89b6-d275-4303-824f-c7c09d6c4603,EVT-004183,USER-00107,search,2025-11-18T15:04:18,SES-e6e7592c,desktop,Firefox,organic,,,,,0.0,home office chair,0,0,0,
190f3b54-4ebd-4ba7-8178-c6ad3af99da6,EVT-004184,USER-00147,add_to_cart,2025-12-06T23:07:28,SES-3a0243d4,mobile,Chrome,email,PROD-01416,REI Flash 55 Pack,Outdoor Gear,Sports,517.67,,0,1,0,
b7371488-02a9-4959-b4f9-cd025f4a3fdd,EVT-004185,USER-00048,wishlist,2025-12-05T13:30:30,SES-f483b457,tablet,Safari,organic,PROD-01844,Samsung Galaxy Watch 6,Smartwatches,Electronics,790.52,,0,0,0,
47cbd97a-ee13-4029-bd8d-352f95461190,EVT-004186,USER-00154,search,2026-01-17T02:16:44,SES-09c8b791,tablet,Chrome,organic,,,,,0.0,red wine gift,0,0,0,
b89ab4a2-d194-492d-8642-de08d62a2fa1,EVT-004187,USER-00144,view,2026-01-16T05:44:16,SES-9bf9663f,tablet,Edge,direct,PROD-01196,Oral-B iO Series 9,Personal Care,Healthcare,285.71,,125,0,0,
d7cdc831-cdfa-4f6a-93b5-210a877f763d,EVT-004188,USER-00001,view,2026-01-02T11:46:36,SES-adc7e9ee,desktop,Safari,direct,PROD-00512,Dom Pérignon Rosé 2009,Champagne,Wine,415.51,,398,0,0,
b80ba6b6-1c0a-43f2-8533-1caff53ef26b,EVT-004189,USER-00023,search,2025-11-06T12:35:37,SES-cbdcbbb5,desktop,Chrome,social,,,,,0.0,gaming laptop,0,0,0,
4b54089f-8986-49c7-909f-386b77f0e025,EVT-004190,USER-00155,search,2025-12-24T21:34:24,SES-50908272,mobile,Firefox,social,,,,,0.0,wireless headphones,0,0,0,
5faf842e-194a-4e0f-beef-5257a4765586,EVT-004191,USER-00218,click,2025-11-23T19:53:10,SES-3322ea5e,desktop,Safari,email,PROD-00003,Penfolds Grange,Red Wine,Wine,390.13,,276,0,0,
0a650d41-86c0-42d9-bedc-031dce31e47b,EVT-004192,USER-00107,search,2025-10-29T20:05:31,SES-270ead6b,desktop,Firefox,organic,,,,,0.0,home office chair,0,0,0,
c90f5943-c62e-4480-87e4-2efe0be00536,EVT-004193,USER-00147,add_to_cart,2025-11-09T09:15:37,SES-40d292a6,mobile,Chrome,email,PROD-01416,REI Flash 55 Pack,Outdoor Gear,Sports,517.67,,0,1,0,
ce8dde0b-6bd3-447a-be1d-3481181e79a7,EVT-004194,USER-00048,wishlist,2025-12-24T15:30:21,SES-02b6feee,tablet,Safari,organic,PROD-01844,Samsung Galaxy Watch 6,Smartwatches,Electronics,790.52,,0,0,0,
418c727a-e553-4001-8a54-d74e9dc69618,EVT-004195,USER-00154,search,2025-12-17T14:17:53,SES-e7f8aa5d,tablet,Chrome,organic,,,,,0.0,red wine gift,0,0,0,
ac7442ea-09d5-4f17-8765-454434951eff,EVT-004196,USER-00144,view,2025-11-24T17:44:37,SES-de8857e1,tablet,Edge,direct,PROD-01196,Oral-B iO Series 9,Personal Care,Healthcare,285.71,,125,0,0,
5c33ef64-843d-438d-9648-fdfcedc18a35,EVT-004197,USER-00001,view,2025-12-05T19:56:09,SES-c5fad933,desktop,Safari,direct,PROD-00512,Dom Pérignon Rosé 2009,Champagne,Wine,415.51,,398,0,0,
3e6680c3-0a3b-4ecf-8082-2bfbab772577,EVT-004198,USER-00023,search,2025-12-12T23:35:32,SES-b4f040c5,desktop,Chrome,social,,,,,0.0,gaming laptop,0,0,0,
ef0ebfc3-2ffe-4d7b-b092-c8739708bdef,EVT-004199,USER-00155,search,2026-01-06T14:03:17,SES-d4ca29c4,mobile,Firefox,social,,,,,0.0,wireless headphones,0,0,0,
d99db417-78d8-4ff8-bd5a-33d087c9c184,EVT-004200,USER-00218,click,2025-12-28T23:46:20,SES-984efeb4,desktop,Safari,email,PROD-00003,Penfolds Grange,Red Wine,Wine,390.13,,276,0,0,
51ad849b-e38c-4d91-8295-1c230f549d7c,EVT-004201,USER-00107,search,2026-01-02T12:59:35,SES-877c8c0e,desktop,Firefox,organic,,,,,0.0,home office chair,0,0,0,
8ab77034-45bb-4303-9a34-728251dace03,EVT-004202,USER-00147,add_to_cart,2026-01-10T09:09:14,SES-2d27833b,mobile,Chrome,email,PROD-01416,REI Flash 55 Pack,Outdoor Gear,Sports,517.67,,0,1,0,
e9814677-aaab-46bc-a28b-4df4b72e1667,EVT-004203,USER-00048,wishlist,2025-12-03T17:29:17,SES-c44cceb5,tablet,Safari,organic,PROD-01844,Samsung Galaxy Watch 6,Smartwatches,Electronics,790.52,,0,0,0,
d4c2a8eb-c21f-46d2-bbd9-a926c12865de,EVT-004204,USER-00154,search,2026-01-17T02:22:29,SES-5ccdc066,tablet,Chrome,organic,,,,,0.0,red wine gift,0,0,0,
41d03520-9a0b-4d1e-94b6-b56d9115e22d,EVT-004205,USER-00144,view,2025-10-24T19:59:23,SES-1829540f,tablet,Edge,direct,PROD-01196,Oral-B iO Series 9,Personal Care,Healthcare,285.71,,125,0,0,
3cb2edc2-e75f-4540-91f6-c0cad94dee25,EVT-004206,USER-00001,view,2025-11-30T17:24:48,SES-6580207a,desktop,Safari,direct,PROD-00512,Dom Pérignon Rosé 2009,Champagne,Wine,415.51,,398,0,0,
ec72f628-25cc-4b7b-80ec-086cdf9758b6,EVT-004207,USER-00023,search,2025-12-17T13:09:57,SES-b81dca58,desktop,Chrome,social,,,,,0.0,gaming laptop,0,0,0,
1b81c2b9-6c69-47ad-8915-a79a43c06994,EVT-004208,USER-00155,search,2025-11-20T06:33:55,SES-f8c10590,mobile,Firefox,social,,,,,0.0,wireless headphones,0,0,0,
92315af9-ba1c-4832-b2e1-021e46fd2c96,EVT-004209,USER-00218,click,2025-10-23T08:44:07,SES-cb6c4a61,desktop,Safari,email,PROD-00003,Penfolds Grange,Red Wine,Wine,390.13,,276,0,0,
3f4acd85-e749-4363-8006-e22e9082a46a,EVT-004210,USER-00107,search,2025-12-22T07:13:55,SES-06fdfdbf,desktop,Firefox,organic,,,,,0.0,home office chair,0,0,0,
a4803a53-bbec-43c1-bd78-cad4eeee2675,EVT-004211,USER-00147,add_to_cart,2026-01-11T03:49:42,SES-0562be38,mobile,Chrome,email,PROD-01416,REI Flash 55 Pack,Outdoor Gear,Sports,517.67,,0,1,0,
f1852f6e-35c5-461d-a343-3e345934ad20,EVT-004212,USER-00048,wishlist,2025-11-29T14:34:23,SES-db048569,tablet,Safari,organic,PROD-01844,Samsung Galaxy Watch 6,Smartwatches,Electronics,790.52,,0,0,0,
ef23b2a4-5bc8-4f7c-a04a-0d671a9693af,EVT-004213,USER-00154,search,2025-10-24T13:54:13,SES-8d4792a1,tablet,Chrome,organic,,,,,0.0,red wine gift,0,0,0,
267ed1b3-5eb7-4ce8-8340-85ef658b4b8c,EVT-004214,USER-00144,view,2025-10-23T13:49:28,SES-f6d63d66,tablet,Edge,direct,PROD-01196,Oral-B iO Series 9,Personal Care,Healthcare,285.71,,125,0,0,
abb7da6f-a7a8-4058-8b20-267201cab10d,EVT-004215,USER-00001,view,2025-11-13T14:45:12,SES-95aa02f6,desktop,Safari,direct,PROD-00512,Dom Pérignon Rosé 2009,Champagne,Wine,415.51,,398,0,0,
df7ad7d8-2bf9-4c1b-b86a-dd41edfb7475,EVT-004216,USER-00023,search,2025-11-23T01:08:22,SES-bc0ea58b,desktop,Chrome,social,,,,,0.0,gaming laptop,0,0,0,
279be64a-883d-4521-8abf-3db284cbb169,EVT-004217,USER-00155,search,2025-12-03T05:15:37,SES-62ba9e88,mobile,Firefox,social,,,,,0.0,wireless headphones,0,0,0,
44a419c5-a118-471b-b89b-28329238b91c,EVT-004218,USER-00218,click,2025-11-06T08:36:29,SES-37ec89fc,desktop,Safari,email,PROD-00003,Penfolds Grange,Red Wine,Wine,390.13,,276,0,0,
5238d853-7429-451d-a198-2d94d50b6f01,EVT-004219,USER-00107,search,2025-11-16T21:06:02,SES-75fc1b23,desktop,Firefox,organic,,,,,0.0,home office chair,0,0,0,
66bda220-922a-4228-b4ab-d1d4e6af756d,EVT-004220,USER-00147,add_to_cart,2026-01-13T19:33:47,SES-9b1903c6,mobile,Chrome,email,PROD-01416,REI Flash 55 Pack,Outdoor Gear,Sports,517.67,,0,1,0,
3182cefd-f192-4169-b188-d2558ce8f77b,EVT-004221,USER-00048,wishlist,2025-11-13T09:18:03,SES-a5b11a20,tablet,Safari,organic,PROD-01844,Samsung Galaxy Watch 6,Smartwatches,Electronics,790.52,,0,0,0,
d028f7c3-4ae7-42d2-a8f3-0fd45c981c71,EVT-004222,USER-00154,search,2025-12-18T11:37:32,SES-b7f46f41,tablet,Chrome,organic,,,,,0.0,red wine gift,0,0,0,
01f753b1-eed4-466d-940c-240232064f5e,EVT-004223,USER-00144,view,2025-12-27T05:43:04,SES-a1224996,tablet,Edge,direct,PROD-01196,Oral-B iO Series 9,Personal Care,Healthcare,285.71,,125,0,0,
aa24106d-815f-4ab6-8aa6-4dfb128f5f90,EVT-004224,USER-00001,view,2026-01-05T06:59:02,SES-3213096f,desktop,Safari,direct,PROD-00512,Dom Pérignon Rosé 2009,Champagne,Wine,415.51,,398,0,0,
56fe41d3-57d2-4436-ae8b-be1597b348fb,EVT-004225,USER-00023,search,2025-11-23T11:00:28,SES-223aac59,desktop,Chrome,social,,,,,0.0,gaming laptop,0,0,0,
c26208d8-fa0f-4c97-a5e6-2be6562199c3,EVT-004226,USER-00155,search,2025-12-13T10:25:42,SES-a2caefe2,mobile,Firefox,social,,,,,0.0,wireless headphones,0,0,0,
2da199b7-b0a1-431d-b91c-915b3fea5693,EVT-004227,USER-00218,click,2025-12-06T04:34:20,SES-ec69c74c,desktop,Safari,email,PROD-00003,Penfolds Grange,Red Wine,Wine,390.13,,276,0,0,
27cf763e-1570-48de-b482-54896ed172f2,EVT-004228,USER-00107,search,2025-12-25T04:57:27,SES-c5a4bd0a,desktop,Firefox,organic,,,,,0.0,home office chair,0,0,0,
0be9f722-851b-4a61-ba9c-0656717951af,EVT-004229,USER-00147,add_to_cart,2025-12-26T08:25:42,SES-6ff84755,mobile,Chrome,email,PROD-01416,REI Flash 55 Pack,Outdoor Gear,Sports,517.67,,0,1,0,
2e3fbea6-6939-4e44-84ba-4976d3250e5e,EVT-004230,USER-00048,wishlist,2025-11-11T04:44:09,SES-2f94b0f6,tablet,Safari,organic,PROD-01844,Samsung Galaxy Watch 6,Smartwatches,Electronics,790.52,,0,0,0,
60331696-6725-4d7a-9fe5-3d8bfe7d6934,EVT-004231,USER-00154,search,2026-01-05T11:59:29,SES-2f4cba0f,tablet,Chrome,organic,,,,,0.0,red wine gift,0,0,0,
91982a4e-06a2-4e40-add9-8018c5d2e9fe,EVT-004232,USER-00144,view,2026-01-10T12:13:16,SES-dbf4079f,tablet,Edge,direct,PROD-01196,Oral-B iO Series 9,Personal Care,Healthcare,285.71,,125,0,0,
55727961-d010-4d11-aeba-e7ad0cc8c21d,EVT-004233,USER-00001,view,2025-12-17T12:28:05,SES-26573721,desktop,Safari,direct,PROD-00512,Dom Pérignon Rosé 2009,Champagne,Wine,415.51,,398,0,0,
37f86e42-1c3f-47af-b248-25d7cb04e530,EVT-004234,USER-00023,search,2026-01-20T14:10:00,SES-66cf9393,desktop,Chrome,social,,,,,0.0,gaming laptop,0,0,0,
cf0b39ed-d067-40aa-90eb-a22277c582fd,EVT-004235,USER-00155,search,2025-11-26T04:18:47,SES-f166ec08,mobile,Firefox,social,,,,,0.0,wireless headphones,0,0,0,
0396f5df-66d2-470e-8c09-d0207754ee38,EVT-004236,USER-00218,click,2026-01-17T11:20:16,SES-6c4b0fad,desktop,Safari,email,PROD-00003,Penfolds Grange,Red Wine,Wine,390.13,,276,0,0,
0baa0258-a475-49d5-a56e-86c9b3692e2c,EVT-004237,USER-00107,search,2026-01-16T05:12:17,SES-a645b5c4,desktop,Firefox,organic,,,,,0.0,home office chair,0,0,0,
a9ad6bc0-f4ac-4c0b-800f-fc5d71102cbc,EVT-004238,USER-00147,add_to_cart,2025-12-31T03:46:40,SES-6b045fe6,mobile,Chrome,email,PROD-01416,REI Flash 55 Pack,Outdoor Gear,Sports,517.67,,0,1,0,
35bd376b-ab62-4ff2-a89a-1f8191f13c0c,EVT-004239,USER-00048,wishlist,2026-01-14T22:45:09,SES-73c523c7,tablet,Safari,organic,PROD-01844,Samsung Galaxy Watch 6,Smartwatches,Electronics,790.52,,0,0,0,
dffe304b-5045-4f67-a91c-858f19d95867,EVT-004240,USER-00154,search,2025-12-17T18:06:06,SES-358dad5f,tablet,Chrome,organic,,,,,0.0,red wine gift,0,0,0,
1c38282c-7449-4ca0-9958-39bca191646d,EVT-004241,USER-00144,view,2025-11-06T13:31:28,SES-4b9b9ae8,tablet,Edge,direct,PROD-01196,Oral-B iO Series 9,Personal Care,Healthcare,285.71,,125,0,0,
91b19e9a-1a2c-44f8-af8e-f6f10b5ce444,EVT-004242,USER-00001,view,2025-11-10T01:58:33,SES-91f136dd,desktop,Safari,direct,PROD-00512,Dom Pérignon Rosé 2009,Champagne,Wine,415.51,,398,0,0,
865f6cb8-0f8f-466c-9a2c-466ead838620,EVT-004243,USER-00023,search,2026-01-05T19:07:53,SES-13313e07,desktop,Chrome,social,,,,,0.0,gaming laptop,0,0,0,
cf2ea807-88e6-41a0-9a2e-79039cbb8d1d,EVT-004244,USER-00155,search,2025-11-06T03:27:21,SES-ff9efbdd,mobile,Firefox,social,,,,,0.0,wireless headphones,0,0,0,
5b7034f7-8cbf-4fb3-a466-d8054cc6ff4f,EVT-004245,USER-00218,click,2025-11-11T18:16:49,SES-ec03f3df,desktop,Safari,email,PROD-00003,Penfolds Grange,Red Wine,Wine,390.13,,276,0,0,
f605f5a8-6c37-4c11-bafb-28cfc46b9663,EVT-004246,USER-00107,search,2025-11-21T16:44:38,SES-eb69d780,desktop,Firefox,organic,,,,,0.0,home office chair,0,0,0,
7ee076d2-e1cf-4c88-a048-c7ea5c9ab62e,EVT-004247,USER-00147,add_to_cart,2025-11-09T09:03:26,SES-2ab1d28d,mobile,Chrome,email,PROD-01416,REI Flash 55 Pack,Outdoor Gear,Sports,517.67,,0,1,0,
3444a1fb-f8ae-4ee8-a442-0a6655be2775,EVT-004248,USER-00048,wishlist,2025-11-01T13:02:08,SES-76d46c1c,tablet,Safari,organic,PROD-01844,Samsung Galaxy Watch 6,Smartwatches,Electronics,790.52,,0,0,0,
5194761b-cc69-44c2-85f6-e43631c7fd47,EVT-004249,USER-00154,search,2025-10-25T07:02:13,SES-28b1c8fc,tablet,Chrome,organic,,,,,0.0,red wine gift,0,0,0,
da0190fe-f1fd-4e5b-9ed3-adc08d4c2ad2,EVT-004250,USER-00144,view,2025-12-13T12:53:35,SES-e8412065,tablet,Edge,direct,PROD-01196,Oral-B iO Series 9,Personal Care,Healthcare,285.71,,125,0,0,
a8571f40-d037-478b-8e2b-9dc548b384f9,EVT-004251,USER-00001,view,2025-12-20T04:30:30,SES-f89a0031,desktop,Safari,direct,PROD-00512,Dom Pérignon Rosé 2009,Champagne,Wine,415.51,,398,0,0,
40b55bb4-f75e-4e6e-b6bc-b662cb2072d5,EVT-004252,USER-00023,search,2026-01-12T18:13:10,SES-e4201707,desktop,Chrome,social,,,,,0.0,gaming laptop,0,0,0,
418f9424-c268-4e3f-b532-158842b029f8,EVT-004253,USER-00155,search,2025-10-26T13:51:39,SES-71487779,mobile,Firefox,social,,,,,0.0,wireless headphones,0,0,0,
1f79a059-ade7-48e2-9733-4ceb3dfdeccf,EVT-004254,USER-00218,click,2026-01-06T10:12:38,SES-7c5f0d40,desktop,Safari,email,PROD-00003,Penfolds Grange,Red Wine,Wine,390.13,,276,0,0,
d5a70bb7-2ba2-4d47-88dc-ad8dca2ae6eb,EVT-004255,USER-00107,search,2025-11-04T02:36:54,SES-ba62fac7,desktop,Firefox,organic,,,,,0.0,home office chair,0,0,0,
b3d67ee9-c235-4c94-b58e-cd01937aa0a2,EVT-004256,USER-00147,add_to_cart,2025-12-14T04:23:54,SES-eb59be25,mobile,Chrome,email,PROD-01416,REI Flash 55 Pack,Outdoor Gear,Sports,517.67,,0,1,0,
cdbc6a66-53b9-417d-ac5b-7d3e54dd6633,EVT-004257,USER-00048,wishlist,2025-11-25T14:02:21,SES-337679ce,tablet,Safari,organic,PROD-01844,Samsung Galaxy Watch 6,Smartwatches,Electronics,790.52,,0,0,0,
e66a03a0-f531-49d6-85ca-51720811e08c,EVT-004258,USER-00154,search,2025-10-29T11:19:59,SES-d0c94b7a,tablet,Chrome,organic,,,,,0.0,red wine gift,0,0,0,
1ed9ff0f-6b76-4365-ab53-a66f3453f014,EVT-004259,USER-00144,view,2025-11-23T12:58:09,SES-46f9a793,tablet,Edge,direct,PROD-01196,Oral-B iO Series 9,Personal Care,Healthcare,285.71,,125,0,0,
299c456d-1d3c-4dd8-8243-dbc76f1dbf3e,EVT-004260,USER-00001,view,2026-01-15T06:28:20,SES-78bab092,desktop,Safari,direct,PROD-00512,Dom Pérignon Rosé 2009,Champagne,Wine,415.51,,398,0,0,
6ac06f99-b5b1-4007-b135-d18acd470daf,EVT-004261,USER-00023,search,2025-11-22T08:42:59,SES-56da3554,desktop,Chrome,social,,,,,0.0,gaming laptop,0,0,0,
22fe9e88-090c-46f2-b158-fd95e30c05f5,EVT-004262,USER-00155,search,2025-11-14T02:06:38,SES-74b360e6,mobile,Firefox,social,,,,,0.0,wireless headphones,0,0,0,
6ee5ea36-c287-4df7-8e2c-2f4bf9814f90,EVT-004263,USER-00218,click,2025-12-25T15:34:12,SES-c5c9a12d,desktop,Safari,email,PROD-00003,Penfolds Grange,Red Wine,Wine,390.13,,276,0,0,
d1efe6fa-6014-40d8-84cd-36f09b58f664,EVT-004264,USER-00107,search,2025-11-12T00:29:09,SES-3f03a18d,desktop,Firefox,organic,,,,,0.0,home office chair,0,0,0,
e480a80a-386d-49bb-8004-e96272ae1f8f,EVT-004265,USER-00147,add_to_cart,2025-11-11T07:55:41,SES-aecab913,mobile,Chrome,email,PROD-01416,REI Flash 55 Pack,Outdoor Gear,Sports,517.67,,0,1,0,
5d56cf01-e291-4b5b-b8ed-5b87d04385cb,EVT-004266,USER-00048,wishlist,2025-11-21T03:48:23,SES-4277c1e5,tablet,Safari,organic,PROD-01844,Samsung Galaxy Watch 6,Smartwatches,Electronics,790.52,,0,0,0,
878a6930-3dcc-4fdc-9864-4c267bb6fe02,EVT-004267,USER-00154,search,2025-11-07T14:25:13,SES-4920e986,tablet,Chrome,organic,,,,,0.0,red wine gift,0,0,0,
3ed14748-415c-4615-9361-ba87e6434c65,EVT-004268,USER-00144,view,2025-12-02T22:34:56,SES-16abcf4c,tablet,Edge,direct,PROD-01196,Oral-B iO Series 9,Personal Care,Healthcare,285.71,,125,0,0,
6499fddb-79b9-4e45-a772-6e0a089318b7,EVT-004269,USER-00001,view,2025-11-18T01:35:13,SES-510d6cf9,desktop,Safari,direct,PROD-00512,Dom Pérignon Rosé 2009,Champagne,Wine,415.51,,398,0,0,
372eb9b0-f45f-4a5e-8964-6210bcaff21b,EVT-004270,USER-00023,search,2025-11-14T08:48:35,SES-deb41600,desktop,Chrome,social,,,,,0.0,gaming laptop,0,0,0,
b1bf1e5b-c103-4ed2-8920-62f4d376033d,EVT-004271,USER-00155,search,2026-01-20T01:24:05,SES-96647b50,mobile,Firefox,social,,,,,0.0,wireless headphones,0,0,0,
6f40e2fe-722e-4209-8ed3-224f6f84d506,EVT-004272,USER-00218,click,2025-11-12T20:07:33,SES-419ed2f1,desktop,Safari,email,PROD-00003,Penfolds Grange,Red Wine,Wine,390.13,,276,0,0,
00add064-bbf8-4699-a3ca-97551b496394,EVT-004273,USER-00107,search,2026-01-05T17:37:29,SES-e3e368eb,desktop,Firefox,organic,,,,,0.0,home office chair,0,0,0,
78b629d1-b253-4031-883d-5a716f05d46d,EVT-004274,USER-00147,add_to_cart,2025-11-26T05:56:34,SES-78c17890,mobile,Chrome,email,PROD-01416,REI Flash 55 Pack,Outdoor Gear,Sports,517.67,,0,1,0,
be90b9cc-efe4-4327-838f-98ee38af0f83,EVT-004275,USER-00048,wishlist,2025-10-25T09:32:06,SES-367ee29b,tablet,Safari,organic,PROD-01844,Samsung Galaxy Watch 6,Smartwatches,Electronics,790.52,,0,0,0,
f5b6885e-9538-46e5-a4f6-bb978c02dba6,EVT-004276,USER-00154,search,2025-11-05T01:53:24,SES-1f4c4b86,tablet,Chrome,organic,,,,,0.0,red wine gift,0,0,0,
15ad78d8-e809-4e1c-ab3c-6c21472bbfac,EVT-004277,USER-00144,view,2026-01-15T22:58:24,SES-f0f3c483,tablet,Edge,direct,PROD-01196,Oral-B iO Series 9,Personal Care,Healthcare,285.71,,125,0,0,
fa7d35aa-f4ca-4717-a295-5c69cca2731c,EVT-004278,USER-00001,view,2026-01-18T00:28:15,SES-d27206a8,desktop,Safari,direct,PROD-00512,Dom Pérignon Rosé 2009,Champagne,Wine,415.51,,398,0,0,
a2aa0757-1011-4f4c-8776-10942dfddd95,EVT-004279,USER-00023,search,2025-12-04T10:22:02,SES-7bd6e568,desktop,Chrome,social,,,,,0.0,gaming laptop,0,0,0,
621cb3c7-1143-423f-b755-84e0440ce655,EVT-004280,USER-00155,search,2025-11-03T16:47:49,SES-aa611f0d,mobile,Firefox,social,,,,,0.0,wireless headphones,0,0,0,
95caad61-26d9-4987-b94b-0c8eaa9d9703,EVT-004281,USER-00218,click,2026-01-11T17:39:25,SES-432932d6,desktop,Safari,email,PROD-00003,Penfolds Grange,Red Wine,Wine,390.13,,276,0,0,
44b98da5-e6b0-4346-8842-c5205f3d377a,EVT-004282,USER-00107,search,2025-11-28T04:00:30,SES-bd5a4eeb,desktop,Firefox,organic,,,,,0.0,home office chair,0,0,0,
f8722cf5-8fcc-400d-9804-40ba28140096,EVT-004283,USER-00147,add_to_cart,2025-10-25T05:10:18,SES-b4dd1d01,mobile,Chrome,email,PROD-01416,REI Flash 55 Pack,Outdoor Gear,Sports,517.67,,0,1,0,
2ab362c7-79ae-4ccc-ac4f-92461956b7bd,EVT-004284,USER-00048,wishlist,2025-12-04T20:24:50,SES-82a7dc0d,tablet,Safari,organic,PROD-01844,Samsung Galaxy Watch 6,Smartwatches,Electronics,790.52,,0,0,0,
62bef322-002f-43f4-9309-fecd0e33ea5b,EVT-004285,USER-00154,search,2026-01-14T23:25:39,SES-1ba14a7e,tablet,Chrome,organic,,,,,0.0,red wine gift,0,0,0,
31276646-37e1-4372-8e58-9cbce5e3aed7,EVT-004286,USER-00144,view,2026-01-02T23:26:27,SES-c1aed4a3,tablet,Edge,direct,PROD-01196,Oral-B iO Series 9,Personal Care,Healthcare,285.71,,125,0,0,
2b646df8-7fb4-4496-8903-7a4a294b92fb,EVT-004287,USER-00001,view,2026-01-13T16:19:56,SES-c49610f8,desktop,Safari,direct,PROD-00512,Dom Pérignon Rosé 2009,Champagne,Wine,415.51,,398,0,0,
091e6682-1777-4f8d-95f6-fdf0b01f2341,EVT-004288,USER-00023,search,2026-01-02T14:03:05,SES-055340af,desktop,Chrome,social,,,,,0.0,gaming laptop,0,0,0,
f99576c0-d7b7-4fbf-b73a-42ecf6869468,EVT-004289,USER-00155,search,2025-11-11T23:57:59,SES-fd1ca3f8,mobile,Firefox,social,,,,,0.0,wireless headphones,0,0,0,
c1408819-fd97-4602-a6be-670fb5e1bf9e,EVT-004290,USER-00218,click,2025-11-28T16:21:52,SES-0ed995e0,desktop,Safari,email,PROD-00003,Penfolds Grange,Red Wine,Wine,390.13,,276,0,0,
2bb98261-b87d-43d8-98b6-164c67a7adf0,EVT-004291,USER-00107,search,2025-10-27T12:36:26,SES-699809b6,desktop,Firefox,organic,,,,,0.0,home office chair,0,0,0,
f0b1dff5-f541-4249-89fc-87946b48abc6,EVT-004292,USER-00147,add_to_cart,2025-12-05T03:04:40,SES-87e772c8,mobile,Chrome,email,PROD-01416,REI Flash 55 Pack,Outdoor Gear,Sports,517.67,,0,1,0,
b2aee250-ab78-4bed-ac3d-72138117b488,EVT-004293,USER-00048,wishlist,2025-12-04T07:49:04,SES-99110062,tablet,Safari,organic,PROD-01844,Samsung Galaxy Watch 6,Smartwatches,Electronics,790.52,,0,0,0,
e4756492-6fad-49e2-a208-051e0aaa29af,EVT-004294,USER-00154,search,2025-11-30T12:04:56,SES-7f0948f3,tablet,Chrome,organic,,,,,0.0,red wine gift,0,0,0,
03a0b992-eab9-471d-9bcd-324c443ba51b,EVT-004295,USER-00144,view,2025-11-11T00:47:21,SES-e84dd3e5,tablet,Edge,direct,PROD-01196,Oral-B iO Series 9,Personal Care,Healthcare,285.71,,125,0,0,
f31081d5-99f7-4ba8-827d-532201515e31,EVT-004296,USER-00001,view,2025-11-11T17:05:15,SES-deacebe5,desktop,Safari,direct,PROD-00512,Dom Pérignon Rosé 2009,Champagne,Wine,415.51,,398,0,0,
85742e09-7560-44f2-be05-4939c1f6454b,EVT-004297,USER-00023,search,2026-01-05T14:27:07,SES-ea6d1a1e,desktop,Chrome,social,,,,,0.0,gaming laptop,0,0,0,
65cb53c3-b9a3-4f05-b63e-049a5980ad2f,EVT-004298,USER-00155,search,2025-11-28T16:34:13,SES-1f4ba8ce,mobile,Firefox,social,,,,,0.0,wireless headphones,0,0,0,
c0dcee6d-d1e1-4585-9447-5eb35b584978,EVT-004299,USER-00218,click,2025-12-19T01:14:07,SES-b3d51436,desktop,Safari,email,PROD-00003,Penfolds Grange,Red Wine,Wine,390.13,,276,0,0,
dd0143f7-de00-47d7-81b4-4ab923b555b0,EVT-004300,USER-00107,search,2026-01-09T19:51:03,SES-cd352fab,desktop,Firefox,organic,,,,,0.0,home office chair,0,0,0,
cfefd603-87ad-40d7-bc76-2e6a4b51e6ae,EVT-004301,USER-00147,add_to_cart,2025-11-03T20:23:01,SES-5697d663,mobile,Chrome,email,PROD-01416,REI Flash 55 Pack,Outdoor Gear,Sports,517.67,,0,1,0,
b682aa87-e310-41e0-8e2e-0d0ef108d3f4,EVT-004302,USER-00048,wishlist,2025-10-31T18:17:24,SES-e89d1928,tablet,Safari,organic,PROD-01844,Samsung Galaxy Watch 6,Smartwatches,Electronics,790.52,,0,0,0,
c78c6e9b-8f27-4961-86f5-9d0de68b41a7,EVT-004303,USER-00154,search,2025-11-08T17:56:05,SES-eaf52d42,tablet,Chrome,organic,,,,,0.0,red wine gift,0,0,0,
69594165-6a7a-47e2-b4d8-4c63e2f54931,EVT-004304,USER-00144,view,2025-12-10T22:38:02,SES-880e24d7,tablet,Edge,direct,PROD-01196,Oral-B iO Series 9,Personal Care,Healthcare,285.71,,125,0,0,
50c8da0b-55c6-4d7f-bd6f-2d468b7ddf29,EVT-004305,USER-00001,view,2026-01-19T10:02:01,SES-2b49e6ee,desktop,Safari,direct,PROD-00512,Dom Pérignon Rosé 2009,Champagne,Wine,415.51,,398,0,0,
9317b843-c07e-4d45-988f-162101fe913a,EVT-004306,USER-00023,search,2025-12-17T21:28:28,SES-66c449e5,desktop,Chrome,social,,,,,0.0,gaming laptop,0,0,0,
f4738c0e-f74b-4106-a053-8df346ab9a3c,EVT-004307,USER-00155,search,2026-01-01T02:10:47,SES-6cb671dd,mobile,Firefox,social,,,,,0.0,wireless headphones,0,0,0,
d1e0b4c8-2d7c-4daf-8289-1f2b9c3b722a,EVT-004308,USER-00218,click,2025-12-11T21:27:11,SES-3ba29bf5,desktop,Safari,email,PROD-00003,Penfolds Grange,Red Wine,Wine,390.13,,276,0,0,
4b1b1a99-fd8b-4f9c-b2c4-63e9ccb844c2,EVT-004309,USER-00107,search,2025-11-03T13:31:12,SES-458d0411,desktop,Firefox,organic,,,,,0.0,home office chair,0,0,0,
6dac6258-84b2-4ace-b21c-60d8dd492797,EVT-004310,USER-00147,add_to_cart,2025-11-07T13:28:28,SES-0a220b97,mobile,Chrome,email,PROD-01416,REI Flash 55 Pack,Outdoor Gear,Sports,517.67,,0,1,0,
69ab01bb-aca3-4e03-b50c-87f498fb48fb,EVT-004311,USER-00048,wishlist,2026-01-04T04:57:01,SES-d497b236,tablet,Safari,organic,PROD-01844,Samsung Galaxy Watch 6,Smartwatches,Electronics,790.52,,0,0,0,
2aa2bc60-97b1-4574-9fa2-b286c72b4b0e,EVT-004312,USER-00154,search,2025-11-12T02:25:17,SES-64f712eb,tablet,Chrome,organic,,,,,0.0,red wine gift,0,0,0,
6c8987ab-65b4-4812-92d3-43449340a764,EVT-004313,USER-00144,view,2025-11-03T10:23:05,SES-f6632f9a,tablet,Edge,direct,PROD-01196,Oral-B iO Series 9,Personal Care,Healthcare,285.71,,125,0,0,
9dae0808-6ff5-4547-9370-584563c2de86,EVT-004314,USER-00001,view,2025-12-09T05:38:05,SES-8001560d,desktop,Safari,direct,PROD-00512,Dom Pérignon Rosé 2009,Champagne,Wine,415.51,,398,0,0,
759a105e-31ec-49ca-b0d4-b0b5d0485ef4,EVT-004315,USER-00023,search,2026-01-02T15:45:02,SES-0956df82,desktop,Chrome,social,,,,,0.0,gaming laptop,0,0,0,
78cc93b3-769c-4de6-af5a-8941822d21a5,EVT-004316,USER-00155,search,2025-12-20T11:19:43,SES-33bd0032,mobile,Firefox,social,,,,,0.0,wireless headphones,0,0,0,
b53b19c5-3827-4936-bbbe-4cc8ff20dca5,EVT-004317,USER-00218,click,2025-11-26T13:02:23,SES-d2f0c0a4,desktop,Safari,email,PROD-00003,Penfolds Grange,Red Wine,Wine,390.13,,276,0,0,
f1820ed7-0a70-4fe5-9209-b79e978de64d,EVT-004318,USER-00107,search,2026-01-03T12:49:00,SES-20c568a6,desktop,Firefox,organic,,,,,0.0,home office chair,0,0,0,
19b93a7d-e510-4c4b-a53d-cb0f024de640,EVT-004319,USER-00147,add_to_cart,2025-11-22T12:18:45,SES-02b8f9a6,mobile,Chrome,email,PROD-01416,REI Flash 55 Pack,Outdoor Gear,Sports,517.67,,0,1,0,
e0d4f2ef-13b9-4d10-9cba-b2b16c466d34,EVT-004320,USER-00048,wishlist,2025-12-02T01:14:51,SES-7a72988e,tablet,Safari,organic,PROD-01844,Samsung Galaxy Watch 6,Smartwatches,Electronics,790.52,,0,0,0,
83e64fa5-5b89-48bf-929e-79a17f271792,EVT-004321,USER-00154,search,2025-11-10T06:56:52,SES-f6ae1395,tablet,Chrome,organic,,,,,0.0,red wine gift,0,0,0,
be71baf3-6d45-4a39-9571-ea8977cd9643,EVT-004322,USER-00144,view,2025-11-12T04:01:41,SES-470b0dd2,tablet,Edge,direct,PROD-01196,Oral-B iO Series 9,Personal Care,Healthcare,285.71,,125,0,0,
5db0b02e-ebe7-4c34-952d-6c9c668bf35b,EVT-004323,USER-00001,view,2025-10-31T13:29:16,SES-0bbdc4db,desktop,Safari,direct,PROD-00512,Dom Pérignon Rosé 2009,Champagne,Wine,415.51,,398,0,0,
5952f125-50a6-45b4-834c-c6edf48e1625,EVT-004324,USER-00023,search,2026-01-08T09:34:41,SES-1687413c,desktop,Chrome,social,,,,,0.0,gaming laptop,0,0,0,
9343d744-295c-47b7-b0a3-c937bb634b88,EVT-004325,USER-00155,search,2025-12-10T23:06:57,SES-25e73fe3,mobile,Firefox,social,,,,,0.0,wireless headphones,0,0,0,
03c9c663-8323-4208-9203-97cb19a0c650,EVT-004326,USER-00218,click,2025-11-26T16:27:38,SES-9ac769e2,desktop,Safari,email,PROD-00003,Penfolds Grange,Red Wine,Wine,390.13,,276,0,0,
cdc68383-933f-4747-8a8c-96f4d6143c64,EVT-004327,USER-00107,search,2025-12-08T03:42:05,SES-109df18b,desktop,Firefox,organic,,,,,0.0,home office chair,0,0,0,
61dc3c37-5206-4dcc-9d1a-58d10e528601,EVT-004328,USER-00147,add_to_cart,2025-11-16T12:47:08,SES-cea3d486,mobile,Chrome,email,PROD-01416,REI Flash 55 Pack,Outdoor Gear,Sports,517.67,,0,1,0,
2b4260d7-e578-4f34-ba8b-c6457148722f,EVT-004329,USER-00048,wishlist,2025-12-11T03:22:07,SES-1137dd3f,tablet,Safari,organic,PROD-01844,Samsung Galaxy Watch 6,Smartwatches,Electronics,790.52,,0,0,0,
8e2c2c80-9867-4544-805b-9eb23498b976,EVT-004330,USER-00154,search,2025-11-02T14:53:26,SES-9cf8c24b,tablet,Chrome,organic,,,,,0.0,red wine gift,0,0,0,
fd7a8fa7-ea89-4396-a3fa-4a50d5c7f775,EVT-004331,USER-00144,view,2025-12-06T02:42:32,SES-e58c61d1,tablet,Edge,direct,PROD-01196,Oral-B iO Series 9,Personal Care,Healthcare,285.71,,125,0,0,
f1a73313-f504-4f7a-8528-4d7b33420f6b,EVT-004332,USER-00001,view,2025-10-24T07:33:04,SES-0fee0079,desktop,Safari,direct,PROD-00512,Dom Pérignon Rosé 2009,Champagne,Wine,415.51,,398,0,0,
831ac04f-d445-4fa6-9ccd-896f35b21c77,EVT-004333,USER-00023,search,2025-10-23T10:50:11,SES-2f31fd7a,desktop,Chrome,social,,,,,0.0,gaming laptop,0,0,0,
90919c2f-056d-4e90-9fcb-7d0187344e8c,EVT-004334,USER-00155,search,2025-11-28T15:27:42,SES-3afd5e25,mobile,Firefox,social,,,,,0.0,wireless headphones,0,0,0,
57486ba7-d6a5-43b0-b650-4a21552393c5,EVT-004335,USER-00218,click,2026-01-08T18:00:52,SES-1be1016c,desktop,Safari,email,PROD-00003,Penfolds Grange,Red Wine,Wine,390.13,,276,0,0,
70895d24-0a90-473e-822c-3e23b84a6482,EVT-004336,USER-00107,search,2025-12-02T12:37:59,SES-62d15154,desktop,Firefox,organic,,,,,0.0,home office chair,0,0,0,
ea9404ad-a011-49d7-a494-a4545797745c,EVT-004337,USER-00147,add_to_cart,2025-11-30T14:42:56,SES-2e959ec2,mobile,Chrome,email,PROD-01416,REI Flash 55 Pack,Outdoor Gear,Sports,517.67,,0,1,0,
e05b0d11-d2de-42ed-b60c-aaf29fa762cd,EVT-004338,USER-00048,wishlist,2026-01-14T00:02:00,SES-96c5e3ef,tablet,Safari,organic,PROD-01844,Samsung Galaxy Watch 6,Smartwatches,Electronics,790.52,,0,0,0,
9e94cbd6-4c35-4180-8aa7-40aca3d41faa,EVT-004339,USER-00154,search,2025-11-01T11:06:01,SES-652a7b25,tablet,Chrome,organic,,,,,0.0,red wine gift,0,0,0,
76f782cb-0d82-4051-bb2f-6cd89a0843d1,EVT-004340,USER-00144,view,2025-11-26T04:23:47,SES-060de12f,tablet,Edge,direct,PROD-01196,Oral-B iO Series 9,Personal Care,Healthcare,285.71,,125,0,0,
e4e9b44c-49ea-4dbe-933d-2367ff07fcc4,EVT-004341,USER-00001,view,2025-11-26T17:42:17,SES-f0d4d2e4,desktop,Safari,direct,PROD-00512,Dom Pérignon Rosé 2009,Champagne,Wine,415.51,,398,0,0,
a4c53a5c-5642-4b29-b866-ee19222c52af,EVT-004342,USER-00023,search,2025-11-21T20:14:22,SES-5adbc23e,desktop,Chrome,social,,,,,0.0,gaming laptop,0,0,0,
fc0a2545-a0d5-4026-af11-6a3172ed0d92,EVT-004343,USER-00155,search,2026-01-11T23:11:48,SES-a2a9c85c,mobile,Firefox,social,,,,,0.0,wireless headphones,0,0,0,
50a55212-febb-456c-ab96-4e7241250075,EVT-004344,USER-00218,click,2025-10-29T02:06:10,SES-407a986a,desktop,Safari,email,PROD-00003,Penfolds Grange,Red Wine,Wine,390.13,,276,0,0,
9986ea5b-021e-4ce7-82c6-a1c41e59ae3b,EVT-004345,USER-00107,search,2025-12-03T21:34:11,SES-db02363b,desktop,Firefox,organic,,,,,0.0,home office chair,0,0,0,
65c679f0-22e6-4912-aacf-44e76f9d0269,EVT-004346,USER-00147,add_to_cart,2026-01-13T01:27:57,SES-68ab255e,mobile,Chrome,email,PROD-01416,REI Flash 55 Pack,Outdoor Gear,Sports,517.67,,0,1,0,
89562ced-ee2e-4e41-a5e2-3e984ca6a5d3,EVT-004347,USER-00048,wishlist,2025-12-25T01:12:14,SES-4809e739,tablet,Safari,organic,PROD-01844,Samsung Galaxy Watch 6,Smartwatches,Electronics,790.52,,0,0,0,
156b77ea-4a0d-4ae8-9104-40b739fc783c,EVT-004348,USER-00154,search,2025-11-20T22:35:54,SES-5129a7c0,tablet,Chrome,organic,,,,,0.0,red wine gift,0,0,0,
b0e1b84f-bb65-48e9-9984-93e7f3e850c7,EVT-004349,USER-00144,view,2025-11-14T00:22:28,SES-1ee06866,tablet,Edge,direct,PROD-01196,Oral-B iO Series 9,Personal Care,Healthcare,285.71,,125,0,0,
938cf380-a576-4185-8c47-a10f374f057e,EVT-004350,USER-00001,view,2025-12-29T19:52:35,SES-be500660,desktop,Safari,direct,PROD-00512,Dom Pérignon Rosé 2009,Champagne,Wine,415.51,,398,0,0,
c2724347-c055-413c-9553-56746d5ef950,EVT-004351,USER-00023,search,2025-10-30T22:42:57,SES-2e39a652,desktop,Chrome,social,,,,,0.0,gaming laptop,0,0,0,
e2b4cf6d-51d4-4c60-8618-8d97fc0d03dc,EVT-004352,USER-00155,search,2025-12-24T21:32:51,SES-f600ed91,mobile,Firefox,social,,,,,0.0,wireless headphones,0,0,0,
f66f5c89-f3cc-4660-8456-9d84ce78a3a2,EVT-004353,USER-00218,click,2025-12-24T05:35:03,SES-634ad72b,desktop,Safari,email,PROD-00003,Penfolds Grange,Red Wine,Wine,390.13,,276,0,0,
816f13d9-b505-4d96-862a-2d27701205e4,EVT-004354,USER-00107,search,2026-01-09T09:45:40,SES-b86e25fe,desktop,Firefox,organic,,,,,0.0,home office chair,0,0,0,
e2550848-c8a5-4d83-b1a3-d589ccd49489,EVT-004355,USER-00147,add_to_cart,2025-11-29T13:57:51,SES-d107e457,mobile,Chrome,email,PROD-01416,REI Flash 55 Pack,Outdoor Gear,Sports,517.67,,0,1,0,
47cee42a-93ad-471f-b1b0-d88dba2da0e9,EVT-004356,USER-00048,wishlist,2026-01-15T19:01:19,SES-76ad54b9,tablet,Safari,organic,PROD-01844,Samsung Galaxy Watch 6,Smartwatches,Electronics,790.52,,0,0,0,
ff63f1a1-d294-4c52-b1d3-7276dde9ef51,EVT-004357,USER-00154,search,2025-12-07T12:16:53,SES-9b249620,tablet,Chrome,organic,,,,,0.0,red wine gift,0,0,0,
0be3f279-a48d-4460-8828-5b3f9dd41d2a,EVT-004358,USER-00144,view,2025-10-24T06:51:46,SES-73be939b,tablet,Edge,direct,PROD-01196,Oral-B iO Series 9,Personal Care,Healthcare,285.71,,125,0,0,
afb67922-6d0b-4f27-b804-f8cf52b0e4dd,EVT-004359,USER-00001,view,2025-11-18T10:03:52,SES-a99ba2f4,desktop,Safari,direct,PROD-00512,Dom Pérignon Rosé 2009,Champagne,Wine,415.51,,398,0,0,
860e95fe-9a8c-4576-8138-93ec710291ec,EVT-004360,USER-00023,search,2026-01-01T14:05:19,SES-7654f8e3,desktop,Chrome,social,,,,,0.0,gaming laptop,0,0,0,
76760bec-ca55-4e8b-9fa0-9cc787de4acf,EVT-004361,USER-00155,search,2025-12-24T14:23:13,SES-1e469796,mobile,Firefox,social,,,,,0.0,wireless headphones,0,0,0,
6b693e6a-4ebd-464c-918c-49268d745f1e,EVT-004362,USER-00218,click,2026-01-17T20:51:46,SES-3128f1ec,desktop,Safari,email,PROD-00003,Penfolds Grange,Red Wine,Wine,390.13,,276,0,0,
59dd1025-33af-43a5-b5f6-465087492d49,EVT-004363,USER-00107,search,2025-11-23T03:12:20,SES-cc6924e1,desktop,Firefox,organic,,,,,0.0,home office chair,0,0,0,
69a234ad-84ab-40d3-b6b8-0741b3dd734f,EVT-004364,USER-00147,add_to_cart,2025-10-27T03:38:53,SES-a4b79050,mobile,Chrome,email,PROD-01416,REI Flash 55 Pack,Outdoor Gear,Sports,517.67,,0,1,0,
4c4fbc1c-ee69-4049-aa33-ce0ff5c9fba3,EVT-004365,USER-00048,wishlist,2025-11-05T09:52:04,SES-9e3a395e,tablet,Safari,organic,PROD-01844,Samsung Galaxy Watch 6,Smartwatches,Electronics,790.52,,0,0,0,
1184bec2-aa77-464e-9d7a-22ef8cbd4021,EVT-004366,USER-00154,search,2026-01-13T00:32:57,SES-01831c12,tablet,Chrome,organic,,,,,0.0,red wine gift,0,0,0,
a607f1a6-fc3c-4144-a0f8-109f15ec7937,EVT-004367,USER-00144,view,2025-11-15T22:08:14,SES-cc42690a,tablet,Edge,direct,PROD-01196,Oral-B iO Series 9,Personal Care,Healthcare,285.71,,125,0,0,
d0f4b4be-75b4-4203-8c7f-a67c73423a64,EVT-004368,USER-00001,view,2025-11-08T23:12:16,SES-60148446,desktop,Safari,direct,PROD-00512,Dom Pérignon Rosé 2009,Champagne,Wine,415.51,,398,0,0,
9a743bbf-abe7-423b-adb1-cf0097ca891d,EVT-004369,USER-00023,search,2025-12-16T13:29:41,SES-56098d98,desktop,Chrome,social,,,,,0.0,gaming laptop,0,0,0,
9ce479bf-25ec-481c-a2bf-8ed2100bacef,EVT-004370,USER-00155,search,2025-10-23T15:32:22,SES-994757ee,mobile,Firefox,social,,,,,0.0,wireless headphones,0,0,0,
6dbd513c-d42d-4066-861c-781cd7b96e47,EVT-004371,USER-00218,click,2025-11-04T04:04:15,SES-6ce4959e,desktop,Safari,email,PROD-00003,Penfolds Grange,Red Wine,Wine,390.13,,276,0,0,
25a9ea1c-2704-4cd3-8746-762d6bc8ef3b,EVT-004372,USER-00107,search,2025-12-12T02:24:23,SES-00dc3bdc,desktop,Firefox,organic,,,,,0.0,home office chair,0,0,0,
3db78f76-591c-4b0a-a056-5b6d8003a0ab,EVT-004373,USER-00147,add_to_cart,2025-11-06T20:52:22,SES-7782cb83,mobile,Chrome,email,PROD-01416,REI Flash 55 Pack,Outdoor Gear,Sports,517.67,,0,1,0,
58c8c6a5-bee3-4d56-8fbe-46ab5ff84313,EVT-004374,USER-00048,wishlist,2025-11-05T08:40:00,SES-42d7aaf6,tablet,Safari,organic,PROD-01844,Samsung Galaxy Watch 6,Smartwatches,Electronics,790.52,,0,0,0,
4f934067-9bb5-4d9b-85a8-d011e55aa62b,EVT-004375,USER-00154,search,2025-12-29T05:33:38,SES-a0783247,tablet,Chrome,organic,,,,,0.0,red wine gift,0,0,0,
26f5bab3-0f6a-427c-9d3f-16f2b8c42c82,EVT-004376,USER-00144,view,2025-12-07T08:40:21,SES-175eb339,tablet,Edge,direct,PROD-01196,Oral-B iO Series 9,Personal Care,Healthcare,285.71,,125,0,0,
989ab75c-1ed9-4bc8-97cd-a0b790c6f37f,EVT-004377,USER-00001,view,2026-01-04T18:11:20,SES-f493b998,desktop,Safari,direct,PROD-00512,Dom Pérignon Rosé 2009,Champagne,Wine,415.51,,398,0,0,
fde3fddd-79a2-4800-9ec9-7e02076b1f15,EVT-004378,USER-00023,search,2025-10-26T12:47:05,SES-163f4edf,desktop,Chrome,social,,,,,0.0,gaming laptop,0,0,0,
a610b38f-c681-4b61-b13f-0ee85f962644,EVT-004379,USER-00155,search,2025-10-28T16:29:34,SES-3b823a53,mobile,Firefox,social,,,,,0.0,wireless headphones,0,0,0,
ef339b2d-05b7-468a-9efc-31c652f7ec37,EVT-004380,USER-00218,click,2025-12-19T15:11:12,SES-e8f7115c,desktop,Safari,email,PROD-00003,Penfolds Grange,Red Wine,Wine,390.13,,276,0,0,
3e6e0d3f-0693-495d-95d5-6c5268c25e24,EVT-004381,USER-00107,search,2026-01-08T15:36:40,SES-c7f33d5a,desktop,Firefox,organic,,,,,0.0,home office chair,0,0,0,
e539ad68-0685-4e42-9123-b5ef21003ea1,EVT-004382,USER-00147,add_to_cart,2025-11-12T02:51:31,SES-ecb4dfbe,mobile,Chrome,email,PROD-01416,REI Flash 55 Pack,Outdoor Gear,Sports,517.67,,0,1,0,
b4019653-2c1a-4d20-aa10-f427fc8ffcb9,EVT-004383,USER-00048,wishlist,2026-01-14T20:39:36,SES-d62846de,tablet,Safari,organic,PROD-01844,Samsung Galaxy Watch 6,Smartwatches,Electronics,790.52,,0,0,0,
0d571236-2d9d-44c4-be23-8a43fb782599,EVT-004384,USER-00154,search,2026-01-02T13:54:12,SES-2e2bd961,tablet,Chrome,organic,,,,,0.0,red wine gift,0,0,0,
ff02767a-7ead-49e0-bbf8-8ad2429d413c,EVT-004385,USER-00144,view,2025-12-25T22:03:35,SES-9a217cc4,tablet,Edge,direct,PROD-01196,Oral-B iO Series 9,Personal Care,Healthcare,285.71,,125,0,0,
54464a01-2b87-4083-9232-f33ea0a1aa53,EVT-004386,USER-00001,view,2025-11-20T04:51:58,SES-28fb481f,desktop,Safari,direct,PROD-00512,Dom Pérignon Rosé 2009,Champagne,Wine,415.51,,398,0,0,
ea622f28-3d32-4bd0-b5e7-bc69770b8227,EVT-004387,USER-00023,search,2025-11-27T20:03:46,SES-10ae3e21,desktop,Chrome,social,,,,,0.0,gaming laptop,0,0,0,
802fb69b-d7ae-466a-9271-69245c5b7f81,EVT-004388,USER-00155,search,2025-12-21T16:56:14,SES-cf10b836,mobile,Firefox,social,,,,,0.0,wireless headphones,0,0,0,
80f3cf99-c765-4b84-b994-06c02314c245,EVT-004389,USER-00218,click,2025-12-02T00:39:42,SES-7a6fbb2b,desktop,Safari,email,PROD-00003,Penfolds Grange,Red Wine,Wine,390.13,,276,0,0,
eff7dbfe-d48b-4cf1-91f0-9a3d66aaa760,EVT-004390,USER-00107,search,2026-01-10T16:14:34,SES-a9a3cc78,desktop,Firefox,organic,,,,,0.0,home office chair,0,0,0,
3ca6413b-a89c-46d6-bc1a-ccff158eed40,EVT-004391,USER-00147,add_to_cart,2025-11-07T00:53:27,SES-84809283,mobile,Chrome,email,PROD-01416,REI Flash 55 Pack,Outdoor Gear,Sports,517.67,,0,1,0,
9c4649da-912d-43a8-9c3f-4051263c7724,EVT-004392,USER-00048,wishlist,2025-12-02T10:49:39,SES-d74ac68a,tablet,Safari,organic,PROD-01844,Samsung Galaxy Watch 6,Smartwatches,Electronics,790.52,,0,0,0,
7e17eb4d-22a6-4a47-838f-2eb2cc47874f,EVT-004393,USER-00154,search,2025-11-08T11:41:50,SES-9b0788e0,tablet,Chrome,organic,,,,,0.0,red wine gift,0,0,0,
fd391430-ab15-4a31-88db-6f6b9cc5a140,EVT-004394,USER-00144,view,2025-11-08T16:51:52,SES-994a16ea,tablet,Edge,direct,PROD-01196,Oral-B iO Series 9,Personal Care,Healthcare,285.71,,125,0,0,
d9964f01-a5f1-4dc1-9140-f694f4399ee4,EVT-004395,USER-00001,view,2025-12-12T02:21:16,SES-853a496f,desktop,Safari,direct,PROD-00512,Dom Pérignon Rosé 2009,Champagne,Wine,415.51,,398,0,0,
903e9e5e-669f-46c2-bdca-de2ad3a1efda,EVT-004396,USER-00023,search,2025-11-06T10:40:18,SES-bc3e1923,desktop,Chrome,social,,,,,0.0,gaming laptop,0,0,0,
b393fd09-d596-481d-b30b-e30c309f39fc,EVT-004397,USER-00155,search,2026-01-02T18:50:14,SES-d059aa21,mobile,Firefox,social,,,,,0.0,wireless headphones,0,0,0,
2b4ddbd7-8ed7-4078-9691-8d64460ab11f,EVT-004398,USER-00218,click,2026-01-09T08:00:33,SES-58faaab4,desktop,Safari,email,PROD-00003,Penfolds Grange,Red Wine,Wine,390.13,,276,0,0,
5e2e040f-2d09-482c-bec6-cb4b1bd7f2ac,EVT-004399,USER-00107,search,2026-01-09T10:06:41,SES-f83b32c5,desktop,Firefox,organic,,,,,0.0,home office chair,0,0,0,
b427572c-286c-423f-abfc-4d1c83946af8,EVT-004400,USER-00147,add_to_cart,2025-12-26T16:02:19,SES-b2608a2c,mobile,Chrome,email,PROD-01416,REI Flash 55 Pack,Outdoor Gear,Sports,517.67,,0,1,0,
0578e332-a84c-4f49-8c34-901fcd79d80a,EVT-004401,USER-00048,wishlist,2025-11-09T09:07:21,SES-162b0fc1,tablet,Safari,organic,PROD-01844,Samsung Galaxy Watch 6,Smartwatches,Electronics,790.52,,0,0,0,
a08dd7d1-1796-4a30-9117-5f515c7fa920,EVT-004402,USER-00154,search,2025-11-27T04:35:59,SES-6ed077ab,tablet,Chrome,organic,,,,,0.0,red wine gift,0,0,0,
4906756a-3d49-4d4a-914f-42c6325dba8a,EVT-004403,USER-00144,view,2026-01-16T02:19:42,SES-10e22a58,tablet,Edge,direct,PROD-01196,Oral-B iO Series 9,Personal Care,Healthcare,285.71,,125,0,0,
2dcd1346-411e-4206-994d-a02659f65df5,EVT-004404,USER-00001,view,2026-01-20T13:13:47,SES-68dfc25f,desktop,Safari,direct,PROD-00512,Dom Pérignon Rosé 2009,Champagne,Wine,415.51,,398,0,0,
90d0c02d-200d-482c-9578-9896d2df1da6,EVT-004405,USER-00023,search,2025-11-02T08:49:50,SES-e0f36703,desktop,Chrome,social,,,,,0.0,gaming laptop,0,0,0,
86202667-7770-4ee8-bc0d-4d03ae4bdaff,EVT-004406,USER-00155,search,2026-01-07T02:44:23,SES-d01aae21,mobile,Firefox,social,,,,,0.0,wireless headphones,0,0,0,
44f67d15-87a4-4096-a1d1-1e84c8cdac74,EVT-004407,USER-00218,click,2025-11-07T12:17:16,SES-b750a3c8,desktop,Safari,email,PROD-00003,Penfolds Grange,Red Wine,Wine,390.13,,276,0,0,
e4f37ec4-829e-4e9a-afeb-098e04403897,EVT-004408,USER-00107,search,2025-10-25T15:47:18,SES-739322dd,desktop,Firefox,organic,,,,,0.0,home office chair,0,0,0,
2d1063ad-c27a-4145-8a26-983769b8bb92,EVT-004409,USER-00147,add_to_cart,2025-12-10T01:19:04,SES-52be2ab9,mobile,Chrome,email,PROD-01416,REI Flash 55 Pack,Outdoor Gear,Sports,517.67,,0,1,0,
6eaf2bee-3c31-40ef-b06a-ea58362dce5d,EVT-004410,USER-00048,wishlist,2025-11-11T13:27:48,SES-11de0c69,tablet,Safari,organic,PROD-01844,Samsung Galaxy Watch 6,Smartwatches,Electronics,790.52,,0,0,0,
b054c367-b484-4491-b59b-699f1602c129,EVT-004411,USER-00154,search,2025-11-21T11:06:44,SES-c57eeaf7,tablet,Chrome,organic,,,,,0.0,red wine gift,0,0,0,
50c371f3-249d-4acc-9554-b1e945118328,EVT-004412,USER-00144,view,2025-11-30T22:30:44,SES-df6db49f,tablet,Edge,direct,PROD-01196,Oral-B iO Series 9,Personal Care,Healthcare,285.71,,125,0,0,
a1707d87-d358-4375-8950-1b951b4b16e5,EVT-004413,USER-00001,view,2025-12-22T11:00:48,SES-55f3eaf9,desktop,Safari,direct,PROD-00512,Dom Pérignon Rosé 2009,Champagne,Wine,415.51,,398,0,0,
e327c189-49eb-4f40-b5de-22296ce0b98a,EVT-004414,USER-00023,search,2025-11-27T23:30:42,SES-b184d366,desktop,Chrome,social,,,,,0.0,gaming laptop,0,0,0,
b6029b9e-f871-4e43-b528-959f96e73c65,EVT-004415,USER-00155,search,2026-01-19T00:00:31,SES-d6bff73d,mobile,Firefox,social,,,,,0.0,wireless headphones,0,0,0,
0be17ea2-c5c5-4cce-8ab2-5ae70666c98b,EVT-004416,USER-00218,click,2026-01-12T10:35:31,SES-136fef67,desktop,Safari,email,PROD-00003,Penfolds Grange,Red Wine,Wine,390.13,,276,0,0,
00be0987-3524-4ec5-9e48-2705f1f839ab,EVT-004417,USER-00107,search,2025-11-17T11:50:49,SES-e0af974f,desktop,Firefox,organic,,,,,0.0,home office chair,0,0,0,
6c739066-a492-44a6-9c5a-4fb1860c0757,EVT-004418,USER-00147,add_to_cart,2025-12-22T03:05:36,SES-222c0e8e,mobile,Chrome,email,PROD-01416,REI Flash 55 Pack,Outdoor Gear,Sports,517.67,,0,1,0,
9c390135-b3b9-44ca-90a2-f80d36a99857,EVT-004419,USER-00048,wishlist,2025-11-22T22:05:00,SES-8dff00a0,tablet,Safari,organic,PROD-01844,Samsung Galaxy Watch 6,Smartwatches,Electronics,790.52,,0,0,0,
989da28a-ecac-42f3-9496-27f97e913153,EVT-004420,USER-00154,search,2025-10-25T12:17:19,SES-7319479e,tablet,Chrome,organic,,,,,0.0,red wine gift,0,0,0,
922e7e5c-b8c8-4600-a239-d02d3e8aaa3e,EVT-004421,USER-00144,view,2026-01-06T19:04:42,SES-13da6458,tablet,Edge,direct,PROD-01196,Oral-B iO Series 9,Personal Care,Healthcare,285.71,,125,0,0,
1aa7c278-cc7f-4aa5-94d0-8e7f7de36db1,EVT-004422,USER-00001,view,2025-10-25T06:07:05,SES-1cb5bb9f,desktop,Safari,direct,PROD-00512,Dom Pérignon Rosé 2009,Champagne,Wine,415.51,,398,0,0,
36106d7c-c224-4da9-b8d7-f42b837ca1dd,EVT-004423,USER-00023,search,2025-11-23T22:34:18,SES-0d36f3d9,desktop,Chrome,social,,,,,0.0,gaming laptop,0,0,0,
fa2bac54-a786-493e-b5f9-e4ee0ddc1596,EVT-004424,USER-00155,search,2025-10-25T12:19:56,SES-9b508d78,mobile,Firefox,social,,,,,0.0,wireless headphones,0,0,0,
211ab5f8-0934-4c06-9b74-44076d8e2526,EVT-004425,USER-00218,click,2026-01-17T01:01:53,SES-d75457bf,desktop,Safari,email,PROD-00003,Penfolds Grange,Red Wine,Wine,390.13,,276,0,0,
e9e6ab4a-3afd-468b-87a0-2e2c916901bb,EVT-004426,USER-00107,search,2025-12-07T10:16:46,SES-99d431bb,desktop,Firefox,organic,,,,,0.0,home office chair,0,0,0,
abff0a31-58a6-420f-9091-526fe58632a1,EVT-004427,USER-00147,add_to_cart,2025-10-26T01:40:28,SES-18444d8f,mobile,Chrome,email,PROD-01416,REI Flash 55 Pack,Outdoor Gear,Sports,517.67,,0,1,0,
1e9c4201-365b-492f-adfe-dbe2d87edf7c,EVT-004428,USER-00048,wishlist,2026-01-02T02:29:21,SES-23c106f3,tablet,Safari,organic,PROD-01844,Samsung Galaxy Watch 6,Smartwatches,Electronics,790.52,,0,0,0,
d1df7e76-c172-4bf9-84de-89594837fcaa,EVT-004429,USER-00154,search,2026-01-15T09:54:09,SES-709316a0,tablet,Chrome,organic,,,,,0.0,red wine gift,0,0,0,
211dd021-9fb5-4c3c-a35f-80b8f6076029,EVT-004430,USER-00144,view,2025-11-05T18:16:05,SES-ec4b44f3,tablet,Edge,direct,PROD-01196,Oral-B iO Series 9,Personal Care,Healthcare,285.71,,125,0,0,
6ccfd659-ffd5-4e6f-861a-2d741c4cf097,EVT-004431,USER-00001,view,2026-01-19T10:43:05,SES-05b08beb,desktop,Safari,direct,PROD-00512,Dom Pérignon Rosé 2009,Champagne,Wine,415.51,,398,0,0,
8c30ffc3-2900-48d2-ac22-d6d07857f31c,EVT-004432,USER-00023,search,2025-12-01T07:49:59,SES-8dfbf69b,desktop,Chrome,social,,,,,0.0,gaming laptop,0,0,0,
36c55b19-d7e5-4587-9a3b-99c0236b41b7,EVT-004433,USER-00155,search,2025-10-27T06:16:52,SES-b6636dc9,mobile,Firefox,social,,,,,0.0,wireless headphones,0,0,0,
50c9ee56-e0a8-462a-a51e-e04e930d85b5,EVT-004434,USER-00218,click,2025-12-14T02:59:50,SES-e49fc4e1,desktop,Safari,email,PROD-00003,Penfolds Grange,Red Wine,Wine,390.13,,276,0,0,
527ac61c-ed22-42f5-989b-8a667b2e148f,EVT-004435,USER-00107,search,2025-11-28T08:29:20,SES-301569ac,desktop,Firefox,organic,,,,,0.0,home office chair,0,0,0,
63e532ed-f66d-48ef-87ee-cb3e41d2f182,EVT-004436,USER-00147,add_to_cart,2026-01-04T18:41:19,SES-28e2f64a,mobile,Chrome,email,PROD-01416,REI Flash 55 Pack,Outdoor Gear,Sports,517.67,,0,1,0,
bc9f724a-6c31-48c6-b243-4d932a304103,EVT-004437,USER-00048,wishlist,2025-12-19T20:33:11,SES-b57a62be,tablet,Safari,organic,PROD-01844,Samsung Galaxy Watch 6,Smartwatches,Electronics,790.52,,0,0,0,
8138d480-56e0-41a0-a919-7afaec90a869,EVT-004438,USER-00154,search,2025-12-31T21:31:46,SES-6ccabe1d,tablet,Chrome,organic,,,,,0.0,red wine gift,0,0,0,
5d033da5-799d-42e7-89b0-8122652d6240,EVT-004439,USER-00144,view,2025-12-12T17:44:42,SES-8d3bb6bf,tablet,Edge,direct,PROD-01196,Oral-B iO Series 9,Personal Care,Healthcare,285.71,,125,0,0,
db792038-1c55-4a38-b055-f92321879980,EVT-004440,USER-00001,view,2025-11-08T05:27:11,SES-64bc69a7,desktop,Safari,direct,PROD-00512,Dom Pérignon Rosé 2009,Champagne,Wine,415.51,,398,0,0,
d13ad215-4c03-4a2c-bb38-7262ef7ef9b1,EVT-004441,USER-00023,search,2025-11-07T02:29:54,SES-8866bc11,desktop,Chrome,social,,,,,0.0,gaming laptop,0,0,0,
f2cea0a7-1cde-4290-be22-8a8a18f7ed81,EVT-004442,USER-00155,search,2025-11-01T11:12:54,SES-153f0cf8,mobile,Firefox,social,,,,,0.0,wireless headphones,0,0,0,
fe12aff2-f5fe-4560-b626-5971eedb5f76,EVT-004443,USER-00218,click,2025-10-24T04:44:19,SES-26acc382,desktop,Safari,email,PROD-00003,Penfolds Grange,Red Wine,Wine,390.13,,276,0,0,
c08177b2-cf42-48b3-96b7-6e341bf81cd1,EVT-004444,USER-00107,search,2025-11-25T14:22:52,SES-4d7df8e9,desktop,Firefox,organic,,,,,0.0,home office chair,0,0,0,
c16ee5e4-9baf-4059-9df9-3c655e730859,EVT-004445,USER-00147,add_to_cart,2026-01-17T20:31:51,SES-a18abdc4,mobile,Chrome,email,PROD-01416,REI Flash 55 Pack,Outdoor Gear,Sports,517.67,,0,1,0,
4255ac0e-8732-4dd5-a1a2-2168ef2fab20,EVT-004446,USER-00048,wishlist,2025-11-13T08:51:27,SES-1bbefebd,tablet,Safari,organic,PROD-01844,Samsung Galaxy Watch 6,Smartwatches,Electronics,790.52,,0,0,0,
b3af3ccd-539a-455e-83f0-b8943b755401,EVT-004447,USER-00154,search,2025-10-31T16:35:38,SES-34d6dc39,tablet,Chrome,organic,,,,,0.0,red wine gift,0,0,0,
eeb09f8d-76a3-4f2f-809f-e05a9c43a89f,EVT-004448,USER-00144,view,2025-12-02T12:19:39,SES-fd8f11ef,tablet,Edge,direct,PROD-01196,Oral-B iO Series 9,Personal Care,Healthcare,285.71,,125,0,0,
472a228b-8e22-4735-9093-33b234361d7a,EVT-004449,USER-00001,view,2025-10-29T04:28:47,SES-fa264afb,desktop,Safari,direct,PROD-00512,Dom Pérignon Rosé 2009,Champagne,Wine,415.51,,398,0,0,
58c7c72d-256d-457c-bdec-5b0b982ecbb2,EVT-004450,USER-00023,search,2025-11-02T15:51:55,SES-81066fb0,desktop,Chrome,social,,,,,0.0,gaming laptop,0,0,0,
ecd0759e-3ee4-4078-a272-f55db44f4fcb,EVT-004451,USER-00155,search,2025-12-07T22:21:58,SES-8a8c84b4,mobile,Firefox,social,,,,,0.0,wireless headphones,0,0,0,
8dee13bb-f10f-49bb-8eb2-9129396a77f9,EVT-004452,USER-00218,click,2025-12-06T20:08:16,SES-6d342d18,desktop,Safari,email,PROD-00003,Penfolds Grange,Red Wine,Wine,390.13,,276,0,0,
8b626dca-1a92-4e6c-b428-dafad6731ac7,EVT-004453,USER-00107,search,2025-12-02T01:07:43,SES-790d1616,desktop,Firefox,organic,,,,,0.0,home office chair,0,0,0,
69c200f6-32ae-4942-a2cb-cf4dd607d083,EVT-004454,USER-00147,add_to_cart,2026-01-13T20:52:53,SES-617469e1,mobile,Chrome,email,PROD-01416,REI Flash 55 Pack,Outdoor Gear,Sports,517.67,,0,1,0,
9f52a99a-9ff5-43b4-9f3b-14507514f886,EVT-004455,USER-00048,wishlist,2026-01-17T22:45:19,SES-71122666,tablet,Safari,organic,PROD-01844,Samsung Galaxy Watch 6,Smartwatches,Electronics,790.52,,0,0,0,
9de285f4-a86e-465b-b077-8a1141a4eaf5,EVT-004456,USER-00154,search,2025-12-13T20:35:41,SES-c6299940,tablet,Chrome,organic,,,,,0.0,red wine gift,0,0,0,
2d211cfc-fb3e-494a-bb2c-e9b19818ce79,EVT-004457,USER-00144,view,2025-12-04T12:10:22,SES-fe2f3006,tablet,Edge,direct,PROD-01196,Oral-B iO Series 9,Personal Care,Healthcare,285.71,,125,0,0,
9fee22d7-9ce9-4c3f-a46f-f645a468f276,EVT-004458,USER-00001,view,2025-11-04T19:07:01,SES-a029db63,desktop,Safari,direct,PROD-00512,Dom Pérignon Rosé 2009,Champagne,Wine,415.51,,398,0,0,
0d43ba07-d958-451c-bc42-5ea66439247d,EVT-004459,USER-00023,search,2026-01-13T22:41:16,SES-180bd17e,desktop,Chrome,social,,,,,0.0,gaming laptop,0,0,0,
01caa067-9bc3-4eb0-858b-7e6b72d99c9e,EVT-004460,USER-00155,search,2025-12-20T07:39:11,SES-08d0c6a6,mobile,Firefox,social,,,,,0.0,wireless headphones,0,0,0,
df8cd844-29b6-48f6-af3e-2ba161b2c611,EVT-004461,USER-00218,click,2026-01-09T08:01:37,SES-51b8b5f3,desktop,Safari,email,PROD-00003,Penfolds Grange,Red Wine,Wine,390.13,,276,0,0,
a9c97a2c-f4aa-4979-b542-4a07507b2165,EVT-004462,USER-00107,search,2025-12-23T13:54:35,SES-95d1f20a,desktop,Firefox,organic,,,,,0.0,home office chair,0,0,0,
06c3ac49-7036-4b70-942a-0a7605df7d2a,EVT-004463,USER-00147,add_to_cart,2025-10-22T19:36:40,SES-9dc1da63,mobile,Chrome,email,PROD-01416,REI Flash 55 Pack,Outdoor Gear,Sports,517.67,,0,1,0,
3012500b-dbc0-42a9-8ace-16e027247a7e,EVT-004464,USER-00048,wishlist,2025-11-21T23:36:58,SES-adf3c39c,tablet,Safari,organic,PROD-01844,Samsung Galaxy Watch 6,Smartwatches,Electronics,790.52,,0,0,0,
5d6c0371-3283-4fc8-b672-e054c9bb25ad,EVT-004465,USER-00154,search,2025-12-07T23:39:26,SES-1fc2f14f,tablet,Chrome,organic,,,,,0.0,red wine gift,0,0,0,
4ea97bc2-7487-44cd-85e1-8572095e9fcf,EVT-004466,USER-00144,view,2025-12-07T07:54:49,SES-932ec4e7,tablet,Edge,direct,PROD-01196,Oral-B iO Series 9,Personal Care,Healthcare,285.71,,125,0,0,
670b8848-3d43-4a41-aa2e-b402d9a4837c,EVT-004467,USER-00001,view,2026-01-18T02:01:50,SES-117b5d4c,desktop,Safari,direct,PROD-00512,Dom Pérignon Rosé 2009,Champagne,Wine,415.51,,398,0,0,
c6b117f5-6372-412b-8e07-401b3bb151e2,EVT-004468,USER-00023,search,2026-01-18T09:47:58,SES-11d4655d,desktop,Chrome,social,,,,,0.0,gaming laptop,0,0,0,
a0b4109c-0fa1-4d66-85d6-604602c0890a,EVT-004469,USER-00155,search,2025-11-16T16:27:38,SES-d3a01b10,mobile,Firefox,social,,,,,0.0,wireless headphones,0,0,0,
0489e8fa-fe31-4453-90c5-2e9e39ae420b,EVT-004470,USER-00218,click,2025-11-04T04:39:14,SES-5e0ea8ca,desktop,Safari,email,PROD-00003,Penfolds Grange,Red Wine,Wine,390.13,,276,0,0,
5d0b7622-fa59-45be-b01a-5cc812505347,EVT-004471,USER-00107,search,2025-11-23T02:17:11,SES-250ff2a8,desktop,Firefox,organic,,,,,0.0,home office chair,0,0,0,
cade226f-1b9b-4953-bb46-b2ede6d468af,EVT-004472,USER-00147,add_to_cart,2025-12-25T11:23:33,SES-3ad661e5,mobile,Chrome,email,PROD-01416,REI Flash 55 Pack,Outdoor Gear,Sports,517.67,,0,1,0,
b83ee17d-1f0e-4806-a2db-b9461b4d4164,EVT-004473,USER-00048,wishlist,2025-12-14T04:11:18,SES-8b8f08eb,tablet,Safari,organic,PROD-01844,Samsung Galaxy Watch 6,Smartwatches,Electronics,790.52,,0,0,0,
d62fccef-4072-4562-9358-53eebd786486,EVT-004474,USER-00154,search,2025-11-27T05:47:57,SES-3333ec02,tablet,Chrome,organic,,,,,0.0,red wine gift,0,0,0,
28e59163-d60e-40be-90e6-14cc7cd563f4,EVT-004475,USER-00144,view,2025-12-21T07:44:37,SES-4f144bea,tablet,Edge,direct,PROD-01196,Oral-B iO Series 9,Personal Care,Healthcare,285.71,,125,0,0,
b48c4537-31b9-429e-9f53-e6ec5e24dbb7,EVT-004476,USER-00001,view,2025-12-26T15:29:20,SES-55559ed2,desktop,Safari,direct,PROD-00512,Dom Pérignon Rosé 2009,Champagne,Wine,415.51,,398,0,0,
33387fb0-33e6-4c9b-b01d-c20684364c9e,EVT-004477,USER-00023,search,2025-12-31T07:03:55,SES-df7892e7,desktop,Chrome,social,,,,,0.0,gaming laptop,0,0,0,
f4470d17-5c21-49d6-ad3c-6b9bb9d463de,EVT-004478,USER-00155,search,2025-11-01T02:33:14,SES-6e61badc,mobile,Firefox,social,,,,,0.0,wireless headphones,0,0,0,
b3bd02c6-be8b-4b5e-9fcc-e45640301b55,EVT-004479,USER-00218,click,2025-12-08T03:15:38,SES-e706990e,desktop,Safari,email,PROD-00003,Penfolds Grange,Red Wine,Wine,390.13,,276,0,0,
612f13cb-af40-4b05-928d-5a9ecdcb0583,EVT-004480,USER-00107,search,2025-12-09T14:14:27,SES-d3aa83fe,desktop,Firefox,organic,,,,,0.0,home office chair,0,0,0,
04c2f347-2128-462d-a358-967425172509,EVT-004481,USER-00147,add_to_cart,2026-01-03T10:34:16,SES-11d935de,mobile,Chrome,email,PROD-01416,REI Flash 55 Pack,Outdoor Gear,Sports,517.67,,0,1,0,
c378260a-8586-4664-b85b-5f07630182e3,EVT-004482,USER-00048,wishlist,2026-01-11T10:30:29,SES-ee20480f,tablet,Safari,organic,PROD-01844,Samsung Galaxy Watch 6,Smartwatches,Electronics,790.52,,0,0,0,
1da7584d-fdbb-4b9c-b68b-23200ad449a7,EVT-004483,USER-00154,search,2026-01-13T11:09:36,SES-d9d29750,tablet,Chrome,organic,,,,,0.0,red wine gift,0,0,0,
47a4c726-8209-4ec6-bf68-34ca80796659,EVT-004484,USER-00144,view,2025-12-17T05:00:51,SES-4d39d3cc,tablet,Edge,direct,PROD-01196,Oral-B iO Series 9,Personal Care,Healthcare,285.71,,125,0,0,
4e261128-c9ad-4eb5-aec3-1b540a299aea,EVT-004485,USER-00001,view,2025-11-10T19:18:42,SES-48aecd59,desktop,Safari,direct,PROD-00512,Dom Pérignon Rosé 2009,Champagne,Wine,415.51,,398,0,0,
158723a9-3906-4278-b5e4-5a2184055a71,EVT-004486,USER-00023,search,2025-11-03T23:08:30,SES-72a9d814,desktop,Chrome,social,,,,,0.0,gaming laptop,0,0,0,
615e2202-e03b-4931-8d8b-22d33cbdc42a,EVT-004487,USER-00155,search,2025-11-13T00:57:42,SES-e4637b92,mobile,Firefox,social,,,,,0.0,wireless headphones,0,0,0,
abc3dc5c-891e-4453-81c5-3fe9e17afd9b,EVT-004488,USER-00218,click,2025-12-11T17:20:49,SES-8b58279b,desktop,Safari,email,PROD-00003,Penfolds Grange,Red Wine,Wine,390.13,,276,0,0,
64e7d3c5-f176-40ef-8eda-fd0e9491dcb0,EVT-004489,USER-00107,search,2025-11-04T08:24:12,SES-07e32d9e,desktop,Firefox,organic,,,,,0.0,home office chair,0,0,0,
87b140b3-32f9-4dd2-bad1-f543c7af70c2,EVT-004490,USER-00147,add_to_cart,2026-01-08T22:45:30,SES-860cd39d,mobile,Chrome,email,PROD-01416,REI Flash 55 Pack,Outdoor Gear,Sports,517.67,,0,1,0,
46bfa26b-33f9-4667-80b5-351e22b165f6,EVT-004491,USER-00048,wishlist,2025-11-05T14:12:05,SES-efb127c7,tablet,Safari,organic,PROD-01844,Samsung Galaxy Watch 6,Smartwatches,Electronics,790.52,,0,0,0,
e8aae1bb-d9e5-423d-ae5d-9cb48a1ce415,EVT-004492,USER-00154,search,2025-11-13T15:30:12,SES-077b95c1,tablet,Chrome,organic,,,,,0.0,red wine gift,0,0,0,
5de8bad6-92ff-42b1-b448-8e906041d26f,EVT-004493,USER-00144,view,2025-12-25T18:00:00,SES-24c64ec6,tablet,Edge,direct,PROD-01196,Oral-B iO Series 9,Personal Care,Healthcare,285.71,,125,0,0,
8c7475e0-d652-4b2c-96b8-e44367403a75,EVT-004494,USER-00001,view,2025-10-30T17:26:38,SES-56e3395d,desktop,Safari,direct,PROD-00512,Dom Pérignon Rosé 2009,Champagne,Wine,415.51,,398,0,0,
5cd6459d-0688-40bd-955d-6226c4de053c,EVT-004495,USER-00023,search,2026-01-02T21:40:36,SES-4eda85dc,desktop,Chrome,social,,,,,0.0,gaming laptop,0,0,0,
e9ed1420-73ae-4ac4-84dd-5cb91e644f08,EVT-004496,USER-00155,search,2025-10-31T22:48:16,SES-62a3e083,mobile,Firefox,social,,,,,0.0,wireless headphones,0,0,0,
a2b539b8-8ea2-4770-a95c-c73961ea069c,EVT-004497,USER-00218,click,2025-12-31T09:17:07,SES-756a5a18,desktop,Safari,email,PROD-00003,Penfolds Grange,Red Wine,Wine,390.13,,276,0,0,
2dbd0558-6abe-4e62-a874-ef76a0a597bc,EVT-004498,USER-00107,search,2025-11-30T22:56:30,SES-38b6b54a,desktop,Firefox,organic,,,,,0.0,home office chair,0,0,0,
4e75d7a5-35e9-4e68-9f34-bfa88254f577,EVT-004499,USER-00147,add_to_cart,2025-11-19T03:44:09,SES-8804f3bb,mobile,Chrome,email,PROD-01416,REI Flash 55 Pack,Outdoor Gear,Sports,517.67,,0,1,0,
b50bff38-ae0a-4a0a-8e2d-1950cb202cc3,EVT-004500,USER-00048,wishlist,2026-01-16T20:35:53,SES-c1c2d6a0,tablet,Safari,organic,PROD-01844,Samsung Galaxy Watch 6,Smartwatches,Electronics,790.52,,0,0,0,
1fd314c0-caf3-4b9a-9862-2839cc99aebc,EVT-004501,USER-00154,search,2025-12-21T11:01:03,SES-7530633c,tablet,Chrome,organic,,,,,0.0,red wine gift,0,0,0,
ca737fea-c11a-45e2-b82d-8ce748525f01,EVT-004502,USER-00144,view,2025-11-01T23:07:45,SES-59540d91,tablet,Edge,direct,PROD-01196,Oral-B iO Series 9,Personal Care,Healthcare,285.71,,125,0,0,
e475dc80-c454-4ddb-bb4b-6d1e1b29746e,EVT-004503,USER-00001,view,2025-11-15T23:57:23,SES-2b3def1c,desktop,Safari,direct,PROD-00512,Dom Pérignon Rosé 2009,Champagne,Wine,415.51,,398,0,0,
27dda3b9-0615-4eb2-8894-3a0b27b36135,EVT-004504,USER-00023,search,2025-11-13T17:04:06,SES-6642657a,desktop,Chrome,social,,,,,0.0,gaming laptop,0,0,0,
870a4be1-3940-4305-8b5e-799af00d681e,EVT-004505,USER-00155,search,2025-11-16T02:02:05,SES-72fad0c0,mobile,Firefox,social,,,,,0.0,wireless headphones,0,0,0,
0657de4e-f676-45f5-8898-626f8bda8b89,EVT-004506,USER-00218,click,2025-11-09T16:08:28,SES-9684cd2a,desktop,Safari,email,PROD-00003,Penfolds Grange,Red Wine,Wine,390.13,,276,0,0,
21b1084f-ef48-430d-b4cb-4ef0094387a9,EVT-004507,USER-00107,search,2026-01-01T15:01:24,SES-f77ecadb,desktop,Firefox,organic,,,,,0.0,home office chair,0,0,0,
49545e48-0f05-4d54-9dce-5bd3c3632289,EVT-004508,USER-00147,add_to_cart,2025-12-25T18:22:18,SES-3a9f8653,mobile,Chrome,email,PROD-01416,REI Flash 55 Pack,Outdoor Gear,Sports,517.67,,0,1,0,
0fd7b8a0-a44d-444b-a9a9-9aa8dde64b0d,EVT-004509,USER-00048,wishlist,2025-11-20T23:33:45,SES-c3a41b18,tablet,Safari,organic,PROD-01844,Samsung Galaxy Watch 6,Smartwatches,Electronics,790.52,,0,0,0,
54f01d4f-fabb-4523-a01f-8b99ff464131,EVT-004510,USER-00154,search,2025-11-23T15:40:59,SES-93c5b532,tablet,Chrome,organic,,,,,0.0,red wine gift,0,0,0,
1dcafa4d-aa4f-44ef-8bb4-a1be656c0121,EVT-004511,USER-00144,view,2025-12-30T17:25:21,SES-5aca9820,tablet,Edge,direct,PROD-01196,Oral-B iO Series 9,Personal Care,Healthcare,285.71,,125,0,0,
7c0c4286-c722-41c5-b914-3bc2c40aab5f,EVT-004512,USER-00001,view,2025-12-06T14:48:55,SES-45a829c0,desktop,Safari,direct,PROD-00512,Dom Pérignon Rosé 2009,Champagne,Wine,415.51,,398,0,0,
bbdf4581-8d8a-4a39-adf5-ca2ce86023dd,EVT-004513,USER-00023,search,2025-12-26T15:18:46,SES-689ce5b3,desktop,Chrome,social,,,,,0.0,gaming laptop,0,0,0,
99d3295b-98f7-425d-acf1-64c51a8682f5,EVT-004514,USER-00155,search,2025-12-19T02:33:27,SES-d91c4ed6,mobile,Firefox,social,,,,,0.0,wireless headphones,0,0,0,
ecfef295-5be3-4b3a-8589-df241fee6bc3,EVT-004515,USER-00218,click,2025-12-12T05:25:26,SES-d63418b4,desktop,Safari,email,PROD-00003,Penfolds Grange,Red Wine,Wine,390.13,,276,0,0,
06bb9a24-275d-4b87-a061-33ab61f513dc,EVT-004516,USER-00107,search,2025-12-11T22:24:15,SES-97b0a69f,desktop,Firefox,organic,,,,,0.0,home office chair,0,0,0,
c5fc3be3-4bc6-46f0-8e2f-c681c5e62839,EVT-004517,USER-00147,add_to_cart,2025-12-17T18:49:35,SES-89fd6348,mobile,Chrome,email,PROD-01416,REI Flash 55 Pack,Outdoor Gear,Sports,517.67,,0,1,0,
28edc114-3717-4547-ba3f-90cbf15c3808,EVT-004518,USER-00048,wishlist,2026-01-16T12:49:37,SES-a4b00931,tablet,Safari,organic,PROD-01844,Samsung Galaxy Watch 6,Smartwatches,Electronics,790.52,,0,0,0,
5ce5cd91-b280-4279-b02a-b130040be821,EVT-004519,USER-00154,search,2025-11-17T15:26:45,SES-c2fafe23,tablet,Chrome,organic,,,,,0.0,red wine gift,0,0,0,
d9a36f8a-905b-42d8-b38a-f3df2fbd8fdf,EVT-004520,USER-00144,view,2026-01-04T12:36:36,SES-6cd0957f,tablet,Edge,direct,PROD-01196,Oral-B iO Series 9,Personal Care,Healthcare,285.71,,125,0,0,
431c006c-fb7f-4f3d-b693-83956ee77790,EVT-004521,USER-00001,view,2026-01-18T01:59:29,SES-f7fe717a,desktop,Safari,direct,PROD-00512,Dom Pérignon Rosé 2009,Champagne,Wine,415.51,,398,0,0,
2d3641c6-2ae3-4b42-b693-ccb49b056e7c,EVT-004522,USER-00023,search,2025-11-04T12:49:46,SES-72f75477,desktop,Chrome,social,,,,,0.0,gaming laptop,0,0,0,
ce5d437c-fc00-4dd9-aa63-8ceb4d172463,EVT-004523,USER-00155,search,2025-11-23T14:05:40,SES-989eb3b7,mobile,Firefox,social,,,,,0.0,wireless headphones,0,0,0,
a7708eb1-996f-4fd3-8b88-38932522c2e2,EVT-004524,USER-00218,click,2025-12-02T17:18:35,SES-36c94ca8,desktop,Safari,email,PROD-00003,Penfolds Grange,Red Wine,Wine,390.13,,276,0,0,
372481f0-58ca-48a0-b142-2d99d3fedd03,EVT-004525,USER-00107,search,2025-11-28T03:12:31,SES-8e998e82,desktop,Firefox,organic,,,,,0.0,home office chair,0,0,0,
d6ca3d32-f2d5-4d71-8dbe-c8b715cea85a,EVT-004526,USER-00147,add_to_cart,2025-12-25T22:38:29,SES-f38b2b22,mobile,Chrome,email,PROD-01416,REI Flash 55 Pack,Outdoor Gear,Sports,517.67,,0,1,0,
9fc95519-648f-4700-8f38-75100e2a9937,EVT-004527,USER-00048,wishlist,2025-11-05T20:19:09,SES-f00aaabc,tablet,Safari,organic,PROD-01844,Samsung Galaxy Watch 6,Smartwatches,Electronics,790.52,,0,0,0,
7b027467-996d-44eb-8644-a08c2e038ff4,EVT-004528,USER-00154,search,2025-12-17T23:57:22,SES-6923775b,tablet,Chrome,organic,,,,,0.0,red wine gift,0,0,0,
39ac2d47-3d64-4d07-ada0-f5ad5f73341f,EVT-004529,USER-00144,view,2026-01-02T05:53:24,SES-b081f5e2,tablet,Edge,direct,PROD-01196,Oral-B iO Series 9,Personal Care,Healthcare,285.71,,125,0,0,
21e82eba-2881-470f-b047-05b1e1a483bc,EVT-004530,USER-00001,view,2026-01-13T08:19:02,SES-7f50decd,desktop,Safari,direct,PROD-00512,Dom Pérignon Rosé 2009,Champagne,Wine,415.51,,398,0,0,
9a72d476-f7a3-4f19-8c73-706718c83113,EVT-004531,USER-00023,search,2025-10-26T01:40:49,SES-9b3a2068,desktop,Chrome,social,,,,,0.0,gaming laptop,0,0,0,
f78a6a18-2a1d-4b2a-a607-76769977b5d5,EVT-004532,USER-00155,search,2026-01-03T08:44:48,SES-5b48563d,mobile,Firefox,social,,,,,0.0,wireless headphones,0,0,0,
a21f9aea-9228-48e3-af21-a1de49164bca,EVT-004533,USER-00218,click,2026-01-18T17:05:47,SES-902842ba,desktop,Safari,email,PROD-00003,Penfolds Grange,Red Wine,Wine,390.13,,276,0,0,
896609a0-d34d-4117-a0fc-2d916f655b7b,EVT-004534,USER-00107,search,2026-01-08T09:31:55,SES-fd2bc990,desktop,Firefox,organic,,,,,0.0,home office chair,0,0,0,
1c9c60ae-3c56-445f-98d0-cc7240713bfa,EVT-004535,USER-00147,add_to_cart,2025-11-29T03:06:52,SES-9b6dfae8,mobile,Chrome,email,PROD-01416,REI Flash 55 Pack,Outdoor Gear,Sports,517.67,,0,1,0,
9933ab80-bf3f-4d04-b4ad-a64d65ed3ef8,EVT-004536,USER-00048,wishlist,2025-12-23T02:19:02,SES-208d80ac,tablet,Safari,organic,PROD-01844,Samsung Galaxy Watch 6,Smartwatches,Electronics,790.52,,0,0,0,
ab6d626f-08b3-4ce6-824a-de356db8a0c9,EVT-004537,USER-00154,search,2025-10-27T09:49:14,SES-7f811398,tablet,Chrome,organic,,,,,0.0,red wine gift,0,0,0,
b201a4e1-e792-4b75-af4d-4a9e5d52b35a,EVT-004538,USER-00144,view,2026-01-07T20:32:16,SES-599404ad,tablet,Edge,direct,PROD-01196,Oral-B iO Series 9,Personal Care,Healthcare,285.71,,125,0,0,
b35784b8-f68a-480d-82a8-230dbd1fed57,EVT-004539,USER-00001,view,2025-11-10T23:03:40,SES-6c3dbecd,desktop,Safari,direct,PROD-00512,Dom Pérignon Rosé 2009,Champagne,Wine,415.51,,398,0,0,
3353bd90-8c3d-4544-be00-490b2858510b,EVT-004540,USER-00023,search,2025-11-09T10:25:20,SES-2629fad7,desktop,Chrome,social,,,,,0.0,gaming laptop,0,0,0,
d7918bc3-11b0-41e2-8c5c-c8241994b068,EVT-004541,USER-00155,search,2025-10-24T03:18:06,SES-ed2290f7,mobile,Firefox,social,,,,,0.0,wireless headphones,0,0,0,
05afa2ea-0960-4ef0-9e56-0c8afb305ef5,EVT-004542,USER-00218,click,2025-11-05T15:02:15,SES-b3460ba5,desktop,Safari,email,PROD-00003,Penfolds Grange,Red Wine,Wine,390.13,,276,0,0,
bbe73e72-0621-4190-8c0b-4eca36a9cac2,EVT-004543,USER-00107,search,2025-12-23T08:43:34,SES-409edf28,desktop,Firefox,organic,,,,,0.0,home office chair,0,0,0,
f9032124-52c4-4512-b9a6-f0cbd4fa112a,EVT-004544,USER-00147,add_to_cart,2025-10-26T01:25:16,SES-cb9c556e,mobile,Chrome,email,PROD-01416,REI Flash 55 Pack,Outdoor Gear,Sports,517.67,,0,1,0,
a5de02a9-0bcc-44bf-98d5-4032367bfea2,EVT-004545,USER-00048,wishlist,2026-01-11T20:30:14,SES-b5948ef4,tablet,Safari,organic,PROD-01844,Samsung Galaxy Watch 6,Smartwatches,Electronics,790.52,,0,0,0,
df27df6e-ab5c-4870-8388-f02adf845d0c,EVT-004546,USER-00154,search,2026-01-07T21:52:59,SES-10ae53d3,tablet,Chrome,organic,,,,,0.0,red wine gift,0,0,0,
249efeee-bddb-4247-bad7-54eaf8fc91fa,EVT-004547,USER-00144,view,2025-11-14T20:06:44,SES-613f7f14,tablet,Edge,direct,PROD-01196,Oral-B iO Series 9,Personal Care,Healthcare,285.71,,125,0,0,
eb7bce29-655d-41f2-bb13-f0426195650d,EVT-004548,USER-00001,view,2025-11-07T11:08:58,SES-8d918bef,desktop,Safari,direct,PROD-00512,Dom Pérignon Rosé 2009,Champagne,Wine,415.51,,398,0,0,
2871c4df-b856-47c3-aed6-65e09827ff67,EVT-004549,USER-00023,search,2025-11-30T06:27:21,SES-5fd1d382,desktop,Chrome,social,,,,,0.0,gaming laptop,0,0,0,
523e5905-b821-4a04-8562-be6e1c604189,EVT-004550,USER-00155,search,2025-11-23T01:29:04,SES-3509607b,mobile,Firefox,social,,,,,0.0,wireless headphones,0,0,0,
e2fb438e-7579-4814-815b-1dbeee16208e,EVT-004551,USER-00218,click,2025-10-23T21:13:18,SES-2d867463,desktop,Safari,email,PROD-00003,Penfolds Grange,Red Wine,Wine,390.13,,276,0,0,
6277ad39-e311-4c0f-9170-f182a8860334,EVT-004552,USER-00107,search,2025-12-17T06:59:18,SES-03302c77,desktop,Firefox,organic,,,,,0.0,home office chair,0,0,0,
9a22fbbb-77f1-4636-99e6-cf188ecca61c,EVT-004553,USER-00147,add_to_cart,2025-12-08T10:13:11,SES-df0a1f0b,mobile,Chrome,email,PROD-01416,REI Flash 55 Pack,Outdoor Gear,Sports,517.67,,0,1,0,
85022e1b-d086-4a8a-bf59-deceb14ee9c0,EVT-004554,USER-00048,wishlist,2025-12-08T17:22:11,SES-8f826553,tablet,Safari,organic,PROD-01844,Samsung Galaxy Watch 6,Smartwatches,Electronics,790.52,,0,0,0,
a7739677-be43-4b4a-bc28-b8d2790c0ae3,EVT-004555,USER-00154,search,2026-01-14T00:28:12,SES-7883a912,tablet,Chrome,organic,,,,,0.0,red wine gift,0,0,0,
74c226b4-78a4-4fa4-9ef7-ddb7655f4d3d,EVT-004556,USER-00144,view,2025-11-25T03:16:44,SES-5937a506,tablet,Edge,direct,PROD-01196,Oral-B iO Series 9,Personal Care,Healthcare,285.71,,125,0,0,
84438f05-8702-4df8-af7b-189d9369c7a4,EVT-004557,USER-00001,view,2025-11-09T23:24:53,SES-796d5ec9,desktop,Safari,direct,PROD-00512,Dom Pérignon Rosé 2009,Champagne,Wine,415.51,,398,0,0,
7eaecf5c-53d5-46a6-82e8-8e96aedf3aaf,EVT-004558,USER-00023,search,2025-12-22T18:56:13,SES-972ff6f5,desktop,Chrome,social,,,,,0.0,gaming laptop,0,0,0,
59c42330-9c2f-45e2-9381-134423dbc446,EVT-004559,USER-00155,search,2026-01-15T04:04:18,SES-bd9d7c94,mobile,Firefox,social,,,,,0.0,wireless headphones,0,0,0,
6a1ee928-2b2c-4316-9ac4-10bf8fdfb55c,EVT-004560,USER-00218,click,2026-01-10T01:39:11,SES-4a8746b8,desktop,Safari,email,PROD-00003,Penfolds Grange,Red Wine,Wine,390.13,,276,0,0,
5cdb5fd0-0f7d-4582-a278-40589b6b01fc,EVT-004561,USER-00107,search,2025-12-17T18:54:23,SES-c7d3f4b6,desktop,Firefox,organic,,,,,0.0,home office chair,0,0,0,
c7b4bac9-9edf-43c9-a6b5-0dc5bea11ed1,EVT-004562,USER-00147,add_to_cart,2025-12-01T03:10:43,SES-033c3924,mobile,Chrome,email,PROD-01416,REI Flash 55 Pack,Outdoor Gear,Sports,517.67,,0,1,0,
d34db4ec-9001-44a0-afd1-33a100b8df33,EVT-004563,USER-00048,wishlist,2025-12-05T15:24:31,SES-db5b5829,tablet,Safari,organic,PROD-01844,Samsung Galaxy Watch 6,Smartwatches,Electronics,790.52,,0,0,0,
40c07a26-6173-4a22-87ac-2e73fc6439f1,EVT-004564,USER-00154,search,2025-11-12T14:32:03,SES-c8386e65,tablet,Chrome,organic,,,,,0.0,red wine gift,0,0,0,
bade7b32-8c2c-40a4-a120-533b71dd0a7f,EVT-004565,USER-00144,view,2025-12-05T17:56:50,SES-39e4448a,tablet,Edge,direct,PROD-01196,Oral-B iO Series 9,Personal Care,Healthcare,285.71,,125,0,0,
973b9354-669e-47bc-82be-7c67d18ca310,EVT-004566,USER-00001,view,2025-12-22T01:41:34,SES-fe241159,desktop,Safari,direct,PROD-00512,Dom Pérignon Rosé 2009,Champagne,Wine,415.51,,398,0,0,
d8be41e2-6e63-41bc-a134-ab737dc82517,EVT-004567,USER-00023,search,2025-11-17T06:18:32,SES-069a2912,desktop,Chrome,social,,,,,0.0,gaming laptop,0,0,0,
9d123949-6eb2-46cb-ba29-626c8d309f00,EVT-004568,USER-00155,search,2025-12-14T17:55:15,SES-aa69f743,mobile,Firefox,social,,,,,0.0,wireless headphones,0,0,0,
7f3720ce-7bb9-43e0-896b-9bf11be24022,EVT-004569,USER-00218,click,2025-12-04T10:53:05,SES-964e0cc8,desktop,Safari,email,PROD-00003,Penfolds Grange,Red Wine,Wine,390.13,,276,0,0,
9eb2a832-322e-46a0-aee8-730923d49352,EVT-004570,USER-00107,search,2025-11-03T04:28:05,SES-b88de735,desktop,Firefox,organic,,,,,0.0,home office chair,0,0,0,
15179db2-93dd-47e7-9bda-a049bd177272,EVT-004571,USER-00147,add_to_cart,2026-01-03T01:48:48,SES-c44a6067,mobile,Chrome,email,PROD-01416,REI Flash 55 Pack,Outdoor Gear,Sports,517.67,,0,1,0,
7041a977-a61a-401d-b4ad-2857d51064aa,EVT-004572,USER-00048,wishlist,2025-11-18T20:45:28,SES-ce3cbabf,tablet,Safari,organic,PROD-01844,Samsung Galaxy Watch 6,Smartwatches,Electronics,790.52,,0,0,0,
57020f2b-789d-43bf-8bd5-da512a4b8fcf,EVT-004573,USER-00154,search,2025-12-25T09:15:48,SES-197ccc14,tablet,Chrome,organic,,,,,0.0,red wine gift,0,0,0,
cadf3942-e2ec-4c36-a9d4-ad8a9727d41a,EVT-004574,USER-00144,view,2026-01-05T08:41:24,SES-769d752f,tablet,Edge,direct,PROD-01196,Oral-B iO Series 9,Personal Care,Healthcare,285.71,,125,0,0,
34a1208c-c3cb-4b2d-9b70-2cdadb406823,EVT-004575,USER-00001,view,2025-12-11T16:46:49,SES-8d3ba423,desktop,Safari,direct,PROD-00512,Dom Pérignon Rosé 2009,Champagne,Wine,415.51,,398,0,0,
91604563-0acf-424c-bfe8-d922e21ab53e,EVT-004576,USER-00023,search,2026-01-20T10:44:21,SES-807b7956,desktop,Chrome,social,,,,,0.0,gaming laptop,0,0,0,
37a77dbe-1550-49a2-a5ca-88182b5d561b,EVT-004577,USER-00155,search,2025-11-24T12:00:46,SES-8d520da9,mobile,Firefox,social,,,,,0.0,wireless headphones,0,0,0,
f90a2800-0223-42cc-adc5-91c712cb1176,EVT-004578,USER-00218,click,2025-11-24T11:47:23,SES-6c77ce6e,desktop,Safari,email,PROD-00003,Penfolds Grange,Red Wine,Wine,390.13,,276,0,0,
0ffe90ae-92d3-48d8-b1d4-d2396feba0ab,EVT-004579,USER-00107,search,2026-01-17T09:40:04,SES-37c12d5a,desktop,Firefox,organic,,,,,0.0,home office chair,0,0,0,
efb98cff-618c-4c0e-85f3-ba0b3de4b493,EVT-004580,USER-00147,add_to_cart,2025-11-09T20:05:07,SES-1b45fa9a,mobile,Chrome,email,PROD-01416,REI Flash 55 Pack,Outdoor Gear,Sports,517.67,,0,1,0,
7b9d8f1e-188c-4221-a94d-2183ac81ad90,EVT-004581,USER-00048,wishlist,2025-11-16T12:47:07,SES-3628d302,tablet,Safari,organic,PROD-01844,Samsung Galaxy Watch 6,Smartwatches,Electronics,790.52,,0,0,0,
6e3eef00-d874-48ab-943b-946f4247d09e,EVT-004582,USER-00154,search,2025-11-24T20:28:39,SES-bf9d17d8,tablet,Chrome,organic,,,,,0.0,red wine gift,0,0,0,
4b6e2a67-e84c-4826-b85e-1c4066727c51,EVT-004583,USER-00144,view,2026-01-09T02:20:57,SES-e8eaa81d,tablet,Edge,direct,PROD-01196,Oral-B iO Series 9,Personal Care,Healthcare,285.71,,125,0,0,
25dd155a-c56f-4918-bbb4-52b0e0edcd18,EVT-004584,USER-00001,view,2026-01-15T09:46:10,SES-a4354edf,desktop,Safari,direct,PROD-00512,Dom Pérignon Rosé 2009,Champagne,Wine,415.51,,398,0,0,
3d150212-0ac3-4d76-9681-f1d0f6c044c8,EVT-004585,USER-00023,search,2025-12-09T01:32:58,SES-25a91717,desktop,Chrome,social,,,,,0.0,gaming laptop,0,0,0,
a71e7a4a-9444-46bd-bec8-4191ba2bfb4e,EVT-004586,USER-00155,search,2026-01-05T16:50:17,SES-61ecb896,mobile,Firefox,social,,,,,0.0,wireless headphones,0,0,0,
bba0bc42-71c8-4ba6-bd2b-228411828ae6,EVT-004587,USER-00218,click,2025-12-15T00:57:40,SES-3c843ffc,desktop,Safari,email,PROD-00003,Penfolds Grange,Red Wine,Wine,390.13,,276,0,0,
58e6b8c9-60f1-470d-b1ac-73226eded4eb,EVT-004588,USER-00107,search,2025-12-06T01:13:23,SES-e4796652,desktop,Firefox,organic,,,,,0.0,home office chair,0,0,0,
7e14e47c-7448-4a48-8ad5-c78092bbb03f,EVT-004589,USER-00147,add_to_cart,2025-12-26T03:24:35,SES-acbb1d5b,mobile,Chrome,email,PROD-01416,REI Flash 55 Pack,Outdoor Gear,Sports,517.67,,0,1,0,
debbd63f-f24e-4abd-b72d-e2009570ec76,EVT-004590,USER-00048,wishlist,2025-11-01T02:47:56,SES-93efddb6,tablet,Safari,organic,PROD-01844,Samsung Galaxy Watch 6,Smartwatches,Electronics,790.52,,0,0,0,
351ed583-c05a-4315-8db3-a4e6b0a97dfc,EVT-004591,USER-00154,search,2025-12-26T14:30:43,SES-f41a3da6,tablet,Chrome,organic,,,,,0.0,red wine gift,0,0,0,
8a42e73e-6c58-4887-91a6-26e137d9ec10,EVT-004592,USER-00144,view,2026-01-13T21:03:13,SES-2f2b5a24,tablet,Edge,direct,PROD-01196,Oral-B iO Series 9,Personal Care,Healthcare,285.71,,125,0,0,
240c7ee6-b588-4c36-8c00-3b03afc60c6e,EVT-004593,USER-00001,view,2025-11-24T23:43:16,SES-03ad4101,desktop,Safari,direct,PROD-00512,Dom Pérignon Rosé 2009,Champagne,Wine,415.51,,398,0,0,
1640e474-74be-426c-947b-e7bf2d02dfd1,EVT-004594,USER-00023,search,2026-01-04T20:28:34,SES-91a222f7,desktop,Chrome,social,,,,,0.0,gaming laptop,0,0,0,
667dbf15-3100-49fb-b5f2-21ea29285be9,EVT-004595,USER-00155,search,2025-12-12T03:27:26,SES-684985f9,mobile,Firefox,social,,,,,0.0,wireless headphones,0,0,0,
799a9ce8-32b2-42a5-9889-80d9c02cf35e,EVT-004596,USER-00218,click,2025-11-17T06:26:44,SES-9370ea6e,desktop,Safari,email,PROD-00003,Penfolds Grange,Red Wine,Wine,390.13,,276,0,0,
c6a8623b-b2e8-4b3d-9b71-fa1b7d989b40,EVT-004597,USER-00107,search,2025-10-28T21:00:17,SES-92477b3e,desktop,Firefox,organic,,,,,0.0,home office chair,0,0,0,
383871a9-375c-41a4-8da9-bf828fa50ba1,EVT-004598,USER-00147,add_to_cart,2026-01-06T16:00:54,SES-42bbf2ec,mobile,Chrome,email,PROD-01416,REI Flash 55 Pack,Outdoor Gear,Sports,517.67,,0,1,0,
931a3996-4e38-4c24-b227-c0985d8ca191,EVT-004599,USER-00048,wishlist,2025-11-27T05:25:30,SES-02619bbb,tablet,Safari,organic,PROD-01844,Samsung Galaxy Watch 6,Smartwatches,Electronics,790.52,,0,0,0,
afce0cbb-4b29-4fb5-a8cf-9609be53af89,EVT-004600,USER-00154,search,2025-12-03T03:46:50,SES-e8813320,tablet,Chrome,organic,,,,,0.0,red wine gift,0,0,0,
111a03c3-9a46-426d-aa36-9444754d545d,EVT-004601,USER-00144,view,2025-12-24T02:34:48,SES-abe0eb17,tablet,Edge,direct,PROD-01196,Oral-B iO Series 9,Personal Care,Healthcare,285.71,,125,0,0,
9c240071-2035-40b2-8fe5-242b6d81de0c,EVT-004602,USER-00001,view,2025-10-25T05:08:54,SES-e70b5825,desktop,Safari,direct,PROD-00512,Dom Pérignon Rosé 2009,Champagne,Wine,415.51,,398,0,0,
18d90438-8fea-4922-8def-a1e670bdaab6,EVT-004603,USER-00023,search,2025-12-14T11:57:15,SES-5ba72ef3,desktop,Chrome,social,,,,,0.0,gaming laptop,0,0,0,
23540ec9-df96-479c-94aa-0e2876ed0b42,EVT-004604,USER-00155,search,2025-11-04T00:03:45,SES-9a4e7829,mobile,Firefox,social,,,,,0.0,wireless headphones,0,0,0,
5edeef4c-3e4e-4b02-a249-91f42de48d74,EVT-004605,USER-00218,click,2025-10-31T22:19:31,SES-1dd31295,desktop,Safari,email,PROD-00003,Penfolds Grange,Red Wine,Wine,390.13,,276,0,0,
f4ee25e4-98bf-497e-8cd8-fc1ef4dce74d,EVT-004606,USER-00107,search,2025-11-13T19:10:10,SES-5221a2b4,desktop,Firefox,organic,,,,,0.0,home office chair,0,0,0,
0153e4b8-ef9b-44b4-8f7a-264cb89cdbf3,EVT-004607,USER-00147,add_to_cart,2025-12-06T03:49:36,SES-655af774,mobile,Chrome,email,PROD-01416,REI Flash 55 Pack,Outdoor Gear,Sports,517.67,,0,1,0,
92022f92-051c-4c7e-a836-b64108bbbe42,EVT-004608,USER-00048,wishlist,2026-01-11T08:09:05,SES-05742b2e,tablet,Safari,organic,PROD-01844,Samsung Galaxy Watch 6,Smartwatches,Electronics,790.52,,0,0,0,
4af98607-35f6-4c02-ac5b-108bbb965470,EVT-004609,USER-00154,search,2025-11-02T12:53:51,SES-d1838b7d,tablet,Chrome,organic,,,,,0.0,red wine gift,0,0,0,
0d5d8506-6b17-4731-af39-ee835d17afc9,EVT-004610,USER-00144,view,2025-11-03T10:11:49,SES-944ee2ff,tablet,Edge,direct,PROD-01196,Oral-B iO Series 9,Personal Care,Healthcare,285.71,,125,0,0,
ba0fdd3c-c5e6-4ea9-ab17-39edaf30bd26,EVT-004611,USER-00001,view,2025-12-15T04:36:20,SES-f50950d8,desktop,Safari,direct,PROD-00512,Dom Pérignon Rosé 2009,Champagne,Wine,415.51,,398,0,0,
2201a97d-f428-4b14-b01d-e7464a12bc98,EVT-004612,USER-00023,search,2025-12-30T22:37:48,SES-5beb5734,desktop,Chrome,social,,,,,0.0,gaming laptop,0,0,0,
d1aae43e-e098-479f-9260-fe85764e8ad5,EVT-004613,USER-00155,search,2025-11-20T10:59:31,SES-459f53cb,mobile,Firefox,social,,,,,0.0,wireless headphones,0,0,0,
ea45f67e-cf7e-4f90-9dda-aa04e9adc373,EVT-004614,USER-00218,click,2025-11-04T00:13:41,SES-b63e9dd7,desktop,Safari,email,PROD-00003,Penfolds Grange,Red Wine,Wine,390.13,,276,0,0,
d0c05c06-b956-4966-8098-d97aa197d4fd,EVT-004615,USER-00107,search,2026-01-15T12:52:54,SES-68d79a2a,desktop,Firefox,organic,,,,,0.0,home office chair,0,0,0,
0076940d-ee39-4371-a7bb-0d597dd55b9d,EVT-004616,USER-00147,add_to_cart,2025-11-25T11:57:10,SES-58c777a3,mobile,Chrome,email,PROD-01416,REI Flash 55 Pack,Outdoor Gear,Sports,517.67,,0,1,0,
9a87ad53-71ea-409c-afc9-b0706125d4b6,EVT-004617,USER-00048,wishlist,2025-11-21T13:21:44,SES-5ad80f60,tablet,Safari,organic,PROD-01844,Samsung Galaxy Watch 6,Smartwatches,Electronics,790.52,,0,0,0,
9f7cc7bd-74fa-4595-811d-2f611c832b50,EVT-004618,USER-00154,search,2025-12-05T16:28:55,SES-06a3b1cc,tablet,Chrome,organic,,,,,0.0,red wine gift,0,0,0,
676f9eba-00b6-4ba6-b290-4451afc1ba20,EVT-004619,USER-00144,view,2025-12-04T02:15:56,SES-8f7f5b73,tablet,Edge,direct,PROD-01196,Oral-B iO Series 9,Personal Care,Healthcare,285.71,,125,0,0,
431c3a0a-cac2-4ed6-bafd-237777d4d6ba,EVT-004620,USER-00001,view,2025-12-15T11:12:31,SES-e885f63a,desktop,Safari,direct,PROD-00512,Dom Pérignon Rosé 2009,Champagne,Wine,415.51,,398,0,0,
82d08507-d7de-4e5b-9af1-5827dee55dec,EVT-004621,USER-00023,search,2025-10-30T19:15:26,SES-f02fa209,desktop,Chrome,social,,,,,0.0,gaming laptop,0,0,0,
edaaf1b2-bd1b-4699-8bbb-da14d4dddf80,EVT-004622,USER-00155,search,2026-01-14T22:06:37,SES-d38f0096,mobile,Firefox,social,,,,,0.0,wireless headphones,0,0,0,
c25a84db-c5d8-4c61-bee8-5a35a9361005,EVT-004623,USER-00218,click,2025-12-10T18:01:16,SES-078b10ce,desktop,Safari,email,PROD-00003,Penfolds Grange,Red Wine,Wine,390.13,,276,0,0,
d82241a5-a60f-492f-bd17-a3310f58a033,EVT-004624,USER-00107,search,2025-11-09T11:26:50,SES-4333dc9a,desktop,Firefox,organic,,,,,0.0,home office chair,0,0,0,
38c872f8-a7f8-4179-9447-8de17a709fdb,EVT-004625,USER-00147,add_to_cart,2025-11-30T08:18:26,SES-6bb302b7,mobile,Chrome,email,PROD-01416,REI Flash 55 Pack,Outdoor Gear,Sports,517.67,,0,1,0,
7ccc7ef2-c17b-48c1-b4cd-1ac47461c638,EVT-004626,USER-00048,wishlist,2026-01-10T08:43:48,SES-a007f7a9,tablet,Safari,organic,PROD-01844,Samsung Galaxy Watch 6,Smartwatches,Electronics,790.52,,0,0,0,
d8ab9f10-e1c0-4f87-bbd6-7a7b2e7843fb,EVT-004627,USER-00154,search,2026-01-16T17:35:01,SES-7c602992,tablet,Chrome,organic,,,,,0.0,red wine gift,0,0,0,
747b503a-92a1-42c3-a4ac-693bd222a794,EVT-004628,USER-00144,view,2025-12-11T08:25:25,SES-d15ec61b,tablet,Edge,direct,PROD-01196,Oral-B iO Series 9,Personal Care,Healthcare,285.71,,125,0,0,
a5e140bb-192a-495e-a62d-ba6a3e4fa92d,EVT-004629,USER-00001,view,2025-11-10T16:01:42,SES-c7e579e2,desktop,Safari,direct,PROD-00512,Dom Pérignon Rosé 2009,Champagne,Wine,415.51,,398,0,0,
5eab3039-e5f3-481a-a236-5ba004a41bec,EVT-004630,USER-00023,search,2025-11-05T12:08:03,SES-b63aad9f,desktop,Chrome,social,,,,,0.0,gaming laptop,0,0,0,
541417b8-69a1-49d6-8cb0-3bac8b2a5ca1,EVT-004631,USER-00155,search,2026-01-12T07:18:05,SES-af3cd67b,mobile,Firefox,social,,,,,0.0,wireless headphones,0,0,0,
e6ea2949-b27d-4bdc-95ba-16eaf49a3122,EVT-004632,USER-00218,click,2025-12-27T19:46:58,SES-a481dbea,desktop,Safari,email,PROD-00003,Penfolds Grange,Red Wine,Wine,390.13,,276,0,0,
a7447481-6999-4887-b3f6-ada1b7a9de53,EVT-004633,USER-00107,search,2025-11-13T06:53:39,SES-9409beb9,desktop,Firefox,organic,,,,,0.0,home office chair,0,0,0,
b2bd2279-4c24-46d0-97cb-c2d25e4526fb,EVT-004634,USER-00147,add_to_cart,2026-01-06T01:56:03,SES-6e292bc5,mobile,Chrome,email,PROD-01416,REI Flash 55 Pack,Outdoor Gear,Sports,517.67,,0,1,0,
24c07a05-631a-49db-b15e-bc12fb236beb,EVT-004635,USER-00048,wishlist,2025-10-24T08:53:18,SES-04984a89,tablet,Safari,organic,PROD-01844,Samsung Galaxy Watch 6,Smartwatches,Electronics,790.52,,0,0,0,
113c39d0-d024-49a5-9aaa-08e9457c2ed3,EVT-004636,USER-00154,search,2025-11-11T00:52:51,SES-48af7a79,tablet,Chrome,organic,,,,,0.0,red wine gift,0,0,0,
544a165f-a3c1-4406-8d7a-e93de5d030ea,EVT-004637,USER-00144,view,2026-01-01T22:54:15,SES-c66c4f0c,tablet,Edge,direct,PROD-01196,Oral-B iO Series 9,Personal Care,Healthcare,285.71,,125,0,0,
adbf2ca1-9b7d-49bf-a4f2-46a0b75bcda5,EVT-004638,USER-00001,view,2026-01-03T00:57:49,SES-64668dad,desktop,Safari,direct,PROD-00512,Dom Pérignon Rosé 2009,Champagne,Wine,415.51,,398,0,0,
50b12992-6561-4c6a-9028-cb857a8aaaff,EVT-004639,USER-00023,search,2025-11-26T02:39:41,SES-b7706967,desktop,Chrome,social,,,,,0.0,gaming laptop,0,0,0,
35232920-cc3b-4b67-8417-471b0101ef54,EVT-004640,USER-00155,search,2025-12-12T18:36:27,SES-fca591d7,mobile,Firefox,social,,,,,0.0,wireless headphones,0,0,0,
9b5b7beb-db08-476b-b6b0-c2340c4f1266,EVT-004641,USER-00218,click,2025-12-20T02:12:46,SES-bb3b6699,desktop,Safari,email,PROD-00003,Penfolds Grange,Red Wine,Wine,390.13,,276,0,0,
19ff159a-a4f7-41ef-bb3e-fdefe84923bb,EVT-004642,USER-00107,search,2026-01-06T11:18:58,SES-4f2a7777,desktop,Firefox,organic,,,,,0.0,home office chair,0,0,0,
252b0f5d-1304-498a-9a5d-71d42a96f679,EVT-004643,USER-00147,add_to_cart,2025-11-06T11:34:56,SES-56b64b95,mobile,Chrome,email,PROD-01416,REI Flash 55 Pack,Outdoor Gear,Sports,517.67,,0,1,0,
495f22fd-5bf9-4c9e-94e1-c644c5497981,EVT-004644,USER-00048,wishlist,2025-12-16T09:32:31,SES-a857d902,tablet,Safari,organic,PROD-01844,Samsung Galaxy Watch 6,Smartwatches,Electronics,790.52,,0,0,0,
aadd2116-bdf2-4d2c-ab4c-08126e64a6d4,EVT-004645,USER-00154,search,2026-01-14T05:42:10,SES-f3aa79aa,tablet,Chrome,organic,,,,,0.0,red wine gift,0,0,0,
3c475b62-675d-4545-ac2a-213d45a81142,EVT-004646,USER-00144,view,2025-12-13T06:13:39,SES-336635da,tablet,Edge,direct,PROD-01196,Oral-B iO Series 9,Personal Care,Healthcare,285.71,,125,0,0,
a0407226-28a8-479e-ad59-88e80b63a0fe,EVT-004647,USER-00001,view,2025-12-12T17:22:25,SES-5e26ec3a,desktop,Safari,direct,PROD-00512,Dom Pérignon Rosé 2009,Champagne,Wine,415.51,,398,0,0,
47cb8717-945b-4103-b18d-f2621ed09826,EVT-004648,USER-00023,search,2025-10-27T07:26:11,SES-3df8ba32,desktop,Chrome,social,,,,,0.0,gaming laptop,0,0,0,
8919bf23-c02a-4d3c-a154-7b7bd82fd26b,EVT-004649,USER-00155,search,2026-01-08T10:40:14,SES-90e493ea,mobile,Firefox,social,,,,,0.0,wireless headphones,0,0,0,
6e9fac98-374c-4da7-886d-a0e0084bf4a1,EVT-004650,USER-00218,click,2025-12-13T12:16:25,SES-ce972ec2,desktop,Safari,email,PROD-00003,Penfolds Grange,Red Wine,Wine,390.13,,276,0,0,
cfb1b99e-ba39-4890-ae82-ae9ee8a0578f,EVT-004651,USER-00107,search,2025-11-26T22:58:47,SES-a7c47182,desktop,Firefox,organic,,,,,0.0,home office chair,0,0,0,
e9d4ec7c-64cf-449c-a6c0-9f3acd31d3b0,EVT-004652,USER-00147,add_to_cart,2025-12-14T02:57:22,SES-d289c58c,mobile,Chrome,email,PROD-01416,REI Flash 55 Pack,Outdoor Gear,Sports,517.67,,0,1,0,
4476a9ae-83a7-42da-ad28-d7919eff89ce,EVT-004653,USER-00048,wishlist,2025-11-14T02:51:19,SES-068bed03,tablet,Safari,organic,PROD-01844,Samsung Galaxy Watch 6,Smartwatches,Electronics,790.52,,0,0,0,
818938c6-f063-425d-a030-5fbd8031519c,EVT-004654,USER-00154,search,2025-12-29T02:21:20,SES-cd6ab229,tablet,Chrome,organic,,,,,0.0,red wine gift,0,0,0,
6c5bc955-abde-42e5-ba09-b68bfbd217c5,EVT-004655,USER-00144,view,2025-12-13T06:56:47,SES-be79d724,tablet,Edge,direct,PROD-01196,Oral-B iO Series 9,Personal Care,Healthcare,285.71,,125,0,0,
5f7184bd-bd1e-438a-9e0c-4da37fb6dbc1,EVT-004656,USER-00001,view,2025-11-07T22:29:36,SES-b3806eb6,desktop,Safari,direct,PROD-00512,Dom Pérignon Rosé 2009,Champagne,Wine,415.51,,398,0,0,
3e680ca7-65d5-414c-bb0b-08a38f221fbf,EVT-004657,USER-00023,search,2025-11-28T02:30:46,SES-b9fe4d80,desktop,Chrome,social,,,,,0.0,gaming laptop,0,0,0,
5c82d202-cb50-4a02-8849-5f19bc3cb98f,EVT-004658,USER-00155,search,2025-11-07T03:50:36,SES-6682992d,mobile,Firefox,social,,,,,0.0,wireless headphones,0,0,0,
55ed8fb6-c346-47a1-8637-bdd937b52b85,EVT-004659,USER-00218,click,2025-11-01T11:16:06,SES-37a2c388,desktop,Safari,email,PROD-00003,Penfolds Grange,Red Wine,Wine,390.13,,276,0,0,
313ff7b3-402e-4ebf-994e-af67bc9fc06e,EVT-004660,USER-00107,search,2025-12-27T19:22:09,SES-68a127b5,desktop,Firefox,organic,,,,,0.0,home office chair,0,0,0,
851d5f1c-28b6-4e6a-bc22-34246e1a11ef,EVT-004661,USER-00147,add_to_cart,2025-11-07T19:53:18,SES-ca674c24,mobile,Chrome,email,PROD-01416,REI Flash 55 Pack,Outdoor Gear,Sports,517.67,,0,1,0,
58694325-bed8-45c3-93e6-111efac11c27,EVT-004662,USER-00048,wishlist,2025-12-23T09:22:15,SES-beda7ee3,tablet,Safari,organic,PROD-01844,Samsung Galaxy Watch 6,Smartwatches,Electronics,790.52,,0,0,0,
3372ee53-950a-421e-8350-a4707e466c0c,EVT-004663,USER-00154,search,2025-12-23T07:59:06,SES-f3df0155,tablet,Chrome,organic,,,,,0.0,red wine gift,0,0,0,
3481a95a-f832-4d7e-8dd3-8d1cf496998b,EVT-004664,USER-00144,view,2026-01-14T03:24:24,SES-27af063d,tablet,Edge,direct,PROD-01196,Oral-B iO Series 9,Personal Care,Healthcare,285.71,,125,0,0,
4ea93480-76a6-4c88-a19d-d258c80fc4f4,EVT-004665,USER-00001,view,2025-12-21T18:24:12,SES-b722a07f,desktop,Safari,direct,PROD-00512,Dom Pérignon Rosé 2009,Champagne,Wine,415.51,,398,0,0,
4cddf782-5e23-4d02-9af9-284ce3c9968c,EVT-004666,USER-00023,search,2025-11-13T17:08:52,SES-6306351c,desktop,Chrome,social,,,,,0.0,gaming laptop,0,0,0,
f73a6936-9682-443d-a0fb-9991d623a94f,EVT-004667,USER-00155,search,2026-01-12T14:49:06,SES-b45e78a1,mobile,Firefox,social,,,,,0.0,wireless headphones,0,0,0,
2955beeb-9028-48d5-9ba9-0aa33d34f33c,EVT-004668,USER-00218,click,2026-01-03T16:07:45,SES-ab408281,desktop,Safari,email,PROD-00003,Penfolds Grange,Red Wine,Wine,390.13,,276,0,0,
dcd7e8ef-4dd1-4ecb-91e6-9d201c101296,EVT-004669,USER-00107,search,2025-12-31T06:31:51,SES-6f09905c,desktop,Firefox,organic,,,,,0.0,home office chair,0,0,0,
f3e4eeb7-e2f5-452d-939f-8a2587b2afac,EVT-004670,USER-00147,add_to_cart,2025-11-06T12:14:03,SES-948d5e58,mobile,Chrome,email,PROD-01416,REI Flash 55 Pack,Outdoor Gear,Sports,517.67,,0,1,0,
b8b303b3-176f-409a-a6cd-bf1b502bf99b,EVT-004671,USER-00048,wishlist,2025-12-14T06:08:07,SES-bea113b8,tablet,Safari,organic,PROD-01844,Samsung Galaxy Watch 6,Smartwatches,Electronics,790.52,,0,0,0,
5a0c04f0-047d-4627-b9b9-9377596d965d,EVT-004672,USER-00154,search,2025-12-20T22:33:12,SES-5e29c18d,tablet,Chrome,organic,,,,,0.0,red wine gift,0,0,0,
79eee495-91a7-478f-a3d0-f343d0a8f22c,EVT-004673,USER-00144,view,2025-12-02T21:57:28,SES-b9bc62f3,tablet,Edge,direct,PROD-01196,Oral-B iO Series 9,Personal Care,Healthcare,285.71,,125,0,0,
759918d0-12d1-49b7-8cd0-3ae8c8102ade,EVT-004674,USER-00001,view,2026-01-14T01:54:08,SES-0edbd992,desktop,Safari,direct,PROD-00512,Dom Pérignon Rosé 2009,Champagne,Wine,415.51,,398,0,0,
d91d142a-125d-4c4a-afe9-d0875c1c1410,EVT-004675,USER-00023,search,2025-11-11T09:04:51,SES-f1c584fb,desktop,Chrome,social,,,,,0.0,gaming laptop,0,0,0,
2f46a5c2-5c17-48d3-be96-74d482061bc3,EVT-004676,USER-00155,search,2025-11-18T18:41:54,SES-1e382f2d,mobile,Firefox,social,,,,,0.0,wireless headphones,0,0,0,
7af774d9-9741-4297-9c8a-a917de174b42,EVT-004677,USER-00218,click,2025-10-27T11:54:12,SES-1a67eee6,desktop,Safari,email,PROD-00003,Penfolds Grange,Red Wine,Wine,390.13,,276,0,0,
8a9af9d4-e4db-4b3b-a558-950c95c5c572,EVT-004678,USER-00107,search,2025-11-30T16:01:52,SES-327770ac,desktop,Firefox,organic,,,,,0.0,home office chair,0,0,0,
1e06b312-0f24-4de3-a18d-71977ff83c8e,EVT-004679,USER-00147,add_to_cart,2025-11-20T12:48:59,SES-a65c7abd,mobile,Chrome,email,PROD-01416,REI Flash 55 Pack,Outdoor Gear,Sports,517.67,,0,1,0,
c0ae3ba2-1e64-4413-b1e7-fa08520ae048,EVT-004680,USER-00048,wishlist,2025-11-29T14:09:54,SES-f3e659d0,tablet,Safari,organic,PROD-01844,Samsung Galaxy Watch 6,Smartwatches,Electronics,790.52,,0,0,0,
b09aba0e-3ee2-40c0-96b0-0bbe49f92953,EVT-004681,USER-00154,search,2026-01-18T05:18:38,SES-2ef92943,tablet,Chrome,organic,,,,,0.0,red wine gift,0,0,0,
28288a79-7538-42f2-bdfd-95c52f249dc6,EVT-004682,USER-00144,view,2025-12-12T09:41:31,SES-ba1384a6,tablet,Edge,direct,PROD-01196,Oral-B iO Series 9,Personal Care,Healthcare,285.71,,125,0,0,
b2d27c82-1310-4709-8035-e227a2e947d0,EVT-004683,USER-00001,view,2025-12-02T15:32:46,SES-23ea0cfd,desktop,Safari,direct,PROD-00512,Dom Pérignon Rosé 2009,Champagne,Wine,415.51,,398,0,0,
50269e28-349e-4b13-9b22-a7553a345847,EVT-004684,USER-00023,search,2026-01-17T12:30:19,SES-2ef59ee2,desktop,Chrome,social,,,,,0.0,gaming laptop,0,0,0,
7f0ffb25-5308-467f-b655-66959135c85c,EVT-004685,USER-00155,search,2025-12-08T00:21:43,SES-087c951f,mobile,Firefox,social,,,,,0.0,wireless headphones,0,0,0,
04740d0c-fb9e-4d3c-a7f1-74413dd2c8c7,EVT-004686,USER-00218,click,2025-12-07T04:27:30,SES-045e0321,desktop,Safari,email,PROD-00003,Penfolds Grange,Red Wine,Wine,390.13,,276,0,0,
dd73dc56-697b-4486-96f8-dbc055e886a8,EVT-004687,USER-00107,search,2025-11-23T00:03:38,SES-2079a4a4,desktop,Firefox,organic,,,,,0.0,home office chair,0,0,0,
c0f4edd5-3df2-48eb-a5dd-8276a3153512,EVT-004688,USER-00147,add_to_cart,2025-11-04T23:06:43,SES-fd5c1d1d,mobile,Chrome,email,PROD-01416,REI Flash 55 Pack,Outdoor Gear,Sports,517.67,,0,1,0,
100dd0f5-5cd1-4613-8b49-3d4ad56e3259,EVT-004689,USER-00048,wishlist,2025-12-31T19:15:27,SES-9e05b3ec,tablet,Safari,organic,PROD-01844,Samsung Galaxy Watch 6,Smartwatches,Electronics,790.52,,0,0,0,
12f109cb-da35-445b-8ec5-c46e1301ac10,EVT-004690,USER-00154,search,2025-11-20T20:57:52,SES-ff9ae53b,tablet,Chrome,organic,,,,,0.0,red wine gift,0,0,0,
34db9d94-7007-42f6-a823-db4134d0c823,EVT-004691,USER-00144,view,2025-10-22T18:45:13,SES-cfd18a89,tablet,Edge,direct,PROD-01196,Oral-B iO Series 9,Personal Care,Healthcare,285.71,,125,0,0,
09750851-ef16-4813-a78e-bac80e3c6e3c,EVT-004692,USER-00001,view,2025-10-30T00:23:26,SES-c4e69f6f,desktop,Safari,direct,PROD-00512,Dom Pérignon Rosé 2009,Champagne,Wine,415.51,,398,0,0,
85530318-e4d0-4c91-9e30-34ea304ba287,EVT-004693,USER-00023,search,2025-11-16T03:34:09,SES-25f905c0,desktop,Chrome,social,,,,,0.0,gaming laptop,0,0,0,
575c7104-09dd-4c5b-9312-5b7adf634434,EVT-004694,USER-00155,search,2025-12-30T12:29:02,SES-80b7c39f,mobile,Firefox,social,,,,,0.0,wireless headphones,0,0,0,
bf67b1e2-2806-4472-8730-8559676b7de7,EVT-004695,USER-00218,click,2025-12-15T16:56:17,SES-ce81f341,desktop,Safari,email,PROD-00003,Penfolds Grange,Red Wine,Wine,390.13,,276,0,0,
2a6a1426-f1da-478a-9fb0-4b8f2f0106b4,EVT-004696,USER-00107,search,2025-12-26T14:45:45,SES-5e5012b7,desktop,Firefox,organic,,,,,0.0,home office chair,0,0,0,
eeb283d1-0f92-4a8c-bc7e-450f0904ee00,EVT-004697,USER-00147,add_to_cart,2025-11-22T00:01:22,SES-e347accd,mobile,Chrome,email,PROD-01416,REI Flash 55 Pack,Outdoor Gear,Sports,517.67,,0,1,0,
2dbf762d-4189-48cb-b023-ad0b00e2f1fe,EVT-004698,USER-00048,wishlist,2025-11-12T00:21:49,SES-7f42858a,tablet,Safari,organic,PROD-01844,Samsung Galaxy Watch 6,Smartwatches,Electronics,790.52,,0,0,0,
513c5b45-5fc6-492d-9f76-6a43b1936dc9,EVT-004699,USER-00154,search,2026-01-20T08:47:49,SES-222f5622,tablet,Chrome,organic,,,,,0.0,red wine gift,0,0,0,
788217ca-9d4b-48a9-903a-67dca84d2693,EVT-004700,USER-00144,view,2026-01-01T23:00:59,SES-ec73eb96,tablet,Edge,direct,PROD-01196,Oral-B iO Series 9,Personal Care,Healthcare,285.71,,125,0,0,
f7db322e-58e4-4d80-9efb-3a213f2c8511,EVT-004701,USER-00001,view,2025-12-21T06:35:47,SES-a6cd79a6,desktop,Safari,direct,PROD-00512,Dom Pérignon Rosé 2009,Champagne,Wine,415.51,,398,0,0,
9ad087a9-b8fc-4659-88de-f56a35a8e96a,EVT-004702,USER-00023,search,2025-12-19T10:00:53,SES-cf9c641e,desktop,Chrome,social,,,,,0.0,gaming laptop,0,0,0,
c9c59106-db46-439f-8c6a-8767a35fa57f,EVT-004703,USER-00155,search,2025-10-29T05:37:10,SES-c9708cb9,mobile,Firefox,social,,,,,0.0,wireless headphones,0,0,0,
60dec04d-cc37-4223-9029-9f73dadfc885,EVT-004704,USER-00218,click,2025-10-28T11:55:39,SES-e22ef3a9,desktop,Safari,email,PROD-00003,Penfolds Grange,Red Wine,Wine,390.13,,276,0,0,
e6610b70-5cd4-465d-91dc-9cb79eda3ab1,EVT-004705,USER-00107,search,2026-01-04T01:36:08,SES-d06d4b38,desktop,Firefox,organic,,,,,0.0,home office chair,0,0,0,
42546ce4-c7ab-4626-93c0-65b25b770f56,EVT-004706,USER-00147,add_to_cart,2025-12-01T14:10:26,SES-bf91a623,mobile,Chrome,email,PROD-01416,REI Flash 55 Pack,Outdoor Gear,Sports,517.67,,0,1,0,
496fbab7-add7-474b-aa26-faa2eb485683,EVT-004707,USER-00048,wishlist,2025-11-05T08:51:36,SES-5599218d,tablet,Safari,organic,PROD-01844,Samsung Galaxy Watch 6,Smartwatches,Electronics,790.52,,0,0,0,
dc129c6a-da83-4635-89f1-907ba01485fe,EVT-004708,USER-00154,search,2025-11-05T16:59:18,SES-cd6c2d8e,tablet,Chrome,organic,,,,,0.0,red wine gift,0,0,0,
eae9da4b-8b78-461d-9d5e-f9d4047ae8ef,EVT-004709,USER-00144,view,2025-12-08T10:34:58,SES-41bb9eee,tablet,Edge,direct,PROD-01196,Oral-B iO Series 9,Personal Care,Healthcare,285.71,,125,0,0,
9d9e3a83-30ce-420e-8061-e88b4f976c85,EVT-004710,USER-00001,view,2026-01-10T14:21:24,SES-c072c2ef,desktop,Safari,direct,PROD-00512,Dom Pérignon Rosé 2009,Champagne,Wine,415.51,,398,0,0,
8359edf7-773b-4d35-aadf-049bc16eaf54,EVT-004711,USER-00023,search,2025-11-07T07:20:46,SES-22acbfbf,desktop,Chrome,social,,,,,0.0,gaming laptop,0,0,0,
a467e415-d985-4752-8842-81559ed562e0,EVT-004712,USER-00155,search,2026-01-04T23:33:37,SES-1a4f1ebe,mobile,Firefox,social,,,,,0.0,wireless headphones,0,0,0,
fde9d061-b67c-4a26-93a7-38016d2f261c,EVT-004713,USER-00218,click,2026-01-09T02:20:55,SES-13149f6e,desktop,Safari,email,PROD-00003,Penfolds Grange,Red Wine,Wine,390.13,,276,0,0,
3e5c7ac5-0ed2-4997-8a15-702514930d3f,EVT-004714,USER-00107,search,2025-11-15T06:54:34,SES-0c7a99da,desktop,Firefox,organic,,,,,0.0,home office chair,0,0,0,
b3b6cea3-8ee2-4ce2-89e5-78cb2fbcb483,EVT-004715,USER-00147,add_to_cart,2025-11-29T17:34:51,SES-1832b876,mobile,Chrome,email,PROD-01416,REI Flash 55 Pack,Outdoor Gear,Sports,517.67,,0,1,0,
5d30bb41-6b59-452f-a3ca-55796a12c606,EVT-004716,USER-00048,wishlist,2026-01-07T02:10:17,SES-dbc808f7,tablet,Safari,organic,PROD-01844,Samsung Galaxy Watch 6,Smartwatches,Electronics,790.52,,0,0,0,
9d83ba4c-6e82-4a68-b7ec-a44740e4e3ce,EVT-004717,USER-00154,search,2025-11-07T05:27:31,SES-d44158c2,tablet,Chrome,organic,,,,,0.0,red wine gift,0,0,0,
cff822c8-2713-424f-b410-b6e6638a7989,EVT-004718,USER-00144,view,2025-12-24T11:24:57,SES-bddc12ad,tablet,Edge,direct,PROD-01196,Oral-B iO Series 9,Personal Care,Healthcare,285.71,,125,0,0,
2281f303-7277-4628-a5e2-49bd4c5d413b,EVT-004719,USER-00001,view,2025-12-02T10:17:31,SES-a4f073ff,desktop,Safari,direct,PROD-00512,Dom Pérignon Rosé 2009,Champagne,Wine,415.51,,398,0,0,
4044c404-9082-4a82-b924-9925400d4a19,EVT-004720,USER-00023,search,2025-11-29T17:01:29,SES-be03233d,desktop,Chrome,social,,,,,0.0,gaming laptop,0,0,0,
7a992aa4-a371-4d7e-b8be-37fae4d169f2,EVT-004721,USER-00155,search,2025-12-19T04:01:47,SES-5facf749,mobile,Firefox,social,,,,,0.0,wireless headphones,0,0,0,
f90b692d-97bf-48e7-a823-3a32d01a3408,EVT-004722,USER-00218,click,2025-11-10T12:31:03,SES-812aa59a,desktop,Safari,email,PROD-00003,Penfolds Grange,Red Wine,Wine,390.13,,276,0,0,
261a2dcf-8545-4e52-b849-aec3cdd0ac84,EVT-004723,USER-00107,search,2025-11-15T21:08:50,SES-7c76c385,desktop,Firefox,organic,,,,,0.0,home office chair,0,0,0,
19fc4782-2bea-493a-82a4-2563b41a6cc5,EVT-004724,USER-00147,add_to_cart,2026-01-11T18:03:26,SES-953c67f9,mobile,Chrome,email,PROD-01416,REI Flash 55 Pack,Outdoor Gear,Sports,517.67,,0,1,0,
6a9a2e24-22db-42bf-9371-a82f76df7f8b,EVT-004725,USER-00048,wishlist,2025-11-25T18:26:16,SES-b62c6af2,tablet,Safari,organic,PROD-01844,Samsung Galaxy Watch 6,Smartwatches,Electronics,790.52,,0,0,0,
de6b79d9-6e95-4670-85bb-673ca635ce61,EVT-004726,USER-00154,search,2025-10-29T14:16:49,SES-d049d714,tablet,Chrome,organic,,,,,0.0,red wine gift,0,0,0,
86dc1fa5-be17-4640-8777-d6f7be3c3cee,EVT-004727,USER-00144,view,2025-11-13T17:15:31,SES-bce43bca,tablet,Edge,direct,PROD-01196,Oral-B iO Series 9,Personal Care,Healthcare,285.71,,125,0,0,
e3d35f8c-6deb-4ba8-ade9-4d89cb3a433b,EVT-004728,USER-00001,view,2025-11-18T13:33:50,SES-9e2d6dd1,desktop,Safari,direct,PROD-00512,Dom Pérignon Rosé 2009,Champagne,Wine,415.51,,398,0,0,
114b953a-6059-4b00-87a4-cc96ea1ff4fa,EVT-004729,USER-00023,search,2025-11-05T09:10:45,SES-370fc610,desktop,Chrome,social,,,,,0.0,gaming laptop,0,0,0,
8290e09e-f97d-465f-a992-8998b4761a1f,EVT-004730,USER-00155,search,2026-01-17T09:55:41,SES-218e5bcb,mobile,Firefox,social,,,,,0.0,wireless headphones,0,0,0,
a1dfa07d-20b3-42c6-a9e1-b0a3a4b4576a,EVT-004731,USER-00218,click,2025-11-30T17:21:14,SES-e6360775,desktop,Safari,email,PROD-00003,Penfolds Grange,Red Wine,Wine,390.13,,276,0,0,
e3ebfdae-81d7-4a40-a79c-bb33daa98b89,EVT-004732,USER-00107,search,2025-11-03T17:38:20,SES-e1629b3c,desktop,Firefox,organic,,,,,0.0,home office chair,0,0,0,
4be3e4af-8913-41ec-90fd-4a79f2b39f7b,EVT-004733,USER-00147,add_to_cart,2026-01-01T05:34:59,SES-903bc13a,mobile,Chrome,email,PROD-01416,REI Flash 55 Pack,Outdoor Gear,Sports,517.67,,0,1,0,
e5810d4c-0cbc-4d50-889e-25e33f81c741,EVT-004734,USER-00048,wishlist,2026-01-02T13:27:02,SES-3cd082cb,tablet,Safari,organic,PROD-01844,Samsung Galaxy Watch 6,Smartwatches,Electronics,790.52,,0,0,0,
2dc8ca8c-fe38-4401-9577-05c3766fb6d0,EVT-004735,USER-00154,search,2025-12-18T15:14:41,SES-3edd3720,tablet,Chrome,organic,,,,,0.0,red wine gift,0,0,0,
d6443461-986e-4db9-89ec-0d182b1095bf,EVT-004736,USER-00144,view,2025-12-27T00:32:33,SES-a47e764b,tablet,Edge,direct,PROD-01196,Oral-B iO Series 9,Personal Care,Healthcare,285.71,,125,0,0,
10e2b53a-b999-44f5-b524-8fac6f893195,EVT-004737,USER-00001,view,2025-11-06T11:45:25,SES-3a28cec1,desktop,Safari,direct,PROD-00512,Dom Pérignon Rosé 2009,Champagne,Wine,415.51,,398,0,0,
b0356585-6f60-420c-943d-c47db2039b76,EVT-004738,USER-00023,search,2025-11-11T17:33:03,SES-97b4d9d6,desktop,Chrome,social,,,,,0.0,gaming laptop,0,0,0,
7bfbd21e-7724-43a1-9a51-207d43d3e341,EVT-004739,USER-00155,search,2025-12-04T19:04:59,SES-c04f1f2e,mobile,Firefox,social,,,,,0.0,wireless headphones,0,0,0,
9601170f-e8ab-4403-9581-c798a87898c1,EVT-004740,USER-00218,click,2025-11-05T13:45:55,SES-112400e4,desktop,Safari,email,PROD-00003,Penfolds Grange,Red Wine,Wine,390.13,,276,0,0,
ac105c2d-7b50-4a3a-8111-e070cce27988,EVT-004741,USER-00107,search,2025-12-27T00:21:28,SES-5bf78ef2,desktop,Firefox,organic,,,,,0.0,home office chair,0,0,0,
ff91af52-dd08-4cf6-909d-7b2fa23014dc,EVT-004742,USER-00147,add_to_cart,2025-11-18T11:49:19,SES-776b1314,mobile,Chrome,email,PROD-01416,REI Flash 55 Pack,Outdoor Gear,Sports,517.67,,0,1,0,
6a29a72f-6d32-40c2-851f-033a1a24b56b,EVT-004743,USER-00048,wishlist,2026-01-04T14:13:13,SES-0c9d0dc2,tablet,Safari,organic,PROD-01844,Samsung Galaxy Watch 6,Smartwatches,Electronics,790.52,,0,0,0,
ae0f955f-6016-4659-a13e-8f688421f230,EVT-004744,USER-00154,search,2025-11-23T12:59:19,SES-d6ea9643,tablet,Chrome,organic,,,,,0.0,red wine gift,0,0,0,
3f25ddc3-e983-424f-91f2-51c4bef8f467,EVT-004745,USER-00144,view,2025-10-23T19:01:24,SES-66078d24,tablet,Edge,direct,PROD-01196,Oral-B iO Series 9,Personal Care,Healthcare,285.71,,125,0,0,
8e5578ef-99b8-477e-ba2d-1eef34b6b775,EVT-004746,USER-00001,view,2025-12-23T13:40:48,SES-fb2bbe57,desktop,Safari,direct,PROD-00512,Dom Pérignon Rosé 2009,Champagne,Wine,415.51,,398,0,0,
f5d2cd3a-8c26-4721-81ed-609849a8884f,EVT-004747,USER-00023,search,2025-11-03T03:14:23,SES-604b3408,desktop,Chrome,social,,,,,0.0,gaming laptop,0,0,0,
4ad1a97c-7767-44f4-89d1-84e44b81d710,EVT-004748,USER-00155,search,2025-12-12T07:03:46,SES-bfcd6b8b,mobile,Firefox,social,,,,,0.0,wireless headphones,0,0,0,
fbaafc24-5592-42d6-8aa2-5dd37c8f265b,EVT-004749,USER-00218,click,2025-11-21T22:59:11,SES-2a75dc6e,desktop,Safari,email,PROD-00003,Penfolds Grange,Red Wine,Wine,390.13,,276,0,0,
49ee632f-5a3a-45be-88d4-7cb48613e294,EVT-004750,USER-00107,search,2025-12-12T15:29:58,SES-e91f8809,desktop,Firefox,organic,,,,,0.0,home office chair,0,0,0,
3e642d6d-e4e8-440a-8854-3c429e9b213a,EVT-004751,USER-00147,add_to_cart,2025-11-01T17:02:00,SES-1b66fefa,mobile,Chrome,email,PROD-01416,REI Flash 55 Pack,Outdoor Gear,Sports,517.67,,0,1,0,
5952bb0c-82e4-468d-bcc1-a7a186638a70,EVT-004752,USER-00048,wishlist,2026-01-05T16:01:23,SES-10f40a25,tablet,Safari,organic,PROD-01844,Samsung Galaxy Watch 6,Smartwatches,Electronics,790.52,,0,0,0,
ade54e06-fec5-4e0f-a20a-c0b0513f23a6,EVT-004753,USER-00154,search,2025-12-22T18:32:50,SES-c2f794ad,tablet,Chrome,organic,,,,,0.0,red wine gift,0,0,0,
23dbf89e-1013-419e-93d5-5432b7915825,EVT-004754,USER-00144,view,2025-12-19T20:24:40,SES-0a75810c,tablet,Edge,direct,PROD-01196,Oral-B iO Series 9,Personal Care,Healthcare,285.71,,125,0,0,
a71efe7d-5c1f-40c5-9958-a50128c82d68,EVT-004755,USER-00001,view,2025-12-07T11:41:38,SES-d69af20f,desktop,Safari,direct,PROD-00512,Dom Pérignon Rosé 2009,Champagne,Wine,415.51,,398,0,0,
3887ed50-18b9-42c6-9483-d548fcd12770,EVT-004756,USER-00023,search,2025-11-14T06:57:03,SES-3f1f5c2f,desktop,Chrome,social,,,,,0.0,gaming laptop,0,0,0,
6ea5593b-660f-4a91-b1f0-0da087223dc1,EVT-004757,USER-00155,search,2025-12-25T20:49:23,SES-00b2927a,mobile,Firefox,social,,,,,0.0,wireless headphones,0,0,0,
90b712d0-7bac-405d-91b2-2ee26f6b89d2,EVT-004758,USER-00218,click,2025-12-04T07:10:38,SES-be3631c8,desktop,Safari,email,PROD-00003,Penfolds Grange,Red Wine,Wine,390.13,,276,0,0,
f51aa651-a175-49ce-9bb9-27d6ccde49d9,EVT-004759,USER-00107,search,2025-11-20T18:14:09,SES-78f0f9e5,desktop,Firefox,organic,,,,,0.0,home office chair,0,0,0,
7b48e70f-8e4e-407e-a7ac-43653f3e769c,EVT-004760,USER-00147,add_to_cart,2026-01-10T13:53:19,SES-507bda75,mobile,Chrome,email,PROD-01416,REI Flash 55 Pack,Outdoor Gear,Sports,517.67,,0,1,0,
52c9f8a6-7a90-43d6-ad9b-4d5fbe691ee2,EVT-004761,USER-00048,wishlist,2025-11-03T20:53:06,SES-c38efd51,tablet,Safari,organic,PROD-01844,Samsung Galaxy Watch 6,Smartwatches,Electronics,790.52,,0,0,0,
2e6dc07a-8152-4eb1-a671-67495c0d7edc,EVT-004762,USER-00154,search,2025-12-14T07:09:20,SES-e30498b2,tablet,Chrome,organic,,,,,0.0,red wine gift,0,0,0,
ef12a239-67d0-4ea4-8a01-d34a52a6e379,EVT-004763,USER-00144,view,2026-01-02T21:02:22,SES-1fddf7f5,tablet,Edge,direct,PROD-01196,Oral-B iO Series 9,Personal Care,Healthcare,285.71,,125,0,0,
f5d10a16-8c21-41e3-95cf-68d65ba6be29,EVT-004764,USER-00001,view,2025-12-20T23:24:57,SES-7c289f35,desktop,Safari,direct,PROD-00512,Dom Pérignon Rosé 2009,Champagne,Wine,415.51,,398,0,0,
d2afe04a-558f-4151-bb62-36010648bb87,EVT-004765,USER-00023,search,2025-12-05T20:40:57,SES-0909aea1,desktop,Chrome,social,,,,,0.0,gaming laptop,0,0,0,
3464084f-f4b5-45b3-9f29-80ed84bbc93a,EVT-004766,USER-00155,search,2025-11-06T16:01:19,SES-7fbe0306,mobile,Firefox,social,,,,,0.0,wireless headphones,0,0,0,
acd31a01-fed4-41b1-8880-946eb2316d72,EVT-004767,USER-00218,click,2025-10-29T13:58:47,SES-590d6202,desktop,Safari,email,PROD-00003,Penfolds Grange,Red Wine,Wine,390.13,,276,0,0,
040df98c-f4e6-4b66-af7a-6ca3a00c4009,EVT-004768,USER-00107,search,2026-01-16T05:00:25,SES-bb917516,desktop,Firefox,organic,,,,,0.0,home office chair,0,0,0,
e617e122-ae52-4773-b394-99247f19c41e,EVT-004769,USER-00147,add_to_cart,2026-01-03T23:27:36,SES-30b1d15e,mobile,Chrome,email,PROD-01416,REI Flash 55 Pack,Outdoor Gear,Sports,517.67,,0,1,0,
9c117f52-18f6-4564-b79a-93a6968d82e9,EVT-004770,USER-00048,wishlist,2026-01-19T03:33:46,SES-f959d71f,tablet,Safari,organic,PROD-01844,Samsung Galaxy Watch 6,Smartwatches,Electronics,790.52,,0,0,0,
421a9acd-0531-4547-be36-a205c09aadfa,EVT-004771,USER-00154,search,2025-12-31T15:40:01,SES-29e95769,tablet,Chrome,organic,,,,,0.0,red wine gift,0,0,0,
331dfdc4-989d-4501-a811-75f03a310cc8,EVT-004772,USER-00144,view,2025-11-24T21:23:46,SES-fc7f16c5,tablet,Edge,direct,PROD-01196,Oral-B iO Series 9,Personal Care,Healthcare,285.71,,125,0,0,
2f90002c-385c-4419-a845-199051cad12a,EVT-004773,USER-00001,view,2026-01-15T17:22:34,SES-4b7a131e,desktop,Safari,direct,PROD-00512,Dom Pérignon Rosé 2009,Champagne,Wine,415.51,,398,0,0,
549bae79-8ca5-4cd4-a6b7-9547921277e2,EVT-004774,USER-00023,search,2025-11-18T03:58:30,SES-b2782c29,desktop,Chrome,social,,,,,0.0,gaming laptop,0,0,0,
3375e1f0-4d5a-44c4-9441-29911c09bbb8,EVT-004775,USER-00155,search,2025-10-26T17:24:01,SES-fe961765,mobile,Firefox,social,,,,,0.0,wireless headphones,0,0,0,
b22b6e0a-ef17-4450-a2b0-e9e6bc02d214,EVT-004776,USER-00218,click,2025-11-28T18:53:35,SES-e1c2d7b4,desktop,Safari,email,PROD-00003,Penfolds Grange,Red Wine,Wine,390.13,,276,0,0,
0643e895-365c-43fe-85a7-d8f34fae4827,EVT-004777,USER-00107,search,2026-01-12T02:33:31,SES-cac1f768,desktop,Firefox,organic,,,,,0.0,home office chair,0,0,0,
93625220-faaa-4a62-aea1-5e29fb15b364,EVT-004778,USER-00147,add_to_cart,2026-01-17T06:22:56,SES-3ba3d70d,mobile,Chrome,email,PROD-01416,REI Flash 55 Pack,Outdoor Gear,Sports,517.67,,0,1,0,
cd786d11-e5e4-4b09-ad46-a0548f2a8132,EVT-004779,USER-00048,wishlist,2025-11-16T13:10:36,SES-02b66b19,tablet,Safari,organic,PROD-01844,Samsung Galaxy Watch 6,Smartwatches,Electronics,790.52,,0,0,0,
6338e1fd-da6d-476a-ba80-d107860ba408,EVT-004780,USER-00154,search,2025-11-02T16:51:37,SES-61c549fb,tablet,Chrome,organic,,,,,0.0,red wine gift,0,0,0,
613d3d33-fc40-4b77-844a-ac135349908c,EVT-004781,USER-00144,view,2025-12-22T14:42:31,SES-965714d7,tablet,Edge,direct,PROD-01196,Oral-B iO Series 9,Personal Care,Healthcare,285.71,,125,0,0,
b199592b-7e80-4d63-a9d5-fd59e8cb448d,EVT-004782,USER-00001,view,2025-12-07T01:00:48,SES-93805f61,desktop,Safari,direct,PROD-00512,Dom Pérignon Rosé 2009,Champagne,Wine,415.51,,398,0,0,
c5886372-cc4b-4c75-9c86-ba6f1dca2c5c,EVT-004783,USER-00023,search,2025-12-03T02:22:23,SES-74f5a2b1,desktop,Chrome,social,,,,,0.0,gaming laptop,0,0,0,
c798dea1-e7a2-430d-a258-8de846d90b3d,EVT-004784,USER-00155,search,2025-12-18T13:01:42,SES-d8afd13e,mobile,Firefox,social,,,,,0.0,wireless headphones,0,0,0,
15d516e8-8606-45ae-be09-c39f433cf173,EVT-004785,USER-00218,click,2025-11-08T02:27:38,SES-8f6fa299,desktop,Safari,email,PROD-00003,Penfolds Grange,Red Wine,Wine,390.13,,276,0,0,
d990975b-efba-4c48-9d3c-62094145928a,EVT-004786,USER-00107,search,2026-01-15T19:43:20,SES-52fa4703,desktop,Firefox,organic,,,,,0.0,home office chair,0,0,0,
dcd526a9-53b2-472f-a698-76023d898aac,EVT-004787,USER-00147,add_to_cart,2025-12-30T15:47:31,SES-480aa5db,mobile,Chrome,email,PROD-01416,REI Flash 55 Pack,Outdoor Gear,Sports,517.67,,0,1,0,
276a14a3-939c-4875-a603-ad0fcf194024,EVT-004788,USER-00048,wishlist,2025-12-28T21:05:40,SES-76f1f5eb,tablet,Safari,organic,PROD-01844,Samsung Galaxy Watch 6,Smartwatches,Electronics,790.52,,0,0,0,
51a9aeee-c2c0-46df-9683-f2144b050ae9,EVT-004789,USER-00154,search,2026-01-14T18:42:18,SES-bea45457,tablet,Chrome,organic,,,,,0.0,red wine gift,0,0,0,
a5b2ed15-7e15-4bc4-9187-856e60d0c1af,EVT-004790,USER-00144,view,2026-01-07T21:08:43,SES-8bd45af9,tablet,Edge,direct,PROD-01196,Oral-B iO Series 9,Personal Care,Healthcare,285.71,,125,0,0,
d02cbe0a-18f8-4fd1-a7d7-71405a8d94db,EVT-004791,USER-00001,view,2025-12-09T01:25:50,SES-cbf6c7c0,desktop,Safari,direct,PROD-00512,Dom Pérignon Rosé 2009,Champagne,Wine,415.51,,398,0,0,
4579237f-29c8-4aea-8dd2-48874b996f3a,EVT-004792,USER-00023,search,2026-01-04T09:16:06,SES-75915315,desktop,Chrome,social,,,,,0.0,gaming laptop,0,0,0,
af0a4b11-2e2b-4673-84b6-7c9793eba9ea,EVT-004793,USER-00155,search,2025-11-20T00:15:28,SES-deb29558,mobile,Firefox,social,,,,,0.0,wireless headphones,0,0,0,
777119f4-79be-4a46-af4e-044fdda815e4,EVT-004794,USER-00218,click,2025-11-13T13:21:48,SES-4ebba3e0,desktop,Safari,email,PROD-00003,Penfolds Grange,Red Wine,Wine,390.13,,276,0,0,
6ad040db-a8f1-47fd-8de8-698fa62d92be,EVT-004795,USER-00107,search,2025-12-12T12:14:01,SES-6cee6abc,desktop,Firefox,organic,,,,,0.0,home office chair,0,0,0,
66a6b47d-a1ae-42e8-a25a-29376e8cda6f,EVT-004796,USER-00147,add_to_cart,2025-11-01T18:03:14,SES-bd42152a,mobile,Chrome,email,PROD-01416,REI Flash 55 Pack,Outdoor Gear,Sports,517.67,,0,1,0,
af1ebeb0-58d4-493a-ab16-f50b674743e5,EVT-004797,USER-00048,wishlist,2025-10-31T08:19:10,SES-8d4588dc,tablet,Safari,organic,PROD-01844,Samsung Galaxy Watch 6,Smartwatches,Electronics,790.52,,0,0,0,
0d16bf81-c6a2-4df8-8a98-ac1b65578ce5,EVT-004798,USER-00154,search,2026-01-01T19:03:08,SES-729ce83f,tablet,Chrome,organic,,,,,0.0,red wine gift,0,0,0,
2d9e4e00-0bc5-4e2b-be6b-e8896ef7774a,EVT-004799,USER-00144,view,2025-12-20T07:45:28,SES-c40d0efe,tablet,Edge,direct,PROD-01196,Oral-B iO Series 9,Personal Care,Healthcare,285.71,,125,0,0,
3c332b25-2177-4747-af30-ef7f8f1d4038,EVT-004800,USER-00001,view,2025-12-19T21:48:37,SES-d58be587,desktop,Safari,direct,PROD-00512,Dom Pérignon Rosé 2009,Champagne,Wine,415.51,,398,0,0,
0d9a89f3-4a23-4c0f-8f7a-60c67be81046,EVT-004801,USER-00023,search,2026-01-14T17:43:26,SES-ba7c5e5c,desktop,Chrome,social,,,,,0.0,gaming laptop,0,0,0,
b532ba50-81b1-4100-81e6-df6f214ece7b,EVT-004802,USER-00155,search,2025-11-26T22:43:51,SES-a3cde904,mobile,Firefox,social,,,,,0.0,wireless headphones,0,0,0,
41feb8f6-6076-4013-80f9-901b2cbcfdb9,EVT-004803,USER-00218,click,2025-11-15T04:10:55,SES-e7e63583,desktop,Safari,email,PROD-00003,Penfolds Grange,Red Wine,Wine,390.13,,276,0,0,
afb5bb09-98a2-4bdf-ba76-4d0bebcea285,EVT-004804,USER-00107,search,2026-01-15T03:41:18,SES-bf8c7ed0,desktop,Firefox,organic,,,,,0.0,home office chair,0,0,0,
08593c63-69fc-4d0d-bdc4-95c9d0320abf,EVT-004805,USER-00147,add_to_cart,2026-01-13T06:29:33,SES-2d8e9280,mobile,Chrome,email,PROD-01416,REI Flash 55 Pack,Outdoor Gear,Sports,517.67,,0,1,0,
6a70f574-6192-4072-8610-e9b89bb0cc70,EVT-004806,USER-00048,wishlist,2025-12-26T07:17:01,SES-c9f8dfb9,tablet,Safari,organic,PROD-01844,Samsung Galaxy Watch 6,Smartwatches,Electronics,790.52,,0,0,0,
307e3a63-9624-43d2-afe3-53987363dfb4,EVT-004807,USER-00154,search,2025-12-09T18:16:20,SES-a2ea8dd3,tablet,Chrome,organic,,,,,0.0,red wine gift,0,0,0,
e2d4d008-9fb6-4579-bcc5-07ef66fd3f95,EVT-004808,USER-00144,view,2026-01-11T23:36:11,SES-665943cd,tablet,Edge,direct,PROD-01196,Oral-B iO Series 9,Personal Care,Healthcare,285.71,,125,0,0,
fad1ae9f-5069-457a-b35d-a67c5b47a4b7,EVT-004809,USER-00001,view,2025-12-29T20:46:26,SES-4bd712fe,desktop,Safari,direct,PROD-00512,Dom Pérignon Rosé 2009,Champagne,Wine,415.51,,398,0,0,
bbca29d4-632a-43f6-9a3c-67f39c0d3508,EVT-004810,USER-00023,search,2025-12-03T17:40:29,SES-ec726e9e,desktop,Chrome,social,,,,,0.0,gaming laptop,0,0,0,
025b13bf-c8b2-4c86-9b95-74ab0697dd6d,EVT-004811,USER-00155,search,2025-12-02T16:30:05,SES-8a667b88,mobile,Firefox,social,,,,,0.0,wireless headphones,0,0,0,
672ed142-1d05-4db1-b2ef-96f744bae3db,EVT-004812,USER-00218,click,2025-10-28T05:56:22,SES-872950a5,desktop,Safari,email,PROD-00003,Penfolds Grange,Red Wine,Wine,390.13,,276,0,0,
be93f840-6163-460a-b556-7ea1c2a50944,EVT-004813,USER-00107,search,2025-12-23T16:43:01,SES-3da125fb,desktop,Firefox,organic,,,,,0.0,home office chair,0,0,0,
27867ea1-58a7-4425-bff4-5decdd312a1d,EVT-004814,USER-00147,add_to_cart,2025-11-01T23:02:25,SES-a4fc6b7d,mobile,Chrome,email,PROD-01416,REI Flash 55 Pack,Outdoor Gear,Sports,517.67,,0,1,0,
8fd0bd63-1842-49d0-9de3-d47abfc5835b,EVT-004815,USER-00048,wishlist,2026-01-14T17:54:55,SES-9cb484f5,tablet,Safari,organic,PROD-01844,Samsung Galaxy Watch 6,Smartwatches,Electronics,790.52,,0,0,0,
da02e495-4837-4710-9462-961d792f01df,EVT-004816,USER-00154,search,2026-01-05T12:01:58,SES-fd18dde0,tablet,Chrome,organic,,,,,0.0,red wine gift,0,0,0,
e2e2a0e5-9957-4006-bd17-4f0bf0f62e53,EVT-004817,USER-00144,view,2025-11-18T22:51:04,SES-30f01f5b,tablet,Edge,direct,PROD-01196,Oral-B iO Series 9,Personal Care,Healthcare,285.71,,125,0,0,
b3ae663c-8475-4df2-8557-81f847eb658c,EVT-004818,USER-00001,view,2026-01-12T12:41:21,SES-95712ceb,desktop,Safari,direct,PROD-00512,Dom Pérignon Rosé 2009,Champagne,Wine,415.51,,398,0,0,
0030e173-429c-4224-bc19-d7412dc02c82,EVT-004819,USER-00023,search,2026-01-01T01:05:38,SES-7185b31f,desktop,Chrome,social,,,,,0.0,gaming laptop,0,0,0,
15a1911b-f774-4c00-a941-5868f505c021,EVT-004820,USER-00155,search,2026-01-01T20:38:41,SES-6c784537,mobile,Firefox,social,,,,,0.0,wireless headphones,0,0,0,
91623dea-7bc4-4c35-ab49-8e07c35a598f,EVT-004821,USER-00218,click,2025-11-18T12:44:35,SES-d792c9f4,desktop,Safari,email,PROD-00003,Penfolds Grange,Red Wine,Wine,390.13,,276,0,0,
95c48430-3ba6-49a6-81a6-6ff622bfb622,EVT-004822,USER-00107,search,2026-01-18T14:06:23,SES-bd3619ec,desktop,Firefox,organic,,,,,0.0,home office chair,0,0,0,
22a2624a-3000-49d5-86b3-fa30286c2d2d,EVT-004823,USER-00147,add_to_cart,2025-11-16T04:21:54,SES-9fb51027,mobile,Chrome,email,PROD-01416,REI Flash 55 Pack,Outdoor Gear,Sports,517.67,,0,1,0,
1eb80b3e-72ab-4288-9a2b-d891853ca2d5,EVT-004824,USER-00048,wishlist,2025-12-23T21:51:22,SES-4c847997,tablet,Safari,organic,PROD-01844,Samsung Galaxy Watch 6,Smartwatches,Electronics,790.52,,0,0,0,
cd478d1d-9ce8-42e1-9a8b-ba00d380c8a7,EVT-004825,USER-00154,search,2025-12-11T01:14:39,SES-c5cf7893,tablet,Chrome,organic,,,,,0.0,red wine gift,0,0,0,
e5faec7b-124c-459a-96f1-ffee8b89df7d,EVT-004826,USER-00144,view,2025-11-23T16:09:30,SES-f0f2a0c9,tablet,Edge,direct,PROD-01196,Oral-B iO Series 9,Personal Care,Healthcare,285.71,,125,0,0,
c960853f-b82b-4f43-9229-875fc72d8f02,EVT-004827,USER-00001,view,2025-12-02T11:46:27,SES-46722b41,desktop,Safari,direct,PROD-00512,Dom Pérignon Rosé 2009,Champagne,Wine,415.51,,398,0,0,
6d7893b9-5bdf-4b42-ba3d-4f6ff75e881a,EVT-004828,USER-00023,search,2025-12-26T12:06:08,SES-24873983,desktop,Chrome,social,,,,,0.0,gaming laptop,0,0,0,
18770ac1-b1b1-46fc-81ac-a9ea13780176,EVT-004829,USER-00155,search,2026-01-11T22:38:28,SES-43def6ff,mobile,Firefox,social,,,,,0.0,wireless headphones,0,0,0,
b907d179-a708-4b13-ad7a-8a5efec6758f,EVT-004830,USER-00218,click,2025-11-16T03:22:56,SES-c0443ed7,desktop,Safari,email,PROD-00003,Penfolds Grange,Red Wine,Wine,390.13,,276,0,0,
b6b780b6-78fa-498a-9226-c92443ea36c2,EVT-004831,USER-00107,search,2025-11-26T09:00:38,SES-c7392b16,desktop,Firefox,organic,,,,,0.0,home office chair,0,0,0,
6995f1a0-79a3-43b5-bfe6-0ff4c46ad28c,EVT-004832,USER-00147,add_to_cart,2025-10-30T19:33:04,SES-5b210404,mobile,Chrome,email,PROD-01416,REI Flash 55 Pack,Outdoor Gear,Sports,517.67,,0,1,0,
6a3a9b18-c87d-40fd-86cd-567679a6a775,EVT-004833,USER-00048,wishlist,2025-10-24T00:02:59,SES-ce772774,tablet,Safari,organic,PROD-01844,Samsung Galaxy Watch 6,Smartwatches,Electronics,790.52,,0,0,0,
8e55cf1e-5bda-465a-a901-51e2bfa40d72,EVT-004834,USER-00154,search,2025-11-01T13:34:55,SES-608aca9c,tablet,Chrome,organic,,,,,0.0,red wine gift,0,0,0,
dc57a0ff-382a-408a-b959-add32ead57e8,EVT-004835,USER-00144,view,2025-12-30T23:33:46,SES-4bdd6d2c,tablet,Edge,direct,PROD-01196,Oral-B iO Series 9,Personal Care,Healthcare,285.71,,125,0,0,
e0f27920-f091-4538-97b2-755ee04a22d2,EVT-004836,USER-00001,view,2026-01-09T00:01:33,SES-87503b02,desktop,Safari,direct,PROD-00512,Dom Pérignon Rosé 2009,Champagne,Wine,415.51,,398,0,0,
ba8cf8a9-0c57-4acd-88e9-f995c951ac53,EVT-004837,USER-00023,search,2025-12-08T21:20:25,SES-de640d63,desktop,Chrome,social,,,,,0.0,gaming laptop,0,0,0,
d88cadc8-3685-4235-9f47-fb999b6cd425,EVT-004838,USER-00155,search,2025-11-15T07:33:53,SES-0e9b1e98,mobile,Firefox,social,,,,,0.0,wireless headphones,0,0,0,
680613fb-bd7c-41de-a9fd-29decf61026e,EVT-004839,USER-00218,click,2025-12-18T14:54:20,SES-b1aee0df,desktop,Safari,email,PROD-00003,Penfolds Grange,Red Wine,Wine,390.13,,276,0,0,
45e260d2-0bdc-4191-847c-f50cfa67a00e,EVT-004840,USER-00107,search,2025-12-09T19:18:27,SES-7bd1754b,desktop,Firefox,organic,,,,,0.0,home office chair,0,0,0,
8aafc49c-5569-4be0-bbaa-fabd4401ce45,EVT-004841,USER-00147,add_to_cart,2025-11-13T05:48:05,SES-7765a8ef,mobile,Chrome,email,PROD-01416,REI Flash 55 Pack,Outdoor Gear,Sports,517.67,,0,1,0,
fed13500-67df-4fb3-80fe-7c3ca3c5aa55,EVT-004842,USER-00048,wishlist,2025-12-19T03:15:22,SES-4011b996,tablet,Safari,organic,PROD-01844,Samsung Galaxy Watch 6,Smartwatches,Electronics,790.52,,0,0,0,
0db24b45-f34e-4b99-945e-f5a8bc259d81,EVT-004843,USER-00154,search,2025-12-03T20:40:48,SES-c068641e,tablet,Chrome,organic,,,,,0.0,red wine gift,0,0,0,
557d03c5-1b6d-46bd-b60c-6822b49b9b16,EVT-004844,USER-00144,view,2025-12-26T08:57:23,SES-210fa21f,tablet,Edge,direct,PROD-01196,Oral-B iO Series 9,Personal Care,Healthcare,285.71,,125,0,0,
92d5a8f2-f467-4a1f-95ab-cf9ef6bc644b,EVT-004845,USER-00001,view,2025-11-17T13:10:54,SES-192928ea,desktop,Safari,direct,PROD-00512,Dom Pérignon Rosé 2009,Champagne,Wine,415.51,,398,0,0,
25aa8867-4e52-4521-bc30-da36e3ea9641,EVT-004846,USER-00023,search,2025-11-01T20:11:12,SES-d677b5dd,desktop,Chrome,social,,,,,0.0,gaming laptop,0,0,0,
6acfceca-8264-4ad6-b171-b321e1415dc0,EVT-004847,USER-00155,search,2026-01-06T13:36:34,SES-0d7e64f6,mobile,Firefox,social,,,,,0.0,wireless headphones,0,0,0,
43eefc32-8cba-430b-a403-59d0dffbc077,EVT-004848,USER-00218,click,2026-01-10T23:15:25,SES-e8b4a62f,desktop,Safari,email,PROD-00003,Penfolds Grange,Red Wine,Wine,390.13,,276,0,0,
e711c563-9847-4d01-b466-6d426f157167,EVT-004849,USER-00107,search,2025-12-30T12:55:19,SES-b2a293f5,desktop,Firefox,organic,,,,,0.0,home office chair,0,0,0,
1c62e294-3384-45ba-b8fc-95c4aeb1d197,EVT-004850,USER-00147,add_to_cart,2025-12-09T02:43:49,SES-9d92f7ae,mobile,Chrome,email,PROD-01416,REI Flash 55 Pack,Outdoor Gear,Sports,517.67,,0,1,0,
78924794-6ce4-4503-b173-50aa03b8543c,EVT-004851,USER-00048,wishlist,2025-12-16T04:23:14,SES-230ba2fd,tablet,Safari,organic,PROD-01844,Samsung Galaxy Watch 6,Smartwatches,Electronics,790.52,,0,0,0,
fb8ad293-9ad6-449f-8894-38777f32b4bd,EVT-004852,USER-00154,search,2025-12-20T15:30:17,SES-9fb75995,tablet,Chrome,organic,,,,,0.0,red wine gift,0,0,0,
39af2e43-2eb1-420f-a06d-1f1443b68b38,EVT-004853,USER-00144,view,2026-01-12T01:14:28,SES-c4ceccf1,tablet,Edge,direct,PROD-01196,Oral-B iO Series 9,Personal Care,Healthcare,285.71,,125,0,0,
5c76a5e3-40e7-42e4-aafe-faeeaa2abd53,EVT-004854,USER-00001,view,2025-12-16T15:55:12,SES-a7fcb460,desktop,Safari,direct,PROD-00512,Dom Pérignon Rosé 2009,Champagne,Wine,415.51,,398,0,0,
e5c796c5-631f-4fec-8058-ae114dc75864,EVT-004855,USER-00023,search,2025-11-28T05:39:33,SES-2383aaee,desktop,Chrome,social,,,,,0.0,gaming laptop,0,0,0,
99f2ab1c-a155-452d-885d-a1798d28e36b,EVT-004856,USER-00155,search,2025-12-20T15:28:30,SES-e0204d17,mobile,Firefox,social,,,,,0.0,wireless headphones,0,0,0,
6d44f488-aecc-4ebf-a41a-5432260c884a,EVT-004857,USER-00218,click,2025-12-12T03:12:35,SES-3488024b,desktop,Safari,email,PROD-00003,Penfolds Grange,Red Wine,Wine,390.13,,276,0,0,
4ab50452-2995-44fd-90e1-8a599e1aec94,EVT-004858,USER-00107,search,2026-01-15T06:05:36,SES-ce8e1453,desktop,Firefox,organic,,,,,0.0,home office chair,0,0,0,
e0ce96c5-fca9-4516-8ac2-67342bbdaca8,EVT-004859,USER-00147,add_to_cart,2026-01-20T13:54:08,SES-577d7d68,mobile,Chrome,email,PROD-01416,REI Flash 55 Pack,Outdoor Gear,Sports,517.67,,0,1,0,
501149f4-d0f6-446a-aec5-9b2a53ae60ae,EVT-004860,USER-00048,wishlist,2025-12-26T13:27:01,SES-f5262600,tablet,Safari,organic,PROD-01844,Samsung Galaxy Watch 6,Smartwatches,Electronics,790.52,,0,0,0,
b93aac4b-3114-46fe-a2f1-3a37b91a0475,EVT-004861,USER-00154,search,2025-11-28T21:25:21,SES-b4fe62e3,tablet,Chrome,organic,,,,,0.0,red wine gift,0,0,0,
01056a0d-93b2-4bf7-b687-b291bb48c9d1,EVT-004862,USER-00144,view,2025-10-26T20:01:57,SES-025b4e6e,tablet,Edge,direct,PROD-01196,Oral-B iO Series 9,Personal Care,Healthcare,285.71,,125,0,0,
21008a33-d243-4189-a440-ba71f2bb56a4,EVT-004863,USER-00001,view,2025-12-20T03:54:16,SES-6a6b85b8,desktop,Safari,direct,PROD-00512,Dom Pérignon Rosé 2009,Champagne,Wine,415.51,,398,0,0,
9f951675-7f23-40a3-a483-0f5529447fcc,EVT-004864,USER-00023,search,2025-11-02T05:06:59,SES-e51657f8,desktop,Chrome,social,,,,,0.0,gaming laptop,0,0,0,
215fbfab-c11a-4e9a-978c-88e733e720f3,EVT-004865,USER-00155,search,2025-12-19T01:31:43,SES-b0a2bf9f,mobile,Firefox,social,,,,,0.0,wireless headphones,0,0,0,
ae0b367c-0823-463b-ae7b-8200513f4b66,EVT-004866,USER-00218,click,2026-01-12T03:05:25,SES-add57e0e,desktop,Safari,email,PROD-00003,Penfolds Grange,Red Wine,Wine,390.13,,276,0,0,
c7d61a17-4afe-4d70-946f-227e5cd5d262,EVT-004867,USER-00107,search,2026-01-07T19:09:06,SES-dec19348,desktop,Firefox,organic,,,,,0.0,home office chair,0,0,0,
858a33ca-2a65-4e24-beba-3cb9b1727e6e,EVT-004868,USER-00147,add_to_cart,2025-12-24T03:28:38,SES-2ab51fe8,mobile,Chrome,email,PROD-01416,REI Flash 55 Pack,Outdoor Gear,Sports,517.67,,0,1,0,
f12ca8f4-6eb9-42e5-9d62-e958d914903d,EVT-004869,USER-00048,wishlist,2025-11-01T07:37:48,SES-d569071d,tablet,Safari,organic,PROD-01844,Samsung Galaxy Watch 6,Smartwatches,Electronics,790.52,,0,0,0,
2e5c17e1-8e46-4306-896c-708b2a9cdfe5,EVT-004870,USER-00154,search,2025-12-17T15:14:03,SES-0724929d,tablet,Chrome,organic,,,,,0.0,red wine gift,0,0,0,
aa1d3e2a-f49b-4c2c-9aff-591dcf83cf19,EVT-004871,USER-00144,view,2025-10-31T23:05:39,SES-981d6991,tablet,Edge,direct,PROD-01196,Oral-B iO Series 9,Personal Care,Healthcare,285.71,,125,0,0,
17f4a6c2-143e-4f40-ba20-415595f1d54b,EVT-004872,USER-00001,view,2025-11-03T03:39:44,SES-2e7da32b,desktop,Safari,direct,PROD-00512,Dom Pérignon Rosé 2009,Champagne,Wine,415.51,,398,0,0,
d9f1891d-0420-4f52-9af3-838156b1865b,EVT-004873,USER-00023,search,2026-01-04T22:15:00,SES-f216d56b,desktop,Chrome,social,,,,,0.0,gaming laptop,0,0,0,
53c32c48-ccb6-4f35-81a5-2bd2197e88af,EVT-004874,USER-00155,search,2025-11-14T21:56:28,SES-c3d883ea,mobile,Firefox,social,,,,,0.0,wireless headphones,0,0,0,
ce9d8154-d935-4940-894b-38b8c39648be,EVT-004875,USER-00218,click,2025-11-26T18:25:24,SES-aab73e99,desktop,Safari,email,PROD-00003,Penfolds Grange,Red Wine,Wine,390.13,,276,0,0,
69cda975-3488-43ec-af1d-d40a858daf1f,EVT-004876,USER-00107,search,2025-12-18T01:42:43,SES-3e3da4f9,desktop,Firefox,organic,,,,,0.0,home office chair,0,0,0,
3f0c3c12-d5dc-45aa-8798-942ddef0b46a,EVT-004877,USER-00147,add_to_cart,2025-12-27T01:13:23,SES-0733de17,mobile,Chrome,email,PROD-01416,REI Flash 55 Pack,Outdoor Gear,Sports,517.67,,0,1,0,
d8303bec-449c-4b3e-b16e-0956f10f60c7,EVT-004878,USER-00048,wishlist,2025-12-30T14:43:51,SES-896dc9f3,tablet,Safari,organic,PROD-01844,Samsung Galaxy Watch 6,Smartwatches,Electronics,790.52,,0,0,0,
3556f5bb-4f0c-46a2-8a15-d2e7d10386fa,EVT-004879,USER-00154,search,2026-01-18T11:54:43,SES-0659c453,tablet,Chrome,organic,,,,,0.0,red wine gift,0,0,0,
96c69cac-802a-4099-a2ac-0080234629e2,EVT-004880,USER-00144,view,2025-12-20T08:53:56,SES-8f3421fe,tablet,Edge,direct,PROD-01196,Oral-B iO Series 9,Personal Care,Healthcare,285.71,,125,0,0,
ad302d72-8de1-4727-8d73-bd2df8a5e82f,EVT-004881,USER-00001,view,2025-12-02T16:51:47,SES-139cc672,desktop,Safari,direct,PROD-00512,Dom Pérignon Rosé 2009,Champagne,Wine,415.51,,398,0,0,
6cb073bf-66ec-43bf-9a8e-28e3c70c0de3,EVT-004882,USER-00023,search,2026-01-09T21:40:41,SES-5fae13e5,desktop,Chrome,social,,,,,0.0,gaming laptop,0,0,0,
d1707a02-2333-45b0-ad2b-5ec4d6df329c,EVT-004883,USER-00155,search,2025-11-29T23:25:20,SES-2a815f50,mobile,Firefox,social,,,,,0.0,wireless headphones,0,0,0,
cb0feedb-2c8b-4c95-86aa-e7a1373aa9be,EVT-004884,USER-00218,click,2025-12-31T11:39:51,SES-272ca783,desktop,Safari,email,PROD-00003,Penfolds Grange,Red Wine,Wine,390.13,,276,0,0,
28d203b6-8c8b-4e53-aa29-53d7653d67d9,EVT-004885,USER-00107,search,2026-01-03T00:17:49,SES-76c78422,desktop,Firefox,organic,,,,,0.0,home office chair,0,0,0,
be2fec92-db22-4eb2-a21a-71678292303e,EVT-004886,USER-00147,add_to_cart,2025-10-26T14:49:18,SES-86034c0f,mobile,Chrome,email,PROD-01416,REI Flash 55 Pack,Outdoor Gear,Sports,517.67,,0,1,0,
b0a94891-0428-4bd9-a282-c1e580013b4e,EVT-004887,USER-00048,wishlist,2025-11-25T11:12:27,SES-276fc228,tablet,Safari,organic,PROD-01844,Samsung Galaxy Watch 6,Smartwatches,Electronics,790.52,,0,0,0,
d00ed88a-ab52-4799-a173-e37e68be4551,EVT-004888,USER-00154,search,2025-12-24T13:45:18,SES-50d75dde,tablet,Chrome,organic,,,,,0.0,red wine gift,0,0,0,
ac56c27d-cf56-4ab9-9f7f-54b8a497284c,EVT-004889,USER-00144,view,2026-01-07T06:25:13,SES-e7a0271c,tablet,Edge,direct,PROD-01196,Oral-B iO Series 9,Personal Care,Healthcare,285.71,,125,0,0,
53873697-2b3e-470c-859e-47f5935a08d7,EVT-004890,USER-00001,view,2025-12-04T11:46:30,SES-77444a74,desktop,Safari,direct,PROD-00512,Dom Pérignon Rosé 2009,Champagne,Wine,415.51,,398,0,0,
27d7d1ed-8f6c-4d34-90ca-64ba311e470e,EVT-004891,USER-00023,search,2026-01-13T11:46:35,SES-f94cd66a,desktop,Chrome,social,,,,,0.0,gaming laptop,0,0,0,
0b2485aa-9840-4218-9eff-e3bedc6fa6ff,EVT-004892,USER-00155,search,2025-12-06T11:32:19,SES-a2d6f135,mobile,Firefox,social,,,,,0.0,wireless headphones,0,0,0,
b432e303-a621-48f9-9ccc-34a5dc084f60,EVT-004893,USER-00218,click,2025-12-17T09:55:12,SES-b88dd0ff,desktop,Safari,email,PROD-00003,Penfolds Grange,Red Wine,Wine,390.13,,276,0,0,
34d5242b-2a84-4d97-aec4-4a4381bf70bd,EVT-004894,USER-00107,search,2026-01-14T13:49:25,SES-18c86f8f,desktop,Firefox,organic,,,,,0.0,home office chair,0,0,0,
3559f94a-7540-4809-b3bd-f40490e2eb19,EVT-004895,USER-00147,add_to_cart,2025-12-12T12:03:40,SES-34c7e6b8,mobile,Chrome,email,PROD-01416,REI Flash 55 Pack,Outdoor Gear,Sports,517.67,,0,1,0,
46eb85f6-a894-438e-8421-13feb3c32a7e,EVT-004896,USER-00048,wishlist,2025-10-26T08:47:22,SES-6dd7a829,tablet,Safari,organic,PROD-01844,Samsung Galaxy Watch 6,Smartwatches,Electronics,790.52,,0,0,0,
eb9d6979-e1bd-4f84-84d2-8b3dcd2a6f5b,EVT-004897,USER-00154,search,2025-11-30T10:57:04,SES-23965971,tablet,Chrome,organic,,,,,0.0,red wine gift,0,0,0,
92f803d5-0e3a-43cc-afda-a61840ccb880,EVT-004898,USER-00144,view,2026-01-09T16:43:53,SES-dc8a8046,tablet,Edge,direct,PROD-01196,Oral-B iO Series 9,Personal Care,Healthcare,285.71,,125,0,0,
6ebafb58-9d13-40bf-b775-2b720bee0423,EVT-004899,USER-00001,view,2026-01-08T22:13:46,SES-72884468,desktop,Safari,direct,PROD-00512,Dom Pérignon Rosé 2009,Champagne,Wine,415.51,,398,0,0,
acdf0ca5-9a84-4c24-8a3f-a52a583899f3,EVT-004900,USER-00023,search,2025-12-22T17:33:05,SES-8d27865c,desktop,Chrome,social,,,,,0.0,gaming laptop,0,0,0,
87ea002a-cbb8-4ca8-96b0-f40df30bdee0,EVT-004901,USER-00155,search,2026-01-03T00:28:32,SES-52b06f0b,mobile,Firefox,social,,,,,0.0,wireless headphones,0,0,0,
af67f80f-6571-4d5e-8612-cec8f9a481bb,EVT-004902,USER-00218,click,2026-01-06T05:56:26,SES-bef19a5c,desktop,Safari,email,PROD-00003,Penfolds Grange,Red Wine,Wine,390.13,,276,0,0,
afa359be-8b32-48be-81bd-d07cb1da637a,EVT-004903,USER-00107,search,2025-12-03T16:05:25,SES-cdcf6c19,desktop,Firefox,organic,,,,,0.0,home office chair,0,0,0,
0a30cef4-7a80-4c93-ae05-c380c92e450d,EVT-004904,USER-00147,add_to_cart,2025-12-26T16:58:19,SES-9f7186a8,mobile,Chrome,email,PROD-01416,REI Flash 55 Pack,Outdoor Gear,Sports,517.67,,0,1,0,
4810d461-bd36-477c-85a7-5845d199e5e9,EVT-004905,USER-00048,wishlist,2026-01-18T21:54:45,SES-3d3e1894,tablet,Safari,organic,PROD-01844,Samsung Galaxy Watch 6,Smartwatches,Electronics,790.52,,0,0,0,
a2767e0a-2fb9-48cd-9454-da1b88eaae0f,EVT-004906,USER-00154,search,2025-10-25T05:40:35,SES-0bb12041,tablet,Chrome,organic,,,,,0.0,red wine gift,0,0,0,
71776c8c-a8da-4d59-a23e-01dc1cf895ad,EVT-004907,USER-00144,view,2025-11-12T17:20:17,SES-2b2c7019,tablet,Edge,direct,PROD-01196,Oral-B iO Series 9,Personal Care,Healthcare,285.71,,125,0,0,
5d9dcdb6-d4d1-4b9c-b621-bdc9a875e479,EVT-004908,USER-00001,view,2025-12-16T18:58:20,SES-bda67839,desktop,Safari,direct,PROD-00512,Dom Pérignon Rosé 2009,Champagne,Wine,415.51,,398,0,0,
d51e5031-e6b0-4a1a-8336-434f55452c4f,EVT-004909,USER-00023,search,2025-11-09T07:04:44,SES-01a65dbb,desktop,Chrome,social,,,,,0.0,gaming laptop,0,0,0,
cb0f4df8-4384-43d7-a140-0725a0ab87c1,EVT-004910,USER-00155,search,2025-10-25T02:11:25,SES-96ea22d6,mobile,Firefox,social,,,,,0.0,wireless headphones,0,0,0,
0ebe8633-8c32-42ef-a684-cd1907789982,EVT-004911,USER-00218,click,2025-12-22T23:09:02,SES-b61aa49c,desktop,Safari,email,PROD-00003,Penfolds Grange,Red Wine,Wine,390.13,,276,0,0,
4555e960-4a78-4705-8941-b08f9993ee47,EVT-004912,USER-00107,search,2025-11-23T16:28:02,SES-cb429a99,desktop,Firefox,organic,,,,,0.0,home office chair,0,0,0,
2dc99e3b-7466-44a1-ab92-7272fafc8bfe,EVT-004913,USER-00147,add_to_cart,2025-11-01T08:09:36,SES-3868e960,mobile,Chrome,email,PROD-01416,REI Flash 55 Pack,Outdoor Gear,Sports,517.67,,0,1,0,
bbc81fd6-e27c-40cb-86bb-bcc5257d2c11,EVT-004914,USER-00048,wishlist,2025-11-20T02:59:02,SES-94df1068,tablet,Safari,organic,PROD-01844,Samsung Galaxy Watch 6,Smartwatches,Electronics,790.52,,0,0,0,
1e0eeb20-62ae-49b8-9bd4-63192d62907c,EVT-004915,USER-00154,search,2026-01-20T03:14:44,SES-cf26466f,tablet,Chrome,organic,,,,,0.0,red wine gift,0,0,0,
e387f6fa-6d99-4e18-a261-ada4d309d115,EVT-004916,USER-00144,view,2025-12-01T18:17:40,SES-6c6844e4,tablet,Edge,direct,PROD-01196,Oral-B iO Series 9,Personal Care,Healthcare,285.71,,125,0,0,
0549bb69-cf20-42b9-9b90-203d54957d71,EVT-004917,USER-00001,view,2026-01-08T14:28:51,SES-f27b2309,desktop,Safari,direct,PROD-00512,Dom Pérignon Rosé 2009,Champagne,Wine,415.51,,398,0,0,
a59f4a6a-d4e6-4474-bfa0-614795d722bd,EVT-004918,USER-00023,search,2025-10-25T12:02:50,SES-832ea80f,desktop,Chrome,social,,,,,0.0,gaming laptop,0,0,0,
24123446-02e5-4df7-8583-5c9ff44cf892,EVT-004919,USER-00155,search,2026-01-01T12:45:23,SES-3213f65a,mobile,Firefox,social,,,,,0.0,wireless headphones,0,0,0,
9e349fb4-8a1c-4238-a393-cceeedbd6f66,EVT-004920,USER-00218,click,2025-12-06T01:56:19,SES-e053e0bb,desktop,Safari,email,PROD-00003,Penfolds Grange,Red Wine,Wine,390.13,,276,0,0,
19df9056-3e11-4dbd-a8f9-015f1126bb17,EVT-004921,USER-00107,search,2026-01-13T05:14:42,SES-f2d4f215,desktop,Firefox,organic,,,,,0.0,home office chair,0,0,0,
3c649d4c-4166-4cd9-94c5-58669665b3e1,EVT-004922,USER-00147,add_to_cart,2026-01-17T05:58:52,SES-d4aaf589,mobile,Chrome,email,PROD-01416,REI Flash 55 Pack,Outdoor Gear,Sports,517.67,,0,1,0,
941652c9-1f01-4e90-9c31-8705c3ba84bc,EVT-004923,USER-00048,wishlist,2025-11-16T08:39:38,SES-94373c32,tablet,Safari,organic,PROD-01844,Samsung Galaxy Watch 6,Smartwatches,Electronics,790.52,,0,0,0,
6a364661-86e7-4fe4-9696-a96d7b31be9f,EVT-004924,USER-00154,search,2025-11-26T13:30:08,SES-37f2c2d9,tablet,Chrome,organic,,,,,0.0,red wine gift,0,0,0,
358e902c-b4a0-4a87-b953-081b141a14be,EVT-004925,USER-00144,view,2026-01-10T04:51:58,SES-d01f6e3b,tablet,Edge,direct,PROD-01196,Oral-B iO Series 9,Personal Care,Healthcare,285.71,,125,0,0,
c06a0b26-cc10-4659-a036-732cf370ae03,EVT-004926,USER-00001,view,2025-12-28T01:27:44,SES-a24e56bd,desktop,Safari,direct,PROD-00512,Dom Pérignon Rosé 2009,Champagne,Wine,415.51,,398,0,0,
a3d901ba-2144-4471-b2b1-ad629cc485d1,EVT-004927,USER-00023,search,2025-11-25T03:37:25,SES-b8257c04,desktop,Chrome,social,,,,,0.0,gaming laptop,0,0,0,
3a1569da-8559-48d1-9c8a-18b2ac9be874,EVT-004928,USER-00155,search,2025-11-25T23:01:51,SES-9aa35ae4,mobile,Firefox,social,,,,,0.0,wireless headphones,0,0,0,
45a908e5-28ac-42af-8104-a0362a3d407a,EVT-004929,USER-00218,click,2025-11-15T21:26:42,SES-f4d56636,desktop,Safari,email,PROD-00003,Penfolds Grange,Red Wine,Wine,390.13,,276,0,0,
a45548dc-79fc-45c9-bd37-14389af9a365,EVT-004930,USER-00107,search,2025-11-18T14:31:48,SES-58637998,desktop,Firefox,organic,,,,,0.0,home office chair,0,0,0,
8f0f0295-38e0-468a-9f8e-e263f16e3ca3,EVT-004931,USER-00147,add_to_cart,2025-12-05T01:12:04,SES-9532918a,mobile,Chrome,email,PROD-01416,REI Flash 55 Pack,Outdoor Gear,Sports,517.67,,0,1,0,
5b2ba75f-8a50-4412-9c57-1961843d42cb,EVT-004932,USER-00048,wishlist,2026-01-06T20:06:21,SES-b5446963,tablet,Safari,organic,PROD-01844,Samsung Galaxy Watch 6,Smartwatches,Electronics,790.52,,0,0,0,
00f97ad6-3b56-4c9a-8cf5-df599b3a7a0f,EVT-004933,USER-00154,search,2025-10-27T09:18:35,SES-fabd1727,tablet,Chrome,organic,,,,,0.0,red wine gift,0,0,0,
83ce13ec-a088-4f34-874e-b50b18548903,EVT-004934,USER-00144,view,2025-11-23T06:05:54,SES-d9477f33,tablet,Edge,direct,PROD-01196,Oral-B iO Series 9,Personal Care,Healthcare,285.71,,125,0,0,
aa699bad-c5b6-425d-ae92-0c6f5a3cf651,EVT-004935,USER-00001,view,2025-12-06T05:37:25,SES-be1afbfe,desktop,Safari,direct,PROD-00512,Dom Pérignon Rosé 2009,Champagne,Wine,415.51,,398,0,0,
edcf3c48-70b8-49eb-aee5-d42c2c122d39,EVT-004936,USER-00023,search,2025-12-29T14:57:39,SES-0e947e82,desktop,Chrome,social,,,,,0.0,gaming laptop,0,0,0,
139c9698-747f-4d97-abea-5dd49e0de196,EVT-004937,USER-00155,search,2025-12-23T09:08:16,SES-0c7cbe9c,mobile,Firefox,social,,,,,0.0,wireless headphones,0,0,0,
be6673be-8d24-446f-a290-c2ecc1367543,EVT-004938,USER-00218,click,2025-11-17T07:10:07,SES-49ae8f5a,desktop,Safari,email,PROD-00003,Penfolds Grange,Red Wine,Wine,390.13,,276,0,0,
d5d3696d-0ae9-4cda-93a8-a984d4a02aba,EVT-004939,USER-00107,search,2026-01-05T08:55:24,SES-1ac4e953,desktop,Firefox,organic,,,,,0.0,home office chair,0,0,0,
7fc6390a-48d8-4a6e-a046-5239227d3ee0,EVT-004940,USER-00147,add_to_cart,2026-01-07T19:14:50,SES-c596da42,mobile,Chrome,email,PROD-01416,REI Flash 55 Pack,Outdoor Gear,Sports,517.67,,0,1,0,
b7209228-4aa9-4cff-a8b2-d5f4d158bdb8,EVT-004941,USER-00048,wishlist,2025-11-07T08:08:11,SES-327a7d0b,tablet,Safari,organic,PROD-01844,Samsung Galaxy Watch 6,Smartwatches,Electronics,790.52,,0,0,0,
f9d62b3f-e322-4f66-bb0e-cfef23740c75,EVT-004942,USER-00154,search,2025-11-12T01:49:22,SES-528a0af4,tablet,Chrome,organic,,,,,0.0,red wine gift,0,0,0,
18f35530-6760-4afe-b1ab-26a679a53a8b,EVT-004943,USER-00144,view,2025-12-15T23:16:38,SES-adb33179,tablet,Edge,direct,PROD-01196,Oral-B iO Series 9,Personal Care,Healthcare,285.71,,125,0,0,
e2e6ef9c-c171-4807-b2a4-ceb6c2ffcb43,EVT-004944,USER-00001,view,2026-01-05T14:02:40,SES-6508e71c,desktop,Safari,direct,PROD-00512,Dom Pérignon Rosé 2009,Champagne,Wine,415.51,,398,0,0,
7750762b-8d1f-464c-bab0-7312b4a95111,EVT-004945,USER-00023,search,2026-01-14T13:59:26,SES-d082c24b,desktop,Chrome,social,,,,,0.0,gaming laptop,0,0,0,
dad45172-698c-427f-87bd-aaece59e5a35,EVT-004946,USER-00155,search,2025-12-14T21:10:45,SES-0fc04054,mobile,Firefox,social,,,,,0.0,wireless headphones,0,0,0,
1e49c459-72f6-41e2-8d77-229cc9433519,EVT-004947,USER-00218,click,2025-12-24T16:32:51,SES-ec3d9e74,desktop,Safari,email,PROD-00003,Penfolds Grange,Red Wine,Wine,390.13,,276,0,0,
f1f88255-e8fa-4f8c-bf4b-0505d05f7451,EVT-004948,USER-00107,search,2025-11-22T23:58:01,SES-28deda4b,desktop,Firefox,organic,,,,,0.0,home office chair,0,0,0,
6a066038-9aeb-4414-9de1-0f07e2539773,EVT-004949,USER-00147,add_to_cart,2026-01-02T15:53:48,SES-125da895,mobile,Chrome,email,PROD-01416,REI Flash 55 Pack,Outdoor Gear,Sports,517.67,,0,1,0,
c40e42a6-ab16-493f-ae73-2183cec88873,EVT-004950,USER-00048,wishlist,2025-11-30T17:04:30,SES-488cb783,tablet,Safari,organic,PROD-01844,Samsung Galaxy Watch 6,Smartwatches,Electronics,790.52,,0,0,0,
9ab78692-7f4e-4011-bbef-8d6d07b1a02a,EVT-004951,USER-00154,search,2026-01-03T21:17:26,SES-fc2e5837,tablet,Chrome,organic,,,,,0.0,red wine gift,0,0,0,
c04fc302-95a9-439c-83cd-83e7da8e41d1,EVT-004952,USER-00144,view,2025-11-25T14:05:05,SES-a7159245,tablet,Edge,direct,PROD-01196,Oral-B iO Series 9,Personal Care,Healthcare,285.71,,125,0,0,
955c7591-62c3-40c4-aab5-f47c3c6ae787,EVT-004953,USER-00001,view,2026-01-06T13:43:03,SES-d844a653,desktop,Safari,direct,PROD-00512,Dom Pérignon Rosé 2009,Champagne,Wine,415.51,,398,0,0,
217ac092-07bf-445e-b348-500b7eef294a,EVT-004954,USER-00023,search,2026-01-09T22:06:40,SES-ed00caf8,desktop,Chrome,social,,,,,0.0,gaming laptop,0,0,0,
5f3df409-2d0d-401e-933c-d651f4f66f92,EVT-004955,USER-00155,search,2025-11-08T10:51:14,SES-e7ace108,mobile,Firefox,social,,,,,0.0,wireless headphones,0,0,0,
6ab461ef-0732-45b6-b390-4e8d39b16623,EVT-004956,USER-00218,click,2026-01-12T18:16:10,SES-28b4bd46,desktop,Safari,email,PROD-00003,Penfolds Grange,Red Wine,Wine,390.13,,276,0,0,
9ba581d3-35ef-4bbc-8709-a8991ff6e72d,EVT-004957,USER-00107,search,2025-12-10T06:37:58,SES-ebffb3c4,desktop,Firefox,organic,,,,,0.0,home office chair,0,0,0,
f1214c1e-db56-4bfe-8e52-f249e1196db7,EVT-004958,USER-00147,add_to_cart,2026-01-13T22:03:37,SES-20af59a0,mobile,Chrome,email,PROD-01416,REI Flash 55 Pack,Outdoor Gear,Sports,517.67,,0,1,0,
bd899329-0c3e-4c39-a5f0-59f30c47d403,EVT-004959,USER-00048,wishlist,2025-10-31T09:00:38,SES-fbef6ce2,tablet,Safari,organic,PROD-01844,Samsung Galaxy Watch 6,Smartwatches,Electronics,790.52,,0,0,0,
26638f51-695c-4d2a-98e2-f9a077b38935,EVT-004960,USER-00154,search,2025-11-24T03:39:16,SES-c56bc785,tablet,Chrome,organic,,,,,0.0,red wine gift,0,0,0,
7dcf9c1a-cad2-46c0-b23a-80c505c6ae8d,EVT-004961,USER-00144,view,2025-11-25T21:41:38,SES-065fe6cc,tablet,Edge,direct,PROD-01196,Oral-B iO Series 9,Personal Care,Healthcare,285.71,,125,0,0,
3c6f2531-a6bb-46a7-b38c-a125d7741069,EVT-004962,USER-00001,view,2025-12-21T14:15:07,SES-05d03b0c,desktop,Safari,direct,PROD-00512,Dom Pérignon Rosé 2009,Champagne,Wine,415.51,,398,0,0,
a01b9264-66db-4621-9b1c-ac325493f741,EVT-004963,USER-00023,search,2025-12-14T00:06:27,SES-731e95f0,desktop,Chrome,social,,,,,0.0,gaming laptop,0,0,0,
06680ff8-dd3e-4134-878d-2edcef794f93,EVT-004964,USER-00155,search,2026-01-02T13:55:36,SES-5abccf08,mobile,Firefox,social,,,,,0.0,wireless headphones,0,0,0,
b929712a-964a-402a-998d-863d0ee6d0ba,EVT-004965,USER-00218,click,2026-01-08T22:04:42,SES-7d77b978,desktop,Safari,email,PROD-00003,Penfolds Grange,Red Wine,Wine,390.13,,276,0,0,
145849cc-d7db-477b-9b98-6109d233ed65,EVT-004966,USER-00107,search,2026-01-11T22:30:00,SES-e8063a2c,desktop,Firefox,organic,,,,,0.0,home office chair,0,0,0,
f95670ce-739b-443b-a219-90f17fbe6e2e,EVT-004967,USER-00147,add_to_cart,2025-11-13T20:12:30,SES-d8e820a0,mobile,Chrome,email,PROD-01416,REI Flash 55 Pack,Outdoor Gear,Sports,517.67,,0,1,0,
89021788-a1c7-40dc-a878-18e88cc97403,EVT-004968,USER-00048,wishlist,2025-11-22T11:30:27,SES-62c17aec,tablet,Safari,organic,PROD-01844,Samsung Galaxy Watch 6,Smartwatches,Electronics,790.52,,0,0,0,
c465e67b-f29e-4bd3-babf-6eb6dc8c708b,EVT-004969,USER-00154,search,2026-01-11T04:54:04,SES-3f53e81d,tablet,Chrome,organic,,,,,0.0,red wine gift,0,0,0,
5264863e-24ef-4db6-8b2f-279d279b8ed2,EVT-004970,USER-00144,view,2025-11-21T10:34:38,SES-5c61c09e,tablet,Edge,direct,PROD-01196,Oral-B iO Series 9,Personal Care,Healthcare,285.71,,125,0,0,
9c31e060-5cb8-4f20-b952-0658a547bd30,EVT-004971,USER-00001,view,2025-11-01T13:58:17,SES-6f01d6af,desktop,Safari,direct,PROD-00512,Dom Pérignon Rosé 2009,Champagne,Wine,415.51,,398,0,0,
6e9dba26-1a87-42ee-92bf-0c908cf300cf,EVT-004972,USER-00023,search,2026-01-19T12:06:11,SES-424602be,desktop,Chrome,social,,,,,0.0,gaming laptop,0,0,0,
0d7f8b35-7043-451e-9f9d-07736526e87d,EVT-004973,USER-00155,search,2025-12-31T20:10:24,SES-871259dd,mobile,Firefox,social,,,,,0.0,wireless headphones,0,0,0,
1271913a-20a5-4995-bce7-a359292fb3fc,EVT-004974,USER-00218,click,2025-10-31T12:39:09,SES-7b69d17d,desktop,Safari,email,PROD-00003,Penfolds Grange,Red Wine,Wine,390.13,,276,0,0,
619e1e86-faff-4590-9185-0a8ceb2ced3f,EVT-004975,USER-00107,search,2025-12-23T19:57:36,SES-64c70512,desktop,Firefox,organic,,,,,0.0,home office chair,0,0,0,
4fc9c1d5-ebee-40a3-af18-b10e09bac4f3,EVT-004976,USER-00147,add_to_cart,2025-12-01T04:07:49,SES-2bb22332,mobile,Chrome,email,PROD-01416,REI Flash 55 Pack,Outdoor Gear,Sports,517.67,,0,1,0,
49409c75-2d56-4357-a621-581dd2ab9ddf,EVT-004977,USER-00048,wishlist,2025-11-22T03:05:46,SES-d528a9dd,tablet,Safari,organic,PROD-01844,Samsung Galaxy Watch 6,Smartwatches,Electronics,790.52,,0,0,0,
fea3cfe0-8efe-47f0-9846-ff67c3700ad1,EVT-004978,USER-00154,search,2025-12-22T02:49:41,SES-6dd5ea47,tablet,Chrome,organic,,,,,0.0,red wine gift,0,0,0,
f0db839c-4701-4302-982a-c3c16e8b9ade,EVT-004979,USER-00144,view,2025-12-10T00:28:21,SES-17d1f478,tablet,Edge,direct,PROD-01196,Oral-B iO Series 9,Personal Care,Healthcare,285.71,,125,0,0,
132ee393-50ec-4d63-9d85-0e20bf91b17c,EVT-004980,USER-00001,view,2025-12-23T20:00:52,SES-e424c93f,desktop,Safari,direct,PROD-00512,Dom Pérignon Rosé 2009,Champagne,Wine,415.51,,398,0,0,
d74b2155-521a-4011-906e-bd2cda2ec238,EVT-004981,USER-00023,search,2025-11-09T19:47:19,SES-f83f8829,desktop,Chrome,social,,,,,0.0,gaming laptop,0,0,0,
812e0a32-2556-4f92-8a51-8ebd96117e59,EVT-004982,USER-00155,search,2026-01-04T04:51:09,SES-875f5ded,mobile,Firefox,social,,,,,0.0,wireless headphones,0,0,0,
81d179ea-ab83-4de2-a1e5-d9ab7460b0f9,EVT-004983,USER-00218,click,2025-11-28T21:40:36,SES-ae3e6a17,desktop,Safari,email,PROD-00003,Penfolds Grange,Red Wine,Wine,390.13,,276,0,0,
6058acf2-c80a-4f52-b130-2d81ecbdba17,EVT-004984,USER-00107,search,2025-11-11T08:58:16,SES-d583d637,desktop,Firefox,organic,,,,,0.0,home office chair,0,0,0,
62e823a2-c5b7-4ade-a0e3-8792448ca79c,EVT-004985,USER-00147,add_to_cart,2025-11-17T10:40:47,SES-c4ac062d,mobile,Chrome,email,PROD-01416,REI Flash 55 Pack,Outdoor Gear,Sports,517.67,,0,1,0,
678eb84e-f9d3-4ed1-8158-0b97ebca6651,EVT-004986,USER-00048,wishlist,2026-01-13T20:29:54,SES-22a8013a,tablet,Safari,organic,PROD-01844,Samsung Galaxy Watch 6,Smartwatches,Electronics,790.52,,0,0,0,
dbcae3ee-bd4b-4a12-9252-8aad4393e1a7,EVT-004987,USER-00154,search,2025-12-30T10:16:55,SES-4ad6b022,tablet,Chrome,organic,,,,,0.0,red wine gift,0,0,0,
8f26d7ee-6bd1-4fa8-9c86-38f739866461,EVT-004988,USER-00144,view,2025-12-08T21:05:18,SES-1051410f,tablet,Edge,direct,PROD-01196,Oral-B iO Series 9,Personal Care,Healthcare,285.71,,125,0,0,
2a7fe842-e4d7-4bb3-947b-bd64acc2907d,EVT-004989,USER-00001,view,2025-11-25T18:52:21,SES-7f846eac,desktop,Safari,direct,PROD-00512,Dom Pérignon Rosé 2009,Champagne,Wine,415.51,,398,0,0,
3aa15b56-a504-4db7-a266-a510c91c1b46,EVT-004990,USER-00023,search,2025-11-24T11:11:58,SES-4b4ac6ec,desktop,Chrome,social,,,,,0.0,gaming laptop,0,0,0,
126a6103-31d2-4835-b704-ef004ba39314,EVT-004991,USER-00155,search,2026-01-08T23:48:25,SES-80ba68c6,mobile,Firefox,social,,,,,0.0,wireless headphones,0,0,0,
8990dea4-4f8f-4cb5-a3e2-ce9fc3b2f55c,EVT-004992,USER-00218,click,2025-12-04T06:00:20,SES-90e87918,desktop,Safari,email,PROD-00003,Penfolds Grange,Red Wine,Wine,390.13,,276,0,0,
8ad187a6-226a-483b-85b0-5054fd125950,EVT-004993,USER-00107,search,2026-01-17T17:14:56,SES-ba5de558,desktop,Firefox,organic,,,,,0.0,home office chair,0,0,0,
52b6d29b-bfbc-4d6f-a4c4-a45d871a3339,EVT-004994,USER-00147,add_to_cart,2025-11-26T20:12:00,SES-463921d6,mobile,Chrome,email,PROD-01416,REI Flash 55 Pack,Outdoor Gear,Sports,517.67,,0,1,0,
e54fad5a-30c8-4b3e-9687-e7288c90f01f,EVT-004995,USER-00048,wishlist,2026-01-04T00:40:23,SES-f69ba6a7,tablet,Safari,organic,PROD-01844,Samsung Galaxy Watch 6,Smartwatches,Electronics,790.52,,0,0,0,
cb5976a9-2dfb-46ba-b51a-dd8d2ebd265a,EVT-004996,USER-00154,search,2025-11-07T04:55:59,SES-29d152f3,tablet,Chrome,organic,,,,,0.0,red wine gift,0,0,0,
8a317e2b-d96a-48bc-8b75-9e5148e66f83,EVT-004997,USER-00144,view,2025-11-08T02:39:49,SES-cbf81c2b,tablet,Edge,direct,PROD-01196,Oral-B iO Series 9,Personal Care,Healthcare,285.71,,125,0,0,
4d4e316d-3e3b-41ab-b1f2-744566585f88,EVT-004998,USER-00001,view,2025-11-23T02:00:52,SES-4eddc9a7,desktop,Safari,direct,PROD-00512,Dom Pérignon Rosé 2009,Champagne,Wine,415.51,,398,0,0,
38ee0381-5c9b-429a-9647-1c821f45abae,EVT-004999,USER-00023,search,2025-10-24T07:02:35,SES-e1f26b72,desktop,Chrome,social,,,,,0.0,gaming laptop,0,0,0,
02782353-fded-482c-a287-49a194477232,EVT-005000,USER-00155,search,2025-11-02T13:41:54,SES-ea04055d,mobile,Firefox,social,,,,,0.0,wireless headphones,0,0,0,
