id,user_id,email,first_name,last_name,age,gender,phone,city,country,postal_code,budget_tier,total_budget,monthly_limit,currency,risk_tolerance,credit_score,prefers_installments,payment_methods,preferred_payment,preferred_sectors,price_sensitivity,eco_conscious,loyalty_points,total_orders,lifetime_value,created_at,last_login,full_name
76e4acbc-0887-4b13-882c-6695bcb9242f,USER-00001,wiseanthony@example.com,Joseph,Brown,57,Male,001-491-677-850,New Emilyville,Denmark,97596,mid-range,1497.66,344.0,USD,medium,excellent,True,klarna|debit_card|affirm|paypal,affirm,Wine|Healthcare|Food|Furniture,low,False,7441,3,57969.46,2025-05-20T09:51:47,2025-12-21T20:55:19,Joseph Brown
dc78efb4-26b9-4e6b-9255-6b339043b413,USER-00002,trevinoalexander@example.org,Thomas,Reyes,27,Female,(720)686-3536,New Nathanhaven,Peru,07404,premium,5721.39,1624.08,USD,high,fair,True,apple_pay|google_pay|klarna,apple_pay,Healthcare|Wine,high,False,3351,41,5066.13,2022-07-31T18:00:49,2026-01-01T13:57:31,Thomas Reyes
23d51b88-defc-4908-98d2-3c40c6b4432c,USER-00003,finleycasey@example.com,Michelle,Ayala,37,Female,951-787-0534x94,Cuevasborough,Saint Martin,72139,budget,837.05,251.98,USD,low,good,False,apple_pay|debit_card|klarna|credit_card|affirm,debit_card,Sports|Wine|Food|Healthcare,medium,False,1279,128,53704.14,2023-02-21T03:06:50,2025-12-29T01:21:07,Michelle Ayala
c7f62165-12d1-421e-a080-e14f05aa2a05,USER-00004,randolphandrew@example.net,Michael,Franco,28,Other,8509641383,East Jenniferland,Aruba,30840,budget,379.9,99.28,USD,low,excellent,True,debit_card|klarna|paypal|apple_pay|affirm,klarna,Fashion|Sports|Food,medium,True,10257,57,35990.56,2025-06-23T09:11:08,2026-01-10T19:10:31,Michael Franco
73227a82-cb49-4ba7-b03b-ad43e6d4dbaf,USER-00005,stephen19@example.org,William,Walsh,42,Other,(719)990-6234x4,Jesusborough,Burkina Faso,77139,premium,5757.89,1217.22,USD,high,good,False,apple_pay|klarna,apple_pay,Fashion|Furniture,medium,True,14178,68,34878.78,2021-12-25T02:43:58,2025-12-29T06:59:45,William Walsh
61f7ca96-6720-4a05-874d-6d425bf3638d,USER-00006,martinsteven@example.com,David,Howard,56,Other,001-437-347-411,West Randy,Australia,89260,premium,5767.79,1373.46,USD,high,fair,True,affirm|apple_pay|paypal|klarna|credit_card,credit_card,Furniture|Wine,medium,True,4492,68,70082.54,2023-08-07T00:18:29,2026-01-03T09:02:44,David Howard
5eeca3e3-5d57-4eaa-922f-2beb87ebe95f,USER-00007,anthonysullivan@example.com,Angela,Pierce,34,Other,571-821-0032,Ginaland,Myanmar,77324,premium,4661.33,1443.06,USD,high,fair,True,klarna|paypal,klarna,Wine|Furniture|Fashion,low,False,12298,11,70982.7,2023-04-04T16:11:44,2025-12-25T09:17:45,Angela Pierce
3f008b26-4e19-43ad-8906-42e831070fed,USER-00008,osbornjames@example.net,Scott,Anderson,32,Male,710-570-2966x70,West Joshua,Turks and Caicos Islands,19982,luxury,17035.2,4644.86,USD,high,fair,True,paypal|apple_pay|google_pay,apple_pay,Wine|Healthcare|Furniture|Electronics,medium,False,5480,138,12748.98,2021-05-08T04:46:44,2026-01-20T13:24:55,Scott Anderson
33b29e7c-7459-4446-990c-1d03f8d49f99,USER-00009,deborahporter@example.net,Timothy,Miller,43,Female,(726)738-3806x5,Nelsontown,Ghana,78766,mid-range,2883.38,549.45,USD,medium,good,True,paypal|google_pay|credit_card|affirm,credit_card,Healthcare|Wine|Food,medium,True,4734,83,45612.86,2022-12-02T00:27:31,2025-12-23T04:04:13,Timothy Miller
34fa56eb-1da4-4e1e-ba5c-e7d5eb258f49,USER-00010,brian78@example.com,Katie,Key,46,Female,(813)734-8039,East Joel,Ghana,97245,premium,6664.49,1306.17,USD,high,good,True,paypal|debit_card|klarna|affirm|credit_card,credit_card,Electronics|Sports|Fashion|Wine,low,True,11078,104,607.41,2024-02-09T05:56:18,2026-01-19T11:08:58,Katie Key
e964292b-f04e-468c-b8b9-7741b0121a83,USER-00011,warnermichael@example.net,Anne,Hart,20,Male,578.542.7010,New Timothymouth,United States Virgin Islands,80996,luxury,8760.63,1521.47,USD,high,fair,True,google_pay|debit_card|klarna|apple_pay|affirm,apple_pay,Fashion|Electronics|Food|Furniture,medium,True,6851,10,2782.79,2022-10-08T11:24:08,2025-12-28T01:57:38,Anne Hart
add21399-3b01-4059-a93a-175338e1f110,USER-00012,jennifer50@example.org,Dylan,Bush,20,Male,(718)651-5691,Derekburgh,Saint Martin,57762,luxury,12889.12,3803.81,USD,high,excellent,True,paypal|google_pay,google_pay,Furniture|Wine|Healthcare|Electronics,high,False,5560,115,70164.1,2025-03-14T05:23:45,2026-01-06T03:35:29,Dylan Bush
96b7d85c-3139-4561-8ab2-330fd5fabefd,USER-00013,jasminehoffman@example.net,Kristin,Walker,48,Female,001-826-244-220,New Lucas,Sudan,80635,luxury,11593.63,2700.53,USD,high,fair,False,credit_card|google_pay,credit_card,Food|Sports|Furniture,low,False,8216,79,12163.37,2022-12-07T20:16:23,2026-01-18T04:50:35,Kristin Walker
ccd8fc8e-2183-40f7-a916-b69e2ceb0dac,USER-00014,zunigadonald@example.net,Christian,Reed,24,Other,221-857-0433x15,Oconnorburgh,Turks and Caicos Islands,54767,premium,6463.88,1422.32,USD,high,good,True,klarna|google_pay|debit_card|apple_pay,google_pay,Electronics|Healthcare|Food,low,False,3938,150,38025.51,2025-04-01T11:59:14,2026-01-09T03:09:41,Christian Reed
3ad1ee11-75f9-457f-ae1d-52e301fb1602,USER-00015,amy17@example.net,Debra,Mcdaniel,30,Female,(371)704-0541,South Eugene,Belarus,72203,budget,974.29,317.42,USD,low,fair,False,apple_pay|affirm|google_pay|paypal|credit_card,affirm,Furniture|Food|Fashion|Healthcare,low,False,3191,12,7240.4,2021-11-05T19:31:04,2026-01-07T03:40:13,Debra Mcdaniel
b4f4f731-8ffc-4003-ae3e-bb9a9bb7928b,USER-00016,bbush@example.net,Frederick,Preston,54,Male,(601)653-3688,Johnton,India,75444,luxury,17657.13,3090.56,USD,high,excellent,True,apple_pay|google_pay|paypal|credit_card,apple_pay,Healthcare|Wine,high,False,3910,102,57270.36,2025-09-24T06:56:45,2026-01-14T13:55:32,Frederick Preston
d0f8ea9a-36c9-41b5-88e2-ebdac530d676,USER-00017,briansmith@example.org,Kelly,Stanley,57,Other,+1-873-910-3241,Jacobsonview,Bermuda,84631,mid-range,2655.75,811.89,USD,medium,fair,True,google_pay|klarna|debit_card,klarna,Fashion|Electronics,low,True,3306,49,13486.0,2025-09-07T02:06:24,2026-01-09T13:25:52,Kelly Stanley
81a2751f-2853-471a-9b3e-4d28f7c0e4b2,USER-00018,nathanjames@example.org,Sean,Baker,21,Male,543.249.0211x58,Cardenaschester,Mauritania,90556,premium,7556.18,1819.87,USD,high,fair,True,affirm|klarna|paypal,klarna,Furniture|Sports|Food,medium,True,5848,132,49481.83,2025-02-03T18:36:07,2026-01-18T13:11:23,Sean Baker
a238f39a-3ffa-430f-b725-d157698d2a08,USER-00019,thomasmiller@example.net,Austin,Duncan,20,Female,899.521.7223x32,Port Brooke,Ghana,95803,mid-range,2466.43,429.53,USD,medium,good,False,paypal|google_pay|klarna,klarna,Healthcare|Wine|Electronics|Food,high,False,13650,140,55616.29,2021-08-16T17:54:10,2025-12-25T23:19:25,Austin Duncan
ee0365bd-6a06-4483-9c25-b3eafa2369e1,USER-00020,jhawkins@example.com,Melissa,Stone,31,Female,3993861622,Port Justinside,Turkmenistan,45572,mid-range,2270.82,462.84,USD,medium,excellent,True,klarna|google_pay|affirm,klarna,Sports|Fashion,medium,False,10741,119,28975.99,2024-07-20T03:18:40,2026-01-03T13:40:15,Melissa Stone
09f112c9-4bff-4e52-a800-7226d2318d2a,USER-00021,kpena@example.net,Thomas,Jackson,46,Male,(229)796-0653x0,Larryfort,Togo,91751,mid-range,1215.42,351.73,USD,medium,fair,True,apple_pay|affirm|credit_card|debit_card|paypal,paypal,Healthcare|Electronics|Wine,medium,True,5707,131,8541.44,2021-11-21T16:44:54,2026-01-01T19:31:08,Thomas Jackson
406f8826-ae9e-493a-b220-73c6d9a5a229,USER-00022,kevinmanning@example.com,Joseph,Butler,65,Female,+1-613-873-6785,Port Melissa,Turkmenistan,75038,mid-range,2237.9,528.52,USD,medium,fair,False,apple_pay|credit_card|affirm|debit_card,apple_pay,Fashion|Electronics|Food|Furniture,low,True,9852,33,14661.51,2021-04-20T11:39:38,2025-12-30T04:20:53,Joseph Butler
08356f64-efd7-4443-bcba-137aa6de411d,USER-00023,nancygonzalez@example.org,John,Bryant,58,Male,(934)457-8610x3,Matthewsstad,Guatemala,21933,budget,422.6,142.31,USD,low,fair,False,apple_pay|google_pay|paypal,apple_pay,Food|Healthcare|Sports,medium,False,2800,46,17425.38,2023-04-04T04:12:40,2025-12-26T03:14:37,John Bryant
043d605c-4d6b-4aff-b76f-8e1774b53a6d,USER-00024,anthony02@example.net,Kimberly,Lewis,44,Female,433.446.8007,East Johnnyport,Rwanda,93479,mid-range,1916.03,415.14,USD,medium,good,False,apple_pay|google_pay,google_pay,Healthcare|Sports|Food|Fashion,low,False,12487,145,50880.39,2023-05-26T02:50:34,2026-01-11T07:42:00,Kimberly Lewis
030cd04c-9341-40fa-a5c5-957715b764f9,USER-00025,dyork@example.com,Jeffery,Turner,58,Other,996.391.0858x99,Vanessamouth,Tokelau,36792,premium,7355.77,2515.96,USD,high,good,True,affirm|credit_card|debit_card|paypal,credit_card,Sports|Furniture|Electronics,low,False,3450,9,1560.89,2023-04-11T21:39:14,2026-01-05T06:02:46,Jeffery Turner
23772c70-cdc3-40d9-9734-b80fc631c34e,USER-00026,edwardcannon@example.org,Linda,Lang,27,Male,+1-565-720-7446,Lake Amanda,Slovenia,62856,mid-range,1917.55,523.79,USD,medium,excellent,False,google_pay|affirm|apple_pay|klarna,apple_pay,Electronics|Food,low,True,13121,133,26107.86,2024-02-08T08:36:46,2026-01-15T08:59:38,Linda Lang
72b1e32e-12e1-4560-ac6d-7e03dd77ef54,USER-00027,megan82@example.com,Connor,Anderson,47,Male,682-651-3534x65,Yorkfort,Austria,83652,budget,910.39,154.45,USD,low,excellent,False,affirm|debit_card|credit_card,affirm,Healthcare|Wine|Furniture|Fashion,high,True,1466,122,34511.12,2026-01-07T15:36:25,2026-01-18T22:02:35,Connor Anderson
fdbdb349-f6a1-42f1-8c87-6a8b7f142f44,USER-00028,kennedyjames@example.org,Mikayla,James,43,Other,360-922-3569x72,Crystalburgh,Germany,83666,premium,4420.47,767.94,USD,high,good,True,apple_pay|credit_card,apple_pay,Wine|Fashion|Furniture|Sports,high,False,9973,24,869.36,2021-07-19T18:56:11,2025-12-21T23:25:15,Mikayla James
5731e44d-3720-4380-8502-ac3471e2c281,USER-00029,whill@example.org,Barbara,Moore,28,Other,001-712-296-666,Katherinehaven,Comoros,02849,mid-range,2557.96,443.0,USD,medium,fair,False,paypal|credit_card|google_pay,google_pay,Furniture|Sports|Food|Wine,low,False,9930,115,67393.77,2021-02-02T08:37:28,2026-01-02T19:49:45,Barbara Moore
f7f7be02-81e3-492d-9c31-c1b9d3bf82e7,USER-00030,heathercooper@example.org,Curtis,Gordon,64,Male,721-904-4789x85,Karenburgh,Yemen,53374,budget,456.87,151.46,USD,low,excellent,False,debit_card|google_pay|credit_card|apple_pay,google_pay,Food|Fashion|Furniture,low,True,14232,7,65671.07,2021-03-20T23:10:23,2026-01-01T20:03:21,Curtis Gordon
54e710ef-490e-4d90-a4f2-3d3686bcae62,USER-00031,jessicaanderson@example.net,Andrew,Wagner,56,Female,250-364-8909,North Hannahchester,Kenya,50341,budget,509.94,160.15,USD,low,good,True,debit_card|apple_pay,apple_pay,Furniture|Food|Healthcare|Wine,medium,False,13579,103,73402.44,2022-02-08T13:02:43,2026-01-17T07:33:34,Andrew Wagner
c17cc8bb-52e7-445d-9239-68eb12ead3a6,USER-00032,thomas23@example.net,Gina,Smith,26,Other,(318)949-9261x8,New James,Estonia,69070,premium,7428.88,1811.95,USD,high,fair,True,debit_card|klarna,klarna,Wine|Furniture,low,False,898,121,52033.52,2022-10-09T02:58:20,2026-01-08T02:56:18,Gina Smith
9e20faf6-3f28-4fb2-bbaf-ca5efa8a10a7,USER-00033,cphillips@example.net,Tyler,Clark,31,Other,353.600.1197x21,South Vanessa,French Polynesia,35120,mid-range,1678.5,441.85,USD,medium,good,False,klarna|paypal|google_pay,klarna,Sports|Healthcare,high,False,12577,82,38926.71,2025-01-02T00:09:31,2025-12-24T04:16:37,Tyler Clark
a40bc3ed-4520-44b0-b03b-aad159bfe279,USER-00034,limorgan@example.com,Michael,Rhodes,46,Other,(711)400-2255x7,South Ricardomouth,Faroe Islands,51057,mid-range,2208.92,534.54,USD,medium,fair,True,debit_card|google_pay|affirm,google_pay,Furniture|Healthcare|Sports,high,True,14133,126,72910.2,2025-02-14T09:39:43,2026-01-11T05:17:31,Michael Rhodes
31325b01-8224-4c4f-83ea-a251648ba1f4,USER-00035,danielhorton@example.org,Tina,Richard,40,Female,769-279-7296,South Samantha,Bouvet Island (Bouvetoya),54408,mid-range,1931.33,588.1,USD,medium,excellent,False,paypal|debit_card|affirm|google_pay,paypal,Food|Furniture|Electronics,medium,True,13199,114,29347.92,2024-10-20T17:11:58,2025-12-23T23:29:27,Tina Richard
2f4c846b-a728-4cfd-9fcd-a4442922704b,USER-00036,greenleon@example.net,Miranda,Warren,61,Female,001-899-435-889,North Dawnburgh,Madagascar,62011,budget,750.31,217.28,USD,low,excellent,True,paypal|klarna|apple_pay|debit_card|affirm,apple_pay,Wine|Fashion|Sports|Furniture,high,False,9916,147,59057.05,2025-04-10T01:15:40,2025-12-29T18:38:20,Miranda Warren
e0f96898-5ab5-4466-902b-ce4d8607c11d,USER-00037,waltonmalik@example.com,Tara,Williams,40,Female,986.363.1779,Westville,Luxembourg,98180,premium,4854.15,1063.64,USD,high,excellent,True,debit_card|paypal|affirm,paypal,Healthcare|Food,medium,True,2720,9,4487.68,2021-03-16T18:05:30,2025-12-26T17:31:03,Tara Williams
dd9e8303-8c15-4350-b084-73b1d3a2454a,USER-00038,jgutierrez@example.net,Aaron,Davis,27,Female,+1-794-988-3755,Jenniferville,Bhutan,86865,luxury,11027.69,3838.93,USD,high,fair,True,google_pay|debit_card,google_pay,Healthcare|Food|Sports|Furniture,high,False,4752,50,1262.86,2022-12-10T11:47:33,2025-12-21T20:29:20,Aaron Davis
ccbcb309-6e49-40d9-a3bb-d2b39f00f4af,USER-00039,michael48@example.net,Nathaniel,Rodriguez,32,Male,(372)861-4933,South Makayla,Comoros,94451,budget,826.68,200.81,USD,low,excellent,True,paypal|affirm|debit_card,debit_card,Furniture|Fashion|Electronics|Wine,medium,True,9807,96,29487.48,2023-12-06T11:16:53,2025-12-26T23:29:08,Nathaniel Rodriguez
41465ec0-acc2-412b-aa46-cedb2ba19795,USER-00040,owilliams@example.net,Brianna,Barton,61,Female,979.482.7080x86,Lake Lisa,Bosnia and Herzegovina,51279,luxury,19483.26,6316.01,USD,high,good,True,credit_card|klarna|affirm|paypal,credit_card,Healthcare|Fashion,high,False,1447,26,57761.46,2023-10-17T11:32:23,2026-01-15T05:15:37,Brianna Barton
4743365d-2e61-4202-bd81-0cb458c529a5,USER-00041,mbarnes@example.net,Kathryn,Hill,59,Female,547-622-6984x85,Samanthaberg,Russian Federation,85709,premium,5051.64,1271.19,USD,high,fair,False,debit_card|paypal|apple_pay|credit_card,paypal,Furniture|Electronics|Fashion|Wine,high,True,10217,123,19660.47,2022-07-26T23:48:19,2026-01-15T05:00:28,Kathryn Hill
002a389f-c915-4d9b-90bc-058d4c5f2313,USER-00042,jennifer58@example.com,Brandi,Bender,39,Female,001-268-546-081,Karenburgh,France,90074,budget,853.23,168.75,USD,low,good,False,debit_card|google_pay|klarna,google_pay,Electronics|Healthcare|Wine|Furniture,low,False,9409,98,58629.47,2023-03-10T00:18:44,2025-12-28T20:31:51,Brandi Bender
643baa24-94e7-4d5d-9f71-e36122edc99e,USER-00043,vaughnkenneth@example.net,Antonio,Cervantes,36,Male,298-838-6384,Butlermouth,Micronesia,07552,budget,685.36,179.18,USD,low,good,True,credit_card|klarna|google_pay|debit_card|affirm,google_pay,Healthcare|Sports,medium,True,9126,29,49219.95,2021-03-01T19:53:15,2026-01-02T22:45:47,Antonio Cervantes
9deb6a2b-d84c-420f-b716-7c19549c50be,USER-00044,christinenorman@example.com,Maria,Pruitt,29,Male,001-459-389-334,Williamsview,Moldova,35135,mid-range,2176.61,601.87,USD,medium,excellent,False,debit_card|google_pay|paypal|apple_pay|affirm,affirm,Electronics|Furniture|Healthcare|Wine,low,True,9435,98,63441.74,2022-02-28T15:35:34,2025-12-29T13:25:30,Maria Pruitt
45b1712c-b76c-46e8-90ac-d64051d24f34,USER-00045,adam72@example.org,Eric,Morris,52,Female,5944798515,Port Williamchester,Mayotte,70891,budget,490.71,98.01,USD,low,excellent,True,klarna|google_pay|paypal|debit_card|credit_card,debit_card,Fashion|Wine,medium,False,5112,1,58223.5,2024-06-26T22:05:10,2025-12-26T05:03:13,Eric Morris
6274cb33-3ba3-4d3e-b49c-49245d4280d7,USER-00046,jeffrey35@example.com,Michael,Robinson,70,Other,001-798-878-015,South Jonathanport,Anguilla,68247,budget,381.06,121.72,USD,low,fair,False,affirm|paypal|klarna|credit_card|google_pay,affirm,Food|Wine,medium,False,5469,52,23254.17,2024-03-30T12:01:39,2026-01-15T17:08:34,Michael Robinson
34c8b253-2cb0-4b21-9ecd-b9b157f8ddf9,USER-00047,stucker@example.net,James,Palmer,23,Other,328-580-1336,Lucasland,San Marino,90422,mid-range,2887.87,723.38,USD,medium,good,True,affirm|google_pay|klarna|debit_card|credit_card,debit_card,Electronics|Food|Furniture,high,False,8059,79,54866.64,2022-05-13T05:54:07,2025-12-22T21:36:13,James Palmer
69070d01-34f3-4c1c-bcd5-2e07c99e7caf,USER-00048,clove@example.org,Charles,Thompson,52,Male,281-893-4667x66,New Adamland,Saudi Arabia,98274,mid-range,2095.42,662.63,USD,medium,good,False,apple_pay|klarna|paypal,apple_pay,Furniture|Sports,high,False,5136,135,53320.3,2026-01-13T23:13:40,2025-12-23T22:57:37,Charles Thompson
026dc6a4-7e70-4907-a4af-2130e2d36e39,USER-00049,howardwesley@example.com,Kristin,Turner,65,Other,547-466-0728,Roblesside,French Polynesia,83606,premium,5982.61,1268.42,USD,high,excellent,True,google_pay|paypal|apple_pay|affirm,affirm,Fashion|Furniture|Healthcare,medium,False,1872,122,10440.14,2022-04-13T04:10:48,2026-01-05T05:11:25,Kristin Turner
93f0183f-0d88-42f1-99f1-24adbb95cd52,USER-00050,susan08@example.net,Donald,Williams,20,Female,001-596-888-143,East Jack,Nicaragua,33628,budget,353.7,58.09,USD,low,good,True,apple_pay|credit_card|paypal,apple_pay,Fashion|Sports|Electronics,low,False,2866,58,50503.23,2022-09-16T07:08:33,2025-12-27T07:28:27,Donald Williams
6aa66ac2-2916-4862-914d-bc69d8156195,USER-00051,emilybradley@example.org,Melissa,Randolph,70,Other,+1-978-714-1413,Davidbury,Bolivia,37874,mid-range,1140.77,224.61,USD,medium,fair,False,debit_card|apple_pay|credit_card|paypal,debit_card,Healthcare|Wine|Sports|Fashion,medium,False,14617,90,38084.66,2021-08-25T10:27:25,2025-12-31T03:22:17,Melissa Randolph
a3f5e881-b104-4328-9d2f-a847bcedeabe,USER-00052,todd59@example.net,Kevin,Silva,27,Other,001-595-856-205,Maryberg,Philippines,96573,budget,747.5,154.57,USD,low,fair,True,paypal|klarna|apple_pay,paypal,Electronics|Sports|Food|Furniture,medium,False,14286,143,43488.38,2023-11-16T16:15:17,2026-01-14T01:06:58,Kevin Silva
174317e9-1ef0-4a2f-9b80-a08f2f7d59ff,USER-00053,xgriffin@example.com,Tony,Rodriguez,65,Female,+1-891-542-8341,New Jorgeside,Latvia,86210,luxury,9090.69,2396.98,USD,high,good,False,affirm|credit_card,affirm,Wine|Fashion,medium,False,13628,52,50374.94,2022-04-27T08:00:29,2026-01-08T12:08:20,Tony Rodriguez
42299f44-d81a-4209-b45f-375f5b750ab9,USER-00054,xwalker@example.net,Jessica,Carter,68,Other,488.916.5803x92,East Ashley,Mongolia,86931,mid-range,1880.89,465.53,USD,medium,fair,True,apple_pay|paypal|credit_card|affirm,credit_card,Fashion|Wine|Electronics,low,False,13483,113,12236.85,2022-04-19T18:31:15,2026-01-14T05:15:06,Jessica Carter
f5c7e106-078d-4151-9c89-cf81d35d16ff,USER-00055,billy73@example.org,Joseph,Young,56,Other,+1-438-856-7700,Diazland,Maldives,33476,mid-range,2118.19,352.24,USD,medium,good,True,paypal|debit_card,paypal,Sports|Wine|Fashion|Electronics,low,True,12231,118,35348.95,2024-04-03T18:14:13,2026-01-01T13:37:33,Joseph Young
f3ff89ae-66f3-4d15-88aa-3f059ee96900,USER-00056,wgomez@example.com,Laura,Eaton,46,Other,5824723184,East Michael,Saint Barthelemy,16010,luxury,15875.29,2711.57,USD,high,fair,False,google_pay|apple_pay|affirm,affirm,Food|Fashion|Sports,medium,False,11906,123,1910.63,2023-01-06T04:59:48,2026-01-10T20:59:21,Laura Eaton
724b7189-8e15-440d-a7a0-97330bd8ec9f,USER-00057,jennifer77@example.com,Jason,Martin,39,Other,(403)602-9922x8,New Susan,Netherlands Antilles,74373,premium,3287.52,1148.7,USD,high,fair,True,debit_card|paypal,paypal,Healthcare|Food|Sports|Wine,medium,True,9510,127,65834.57,2021-03-19T09:32:23,2026-01-04T12:10:40,Jason Martin
59188b8e-f2af-4802-8713-0bf61fef8d21,USER-00058,robinsoncatherine@example.com,Michelle,Jackson,34,Female,(592)892-9842x5,Andersontown,Cook Islands,69013,budget,456.02,97.41,USD,low,fair,False,credit_card|paypal|debit_card|affirm,debit_card,Healthcare|Electronics|Wine|Furniture,low,True,1655,28,7186.69,2025-05-06T12:54:04,2026-01-11T03:01:33,Michelle Jackson
dba608a9-408c-4f41-bb8d-938d005cc7bb,USER-00059,catherinethompson@example.net,Carol,Rich,22,Female,+1-881-817-2980,Nancyhaven,Japan,30580,premium,3703.25,1241.95,USD,high,excellent,False,klarna|debit_card|google_pay|affirm|paypal,klarna,Sports|Healthcare,medium,True,13825,43,44397.51,2025-02-26T10:51:32,2026-01-09T06:06:07,Carol Rich
8fe85890-bcba-4863-a9da-d0c37d1a0e63,USER-00060,brianna91@example.com,Dennis,Woods,39,Male,214.398.6430,South Diamondmouth,Ireland,47984,mid-range,2321.81,445.42,USD,medium,excellent,True,google_pay|credit_card|debit_card,debit_card,Food|Sports|Fashion,medium,False,1363,80,51139.79,2021-12-17T16:33:01,2025-12-29T06:15:34,Dennis Woods
b49a3698-b73a-4d62-aa7c-45ddb7acbdb9,USER-00061,qpearson@example.com,Melissa,Henderson,35,Male,(994)663-6887x2,Beckyfurt,Saint Pierre and Miquelon,18597,luxury,8255.03,1312.96,USD,high,excellent,True,apple_pay|affirm|google_pay,google_pay,Fashion|Sports,medium,False,1730,133,61805.13,2022-01-25T12:48:27,2026-01-01T21:37:56,Melissa Henderson
0608f49f-daa4-40b2-9252-43fe0fd21ecc,USER-00062,klogan@example.org,Jason,Morales,53,Other,689-502-6012x79,Christopherton,Saint Kitts and Nevis,50875,premium,4892.78,1215.12,USD,high,excellent,True,google_pay|apple_pay|klarna|affirm,google_pay,Sports|Healthcare|Electronics|Wine,medium,False,10638,69,43763.99,2024-06-18T07:22:31,2026-01-20T13:15:04,Jason Morales
de10ca4f-0541-4a61-96e1-24a270a74ba5,USER-00063,jennifer90@example.org,Danielle,Gonzales,34,Male,484.230.9883,Johntown,Cayman Islands,11883,mid-range,2140.05,403.13,USD,medium,good,True,credit_card|debit_card|klarna,credit_card,Electronics|Fashion|Food,high,False,3619,125,41315.8,2023-05-27T20:28:25,2026-01-10T03:18:12,Danielle Gonzales
8dd16f3f-d26b-412f-9de1-08dd6897b68a,USER-00064,elizabeth69@example.org,April,Mclaughlin,60,Other,518-548-9554,Spearsshire,Albania,34724,mid-range,2871.92,758.87,USD,medium,fair,True,klarna|credit_card|affirm|apple_pay|google_pay,apple_pay,Food|Furniture,low,False,1926,22,446.88,2022-07-18T08:40:09,2026-01-10T12:16:32,April Mclaughlin
ff5a3ce7-a2b6-494c-80c0-967b128cf41b,USER-00065,hansenwesley@example.com,Stacey,Pratt,67,Female,289-947-6973x57,West Carlosbury,Philippines,92405,premium,4395.86,1515.73,USD,high,good,True,credit_card|paypal|debit_card|google_pay|apple_pay,apple_pay,Healthcare|Food|Electronics,medium,False,4097,66,18000.26,2023-01-04T21:57:46,2026-01-06T01:46:56,Stacey Pratt
71a61e7f-81e5-4e6f-b1fb-b5b81ed8c865,USER-00066,hmoses@example.net,Alec,Collier,27,Female,741.765.1827,New Joseph,Yemen,98301,budget,564.94,194.07,USD,low,good,False,credit_card|paypal,credit_card,Sports|Fashion|Food|Healthcare,low,True,12547,24,69483.53,2022-09-03T09:02:44,2026-01-14T23:18:20,Alec Collier
9752cf76-e13d-494f-af70-e62b226792c9,USER-00067,jimmyallen@example.com,Jamie,Harris,44,Other,295.221.1179,Watsonmouth,Lithuania,75804,mid-range,1762.05,299.0,USD,medium,good,False,google_pay|klarna,google_pay,Furniture|Fashion|Sports|Electronics,high,False,10009,37,52035.33,2023-05-24T02:42:33,2026-01-14T13:45:32,Jamie Harris
9cf5823a-6411-42ea-a6e6-66d4530fd018,USER-00068,traceymoon@example.com,Raymond,Christensen,61,Male,(808)467-8085,Brayhaven,Kuwait,41874,mid-range,2093.34,409.4,USD,medium,fair,False,credit_card|affirm|klarna|debit_card|google_pay,debit_card,Fashion|Electronics|Furniture|Wine,low,True,7419,19,11923.58,2021-02-15T16:51:59,2025-12-22T07:42:02,Raymond Christensen
6bc5a345-115c-4170-af02-5e1b9ba0ea00,USER-00069,nicolasgarcia@example.com,Chloe,Green,40,Female,+1-943-847-9552,South Jaclyn,Holy See (Vatican City State),48352,premium,4138.91,1189.26,USD,high,good,False,google_pay|debit_card,google_pay,Healthcare|Sports,high,True,1764,23,62746.86,2024-06-18T03:28:42,2026-01-04T07:43:17,Chloe Green
f0c60d0d-ad16-4507-83e5-3da91c03fb0a,USER-00070,iwhite@example.net,Gina,Olsen,65,Other,001-943-486-632,Kristenport,El Salvador,74181,premium,4732.36,1471.13,USD,high,fair,True,credit_card|klarna|apple_pay|affirm|paypal,credit_card,Food|Healthcare|Electronics|Furniture,low,True,9591,61,31209.62,2025-11-19T17:56:24,2025-12-24T01:30:53,Gina Olsen
20c5409d-8fb2-491b-a2ce-a8b3a2bb252d,USER-00071,kgarcia@example.org,Jason,King,66,Other,+1-317-754-5588,New Barbara,Pakistan,71075,budget,889.45,240.11,USD,low,good,False,apple_pay|affirm|debit_card|credit_card|paypal,credit_card,Fashion|Electronics|Sports,high,True,1315,79,1946.78,2022-07-16T19:41:16,2026-01-04T13:31:21,Jason King
a858b05b-5692-4049-904d-c76582e06f38,USER-00072,mark87@example.net,Sergio,Miller,63,Other,+1-447-722-5699,West Logan,French Guiana,93618,luxury,18650.15,6141.54,USD,high,fair,True,google_pay|apple_pay|debit_card|klarna|credit_card,klarna,Sports|Furniture|Food,low,False,345,33,74991.82,2023-05-01T13:18:59,2026-01-20T03:15:14,Sergio Miller
c8992e90-c29c-49a0-8fb9-16b128e3bc75,USER-00073,cnelson@example.com,Julie,Meyer,39,Female,362.320.2341x32,South Amytown,Sierra Leone,52538,mid-range,1051.05,242.92,USD,medium,excellent,False,paypal|klarna|debit_card|affirm|credit_card,paypal,Wine|Electronics,low,True,13086,50,19886.15,2025-07-06T12:07:05,2025-12-25T18:55:26,Julie Meyer
7b9adbf6-f920-4c0a-9143-cadcc59f98da,USER-00074,bakereric@example.net,Sarah,Price,32,Other,234.772.2820,Michellemouth,Trinidad and Tobago,71356,premium,5037.0,1643.04,USD,high,good,True,google_pay|klarna|debit_card|apple_pay|paypal,debit_card,Sports|Furniture|Wine|Fashion,low,False,5683,88,59748.53,2023-05-16T21:49:17,2026-01-17T09:01:51,Sarah Price
95b03e56-0b4e-432e-a8a1-6fd201da3db9,USER-00075,staylor@example.net,Gregory,Harper,18,Female,+1-796-888-4578,Erictown,Afghanistan,69093,budget,460.85,157.8,USD,low,fair,False,debit_card|paypal|affirm,debit_card,Healthcare|Wine|Food|Sports,high,False,4013,102,2544.76,2022-03-20T00:25:40,2026-01-07T10:35:03,Gregory Harper
1ccd0f89-d98b-4f63-ad5d-91726b854342,USER-00076,taylor07@example.com,Kevin,Cannon,18,Other,893-808-5368x66,West Christian,Niue,31900,premium,3338.39,801.57,USD,high,fair,True,paypal|debit_card,paypal,Healthcare|Electronics,low,False,4961,100,38571.52,2025-06-13T14:22:03,2026-01-20T12:22:41,Kevin Cannon
e8bb1e6b-5f3f-4247-ad39-f7bb4934f42b,USER-00077,justin84@example.com,Jacob,Jones,61,Other,(541)779-7497,East Brandonside,Angola,24872,mid-range,2523.23,556.36,USD,medium,good,True,klarna|debit_card|paypal,klarna,Wine|Furniture|Food|Electronics,low,False,12241,82,60632.5,2021-12-04T07:11:36,2026-01-04T10:37:00,Jacob Jones
d2dfeaad-b3eb-4ea6-af90-9ca6123dfaa9,USER-00078,david70@example.org,Christopher,Smith,45,Male,356.447.5705,West Kimberlyland,Mayotte,62124,premium,4802.35,962.49,USD,high,good,False,credit_card|affirm|paypal|debit_card|apple_pay,affirm,Electronics|Food,low,True,8865,101,51091.53,2022-08-07T18:29:08,2025-12-31T01:50:58,Christopher Smith
a61e2852-953c-4fac-a2d9-335c0d45152e,USER-00079,lisa01@example.net,John,Wise,25,Male,430.237.1837x64,West Timothyport,Congo,47742,mid-range,2427.06,527.57,USD,medium,excellent,True,klarna|paypal,klarna,Food|Fashion|Electronics,low,False,10500,38,2571.85,2021-07-01T09:03:20,2026-01-01T07:40:16,John Wise
494e6ca8-72d5-4aa3-9896-daf0b1fe71db,USER-00080,youngryan@example.org,Gary,Hill,63,Female,763-300-9792,East Vincent,Poland,81588,budget,846.96,175.31,USD,low,fair,False,apple_pay|klarna|credit_card|debit_card|affirm,affirm,Sports|Electronics|Furniture|Wine,high,True,4811,56,21824.81,2023-12-07T23:42:35,2025-12-24T15:53:43,Gary Hill
c5d1e3b8-fbb3-4e36-b118-bc05735b7310,USER-00081,kellyeric@example.net,Lacey,Martinez,23,Male,458.657.3065,South Jasmineside,French Polynesia,71638,mid-range,2322.47,384.99,USD,medium,fair,False,affirm|debit_card|paypal|klarna|credit_card,paypal,Healthcare|Wine|Electronics,low,False,8656,13,46052.32,2025-03-23T05:02:15,2025-12-30T23:02:03,Lacey Martinez
a1f4b8e3-064e-415b-a777-0099679ab0ef,USER-00082,amymorris@example.com,Joshua,Guerra,49,Female,+1-721-982-7448,Port Danafurt,Saint Martin,24819,premium,5801.35,1809.04,USD,high,excellent,True,affirm|debit_card|credit_card,affirm,Wine|Food|Sports,low,False,7190,138,37260.59,2021-03-19T16:58:58,2026-01-08T10:06:28,Joshua Guerra
2147ff9d-28f2-47c5-aa06-c7e082cdd395,USER-00083,malikbrown@example.net,Lori,Lee,26,Male,+1-478-429-4565,East Danielborough,Bolivia,04671,budget,382.33,78.77,USD,low,excellent,False,affirm|google_pay|apple_pay|debit_card,affirm,Food|Fashion,high,False,1916,47,24640.31,2025-11-29T14:53:01,2026-01-09T14:40:47,Lori Lee
1c3ba4fd-d882-4b0e-87bc-15b82b2a37d2,USER-00084,sfox@example.net,Jonathan,Diaz,31,Female,+1-210-637-1705,Lake Chadport,Belarus,28799,luxury,13869.31,3977.42,USD,high,good,True,google_pay|paypal|affirm,paypal,Electronics|Fashion|Furniture,medium,True,34,73,10381.52,2025-06-22T12:45:33,2025-12-26T11:04:53,Jonathan Diaz
927b2d98-3b19-46bb-9387-886be268262f,USER-00085,hardyamanda@example.org,James,Sandoval,26,Male,001-828-386-195,Port Henry,Iran,66652,budget,891.35,167.72,USD,low,good,True,debit_card|apple_pay|paypal,apple_pay,Healthcare|Fashion,high,False,4788,71,24401.33,2023-12-05T03:54:46,2025-12-29T10:13:06,James Sandoval
d3f959ef-0f48-4a7f-824a-5a46929c0775,USER-00086,umahoney@example.net,Victoria,Nguyen,61,Female,(766)959-3983x6,Moyertown,Saint Kitts and Nevis,05044,budget,538.54,165.85,USD,low,excellent,False,affirm|debit_card|credit_card,affirm,Healthcare|Sports|Wine,high,True,12440,148,32791.78,2023-06-23T09:39:26,2026-01-19T16:02:36,Victoria Nguyen
d98e2d2a-6f66-466b-89ed-2cee0b719031,USER-00087,holmesvictoria@example.com,Adam,Joyce,25,Female,450.348.8899,South Michaelberg,Estonia,48615,mid-range,2447.63,755.45,USD,medium,excellent,False,paypal|debit_card|affirm|klarna,debit_card,Food|Healthcare|Electronics,high,True,9323,43,26275.63,2026-01-03T05:48:18,2026-01-02T21:02:01,Adam Joyce
b6653df8-bfcd-48cc-bd1c-d1ea2ca73920,USER-00088,jonathanevans@example.net,Ricardo,Hardin,29,Male,001-315-272-791,Michaelchester,Israel,16300,budget,634.6,123.22,USD,low,excellent,False,credit_card|apple_pay,apple_pay,Sports|Food|Electronics|Wine,high,False,8843,119,51144.46,2022-12-25T22:25:27,2026-01-19T23:39:42,Ricardo Hardin
ba6e47e6-08f4-437c-aa1b-4aebe5d13889,USER-00089,walterscrystal@example.org,Kevin,Williams,21,Male,+1-992-358-3206,South Keith,India,19901,premium,3556.5,966.94,USD,high,excellent,True,affirm|apple_pay|debit_card|credit_card|klarna,credit_card,Electronics|Fashion|Food|Wine,medium,False,14789,42,25708.99,2022-03-07T05:51:33,2026-01-07T01:35:37,Kevin Williams
347bd258-5922-43d9-a9b6-229bdc51dd39,USER-00090,alvarezjulie@example.net,Raymond,Miller,69,Other,562.527.8376x93,West Kimberlymouth,Poland,76000,mid-range,1266.8,204.9,USD,medium,fair,True,apple_pay|klarna|affirm|credit_card|google_pay,affirm,Sports|Fashion,medium,True,1883,63,24889.64,2021-10-25T21:47:27,2025-12-27T05:02:10,Raymond Miller
ab0f92b9-6d5b-467f-8e53-781cddd21cf5,USER-00091,whenderson@example.org,Malik,Wheeler,46,Male,2425597927,Lake Nathaniel,Saudi Arabia,95985,mid-range,1215.42,351.73,USD,medium,fair,True,apple_pay|affirm|credit_card|debit_card|paypal,paypal,Healthcare|Electronics|Wine,medium,True,5707,131,8541.44,2021-10-14T03:55:04,2025-12-27T04:51:07,Malik Wheeler
14dc1e58-8284-44ac-bb7c-83388fbbd3f4,USER-00092,sanchezchristine@example.org,Misty,Wilkins,65,Female,5515477053,Anaberg,Puerto Rico,92088,mid-range,2237.9,528.52,USD,medium,fair,False,apple_pay|credit_card|affirm|debit_card,apple_pay,Fashion|Electronics|Food|Furniture,low,True,9852,33,14661.51,2021-03-18T16:16:35,2026-01-09T00:42:28,Misty Wilkins
58627f95-1a53-432f-b3d0-206e6f8e9c55,USER-00093,scottbrian@example.org,Kristina,Williamson,58,Male,6708164510,South William,Russian Federation,13556,budget,422.6,142.31,USD,low,fair,False,apple_pay|google_pay|paypal,apple_pay,Food|Healthcare|Sports,medium,False,2800,46,17425.38,2023-09-27T15:13:53,2026-01-14T06:36:06,Kristina Williamson
e5db96d1-56f7-4b88-8480-f9be232acf7b,USER-00094,lopezvincent@example.com,Ann,Marquez,44,Female,7387457620,Colleenbury,Macao,36660,mid-range,1916.03,415.14,USD,medium,good,False,apple_pay|google_pay,google_pay,Healthcare|Sports|Food|Fashion,low,False,12487,145,50880.39,2021-08-01T04:54:27,2026-01-03T06:08:51,Ann Marquez
21473037-666a-480b-aa52-805fff7d39a8,USER-00095,bzamora@example.net,Stacy,Perez,58,Other,762-916-8936x39,East Denise,Mozambique,71457,premium,7355.77,2515.96,USD,high,good,True,affirm|credit_card|debit_card|paypal,credit_card,Sports|Furniture|Electronics,low,False,3450,9,1560.89,2022-10-11T02:28:24,2025-12-28T10:50:19,Stacy Perez
c7f45c90-8074-416a-b93e-eaf6dbc2de74,USER-00096,haley82@example.com,Wendy,Daugherty,27,Male,(792)451-8812,Port Lucaschester,Isle of Man,40261,mid-range,1917.55,523.79,USD,medium,excellent,False,google_pay|affirm|apple_pay|klarna,apple_pay,Electronics|Food,low,True,13121,133,26107.86,2024-10-27T21:56:16,2026-01-04T00:55:30,Wendy Daugherty
c4ea6d13-9f7c-4a1b-bb21-6dce919d19da,USER-00097,kimberlyrodriguez@example.org,Anthony,Odom,47,Male,+1-949-499-3933,Josephstad,Colombia,51286,budget,910.39,154.45,USD,low,excellent,False,affirm|debit_card|credit_card,affirm,Healthcare|Wine|Furniture|Fashion,high,True,1466,122,34511.12,2025-03-27T09:58:09,2026-01-13T18:00:04,Anthony Odom
1e2059ba-0004-433f-9086-50d7401b9e16,USER-00098,frankperez@example.com,Kathy,Smith,43,Other,563-833-1279x75,Parsonsfurt,Saint Helena,41513,premium,4420.47,767.94,USD,high,good,True,apple_pay|credit_card,apple_pay,Wine|Fashion|Furniture|Sports,high,False,9973,24,869.36,2024-05-29T03:08:11,2026-01-20T10:23:03,Kathy Smith
e4925b5d-468a-4fb5-9dcf-a7acc6a0a728,USER-00099,meyershannon@example.org,Natalie,Sanchez,28,Other,+1-960-886-8034,Kimport,Kyrgyz Republic,22322,mid-range,2557.96,443.0,USD,medium,fair,False,paypal|credit_card|google_pay,google_pay,Furniture|Sports|Food|Wine,low,False,9930,115,67393.77,2024-08-25T02:11:35,2026-01-05T00:57:11,Natalie Sanchez
74c31f56-f3ed-4cae-afa5-63cf54065c09,USER-00100,vaughnrebecca@example.com,Maria,Hayes,64,Male,001-981-529-826,Davismouth,Puerto Rico,85511,budget,456.87,151.46,USD,low,excellent,False,debit_card|google_pay|credit_card|apple_pay,google_pay,Food|Fashion|Furniture,low,True,14232,7,65671.07,2022-06-14T01:24:36,2025-12-27T17:52:08,Maria Hayes
97ee3de2-2a3f-471b-8b0c-2f0271551191,USER-00101,wilsonshannon@example.com,Christopher,Zimmerman,56,Female,001-489-426-860,South Kylemouth,France,82611,budget,509.94,160.15,USD,low,good,True,debit_card|apple_pay,apple_pay,Furniture|Food|Healthcare|Wine,medium,False,13579,103,73402.44,2022-08-04T22:48:06,2025-12-27T10:53:23,Christopher Zimmerman
7c551528-4ac0-43bf-8b64-55cc6fda9279,USER-00102,susansmith@example.com,Alexander,Jimenez,26,Other,280.597.3397x76,Christineside,Svalbard & Jan Mayen Islands,27716,premium,7428.88,1811.95,USD,high,fair,True,debit_card|klarna,klarna,Wine|Furniture,low,False,898,121,52033.52,2021-06-21T12:46:47,2025-12-30T17:17:01,Alexander Jimenez
66d744e6-47ca-4f24-a79e-6b75f156fe5e,USER-00103,brianbailey@example.org,Melissa,Estrada,31,Other,+1-445-910-1622,Sarahland,Seychelles,39730,mid-range,1678.5,441.85,USD,medium,good,False,klarna|paypal|google_pay,klarna,Sports|Healthcare,high,False,12577,82,38926.71,2023-10-20T12:28:17,2026-01-08T15:20:38,Melissa Estrada
1c61276c-40c0-41e1-95c3-f5e6dfd43c47,USER-00104,wwilkins@example.com,Megan,Brown,46,Other,321.945.8683x39,Ronaldmouth,Eritrea,69365,mid-range,2208.92,534.54,USD,medium,fair,True,debit_card|google_pay|affirm,google_pay,Furniture|Healthcare|Sports,high,True,14133,126,72910.2,2025-12-12T10:52:34,2026-01-07T22:11:54,Megan Brown
42896c61-e21f-4559-9557-678e5426d732,USER-00105,christinacrawford@example.net,Crystal,Vasquez,40,Female,(393)543-0107,Gutierrezmouth,Guernsey,73955,mid-range,1931.33,588.1,USD,medium,excellent,False,paypal|debit_card|affirm|google_pay,paypal,Food|Furniture|Electronics,medium,True,13199,114,29347.92,2022-11-11T06:11:36,2025-12-22T07:05:30,Crystal Vasquez
69475c01-8a8d-434d-a207-bfd8da5a028c,USER-00106,hannahking@example.org,Kyle,Hunter,61,Female,901-255-6990x23,South Eric,Kuwait,70882,budget,750.31,217.28,USD,low,excellent,True,paypal|klarna|apple_pay|debit_card|affirm,apple_pay,Wine|Fashion|Sports|Furniture,high,False,9916,147,59057.05,2023-11-27T16:42:58,2026-01-13T04:44:46,Kyle Hunter
c807076f-b9a6-43f9-b8e5-7a02299d6f28,USER-00107,dreilly@example.net,Kevin,Hardy,40,Female,488-803-9551x24,New Darryl,Slovenia,99006,premium,4854.15,1063.64,USD,high,excellent,True,debit_card|paypal|affirm,paypal,Healthcare|Food,medium,True,2720,9,4487.68,2023-09-05T08:15:29,2026-01-06T00:20:52,Kevin Hardy
3699af33-dbfd-4126-b5b7-83f3092c3875,USER-00108,nelsonchristopher@example.org,Nathan,Gallegos,27,Female,938-442-1503x17,West Sandra,Saint Martin,69133,luxury,11027.69,3838.93,USD,high,fair,True,google_pay|debit_card,google_pay,Healthcare|Food|Sports|Furniture,high,False,4752,50,1262.86,2023-09-11T19:09:07,2026-01-06T15:18:20,Nathan Gallegos
c6f2b5fe-743a-4909-a1ac-8abe21a6e869,USER-00109,kaylagarcia@example.net,Erica,Anderson,32,Male,001-207-368-104,Andrewport,Northern Mariana Islands,28005,budget,826.68,200.81,USD,low,excellent,True,paypal|affirm|debit_card,debit_card,Furniture|Fashion|Electronics|Wine,medium,True,9807,96,29487.48,2023-10-14T11:42:14,2025-12-31T11:35:36,Erica Anderson
72fdb3a2-a7bf-45a2-9a10-91708b33d014,USER-00110,justinpatel@example.com,Emily,Nelson,61,Female,(741)709-8813,Donaldport,Montserrat,32590,luxury,19483.26,6316.01,USD,high,good,True,credit_card|klarna|affirm|paypal,credit_card,Healthcare|Fashion,high,False,1447,26,57761.46,2022-07-06T16:19:02,2025-12-25T04:56:00,Emily Nelson
4849e7e5-dbb1-4239-b260-fbadc49c6fc8,USER-00111,christina58@example.com,Brent,Johnson,59,Female,+1-601-760-1662,Lake Katherine,Sudan,70425,premium,5051.64,1271.19,USD,high,fair,False,debit_card|paypal|apple_pay|credit_card,paypal,Furniture|Electronics|Fashion|Wine,high,True,10217,123,19660.47,2021-09-21T13:54:51,2026-01-13T08:30:13,Brent Johnson
fa57db61-7de5-49e2-932b-a8fcb745f21e,USER-00112,christopherlang@example.net,Taylor,Bryant,39,Female,+1-977-233-2945,South Danielfort,Kyrgyz Republic,22888,budget,853.23,168.75,USD,low,good,False,debit_card|google_pay|klarna,google_pay,Electronics|Healthcare|Wine|Furniture,low,False,9409,98,58629.47,2023-06-16T11:45:51,2026-01-07T16:05:45,Taylor Bryant
e367e88d-9b99-4a47-a761-d1fd36a68278,USER-00113,williamsullivan@example.net,Laura,Nguyen,36,Male,+1-914-887-6963,West Jaredshire,Jersey,57563,budget,685.36,179.18,USD,low,good,True,credit_card|klarna|google_pay|debit_card|affirm,google_pay,Healthcare|Sports,medium,True,9126,29,49219.95,2025-11-17T19:27:41,2026-01-07T08:37:20,Laura Nguyen
c326f18c-a180-4d64-b9de-35acc2d0aec0,USER-00114,gilbertcaldwell@example.net,Sarah,Andrews,29,Male,319.897.5817x24,Troyton,Bermuda,29023,mid-range,2176.61,601.87,USD,medium,excellent,False,debit_card|google_pay|paypal|apple_pay|affirm,affirm,Electronics|Furniture|Healthcare|Wine,low,True,9435,98,63441.74,2022-03-28T03:30:43,2026-01-18T22:34:23,Sarah Andrews
cad9f07e-5477-43af-8960-9d812180cf03,USER-00115,shermandonna@example.com,Amanda,Price,52,Female,001-773-335-494,New Valeriefurt,Tanzania,17219,budget,490.71,98.01,USD,low,excellent,True,klarna|google_pay|paypal|debit_card|credit_card,debit_card,Fashion|Wine,medium,False,5112,1,58223.5,2023-07-23T13:07:40,2025-12-24T18:38:34,Amanda Price
8aedfff9-2c57-46f3-9d7e-a03b4a374bf9,USER-00116,rachel00@example.net,Ann,Irwin,70,Other,840-836-9656,Gardnerburgh,Lebanon,18729,budget,381.06,121.72,USD,low,fair,False,affirm|paypal|klarna|credit_card|google_pay,affirm,Food|Wine,medium,False,5469,52,23254.17,2022-08-28T08:20:22,2026-01-17T17:02:32,Ann Irwin
b49a755a-ff51-4ad0-831d-b9793d450974,USER-00117,xbridges@example.com,Eric,Bright,23,Other,+1-822-401-0276,Hicksside,Svalbard & Jan Mayen Islands,59489,mid-range,2887.87,723.38,USD,medium,good,True,affirm|google_pay|klarna|debit_card|credit_card,debit_card,Electronics|Food|Furniture,high,False,8059,79,54866.64,2024-04-29T19:32:17,2026-01-07T23:53:32,Eric Bright
0cb98f95-2c37-4ed0-a4a6-b603e74f135f,USER-00118,jacobjacobs@example.net,Tyrone,Simon,52,Male,001-384-968-950,East Jessicahaven,Togo,98881,mid-range,2095.42,662.63,USD,medium,good,False,apple_pay|klarna|paypal,apple_pay,Furniture|Sports,high,False,5136,135,53320.3,2023-06-07T16:13:20,2026-01-13T07:37:10,Tyrone Simon
38aa54a0-b0d1-4f2f-a827-2494755014fb,USER-00119,millschelsea@example.org,Thomas,Harmon,65,Other,+1-718-894-9058,Susanport,French Guiana,22456,premium,5982.61,1268.42,USD,high,excellent,True,google_pay|paypal|apple_pay|affirm,affirm,Fashion|Furniture|Healthcare,medium,False,1872,122,10440.14,2021-05-10T07:14:40,2026-01-19T18:13:35,Thomas Harmon
85de5015-b078-4ab8-aace-19b64763e5dc,USER-00120,jessica94@example.org,Crystal,Lane,20,Female,001-304-690-471,Davidview,Falkland Islands (Malvinas),34180,budget,353.7,58.09,USD,low,good,True,apple_pay|credit_card|paypal,apple_pay,Fashion|Sports|Electronics,low,False,2866,58,50503.23,2021-03-05T16:10:56,2025-12-27T03:53:38,Crystal Lane
1e91c8c2-e507-467c-b98f-b226a50dc9c2,USER-00121,reneestevenson@example.net,Sean,Morton,70,Other,837-828-0512x92,Lake Scott,Northern Mariana Islands,22427,mid-range,1140.77,224.61,USD,medium,fair,False,debit_card|apple_pay|credit_card|paypal,debit_card,Healthcare|Wine|Sports|Fashion,medium,False,14617,90,38084.66,2022-11-06T15:44:52,2026-01-18T19:03:56,Sean Morton
d881825d-0a22-47ac-817d-d10a3ebc39be,USER-00122,brian41@example.org,Gary,Ross,27,Other,978-836-6742x86,Suzanneton,Bhutan,70138,budget,747.5,154.57,USD,low,fair,True,paypal|klarna|apple_pay,paypal,Electronics|Sports|Food|Furniture,medium,False,14286,143,43488.38,2024-01-24T20:27:50,2026-01-11T16:59:47,Gary Ross
8f15eed1-67e0-4653-80d6-5e103acae638,USER-00123,matthew41@example.com,Destiny,Myers,65,Female,001-339-338-525,Bellport,El Salvador,25808,luxury,9090.69,2396.98,USD,high,good,False,affirm|credit_card,affirm,Wine|Fashion,medium,False,13628,52,50374.94,2021-05-06T07:28:03,2025-12-22T21:32:32,Destiny Myers
5a86e4dd-719d-43f4-a8e2-b38f8e4f088d,USER-00124,brownbrooke@example.org,Stephanie,Little,68,Other,001-911-392-692,Livingstonview,Seychelles,56466,mid-range,1880.89,465.53,USD,medium,fair,True,apple_pay|paypal|credit_card|affirm,credit_card,Fashion|Wine|Electronics,low,False,13483,113,12236.85,2023-10-22T07:53:20,2026-01-03T05:44:53,Stephanie Little
efd20975-fb50-445f-bb66-fcfc679046f4,USER-00125,kimberlyramirez@example.org,Patrick,Cook,56,Other,8444271739,Rodriguezside,Seychelles,57026,mid-range,2118.19,352.24,USD,medium,good,True,paypal|debit_card,paypal,Sports|Wine|Fashion|Electronics,low,True,12231,118,35348.95,2022-11-30T01:12:25,2026-01-20T13:15:07,Patrick Cook
45462b9a-25b5-4618-9c25-c9dfb7b03af5,USER-00126,gainesjennifer@example.org,Austin,Jones,46,Other,001-247-907-200,Grahamland,Mauritius,30103,luxury,15875.29,2711.57,USD,high,fair,False,google_pay|apple_pay|affirm,affirm,Food|Fashion|Sports,medium,False,11906,123,1910.63,2021-01-30T19:44:38,2026-01-09T09:48:56,Austin Jones
895e2e20-c78b-41e9-9b0d-0012c93e0983,USER-00127,imartinez@example.com,Mathew,Turner,39,Other,4152851743,Guerreroport,Qatar,51632,premium,3287.52,1148.7,USD,high,fair,True,debit_card|paypal,paypal,Healthcare|Food|Sports|Wine,medium,True,9510,127,65834.57,2021-12-18T06:19:47,2026-01-08T04:29:56,Mathew Turner
ce9291af-28c0-4f35-a107-013a26e95d05,USER-00128,omiller@example.com,Jill,Taylor,34,Female,909.937.6184,North Matthewmouth,Solomon Islands,95005,budget,456.02,97.41,USD,low,fair,False,credit_card|paypal|debit_card|affirm,debit_card,Healthcare|Electronics|Wine|Furniture,low,True,1655,28,7186.69,2021-06-02T13:36:44,2026-01-10T10:22:49,Jill Taylor
cb1747ef-fe54-4d4a-8a4f-ff2be9f2a09f,USER-00129,lewisdesiree@example.net,Stephen,Gregory,22,Female,+1-929-231-0270,Lake Deborah,American Samoa,23078,premium,3703.25,1241.95,USD,high,excellent,False,klarna|debit_card|google_pay|affirm|paypal,klarna,Sports|Healthcare,medium,True,13825,43,44397.51,2021-06-24T18:16:02,2026-01-05T16:00:12,Stephen Gregory
7ee16d64-1acf-404c-9ac9-11bfc2a38a22,USER-00130,bryantgeorge@example.net,Caleb,Roth,39,Male,879-793-1365,Lake Barbaraberg,Gibraltar,28449,mid-range,2321.81,445.42,USD,medium,excellent,True,google_pay|credit_card|debit_card,debit_card,Food|Sports|Fashion,medium,False,1363,80,51139.79,2021-06-11T04:18:31,2026-01-19T12:55:25,Caleb Roth
c0a064ad-148d-4cbb-91ea-9699f9886e07,USER-00131,matthewmartinez@example.org,Katherine,Jackson,35,Male,(282)973-9021x9,North Adrianland,Romania,85927,luxury,8255.03,1312.96,USD,high,excellent,True,apple_pay|affirm|google_pay,google_pay,Fashion|Sports,medium,False,1730,133,61805.13,2023-06-21T01:41:13,2026-01-10T22:51:48,Katherine Jackson
b76e3959-12b2-4459-98f2-e39d9b357b3f,USER-00132,nschwartz@example.org,Danielle,Mills,53,Other,(532)590-9279x1,New Tiffanystad,Tokelau,71243,premium,4892.78,1215.12,USD,high,excellent,True,google_pay|apple_pay|klarna|affirm,google_pay,Sports|Healthcare|Electronics|Wine,medium,False,10638,69,43763.99,2025-05-16T10:06:40,2026-01-01T09:24:16,Danielle Mills
a4466370-681b-4a97-bf78-91d5858fb363,USER-00133,qtownsend@example.org,Joshua,Lee,34,Male,(577)822-0054,Matthewmouth,Aruba,14187,mid-range,2140.05,403.13,USD,medium,good,True,credit_card|debit_card|klarna,credit_card,Electronics|Fashion|Food,high,False,3619,125,41315.8,2021-07-02T12:34:30,2026-01-16T19:59:59,Joshua Lee
aaf7b4ab-215e-48d7-8ec7-6cb82d30079d,USER-00134,ericjohnson@example.net,Darren,Jacobson,60,Other,001-579-895-635,South Patricia,Barbados,62234,mid-range,2871.92,758.87,USD,medium,fair,True,klarna|credit_card|affirm|apple_pay|google_pay,apple_pay,Food|Furniture,low,False,1926,22,446.88,2026-01-12T08:46:12,2026-01-14T06:18:19,Darren Jacobson
68862e64-cc4a-4c0c-aaeb-6e029cea972a,USER-00135,zamoradustin@example.net,Spencer,Hughes,67,Female,(273)654-3520,North Melissa,Kuwait,55318,premium,4395.86,1515.73,USD,high,good,True,credit_card|paypal|debit_card|google_pay|apple_pay,apple_pay,Healthcare|Food|Electronics,medium,False,4097,66,18000.26,2022-07-06T10:49:29,2026-01-07T10:13:28,Spencer Hughes
0689a2e4-cb9e-4267-97b3-4c91e3d03314,USER-00136,oliviamunoz@example.net,Stephanie,Whitehead,27,Female,001-983-916-873,Alexischester,Saint Pierre and Miquelon,32830,budget,564.94,194.07,USD,low,good,False,credit_card|paypal,credit_card,Sports|Fashion|Food|Healthcare,low,True,12547,24,69483.53,2023-03-01T12:46:52,2026-01-06T15:15:24,Stephanie Whitehead
1dd57aed-79f3-4f1c-a79e-74414ea65b8e,USER-00137,lriley@example.org,Robin,Villanueva,44,Other,(300)278-0686x7,Dodsonberg,Guinea-Bissau,39270,mid-range,1762.05,299.0,USD,medium,good,False,google_pay|klarna,google_pay,Furniture|Fashion|Sports|Electronics,high,False,10009,37,52035.33,2023-02-02T06:54:48,2025-12-26T03:38:13,Robin Villanueva
519cc39b-53f7-4ae2-9cf6-e0e43f9ebe0d,USER-00138,castillokevin@example.net,Stephen,Hudson,61,Male,001-207-372-625,Barrymouth,Marshall Islands,04788,mid-range,2093.34,409.4,USD,medium,fair,False,credit_card|affirm|klarna|debit_card|google_pay,debit_card,Fashion|Electronics|Furniture|Wine,low,True,7419,19,11923.58,2023-07-31T00:28:53,2026-01-11T10:08:29,Stephen Hudson
dbfc72c7-d799-4e99-8fe4-e764ef77f2da,USER-00139,helen98@example.net,Laura,French,40,Female,795-908-5016,West Michaelside,Romania,09283,premium,4138.91,1189.26,USD,high,good,False,google_pay|debit_card,google_pay,Healthcare|Sports,high,True,1764,23,62746.86,2025-10-28T18:17:31,2025-12-31T16:26:12,Laura French
7a3e4906-5ec9-49ce-8de7-1b5049cd0c80,USER-00140,tinaallen@example.org,Deborah,Mclaughlin,65,Other,001-993-935-548,South Jenniferside,United Arab Emirates,38808,premium,4732.36,1471.13,USD,high,fair,True,credit_card|klarna|apple_pay|affirm|paypal,credit_card,Food|Healthcare|Electronics|Furniture,low,True,9591,61,31209.62,2024-11-24T19:04:49,2026-01-08T14:51:01,Deborah Mclaughlin
e9b0fffa-c934-47c6-b262-07a9968bb827,USER-00141,lopeznicole@example.org,Christopher,Hurst,66,Other,811-424-1272x38,Reedmouth,Saint Pierre and Miquelon,85001,budget,889.45,240.11,USD,low,good,False,apple_pay|affirm|debit_card|credit_card|paypal,credit_card,Fashion|Electronics|Sports,high,True,1315,79,1946.78,2021-03-28T06:57:56,2026-01-04T21:34:16,Christopher Hurst
1b9c37cb-42f1-48ae-ab4e-1b71728b6055,USER-00142,bryanwiggins@example.org,Mary,Stone,63,Other,669-455-7988x77,Jeremystad,France,06703,luxury,18650.15,6141.54,USD,high,fair,True,google_pay|apple_pay|debit_card|klarna|credit_card,klarna,Sports|Furniture|Food,low,False,345,33,74991.82,2022-04-26T10:02:14,2026-01-07T21:20:42,Mary Stone
aeae805e-036b-4b43-9ccb-87d9a8d6004d,USER-00143,stephen29@example.org,Jennifer,Mitchell,39,Female,(922)631-0592,Jackside,Russian Federation,05047,mid-range,1051.05,242.92,USD,medium,excellent,False,paypal|klarna|debit_card|affirm|credit_card,paypal,Wine|Electronics,low,True,13086,50,19886.15,2023-10-02T06:10:09,2026-01-07T10:32:24,Jennifer Mitchell
88e32e3d-207f-4fb1-8485-7024bfb1eddd,USER-00144,nathanfernandez@example.org,Amanda,Martinez,32,Other,7676275208,Kempshire,Papua New Guinea,19779,premium,5037.0,1643.04,USD,high,good,True,google_pay|klarna|debit_card|apple_pay|paypal,debit_card,Sports|Furniture|Wine|Fashion,low,False,5683,88,59748.53,2025-11-11T15:50:44,2026-01-12T05:01:11,Amanda Martinez
6ce4b080-bbc5-4842-90b4-901c744bfb2f,USER-00145,hannah70@example.org,Erica,Wilson,18,Female,5695375150,Jamesland,Mauritania,58888,budget,460.85,157.8,USD,low,fair,False,debit_card|paypal|affirm,debit_card,Healthcare|Wine|Food|Sports,high,False,4013,102,2544.76,2021-10-19T00:25:33,2026-01-15T14:12:18,Erica Wilson
fc3121c7-2c34-48ea-9bfb-55c0e379cc72,USER-00146,ulee@example.net,Cassie,Harding,18,Other,+1-356-526-5650,Figueroachester,Spain,58500,premium,3338.39,801.57,USD,high,fair,True,paypal|debit_card,paypal,Healthcare|Electronics,low,False,4961,100,38571.52,2023-07-06T07:14:30,2025-12-29T16:45:32,Cassie Harding
7f299b0a-1435-4230-9e3d-61218c19aeca,USER-00147,achandler@example.org,Mary,Harper,61,Other,(334)278-5196,Fowlerview,Israel,23424,mid-range,2523.23,556.36,USD,medium,good,True,klarna|debit_card|paypal,klarna,Wine|Furniture|Food|Electronics,low,False,12241,82,60632.5,2025-10-13T09:36:49,2026-01-13T04:20:17,Mary Harper
37024cef-6026-42d3-9787-7b6f363fe001,USER-00148,jamescollier@example.com,Angela,Williams,45,Male,394-678-7300x24,Whitebury,Antarctica (the territory Sout,16145,premium,4802.35,962.49,USD,high,good,False,credit_card|affirm|paypal|debit_card|apple_pay,affirm,Electronics|Food,low,True,8865,101,51091.53,2023-05-31T19:55:46,2026-01-14T16:22:28,Angela Williams
a59f47c6-3d8d-490f-9a82-d52afc3b29e9,USER-00149,georgemichael@example.com,Ariana,Oneill,25,Male,+1-971-458-9042,Frankview,Guyana,55487,mid-range,2427.06,527.57,USD,medium,excellent,True,klarna|paypal,klarna,Food|Fashion|Electronics,low,False,10500,38,2571.85,2024-01-31T13:14:41,2025-12-24T02:41:11,Ariana Oneill
ef15958d-355e-4b21-b35b-c9be9be5b9c9,USER-00150,kelly18@example.org,Katie,White,63,Female,392-785-5445,North Derrick,Finland,49392,budget,846.96,175.31,USD,low,fair,False,apple_pay|klarna|credit_card|debit_card|affirm,affirm,Sports|Electronics|Furniture|Wine,high,True,4811,56,21824.81,2025-03-07T01:49:16,2026-01-10T17:56:16,Katie White
c801d523-d1c8-44eb-84fd-165a76b696de,USER-00151,samantha21@example.org,Eric,Walker,23,Male,389.388.8167,North Timothy,Georgia,91078,mid-range,2322.47,384.99,USD,medium,fair,False,affirm|debit_card|paypal|klarna|credit_card,paypal,Healthcare|Wine|Electronics,low,False,8656,13,46052.32,2024-02-21T00:12:04,2025-12-28T11:53:32,Eric Walker
d24d6052-58b5-43ca-9924-e1b0c416887c,USER-00152,mpreston@example.net,Kathryn,Peterson,49,Female,001-340-813-223,North Andrewfort,Saudi Arabia,57025,premium,5801.35,1809.04,USD,high,excellent,True,affirm|debit_card|credit_card,affirm,Wine|Food|Sports,low,False,7190,138,37260.59,2021-06-01T15:25:20,2025-12-31T06:41:41,Kathryn Peterson
957642d9-82da-438e-ace1-af2e19c0d306,USER-00153,johnsondonna@example.net,Brian,Wilson,26,Male,701-240-1193x93,East Meghanview,Yemen,76490,budget,382.33,78.77,USD,low,excellent,False,affirm|google_pay|apple_pay|debit_card,affirm,Food|Fashion,high,False,1916,47,24640.31,2024-01-06T05:42:06,2026-01-07T20:16:33,Brian Wilson
04d92e7c-69b0-4aad-92d0-c7d59517c2aa,USER-00154,melissanorman@example.net,John,Hudson,31,Female,290-383-3428,New Melissa,Lebanon,48534,luxury,13869.31,3977.42,USD,high,good,True,google_pay|paypal|affirm,paypal,Electronics|Fashion|Furniture,medium,True,34,73,10381.52,2022-08-18T17:06:28,2026-01-12T02:10:38,John Hudson
a744f662-d808-4dcd-a868-0b5f81b8bcd6,USER-00155,whitemichael@example.com,Roger,Palmer,26,Male,(715)917-1827x5,South Justinport,Poland,58691,budget,891.35,167.72,USD,low,good,True,debit_card|apple_pay|paypal,apple_pay,Healthcare|Fashion,high,False,4788,71,24401.33,2022-12-23T07:28:22,2026-01-17T15:17:17,Roger Palmer
c5d86bdd-a182-4fff-ab34-ed2a00b446b8,USER-00156,broberts@example.org,Melissa,Jacobson,61,Female,852.307.1678x11,North Michael,Congo,44886,budget,538.54,165.85,USD,low,excellent,False,affirm|debit_card|credit_card,affirm,Healthcare|Sports|Wine,high,True,12440,148,32791.78,2022-10-04T17:51:28,2026-01-19T15:06:32,Melissa Jacobson
19234431-074a-41ce-826c-621024da0e88,USER-00157,bmartinez@example.net,Victor,Hubbard,25,Female,001-399-346-579,Tracybury,Niue,18144,mid-range,2447.63,755.45,USD,medium,excellent,False,paypal|debit_card|affirm|klarna,debit_card,Food|Healthcare|Electronics,high,True,9323,43,26275.63,2021-04-22T21:28:32,2025-12-26T13:58:32,Victor Hubbard
359910c0-d36b-49c1-89cc-800dfe4a4611,USER-00158,greertyrone@example.org,Teresa,Reyes,29,Male,+1-952-649-9118,Lisaside,Mayotte,02817,budget,634.6,123.22,USD,low,excellent,False,credit_card|apple_pay,apple_pay,Sports|Food|Electronics|Wine,high,False,8843,119,51144.46,2021-04-28T17:17:09,2026-01-11T15:23:21,Teresa Reyes
1947d288-fffb-4c1a-b832-f18ef021023d,USER-00159,reyesleonard@example.com,Scott,Johnson,21,Male,(984)327-6246,Kellerside,Montserrat,62081,premium,3556.5,966.94,USD,high,excellent,True,affirm|apple_pay|debit_card|credit_card|klarna,credit_card,Electronics|Fashion|Food|Wine,medium,False,14789,42,25708.99,2025-02-07T03:37:47,2026-01-18T01:00:16,Scott Johnson
9470372f-56a0-4343-8bb0-3620252ba45c,USER-00160,williammyers@example.com,Brittany,Gray,69,Other,+1-854-350-0902,Reedstad,Isle of Man,46542,mid-range,1266.8,204.9,USD,medium,fair,True,apple_pay|klarna|affirm|credit_card|google_pay,affirm,Sports|Fashion,medium,True,1883,63,24889.64,2021-07-14T22:17:24,2026-01-02T14:28:36,Brittany Gray
5a2c34d0-e762-428f-963e-2579d758930f,USER-00161,jimmycollins@example.org,Renee,Jones,46,Male,615-220-8507x69,Chapmanmouth,Honduras,75258,mid-range,1215.42,351.73,USD,medium,fair,True,apple_pay|affirm|credit_card|debit_card|paypal,paypal,Healthcare|Electronics|Wine,medium,True,5707,131,8541.44,2024-05-17T04:03:56,2026-01-06T09:34:39,Renee Jones
0b254ddf-ffd0-43a3-b80c-c05d95eafbc2,USER-00162,stokescraig@example.net,Jamie,Crawford,65,Female,001-252-694-563,Ballardland,Saint Barthelemy,76285,mid-range,2237.9,528.52,USD,medium,fair,False,apple_pay|credit_card|affirm|debit_card,apple_pay,Fashion|Electronics|Food|Furniture,low,True,9852,33,14661.51,2021-11-10T20:58:46,2026-01-19T11:30:06,Jamie Crawford
eecb41f7-d7a6-49f8-be18-2ea8fdb45141,USER-00163,joshua98@example.com,Ronald,Reed,58,Male,848-646-8536,Powersside,Cocos (Keeling) Islands,02939,budget,422.6,142.31,USD,low,fair,False,apple_pay|google_pay|paypal,apple_pay,Food|Healthcare|Sports,medium,False,2800,46,17425.38,2025-06-12T09:35:21,2025-12-30T19:15:47,Ronald Reed
68a9c729-c814-4349-add1-474c503632c3,USER-00164,vlewis@example.com,Joseph,Little,44,Female,+1-869-808-3572,Michelleland,North Macedonia,27181,mid-range,1916.03,415.14,USD,medium,good,False,apple_pay|google_pay,google_pay,Healthcare|Sports|Food|Fashion,low,False,12487,145,50880.39,2024-07-24T22:45:51,2026-01-03T16:55:51,Joseph Little
6008e616-472d-4517-9172-66b839a57a11,USER-00165,debbie49@example.org,Richard,Wilson,58,Other,203.547.7866,West Derek,Eritrea,36909,premium,7355.77,2515.96,USD,high,good,True,affirm|credit_card|debit_card|paypal,credit_card,Sports|Furniture|Electronics,low,False,3450,9,1560.89,2025-09-27T12:45:13,2025-12-30T06:58:01,Richard Wilson
0fbe9fcf-4e78-4b27-b238-fa90fac259d3,USER-00166,stuarttodd@example.org,Brian,Mosley,27,Male,694-916-5162x31,East Carolmouth,Greenland,77089,mid-range,1917.55,523.79,USD,medium,excellent,False,google_pay|affirm|apple_pay|klarna,apple_pay,Electronics|Food,low,True,13121,133,26107.86,2024-05-16T01:57:30,2026-01-02T04:49:02,Brian Mosley
c14d9123-b9c1-4dc0-9e36-b4226b7d2f2a,USER-00167,grobinson@example.org,Jason,Hill,47,Male,(449)707-8515x8,Baldwinport,Angola,85094,budget,910.39,154.45,USD,low,excellent,False,affirm|debit_card|credit_card,affirm,Healthcare|Wine|Furniture|Fashion,high,True,1466,122,34511.12,2021-05-08T16:42:30,2025-12-24T09:37:38,Jason Hill
531cc79e-dc83-4672-b6d2-89401690eeb1,USER-00168,johnnycruz@example.net,Susan,Cox,43,Other,+1-418-937-6064,Natashachester,Somalia,04941,premium,4420.47,767.94,USD,high,good,True,apple_pay|credit_card,apple_pay,Wine|Fashion|Furniture|Sports,high,False,9973,24,869.36,2023-05-21T22:46:24,2025-12-25T15:14:46,Susan Cox
1f0df3a1-4578-423f-a7c7-587f4d441aee,USER-00169,aruiz@example.com,Jennifer,Mcdowell,28,Other,724-981-5698,Port Brettburgh,Norfolk Island,58618,mid-range,2557.96,443.0,USD,medium,fair,False,paypal|credit_card|google_pay,google_pay,Furniture|Sports|Food|Wine,low,False,9930,115,67393.77,2022-03-19T08:54:04,2025-12-21T21:30:46,Jennifer Mcdowell
ee4a1b30-caf3-4093-8050-076a989fc7e9,USER-00170,tgonzalez@example.com,Barbara,Rodriguez,64,Male,682.496.5772,Laurenborough,Belize,54829,budget,456.87,151.46,USD,low,excellent,False,debit_card|google_pay|credit_card|apple_pay,google_pay,Food|Fashion|Furniture,low,True,14232,7,65671.07,2024-03-07T15:20:23,2025-12-30T13:50:44,Barbara Rodriguez
bfc902b5-47db-4df1-b55d-c08ee6ab4780,USER-00171,kwalter@example.org,Andrew,Johnson,56,Female,+1-893-817-3420,Edwardstad,Chile,74850,budget,509.94,160.15,USD,low,good,True,debit_card|apple_pay,apple_pay,Furniture|Food|Healthcare|Wine,medium,False,13579,103,73402.44,2022-01-20T03:25:07,2025-12-22T10:22:28,Andrew Johnson
25c1da25-b6c8-455b-99f3-a4725624e031,USER-00172,dayala@example.net,Troy,Walker,26,Other,534.647.6263,South Henry,Somalia,19630,premium,7428.88,1811.95,USD,high,fair,True,debit_card|klarna,klarna,Wine|Furniture,low,False,898,121,52033.52,2021-04-19T22:36:31,2026-01-04T20:01:43,Troy Walker
d0252656-31e4-4a33-9691-2204bbb9642f,USER-00173,joe73@example.com,Brandi,Holland,31,Other,607-325-6366,New Brianmouth,Venezuela,31282,mid-range,1678.5,441.85,USD,medium,good,False,klarna|paypal|google_pay,klarna,Sports|Healthcare,high,False,12577,82,38926.71,2025-01-22T16:23:44,2026-01-07T22:43:14,Brandi Holland
941eb730-ccb9-419f-87ea-dec1d1c19ed6,USER-00174,smithwilliam@example.com,Kevin,Foster,46,Other,(428)309-2428x7,Jenniferchester,Cambodia,34632,mid-range,2208.92,534.54,USD,medium,fair,True,debit_card|google_pay|affirm,google_pay,Furniture|Healthcare|Sports,high,True,14133,126,72910.2,2022-01-18T13:30:17,2026-01-05T22:54:53,Kevin Foster
205551cf-d7bf-4a9e-b604-4b28cd769083,USER-00175,goodvictor@example.com,Julie,Howe,40,Female,249-548-5625x72,North Jerry,Argentina,62137,mid-range,1931.33,588.1,USD,medium,excellent,False,paypal|debit_card|affirm|google_pay,paypal,Food|Furniture|Electronics,medium,True,13199,114,29347.92,2023-04-09T00:50:05,2025-12-29T16:29:05,Julie Howe
7869b828-b66d-4ad3-b6a6-410285783289,USER-00176,fgraham@example.org,Scott,Zhang,61,Female,+1-577-671-2151,Port Gary,Malawi,36256,budget,750.31,217.28,USD,low,excellent,True,paypal|klarna|apple_pay|debit_card|affirm,apple_pay,Wine|Fashion|Sports|Furniture,high,False,9916,147,59057.05,2025-11-05T11:53:54,2026-01-19T04:17:35,Scott Zhang
f1fb80bc-33f1-402c-bb86-654a1a1b66e6,USER-00177,brandybonilla@example.net,Katie,White,40,Female,737-315-0416,Ericland,Kuwait,93261,premium,4854.15,1063.64,USD,high,excellent,True,debit_card|paypal|affirm,paypal,Healthcare|Food,medium,True,2720,9,4487.68,2025-02-19T09:43:07,2026-01-12T18:56:32,Katie White
7ca71ad9-d9ac-45e1-aff2-2637b152f239,USER-00178,brooke05@example.org,Diana,Tapia,27,Female,692-430-4501x89,Port Michelle,Benin,03189,luxury,11027.69,3838.93,USD,high,fair,True,google_pay|debit_card,google_pay,Healthcare|Food|Sports|Furniture,high,False,4752,50,1262.86,2022-10-29T11:20:32,2025-12-29T15:46:08,Diana Tapia
29e05045-757e-4695-96b4-a6e807a4f7c8,USER-00179,schan@example.net,Karen,Valdez,32,Male,747-564-9251,Griffinfurt,Lebanon,35691,budget,826.68,200.81,USD,low,excellent,True,paypal|affirm|debit_card,debit_card,Furniture|Fashion|Electronics|Wine,medium,True,9807,96,29487.48,2025-11-04T21:42:28,2026-01-19T21:22:37,Karen Valdez
e8a92f6f-e440-4cce-9fcf-6a7f712686c4,USER-00180,bdavis@example.com,Christina,Hamilton,61,Female,(810)385-7327x8,Evansberg,Poland,39876,luxury,19483.26,6316.01,USD,high,good,True,credit_card|klarna|affirm|paypal,credit_card,Healthcare|Fashion,high,False,1447,26,57761.46,2023-03-04T02:04:43,2026-01-16T03:22:33,Christina Hamilton
903984e2-9d60-47bd-a708-16b7d4d22935,USER-00181,dphillips@example.net,Charles,Williams,59,Female,686-361-7945,North Joymouth,Christmas Island,24383,premium,5051.64,1271.19,USD,high,fair,False,debit_card|paypal|apple_pay|credit_card,paypal,Furniture|Electronics|Fashion|Wine,high,True,10217,123,19660.47,2024-05-25T10:09:09,2025-12-23T22:39:34,Charles Williams
69da89a7-1c24-4284-910a-1ec1c94779cf,USER-00182,butlerjanet@example.com,Brenda,Gibson,39,Female,+1-279-245-2321,Wilsonburgh,Palau,63038,budget,853.23,168.75,USD,low,good,False,debit_card|google_pay|klarna,google_pay,Electronics|Healthcare|Wine|Furniture,low,False,9409,98,58629.47,2024-12-20T05:22:15,2026-01-10T09:53:43,Brenda Gibson
9ad33ec7-d1ab-4ca0-acab-03ec256d3bfa,USER-00183,nturner@example.com,Hannah,Mccarty,36,Male,+1-464-512-2031,Wilkinsonside,Comoros,11785,budget,685.36,179.18,USD,low,good,True,credit_card|klarna|google_pay|debit_card|affirm,google_pay,Healthcare|Sports,medium,True,9126,29,49219.95,2023-08-13T11:11:31,2026-01-13T05:51:33,Hannah Mccarty
fa48e88a-6452-4332-bd47-ef65efb65367,USER-00184,thomasjohnson@example.org,Rachel,Rodgers,29,Male,777.207.9334x96,Lake Melaniechester,Israel,65473,mid-range,2176.61,601.87,USD,medium,excellent,False,debit_card|google_pay|paypal|apple_pay|affirm,affirm,Electronics|Furniture|Healthcare|Wine,low,True,9435,98,63441.74,2025-12-23T09:14:27,2026-01-19T16:07:58,Rachel Rodgers
4cf1f0f8-b466-4223-99b4-4223c3658947,USER-00185,benjamin67@example.net,Brittany,Carr,52,Female,+1-373-908-0695,Shanechester,Angola,21647,budget,490.71,98.01,USD,low,excellent,True,klarna|google_pay|paypal|debit_card|credit_card,debit_card,Fashion|Wine,medium,False,5112,1,58223.5,2023-07-04T08:46:11,2025-12-31T01:51:36,Brittany Carr
b71dd047-2cca-4bbe-89fa-deb181edb775,USER-00186,ocooper@example.net,Jeffrey,Stout,70,Other,997-424-6657x29,East Eric,Liechtenstein,13726,budget,381.06,121.72,USD,low,fair,False,affirm|paypal|klarna|credit_card|google_pay,affirm,Food|Wine,medium,False,5469,52,23254.17,2024-08-04T23:10:17,2026-01-14T17:09:39,Jeffrey Stout
9d274d72-0b18-47a0-b2e9-48bda044d18d,USER-00187,jimmy80@example.org,Michael,Green,23,Other,+1-922-680-1561,Kristenton,Sierra Leone,73511,mid-range,2887.87,723.38,USD,medium,good,True,affirm|google_pay|klarna|debit_card|credit_card,debit_card,Electronics|Food|Furniture,high,False,8059,79,54866.64,2023-05-01T14:43:16,2025-12-29T02:03:54,Michael Green
331bcf57-1d75-404f-99db-9ff518867b14,USER-00188,mccarthysara@example.com,Lauren,Estes,52,Male,001-411-699-180,Gillfort,Saint Martin,13515,mid-range,2095.42,662.63,USD,medium,good,False,apple_pay|klarna|paypal,apple_pay,Furniture|Sports,high,False,5136,135,53320.3,2022-05-14T22:15:10,2026-01-08T09:42:49,Lauren Estes
2c74b8d2-aa3f-4bb8-ba03-6704cda0b198,USER-00189,lori13@example.com,Tara,Hammond,65,Other,7378548214,Crystalbury,Canada,99225,premium,5982.61,1268.42,USD,high,excellent,True,google_pay|paypal|apple_pay|affirm,affirm,Fashion|Furniture|Healthcare,medium,False,1872,122,10440.14,2025-07-24T02:42:59,2026-01-11T05:16:17,Tara Hammond
851867b0-99dd-4efc-8ea7-c3cdcbf48b4d,USER-00190,devinpatterson@example.com,Rachael,Crane,20,Female,250.872.0811x55,Lake Sandraberg,United Kingdom,75809,budget,353.7,58.09,USD,low,good,True,apple_pay|credit_card|paypal,apple_pay,Fashion|Sports|Electronics,low,False,2866,58,50503.23,2021-07-19T03:44:33,2026-01-15T23:30:54,Rachael Crane
bb3428df-acd6-4661-a3d7-c28037ca4402,USER-00191,robert84@example.net,Julia,Blankenship,70,Other,9487926738,Roweport,Belize,05346,mid-range,1140.77,224.61,USD,medium,fair,False,debit_card|apple_pay|credit_card|paypal,debit_card,Healthcare|Wine|Sports|Fashion,medium,False,14617,90,38084.66,2025-08-17T07:04:31,2026-01-06T23:38:31,Julia Blankenship
3bbbc7e7-8a14-4089-b96c-58a65f939396,USER-00192,vhardy@example.org,Abigail,Fernandez,27,Other,218.684.8520,Port Kim,Saint Kitts and Nevis,55911,budget,747.5,154.57,USD,low,fair,True,paypal|klarna|apple_pay,paypal,Electronics|Sports|Food|Furniture,medium,False,14286,143,43488.38,2025-05-09T09:08:00,2025-12-27T02:36:12,Abigail Fernandez
842309f7-0f5e-428c-823c-c2354ccdf29b,USER-00193,skinnerjordan@example.net,Michael,Williams,65,Female,+1-517-749-0753,Justinshire,Peru,18847,luxury,9090.69,2396.98,USD,high,good,False,affirm|credit_card,affirm,Wine|Fashion,medium,False,13628,52,50374.94,2024-04-07T21:55:37,2026-01-15T23:23:05,Michael Williams
cfd75c3a-b675-451c-8248-20d8871a7d6a,USER-00194,danielblack@example.org,Mackenzie,Ward,68,Other,926-561-1062,Millerhaven,Iraq,77602,mid-range,1880.89,465.53,USD,medium,fair,True,apple_pay|paypal|credit_card|affirm,credit_card,Fashion|Wine|Electronics,low,False,13483,113,12236.85,2025-10-23T04:50:17,2026-01-15T22:32:39,Mackenzie Ward
3691ac34-d6de-4023-b0a4-31a544a01810,USER-00195,lwiggins@example.com,Dana,Barajas,56,Other,001-376-522-827,Kennedyburgh,Western Sahara,73773,mid-range,2118.19,352.24,USD,medium,good,True,paypal|debit_card,paypal,Sports|Wine|Fashion|Electronics,low,True,12231,118,35348.95,2024-03-13T00:31:25,2025-12-27T12:18:06,Dana Barajas
72bffc6e-97ab-4e0e-9f08-23336762b9b2,USER-00196,xrodriguez@example.net,Keith,Mills,46,Other,454-854-4702,West Pamelaborough,Cocos (Keeling) Islands,97449,luxury,15875.29,2711.57,USD,high,fair,False,google_pay|apple_pay|affirm,affirm,Food|Fashion|Sports,medium,False,11906,123,1910.63,2025-03-19T04:13:34,2025-12-21T20:21:34,Keith Mills
c9efa50f-e616-4e3a-a3f4-0d535a3b2f52,USER-00197,kelleycarlos@example.org,Robert,Berry,39,Other,001-975-967-922,Hernandezmouth,Benin,82390,premium,3287.52,1148.7,USD,high,fair,True,debit_card|paypal,paypal,Healthcare|Food|Sports|Wine,medium,True,9510,127,65834.57,2024-07-16T05:13:53,2026-01-09T13:05:27,Robert Berry
c9fcb7b9-2b34-4cbf-b29c-e59d0db420d1,USER-00198,rachelmorgan@example.org,Susan,Wu,34,Female,001-241-520-948,Shawtown,British Indian Ocean Territory,86779,budget,456.02,97.41,USD,low,fair,False,credit_card|paypal|debit_card|affirm,debit_card,Healthcare|Electronics|Wine|Furniture,low,True,1655,28,7186.69,2025-07-30T23:26:37,2025-12-30T11:20:44,Susan Wu
5e33106b-d8c3-4253-9c37-3a63e71de9fb,USER-00199,hilljamie@example.net,Mary,Riley,22,Female,789-856-9070,South Andrew,Marshall Islands,42100,premium,3703.25,1241.95,USD,high,excellent,False,klarna|debit_card|google_pay|affirm|paypal,klarna,Sports|Healthcare,medium,True,13825,43,44397.51,2024-04-21T09:55:58,2026-01-03T05:33:47,Mary Riley
8fd14539-1dac-42fc-aaae-6adfa47ee808,USER-00200,wilsoncory@example.org,Justin,White,39,Male,001-312-746-209,South Patricia,Eritrea,49720,mid-range,2321.81,445.42,USD,medium,excellent,True,google_pay|credit_card|debit_card,debit_card,Food|Sports|Fashion,medium,False,1363,80,51139.79,2022-01-31T09:01:40,2025-12-24T06:22:18,Justin White
7413e754-d002-44c7-94a7-55c87f929ccd,USER-00201,johnharper@example.org,Trevor,Goodwin,35,Male,(214)605-7861x7,East Kathrynberg,Gabon,74982,luxury,8255.03,1312.96,USD,high,excellent,True,apple_pay|affirm|google_pay,google_pay,Fashion|Sports,medium,False,1730,133,61805.13,2024-07-07T06:18:12,2026-01-12T09:32:11,Trevor Goodwin
dccfa064-f4f0-4a19-98e7-59b73314263f,USER-00202,mathisvincent@example.org,Nathaniel,Galloway,53,Other,686.487.0079,North Sarahfort,Faroe Islands,78864,premium,4892.78,1215.12,USD,high,excellent,True,google_pay|apple_pay|klarna|affirm,google_pay,Sports|Healthcare|Electronics|Wine,medium,False,10638,69,43763.99,2023-03-11T00:45:57,2026-01-09T04:50:25,Nathaniel Galloway
22c69202-40bc-48ea-a69e-d7582b4a74b1,USER-00203,megan39@example.net,Juan,Martin,34,Male,+1-691-841-6128,New William,Spain,42221,mid-range,2140.05,403.13,USD,medium,good,True,credit_card|debit_card|klarna,credit_card,Electronics|Fashion|Food,high,False,3619,125,41315.8,2023-12-21T01:51:56,2026-01-03T10:26:11,Juan Martin
be6ed6b2-3448-40db-ae9b-b01fb937ebe6,USER-00204,qnelson@example.com,Matthew,Stevens,60,Other,+1-950-820-9700,Port Nancyland,Mauritania,04557,mid-range,2871.92,758.87,USD,medium,fair,True,klarna|credit_card|affirm|apple_pay|google_pay,apple_pay,Food|Furniture,low,False,1926,22,446.88,2024-11-03T15:54:55,2025-12-27T17:43:08,Matthew Stevens
eca5922e-8caf-41c0-ba12-d17bb4602218,USER-00205,teresa69@example.com,Paul,Combs,67,Female,001-501-375-370,Lindseybury,Djibouti,65225,premium,4395.86,1515.73,USD,high,good,True,credit_card|paypal|debit_card|google_pay|apple_pay,apple_pay,Healthcare|Food|Electronics,medium,False,4097,66,18000.26,2024-02-22T08:18:37,2025-12-23T12:47:59,Paul Combs
16ae9cda-60a5-4659-9791-72545fc40601,USER-00206,trevor93@example.org,James,Nicholson,27,Female,(314)498-7283x9,East Jordanshire,Togo,30380,budget,564.94,194.07,USD,low,good,False,credit_card|paypal,credit_card,Sports|Fashion|Food|Healthcare,low,True,12547,24,69483.53,2025-07-03T16:47:52,2026-01-04T01:32:40,James Nicholson
3a39cd1d-9a78-4970-bd9c-3953ed05a56c,USER-00207,melaniejohnson@example.net,Erica,Mendez,44,Other,+1-787-206-0566,North Joshua,Italy,70285,mid-range,1762.05,299.0,USD,medium,good,False,google_pay|klarna,google_pay,Furniture|Fashion|Sports|Electronics,high,False,10009,37,52035.33,2024-11-15T02:40:07,2026-01-06T02:22:40,Erica Mendez
994d0858-25db-43ab-a2ef-69483c456a8c,USER-00208,myersmatthew@example.net,Lindsey,Mooney,61,Male,361.233.2541,Reynoldstown,Nauru,82591,mid-range,2093.34,409.4,USD,medium,fair,False,credit_card|affirm|klarna|debit_card|google_pay,debit_card,Fashion|Electronics|Furniture|Wine,low,True,7419,19,11923.58,2023-11-25T04:31:58,2026-01-02T21:40:39,Lindsey Mooney
08ab73bd-7067-4c52-bd37-bb65e7cd3fd0,USER-00209,danielallen@example.com,Marissa,Underwood,40,Female,731.399.7179x11,North Samantha,Kenya,07682,premium,4138.91,1189.26,USD,high,good,False,google_pay|debit_card,google_pay,Healthcare|Sports,high,True,1764,23,62746.86,2023-08-15T04:26:31,2026-01-20T09:29:29,Marissa Underwood
e151df27-aedf-4e2d-a75e-99c7230a3cc3,USER-00210,rjones@example.org,Anita,Phillips,65,Other,(361)796-3990x7,South Zacharyshire,Congo,14657,premium,4732.36,1471.13,USD,high,fair,True,credit_card|klarna|apple_pay|affirm|paypal,credit_card,Food|Healthcare|Electronics|Furniture,low,True,9591,61,31209.62,2021-12-05T14:13:31,2025-12-22T08:14:48,Anita Phillips
968b0eae-f6e4-4901-baeb-b58be0a13e0e,USER-00211,watkinsmary@example.net,David,Hicks,66,Other,(867)797-2320x0,Brandyside,Singapore,19588,budget,889.45,240.11,USD,low,good,False,apple_pay|affirm|debit_card|credit_card|paypal,credit_card,Fashion|Electronics|Sports,high,True,1315,79,1946.78,2022-04-23T12:44:44,2026-01-13T12:57:51,David Hicks
542573fb-d74d-44ec-ad0a-e3e3cb175c55,USER-00212,carrie45@example.org,Zachary,Sandoval,63,Other,(503)588-0653,West Jaimefort,Puerto Rico,91181,luxury,18650.15,6141.54,USD,high,fair,True,google_pay|apple_pay|debit_card|klarna|credit_card,klarna,Sports|Furniture|Food,low,False,345,33,74991.82,2025-01-11T17:10:39,2026-01-19T20:42:11,Zachary Sandoval
753a5d53-8841-4ede-b301-d819473ea1df,USER-00213,melissa95@example.net,Kevin,Murphy,39,Female,570-573-0337,Navarromouth,Sri Lanka,97504,mid-range,1051.05,242.92,USD,medium,excellent,False,paypal|klarna|debit_card|affirm|credit_card,paypal,Wine|Electronics,low,True,13086,50,19886.15,2024-04-02T11:08:42,2025-12-31T17:08:25,Kevin Murphy
f4509ee6-cbe9-4b8c-896f-dc4e4b030173,USER-00214,alopez@example.com,Alejandro,Howard,32,Other,+1-212-547-3950,West Grant,Turks and Caicos Islands,34841,premium,5037.0,1643.04,USD,high,good,True,google_pay|klarna|debit_card|apple_pay|paypal,debit_card,Sports|Furniture|Wine|Fashion,low,False,5683,88,59748.53,2022-07-16T00:43:30,2026-01-07T05:50:43,Alejandro Howard
89b40e8b-3a77-40f6-8a3b-bcf5c1f4b24b,USER-00215,gregorysmith@example.com,Renee,Smith,18,Female,+1-826-315-3473,East Nicoleberg,South Africa,25357,budget,460.85,157.8,USD,low,fair,False,debit_card|paypal|affirm,debit_card,Healthcare|Wine|Food|Sports,high,False,4013,102,2544.76,2022-09-08T01:55:21,2026-01-16T14:24:02,Renee Smith
6e4a7ccf-a66a-43d8-bfe3-36f900e8fd9d,USER-00216,ubenson@example.net,Russell,Fields,18,Other,2996384253,Port William,Myanmar,64593,premium,3338.39,801.57,USD,high,fair,True,paypal|debit_card,paypal,Healthcare|Electronics,low,False,4961,100,38571.52,2022-11-01T15:00:48,2025-12-25T16:46:34,Russell Fields
00b2000f-2351-4abd-a32f-e1febc1b2c07,USER-00217,ngibbs@example.org,Gary,Hughes,61,Other,+1-685-878-7255,East Jeffreyborough,Korea,31222,mid-range,2523.23,556.36,USD,medium,good,True,klarna|debit_card|paypal,klarna,Wine|Furniture|Food|Electronics,low,False,12241,82,60632.5,2024-06-03T13:34:16,2026-01-01T08:36:34,Gary Hughes
7bdf41d1-fbd2-43d4-9699-e8e6f6a09cb2,USER-00218,ronald69@example.org,Selena,Brooks,45,Male,+1-212-914-7853,Ronaldmouth,Jersey,54103,premium,4802.35,962.49,USD,high,good,False,credit_card|affirm|paypal|debit_card|apple_pay,affirm,Electronics|Food,low,True,8865,101,51091.53,2024-03-07T08:48:21,2026-01-14T21:36:32,Selena Brooks
9ed7b75a-226b-4ecd-89fa-4232ac52ffed,USER-00219,joshua02@example.com,Jesus,Brewer,25,Male,(714)288-8143x1,West James,Greenland,33272,mid-range,2427.06,527.57,USD,medium,excellent,True,klarna|paypal,klarna,Food|Fashion|Electronics,low,False,10500,38,2571.85,2023-08-19T01:14:21,2026-01-04T01:42:13,Jesus Brewer
f60dc019-958b-44bb-8639-9b54ea8bc5dd,USER-00220,janicebolton@example.net,Jodi,Gaines,63,Female,4448566907,East Jennifer,Cote d'Ivoire,62686,budget,846.96,175.31,USD,low,fair,False,apple_pay|klarna|credit_card|debit_card|affirm,affirm,Sports|Electronics|Furniture|Wine,high,True,4811,56,21824.81,2023-01-16T16:47:36,2026-01-15T18:54:34,Jodi Gaines
3453746d-f6f5-4630-a42f-b2dbb06f75e0,USER-00221,dsharp@example.com,Latoya,Edwards,23,Male,466.437.7805,Sherrytown,Luxembourg,86857,mid-range,2322.47,384.99,USD,medium,fair,False,affirm|debit_card|paypal|klarna|credit_card,paypal,Healthcare|Wine|Electronics,low,False,8656,13,46052.32,2024-01-27T10:40:41,2026-01-07T05:51:03,Latoya Edwards
7f39399a-2c6f-494a-9db2-d07087662160,USER-00222,robertjennings@example.com,Kathryn,Vaughn,49,Female,859-809-0225x99,South Bryce,Hungary,25186,premium,5801.35,1809.04,USD,high,excellent,True,affirm|debit_card|credit_card,affirm,Wine|Food|Sports,low,False,7190,138,37260.59,2025-02-03T15:07:03,2025-12-27T00:30:08,Kathryn Vaughn
5d3480da-1941-4368-ba8e-487fb77333e1,USER-00223,ashley74@example.org,George,Leonard,26,Male,(609)570-2316,West Donna,Bangladesh,60094,budget,382.33,78.77,USD,low,excellent,False,affirm|google_pay|apple_pay|debit_card,affirm,Food|Fashion,high,False,1916,47,24640.31,2021-07-18T01:08:57,2026-01-08T15:26:25,George Leonard
b076ceec-70f9-459c-8a5b-999c540cdbf7,USER-00224,jacksonmichele@example.com,Peter,Mayo,31,Female,(686)871-6323,Mooreshire,Wallis and Futuna,41174,luxury,13869.31,3977.42,USD,high,good,True,google_pay|paypal|affirm,paypal,Electronics|Fashion|Furniture,medium,True,34,73,10381.52,2026-01-19T19:42:17,2025-12-31T14:24:35,Peter Mayo
7288f461-82c5-499b-bdc0-52ee47ff15f2,USER-00225,ahill@example.org,Sean,Summers,26,Male,+1-938-759-7779,Peterburgh,Israel,33155,budget,891.35,167.72,USD,low,good,True,debit_card|apple_pay|paypal,apple_pay,Healthcare|Fashion,high,False,4788,71,24401.33,2022-08-01T11:26:36,2026-01-20T17:38:40,Sean Summers
32f3f22a-6b76-4dbc-b273-911ea30f7c1b,USER-00226,qellis@example.org,Holly,Davis,61,Female,001-303-724-841,Port Danielmouth,Ireland,59606,budget,538.54,165.85,USD,low,excellent,False,affirm|debit_card|credit_card,affirm,Healthcare|Sports|Wine,high,True,12440,148,32791.78,2022-06-16T16:25:27,2026-01-03T00:25:26,Holly Davis
8cb57d15-54ff-44d6-83ad-d76bcadb616c,USER-00227,williammurray@example.org,Danielle,Lowe,25,Female,965.963.6004x12,Jonesside,Palestinian Territory,32258,mid-range,2447.63,755.45,USD,medium,excellent,False,paypal|debit_card|affirm|klarna,debit_card,Food|Healthcare|Electronics,high,True,9323,43,26275.63,2024-10-11T12:10:14,2025-12-28T13:20:21,Danielle Lowe
8e074f50-3339-42cd-838c-a9f72378ad16,USER-00228,khoover@example.org,Mary,Lawson,29,Male,(441)986-2104,Gregoryton,Uganda,88980,budget,634.6,123.22,USD,low,excellent,False,credit_card|apple_pay,apple_pay,Sports|Food|Electronics|Wine,high,False,8843,119,51144.46,2025-08-01T08:12:18,2026-01-01T05:46:54,Mary Lawson
e6c25d63-14f2-49cd-a716-353252643d18,USER-00229,ohorton@example.net,Danielle,Moran,21,Male,564-570-9006,Reginaborough,Bermuda,02603,premium,3556.5,966.94,USD,high,excellent,True,affirm|apple_pay|debit_card|credit_card|klarna,credit_card,Electronics|Fashion|Food|Wine,medium,False,14789,42,25708.99,2024-08-22T16:04:23,2025-12-23T02:29:12,Danielle Moran
83cf49df-57f3-4075-bf14-9af18c083a70,USER-00230,rogersjames@example.net,Bryan,Benjamin,69,Other,522-506-8155,Mcmillanville,Djibouti,28521,mid-range,1266.8,204.9,USD,medium,fair,True,apple_pay|klarna|affirm|credit_card|google_pay,affirm,Sports|Fashion,medium,True,1883,63,24889.64,2021-12-15T12:30:39,2026-01-08T01:22:15,Bryan Benjamin
d7ed8156-7543-4ead-a282-016467b25278,USER-00231,glenn65@example.org,Paul,Ellis,46,Male,949-350-1364,West Susan,Netherlands Antilles,43014,mid-range,1215.42,351.73,USD,medium,fair,True,apple_pay|affirm|credit_card|debit_card|paypal,paypal,Healthcare|Electronics|Wine,medium,True,5707,131,8541.44,2024-05-11T18:40:06,2025-12-28T04:48:20,Paul Ellis
3cc82838-261f-4aa4-80bf-92fb7307d8ef,USER-00232,gregory57@example.org,Matthew,Franklin,65,Female,001-276-383-890,Joelchester,Saudi Arabia,32423,mid-range,2237.9,528.52,USD,medium,fair,False,apple_pay|credit_card|affirm|debit_card,apple_pay,Fashion|Electronics|Food|Furniture,low,True,9852,33,14661.51,2021-09-24T04:51:01,2025-12-24T15:44:41,Matthew Franklin
8da749b7-c0af-487a-a700-fd71c50c20d8,USER-00233,nicholasphillips@example.org,Nicholas,May,58,Male,897.652.4508,East Melaniemouth,Guam,32253,budget,422.6,142.31,USD,low,fair,False,apple_pay|google_pay|paypal,apple_pay,Food|Healthcare|Sports,medium,False,2800,46,17425.38,2022-10-21T23:59:22,2026-01-16T22:16:23,Nicholas May
f66d9937-7ffe-4026-a9bf-5dbd2456fca4,USER-00234,knoxelizabeth@example.org,Laurie,Horton,44,Female,996.385.2701,North Cynthia,Cambodia,27268,mid-range,1916.03,415.14,USD,medium,good,False,apple_pay|google_pay,google_pay,Healthcare|Sports|Food|Fashion,low,False,12487,145,50880.39,2022-02-14T15:38:10,2025-12-26T04:50:12,Laurie Horton
9aba757c-09c8-460c-92c5-36b15d654716,USER-00235,brittanyguerra@example.org,Joel,Miller,58,Other,001-974-523-362,Michellefort,Belgium,47632,premium,7355.77,2515.96,USD,high,good,True,affirm|credit_card|debit_card|paypal,credit_card,Sports|Furniture|Electronics,low,False,3450,9,1560.89,2024-06-10T20:23:22,2026-01-09T02:00:07,Joel Miller
c9cdbbb3-2e75-440c-b0e7-3dca93ca2e14,USER-00236,thomashenderson@example.net,Jessica,Wolf,27,Male,906.661.4982x82,Campbellside,New Caledonia,63526,mid-range,1917.55,523.79,USD,medium,excellent,False,google_pay|affirm|apple_pay|klarna,apple_pay,Electronics|Food,low,True,13121,133,26107.86,2021-09-01T01:20:19,2026-01-06T22:10:31,Jessica Wolf
bfef1d32-5aa4-40b6-8d63-bcdb0cd0f912,USER-00237,jennifergonzalez@example.org,Adam,Hensley,47,Male,001-257-366-656,Frederickburgh,Congo,57687,budget,910.39,154.45,USD,low,excellent,False,affirm|debit_card|credit_card,affirm,Healthcare|Wine|Furniture|Fashion,high,True,1466,122,34511.12,2023-03-24T14:34:35,2026-01-07T16:03:10,Adam Hensley
c8289ba4-772c-46e7-9593-596acaa0b365,USER-00238,xreid@example.net,Brian,Cruz,43,Other,(433)270-5024x9,Port Christopherfurt,Indonesia,93046,premium,4420.47,767.94,USD,high,good,True,apple_pay|credit_card,apple_pay,Wine|Fashion|Furniture|Sports,high,False,9973,24,869.36,2026-01-15T16:25:07,2025-12-25T15:32:31,Brian Cruz
be2a3873-8306-4216-941c-161d4f808bbb,USER-00239,nancymartin@example.com,Johnny,Turner,28,Other,+1-469-646-1195,Lake Raymond,Gambia,01342,mid-range,2557.96,443.0,USD,medium,fair,False,paypal|credit_card|google_pay,google_pay,Furniture|Sports|Food|Wine,low,False,9930,115,67393.77,2022-06-27T17:50:45,2026-01-14T14:49:42,Johnny Turner
aa09e705-3391-4d5c-92b5-afc646e08bdc,USER-00240,daviskim@example.com,Alicia,Pena,64,Male,001-562-425-223,North Karen,Sudan,25651,budget,456.87,151.46,USD,low,excellent,False,debit_card|google_pay|credit_card|apple_pay,google_pay,Food|Fashion|Furniture,low,True,14232,7,65671.07,2023-04-06T07:48:35,2026-01-10T14:12:25,Alicia Pena
09cb2168-828d-4083-9fbc-450dea860b21,USER-00241,nsims@example.org,Miranda,Martin,56,Female,216-214-1509x37,Karentown,Papua New Guinea,76843,budget,509.94,160.15,USD,low,good,True,debit_card|apple_pay,apple_pay,Furniture|Food|Healthcare|Wine,medium,False,13579,103,73402.44,2021-05-30T14:23:19,2025-12-26T10:45:30,Miranda Martin
b9cae8ce-2b8d-44f5-b918-0bb7e7f6fdc1,USER-00242,alexasmith@example.net,Abigail,Hayden,26,Other,877-859-6555x53,West Morganville,Afghanistan,60390,premium,7428.88,1811.95,USD,high,fair,True,debit_card|klarna,klarna,Wine|Furniture,low,False,898,121,52033.52,2024-06-21T22:07:55,2025-12-28T11:42:59,Abigail Hayden
c1ba41ad-fbf6-4c2a-bc43-defa9e4dc8f8,USER-00243,guzmanmisty@example.com,Stephanie,Walton,31,Other,757.297.8630,Morganmouth,Philippines,58737,mid-range,1678.5,441.85,USD,medium,good,False,klarna|paypal|google_pay,klarna,Sports|Healthcare,high,False,12577,82,38926.71,2023-01-16T04:31:29,2026-01-20T04:51:34,Stephanie Walton
5b18c497-94a3-4967-a7ba-829c99bd7181,USER-00244,nross@example.org,Michael,Crosby,46,Other,316.649.3289x80,Jacksonmouth,Zimbabwe,15663,mid-range,2208.92,534.54,USD,medium,fair,True,debit_card|google_pay|affirm,google_pay,Furniture|Healthcare|Sports,high,True,14133,126,72910.2,2025-02-26T14:13:19,2026-01-16T23:51:11,Michael Crosby
7d97775a-8d85-4144-912f-4ca4c58b6120,USER-00245,johnjackson@example.net,Holly,Garcia,40,Female,001-902-356-434,Monicashire,Seychelles,79233,mid-range,1931.33,588.1,USD,medium,excellent,False,paypal|debit_card|affirm|google_pay,paypal,Food|Furniture|Electronics,medium,True,13199,114,29347.92,2021-08-09T11:03:08,2026-01-07T09:48:59,Holly Garcia
c8f2997a-df5d-42df-89c3-9e557988f270,USER-00246,vkent@example.net,Jessica,Valdez,61,Female,+1-363-734-1411,Lake Sheri,Montserrat,48701,budget,750.31,217.28,USD,low,excellent,True,paypal|klarna|apple_pay|debit_card|affirm,apple_pay,Wine|Fashion|Sports|Furniture,high,False,9916,147,59057.05,2022-02-20T10:03:50,2026-01-05T23:02:04,Jessica Valdez
8ca4cda7-d698-4282-9e57-71eebaeb368e,USER-00247,aray@example.com,Bryan,Nichols,40,Female,(965)752-8993x1,Port Sherri,Taiwan,29193,premium,4854.15,1063.64,USD,high,excellent,True,debit_card|paypal|affirm,paypal,Healthcare|Food,medium,True,2720,9,4487.68,2025-04-22T11:21:14,2026-01-12T20:57:24,Bryan Nichols
3c468f0f-d789-4fc4-81ed-6b0edb6f35ac,USER-00248,carolynthomas@example.net,Melinda,Carey,27,Female,5959481497,Janetfurt,Bahamas,44166,luxury,11027.69,3838.93,USD,high,fair,True,google_pay|debit_card,google_pay,Healthcare|Food|Sports|Furniture,high,False,4752,50,1262.86,2022-05-09T23:25:59,2025-12-31T23:18:41,Melinda Carey
153730ac-7ea5-4b1a-af80-37fe55ec257d,USER-00249,isabellawilliams@example.org,Melissa,Luna,32,Male,620-686-5675x66,Lake Melissa,India,13256,budget,826.68,200.81,USD,low,excellent,True,paypal|affirm|debit_card,debit_card,Furniture|Fashion|Electronics|Wine,medium,True,9807,96,29487.48,2022-03-03T05:47:31,2026-01-06T10:44:21,Melissa Luna
eba37b17-409c-4ae1-aab5-7836f2dd4fc3,USER-00250,hornjenna@example.com,Diamond,Ray,61,Female,874.823.3305x91,North Cody,Lebanon,24045,luxury,19483.26,6316.01,USD,high,good,True,credit_card|klarna|affirm|paypal,credit_card,Healthcare|Fashion,high,False,1447,26,57761.46,2021-07-02T13:44:03,2025-12-27T10:38:54,Diamond Ray
6a293e71-f2ec-4180-ac1d-1cd25fde5ed6,USER-00251,brittney26@example.org,Austin,Allen,59,Female,349.326.1764x75,South Darlenehaven,Czech Republic,03519,premium,5051.64,1271.19,USD,high,fair,False,debit_card|paypal|apple_pay|credit_card,paypal,Furniture|Electronics|Fashion|Wine,high,True,10217,123,19660.47,2026-01-17T19:52:24,2026-01-18T13:30:06,Austin Allen
88b4ce52-59fa-4bdd-a471-b7411ef54363,USER-00252,vhill@example.org,Laura,White,39,Female,964.392.1518x26,Port Karenville,Cocos (Keeling) Islands,79026,budget,853.23,168.75,USD,low,good,False,debit_card|google_pay|klarna,google_pay,Electronics|Healthcare|Wine|Furniture,low,False,9409,98,58629.47,2022-08-02T14:14:47,2025-12-22T00:07:56,Laura White
8fa953e4-b96c-4aad-bdf1-111f1abcfc85,USER-00253,hmcbride@example.org,David,Harris,36,Male,(718)440-1184,Rowlandtown,Egypt,39901,budget,685.36,179.18,USD,low,good,True,credit_card|klarna|google_pay|debit_card|affirm,google_pay,Healthcare|Sports,medium,True,9126,29,49219.95,2021-06-12T23:32:06,2026-01-15T23:07:28,David Harris
389f9c3e-659d-4d57-9fd6-99e48589c5ed,USER-00254,donna72@example.net,Tracy,Edwards,29,Male,(598)483-1030x3,New Michael,Brunei Darussalam,96066,mid-range,2176.61,601.87,USD,medium,excellent,False,debit_card|google_pay|paypal|apple_pay|affirm,affirm,Electronics|Furniture|Healthcare|Wine,low,True,9435,98,63441.74,2024-08-23T16:50:58,2025-12-25T08:33:53,Tracy Edwards
a6d4156f-3ce5-47e5-866a-ddf52fe01767,USER-00255,jorge26@example.com,Christopher,King,52,Female,(728)831-4359x8,Johnsonbury,Belarus,35906,budget,490.71,98.01,USD,low,excellent,True,klarna|google_pay|paypal|debit_card|credit_card,debit_card,Fashion|Wine,medium,False,5112,1,58223.5,2022-02-11T17:33:40,2026-01-16T13:08:13,Christopher King
70e9911e-7a75-47e0-a6a4-2d65bb825eef,USER-00256,suttonrichard@example.com,Danielle,Cox,70,Other,642-934-0163x61,New Michaelshire,Tonga,37462,budget,381.06,121.72,USD,low,fair,False,affirm|paypal|klarna|credit_card|google_pay,affirm,Food|Wine,medium,False,5469,52,23254.17,2025-09-30T03:05:57,2026-01-03T21:43:48,Danielle Cox
e43f608b-bb64-4a87-b142-5f81135083e3,USER-00257,mosleygeorge@example.com,Henry,Shaffer,23,Other,+1-888-696-7924,Lake Daniellestad,Russian Federation,33152,mid-range,2887.87,723.38,USD,medium,good,True,affirm|google_pay|klarna|debit_card|credit_card,debit_card,Electronics|Food|Furniture,high,False,8059,79,54866.64,2024-08-11T23:38:36,2026-01-12T23:17:22,Henry Shaffer
6e6808f5-b689-4eb7-8c4e-36279d2445e2,USER-00258,scottgomez@example.com,Wayne,Hill,52,Male,(283)341-4651x1,Angelafort,Sri Lanka,01902,mid-range,2095.42,662.63,USD,medium,good,False,apple_pay|klarna|paypal,apple_pay,Furniture|Sports,high,False,5136,135,53320.3,2024-08-29T19:38:22,2026-01-15T10:35:14,Wayne Hill
4f48451f-53a5-420a-90d6-926ea7cd70a5,USER-00259,timothyrobertson@example.net,Pamela,Wolfe,65,Other,(909)430-6853x8,East Charles,Taiwan,17975,premium,5982.61,1268.42,USD,high,excellent,True,google_pay|paypal|apple_pay|affirm,affirm,Fashion|Furniture|Healthcare,medium,False,1872,122,10440.14,2025-06-04T12:13:15,2026-01-07T21:32:38,Pamela Wolfe
a11daf01-f8b6-495d-8b71-efe17db5b13b,USER-00260,hendersonnicholas@example.com,Tara,Morgan,20,Female,+1-638-214-4744,Staffordfort,Azerbaijan,47129,budget,353.7,58.09,USD,low,good,True,apple_pay|credit_card|paypal,apple_pay,Fashion|Sports|Electronics,low,False,2866,58,50503.23,2021-02-07T20:24:06,2026-01-20T15:04:26,Tara Morgan
2f25ee20-9a10-429e-8880-483722d2843c,USER-00261,wmurphy@example.org,Adam,Zamora,70,Other,(465)801-6731,South Adamview,Czech Republic,62196,mid-range,1140.77,224.61,USD,medium,fair,False,debit_card|apple_pay|credit_card|paypal,debit_card,Healthcare|Wine|Sports|Fashion,medium,False,14617,90,38084.66,2024-06-01T21:13:13,2026-01-08T22:01:53,Adam Zamora
abe479fb-1a43-4afc-b98b-d65781c42cbb,USER-00262,michael28@example.com,Daniel,Gonzales,27,Other,422.856.0531x34,Mannington,Central African Republic,87821,budget,747.5,154.57,USD,low,fair,True,paypal|klarna|apple_pay,paypal,Electronics|Sports|Food|Furniture,medium,False,14286,143,43488.38,2022-09-30T19:02:33,2026-01-14T00:20:54,Daniel Gonzales
fa225bd8-7e3c-4abf-ab48-6b25b05cfed2,USER-00263,david78@example.com,Lauren,Klein,65,Female,268-762-1102x25,Braytown,Jordan,63440,luxury,9090.69,2396.98,USD,high,good,False,affirm|credit_card,affirm,Wine|Fashion,medium,False,13628,52,50374.94,2023-07-08T21:19:32,2026-01-04T10:44:36,Lauren Klein
65a209ba-c470-4117-a17d-4ef9486301f7,USER-00264,bmiller@example.org,Christina,Daniel,68,Other,(334)414-3637,Port Brittany,North Macedonia,19994,mid-range,1880.89,465.53,USD,medium,fair,True,apple_pay|paypal|credit_card|affirm,credit_card,Fashion|Wine|Electronics,low,False,13483,113,12236.85,2023-01-03T05:15:17,2025-12-27T14:16:36,Christina Daniel
b75bea0d-0ee4-4d50-9bbf-be53da42a459,USER-00265,richardhill@example.org,Sarah,Simmons,56,Other,+1-931-206-6843,Schneiderport,Bouvet Island (Bouvetoya),35791,mid-range,2118.19,352.24,USD,medium,good,True,paypal|debit_card,paypal,Sports|Wine|Fashion|Electronics,low,True,12231,118,35348.95,2024-02-24T03:19:55,2026-01-04T08:48:02,Sarah Simmons
8c1fa917-86c3-4bf6-b420-e27254809144,USER-00266,jennifer35@example.org,Hunter,Smith,46,Other,+1-653-347-4916,Lake Alexanderside,Sierra Leone,17580,luxury,15875.29,2711.57,USD,high,fair,False,google_pay|apple_pay|affirm,affirm,Food|Fashion|Sports,medium,False,11906,123,1910.63,2023-11-15T14:03:59,2026-01-08T06:01:20,Hunter Smith
0ca88f03-d734-45c5-9b22-e2655c824f57,USER-00267,julia98@example.net,Nathan,Santos,39,Other,596.511.2910,Schaeferland,Western Sahara,72142,premium,3287.52,1148.7,USD,high,fair,True,debit_card|paypal,paypal,Healthcare|Food|Sports|Wine,medium,True,9510,127,65834.57,2023-12-21T21:27:18,2026-01-05T09:10:29,Nathan Santos
1095137c-7829-4e84-a434-ee371ca31cfb,USER-00268,mmayo@example.net,Jennifer,Williams,34,Female,868.348.5571,Barneshaven,Somalia,03368,budget,456.02,97.41,USD,low,fair,False,credit_card|paypal|debit_card|affirm,debit_card,Healthcare|Electronics|Wine|Furniture,low,True,1655,28,7186.69,2022-06-23T04:42:53,2026-01-19T19:59:38,Jennifer Williams
ff53d993-249f-4801-9c12-0b51bb86474c,USER-00269,heather24@example.org,Stephanie,Brown,22,Female,001-836-878-812,Jamietown,Cayman Islands,75460,premium,3703.25,1241.95,USD,high,excellent,False,klarna|debit_card|google_pay|affirm|paypal,klarna,Sports|Healthcare,medium,True,13825,43,44397.51,2022-11-28T06:03:00,2026-01-19T11:47:26,Stephanie Brown
4d1260e4-de74-4e53-8484-fe064f81c7f4,USER-00270,suarezkrystal@example.com,William,Le,39,Male,643-244-8123x08,West Sara,Faroe Islands,07253,mid-range,2321.81,445.42,USD,medium,excellent,True,google_pay|credit_card|debit_card,debit_card,Food|Sports|Fashion,medium,False,1363,80,51139.79,2023-03-05T04:31:01,2025-12-31T22:33:54,William Le
7d35e761-47e3-4d0f-bf7a-5e971671029d,USER-00271,smithmichael@example.net,Teresa,Nguyen,35,Male,001-684-426-945,Teresaside,Palestinian Territory,76950,luxury,8255.03,1312.96,USD,high,excellent,True,apple_pay|affirm|google_pay,google_pay,Fashion|Sports,medium,False,1730,133,61805.13,2021-12-17T06:04:29,2026-01-09T06:58:10,Teresa Nguyen
982ffe73-e915-4898-a1ba-947617f79243,USER-00272,molly98@example.org,Lisa,Walker,53,Other,939-462-7365x27,Lopezburgh,Comoros,75167,premium,4892.78,1215.12,USD,high,excellent,True,google_pay|apple_pay|klarna|affirm,google_pay,Sports|Healthcare|Electronics|Wine,medium,False,10638,69,43763.99,2025-03-24T12:49:50,2025-12-30T12:07:06,Lisa Walker
493c8f3b-043a-4f20-b0de-ae904496ef31,USER-00273,andrew22@example.com,Grace,Lopez,34,Male,(216)337-6182,Cruzville,Sweden,02277,mid-range,2140.05,403.13,USD,medium,good,True,credit_card|debit_card|klarna,credit_card,Electronics|Fashion|Food,high,False,3619,125,41315.8,2021-06-05T10:37:24,2025-12-28T03:55:45,Grace Lopez
d7ac0c27-362c-45f9-bb26-7f679ec674dc,USER-00274,kaylaadams@example.net,Carol,Sparks,60,Other,9184513279,Martinberg,Ecuador,07824,mid-range,2871.92,758.87,USD,medium,fair,True,klarna|credit_card|affirm|apple_pay|google_pay,apple_pay,Food|Furniture,low,False,1926,22,446.88,2025-09-05T05:23:53,2026-01-03T17:32:20,Carol Sparks
cfe6bc20-27a4-4fb1-9aae-bca01bb28be2,USER-00275,smithbradley@example.net,Kenneth,Hunt,67,Female,(920)430-3662x5,East Cristianport,Guinea-Bissau,10500,premium,4395.86,1515.73,USD,high,good,True,credit_card|paypal|debit_card|google_pay|apple_pay,apple_pay,Healthcare|Food|Electronics,medium,False,4097,66,18000.26,2023-11-23T09:27:12,2025-12-27T11:49:05,Kenneth Hunt
11cd4c65-6726-4498-9ad7-8fe7ddff7c6c,USER-00276,sandra10@example.net,Edward,Patterson,27,Female,392-262-4945x14,Port Diana,Ghana,19870,budget,564.94,194.07,USD,low,good,False,credit_card|paypal,credit_card,Sports|Fashion|Food|Healthcare,low,True,12547,24,69483.53,2024-05-18T02:20:41,2026-01-12T10:22:02,Edward Patterson
fd20bc98-8e6e-409c-8583-b2ee56e372b7,USER-00277,hbriggs@example.net,Ronald,Acosta,44,Other,(815)922-6557,Guzmanmouth,Burundi,86216,mid-range,1762.05,299.0,USD,medium,good,False,google_pay|klarna,google_pay,Furniture|Fashion|Sports|Electronics,high,False,10009,37,52035.33,2023-02-23T13:22:05,2026-01-09T08:22:21,Ronald Acosta
4d8d9cf9-df06-4ff3-88b4-426fac92610b,USER-00278,idunn@example.net,Travis,Herrera,61,Male,561.796.8931,East Victoriatown,Guyana,73688,mid-range,2093.34,409.4,USD,medium,fair,False,credit_card|affirm|klarna|debit_card|google_pay,debit_card,Fashion|Electronics|Furniture|Wine,low,True,7419,19,11923.58,2025-01-31T23:38:21,2025-12-28T05:34:34,Travis Herrera
7d573498-ad94-4e9c-850c-fdb9804e6ff5,USER-00279,brownmichael@example.org,Kenneth,Thomas,40,Female,+1-863-233-0212,Watsonville,Panama,76733,premium,4138.91,1189.26,USD,high,good,False,google_pay|debit_card,google_pay,Healthcare|Sports,high,True,1764,23,62746.86,2021-09-06T17:50:28,2026-01-13T21:28:21,Kenneth Thomas
01b2f757-1066-4edb-80f9-eac68c65917f,USER-00280,anthonydiaz@example.org,John,Smith,65,Other,(422)272-8476x5,New Karenhaven,Central African Republic,01925,premium,4732.36,1471.13,USD,high,fair,True,credit_card|klarna|apple_pay|affirm|paypal,credit_card,Food|Healthcare|Electronics|Furniture,low,True,9591,61,31209.62,2024-06-05T02:09:40,2026-01-11T07:29:00,John Smith
8034efd7-a411-43d3-87fa-a446df279ff2,USER-00281,qspencer@example.net,Warren,Fletcher,66,Other,(324)918-6236x9,Edwardsfurt,Sweden,50369,budget,889.45,240.11,USD,low,good,False,apple_pay|affirm|debit_card|credit_card|paypal,credit_card,Fashion|Electronics|Sports,high,True,1315,79,1946.78,2022-06-16T15:19:29,2025-12-24T09:37:35,Warren Fletcher
f88f975a-3b85-48ab-80d5-f439d14e9e23,USER-00282,deborah34@example.org,Dan,Cox,63,Other,001-550-234-281,West Christopher,Montenegro,74530,luxury,18650.15,6141.54,USD,high,fair,True,google_pay|apple_pay|debit_card|klarna|credit_card,klarna,Sports|Furniture|Food,low,False,345,33,74991.82,2021-06-08T23:13:02,2026-01-18T02:44:00,Dan Cox
490c56dd-9102-419a-aa57-374cc57cd207,USER-00283,uwilliams@example.org,Sherry,Smith,39,Female,(346)483-5652x1,New Laurafort,Namibia,05404,mid-range,1051.05,242.92,USD,medium,excellent,False,paypal|klarna|debit_card|affirm|credit_card,paypal,Wine|Electronics,low,True,13086,50,19886.15,2023-07-10T21:59:55,2025-12-29T13:46:04,Sherry Smith
fb0b78f2-fd06-44a6-84e2-1503ff5f7e64,USER-00284,faithmiller@example.net,Christopher,Higgins,32,Other,422.788.9857,Michaelchester,Armenia,93924,premium,5037.0,1643.04,USD,high,good,True,google_pay|klarna|debit_card|apple_pay|paypal,debit_card,Sports|Furniture|Wine|Fashion,low,False,5683,88,59748.53,2024-05-08T21:14:09,2026-01-02T08:30:48,Christopher Higgins
635895fa-2895-4985-b814-1c93754019b5,USER-00285,wendylawson@example.org,Ashley,Gamble,18,Female,702-448-1717,Evanview,Morocco,48123,budget,460.85,157.8,USD,low,fair,False,debit_card|paypal|affirm,debit_card,Healthcare|Wine|Food|Sports,high,False,4013,102,2544.76,2024-01-23T10:11:34,2025-12-26T01:53:20,Ashley Gamble
ff8de244-6be4-46e0-a6e0-f064d2c58cd5,USER-00286,whitekelsey@example.com,Valerie,Good,18,Other,001-772-719-705,Christopherchester,Madagascar,59495,premium,3338.39,801.57,USD,high,fair,True,paypal|debit_card,paypal,Healthcare|Electronics,low,False,4961,100,38571.52,2023-04-17T02:57:46,2025-12-23T19:39:00,Valerie Good
f018e3b3-70d6-44cf-bccb-b108b0a72ce4,USER-00287,figueroajohn@example.net,Alan,Farrell,61,Other,962-396-1367x15,East Jessicafurt,Seychelles,57270,mid-range,2523.23,556.36,USD,medium,good,True,klarna|debit_card|paypal,klarna,Wine|Furniture|Food|Electronics,low,False,12241,82,60632.5,2022-10-02T06:45:54,2026-01-10T05:44:04,Alan Farrell
0df8756f-1c8e-475d-a6a2-b47cc59dc1b4,USER-00288,caleb59@example.com,Jason,Figueroa,45,Male,747-208-2723,Brownstad,Somalia,56876,premium,4802.35,962.49,USD,high,good,False,credit_card|affirm|paypal|debit_card|apple_pay,affirm,Electronics|Food,low,True,8865,101,51091.53,2025-01-30T09:06:38,2026-01-01T02:34:57,Jason Figueroa
bd159d70-8beb-427a-95b8-cc503dda4292,USER-00289,lewisandrew@example.net,Rodney,King,25,Male,(812)514-6147,Jackton,Bermuda,56669,mid-range,2427.06,527.57,USD,medium,excellent,True,klarna|paypal,klarna,Food|Fashion|Electronics,low,False,10500,38,2571.85,2023-12-19T03:55:31,2026-01-05T03:50:55,Rodney King
14514cf8-5c04-4581-86a6-c236ab2ae90f,USER-00290,jamesmcmahon@example.com,Thomas,Barker,63,Female,(365)496-0893,Elizabethmouth,American Samoa,20228,budget,846.96,175.31,USD,low,fair,False,apple_pay|klarna|credit_card|debit_card|affirm,affirm,Sports|Electronics|Furniture|Wine,high,True,4811,56,21824.81,2024-12-15T13:13:40,2025-12-28T21:45:49,Thomas Barker
a674ec0c-ef23-45cd-be5c-66cbe345c645,USER-00291,hlin@example.net,Richard,Meyer,23,Male,8724791033,Robinsonborough,Zambia,25556,mid-range,2322.47,384.99,USD,medium,fair,False,affirm|debit_card|paypal|klarna|credit_card,paypal,Healthcare|Wine|Electronics,low,False,8656,13,46052.32,2025-12-17T17:10:15,2025-12-22T10:40:22,Richard Meyer
6d6e4561-8d04-46c7-9b80-951118ea6dc6,USER-00292,lisa04@example.com,Wayne,Parrish,49,Female,001-477-966-558,Brooksside,Nepal,21820,premium,5801.35,1809.04,USD,high,excellent,True,affirm|debit_card|credit_card,affirm,Wine|Food|Sports,low,False,7190,138,37260.59,2025-09-02T20:27:46,2026-01-11T21:45:43,Wayne Parrish
bc259219-ec1d-40c3-ac90-aa1fdf8f5d46,USER-00293,qmitchell@example.net,Erin,Walters,26,Male,001-391-911-109,Lake Kellychester,Croatia,29714,budget,382.33,78.77,USD,low,excellent,False,affirm|google_pay|apple_pay|debit_card,affirm,Food|Fashion,high,False,1916,47,24640.31,2024-12-03T00:47:25,2026-01-17T12:34:33,Erin Walters
e4f2e040-6b9f-402f-8f09-a61ceb19e5e5,USER-00294,ewilson@example.org,Michael,Leon,31,Female,566.205.3844x44,Johnsontown,Cape Verde,49575,luxury,13869.31,3977.42,USD,high,good,True,google_pay|paypal|affirm,paypal,Electronics|Fashion|Furniture,medium,True,34,73,10381.52,2025-06-20T21:50:01,2026-01-19T20:55:00,Michael Leon
8faf4a42-fdf4-4ce5-ba66-242cd3d1e556,USER-00295,matthew96@example.org,Angela,Myers,26,Male,+1-860-596-2626,Lake Lauriehaven,British Indian Ocean Territory,83265,budget,891.35,167.72,USD,low,good,True,debit_card|apple_pay|paypal,apple_pay,Healthcare|Fashion,high,False,4788,71,24401.33,2025-12-18T00:25:39,2026-01-09T18:39:24,Angela Myers
54383f63-f415-49ee-9cff-903ba57c705c,USER-00296,mary25@example.org,Christopher,Johnson,61,Female,2924098196,Waltersstad,Colombia,31921,budget,538.54,165.85,USD,low,excellent,False,affirm|debit_card|credit_card,affirm,Healthcare|Sports|Wine,high,True,12440,148,32791.78,2022-12-10T12:23:50,2026-01-05T03:52:09,Christopher Johnson
89c626a2-b40f-4625-b9dc-b41f0c091cec,USER-00297,amandasanchez@example.com,Kaylee,Hopkins,25,Female,612-609-1179x11,North Chris,Tanzania,47870,mid-range,2447.63,755.45,USD,medium,excellent,False,paypal|debit_card|affirm|klarna,debit_card,Food|Healthcare|Electronics,high,True,9323,43,26275.63,2022-10-28T16:40:47,2026-01-09T17:14:40,Kaylee Hopkins
1a099c0f-d200-4752-a00e-70e6d2bf3111,USER-00298,henryandrew@example.org,Tommy,Garrett,29,Male,466.257.2240,West Victoriafort,Nicaragua,79143,budget,634.6,123.22,USD,low,excellent,False,credit_card|apple_pay,apple_pay,Sports|Food|Electronics|Wine,high,False,8843,119,51144.46,2025-09-14T09:50:19,2025-12-21T23:46:18,Tommy Garrett
b92dfc91-47e6-4e6f-bb51-62ddba7eb0f6,USER-00299,aimeescott@example.org,James,Johnson,21,Male,7884235130,North Jessica,Wallis and Futuna,17092,premium,3556.5,966.94,USD,high,excellent,True,affirm|apple_pay|debit_card|credit_card|klarna,credit_card,Electronics|Fashion|Food|Wine,medium,False,14789,42,25708.99,2023-05-01T22:07:32,2026-01-04T00:46:26,James Johnson
530c9ab4-42a8-4b49-a162-b20e66ea0d90,USER-00300,fgonzalez@example.com,Jean,Pearson,69,Other,676.486.3423x46,Lake Tony,Turks and Caicos Islands,58979,mid-range,1266.8,204.9,USD,medium,fair,True,apple_pay|klarna|affirm|credit_card|google_pay,affirm,Sports|Fashion,medium,True,1883,63,24889.64,2024-08-29T01:16:27,2026-01-19T16:42:14,Jean Pearson
