id,user_id,email,first_name,last_name,age,gender,phone,city,country,postal_code,budget_tier,total_budget,monthly_limit,currency,risk_tolerance,credit_score,prefers_installments,payment_methods,preferred_payment,preferred_sectors,price_sensitivity,eco_conscious,loyalty_points,total_orders,lifetime_value,created_at,last_login,full_name
d4ea149a-225b-4249-ba3e-8f2997e2d6df,USER-00001,davisdonna@example.net,Amber,Smith,57,Male,001-368-865-086,West Thomas,Djibouti,11487,mid-range,1497.66,344.0,USD,medium,excellent,True,klarna|debit_card|affirm|paypal,affirm,Healthcare|Furniture|Fashion|Sports,low,False,7441,3,57969.46,2022-06-21T18:33:35.311791,2026-01-16T23:24:27.283797,Amber Smith
ffa187cf-1fda-4f7c-87cd-ff6a4526839d,USER-00002,ascott@example.net,Julia,Smith,53,Male,618.806.3565x12,Cherylfurt,Saudi Arabia,27199,luxury,8816.36,1903.09,USD,high,fair,True,klarna|debit_card|credit_card|affirm|apple_pay,credit_card,Wine|Sports|Furniture,high,True,10648,82,15935.33,2023-02-14T02:36:34.114487,2026-01-14T04:27:48.576770,Julia Smith
d46d6c03-46e6-4667-a251-fe2a34fba468,USER-00003,jwhite@example.net,Timothy,Hinton,61,Male,001-556-821-372,Laurenton,Central African Republic,51501,budget,704.4,209.29,USD,low,fair,True,credit_card|apple_pay|klarna|debit_card,apple_pay,Furniture|Electronics,medium,True,7244,41,65296.55,2025-11-16T23:14:39.257751,2025-12-21T19:56:42.321961,Timothy Hinton
c4aa3013-f914-4dd9-8a7f-9c4ea476cf53,USER-00004,morrowthomas@example.net,Ryan,Brown,19,Female,651.290.6698,Lake Troy,Algeria,26939,budget,833.64,237.99,USD,low,fair,False,klarna|debit_card,klarna,Sports|Food|Fashion|Healthcare,medium,False,10449,94,61198.7,2025-04-22T18:39:07.644925,2026-01-18T14:16:54.947360,Ryan Brown
4ee7dc22-3d3a-4b8d-a0a6-53dfd968ffe9,USER-00005,james98@example.net,Holly,Gilbert,19,Male,+1-205-330-2146,New Justinside,United States Virgin Islands,76907,budget,604.66,201.03,USD,low,good,False,credit_card|debit_card,debit_card,Food|Sports|Fashion,low,False,6400,108,39355.38,2022-10-18T03:54:55.601977,2026-01-19T13:42:10.627850,Holly Gilbert
b43c4510-00be-4548-9d99-3b9de5f10b45,USER-00006,jeremy37@example.com,Bailey,Green,43,Female,(981)881-8451x8,Carrillomouth,Singapore,60643,budget,463.09,82.17,USD,low,fair,True,apple_pay|affirm|credit_card|paypal,paypal,Sports|Food|Wine,low,False,245,71,60401.0,2024-06-18T04:46:42.126980,2026-01-17T13:37:58.748557,Bailey Green
da8b96ca-0291-4dca-bf6e-ea7f18bbe47a,USER-00007,olsonjonathan@example.com,Cynthia,Gamble,20,Other,+1-335-465-8804,Edwardsborough,Uganda,75698,mid-range,1089.39,343.86,USD,medium,fair,False,google_pay|paypal|affirm,google_pay,Wine|Sports|Electronics,medium,False,5490,110,26640.34,2022-05-26T20:35:27.723166,2026-01-19T02:03:39.138693,Cynthia Gamble
cc03f6f3-e526-4fc9-a72b-98fd4bbf0708,USER-00008,victorgonzalez@example.net,John,Baker,41,Male,933.295.2111,Port Timothymouth,Lithuania,75804,mid-range,1656.52,326.77,USD,medium,fair,True,klarna|debit_card|affirm|apple_pay,debit_card,Food|Wine,high,True,8846,66,71883.89,2025-05-26T00:23:16.575767,2026-01-05T09:30:56.471364,John Baker
c38e069f-fb3a-41f0-8c65-5857f72e5e00,USER-00009,raymond92@example.org,Alicia,Henderson,55,Other,+1-908-756-2718,North Emilyfurt,Mozambique,13706,premium,7266.75,1201.84,USD,high,excellent,True,klarna|debit_card|affirm,klarna,Sports|Food|Fashion|Healthcare,high,True,3799,140,63289.61,2022-09-06T18:47:51.649356,2026-01-09T01:20:09.825770,Alicia Henderson
b7b49dc1-ef04-44b1-b70a-d5794984f4e5,USER-00010,jacob43@example.com,Thomas,Austin,36,Male,(427)563-6556x4,Lake Josephbury,Moldova,57152,luxury,18039.72,3466.0,USD,high,fair,False,apple_pay|credit_card|debit_card|google_pay,apple_pay,Sports|Furniture|Electronics,low,True,6404,87,33554.13,2025-05-03T06:16:38.879753,2025-12-27T13:18:04.851043,Thomas Austin
bf927c02-548f-44b9-9e91-d0bb61da714f,USER-00011,thomassmith@example.com,Victor,Cowan,70,Other,+1-288-557-4489,Thomasville,Korea,98096,mid-range,2912.28,1018.19,USD,medium,fair,False,paypal|debit_card|credit_card|affirm,credit_card,Healthcare|Fashion|Sports|Food,medium,True,1660,102,39847.31,2022-09-23T14:54:48.944713,2026-01-01T12:01:42.558575,Victor Cowan
e1a1de69-a8c5-4f99-b119-24e35dc2a928,USER-00012,maurice61@example.com,Michelle,Mccarty,33,Other,999.982.4558,South Christinamouth,Norfolk Island,19486,budget,713.33,206.02,USD,low,excellent,False,klarna|affirm|google_pay|paypal|apple_pay,apple_pay,Sports|Healthcare|Fashion,medium,False,12406,28,23454.96,2025-05-25T01:58:59.996312,2026-01-09T21:21:14.051829,Michelle Mccarty
6ed09bb7-c879-4b23-a8c3-970a08465e37,USER-00013,robert99@example.com,Melinda,Jones,68,Other,(653)955-4496,Juliehaven,Korea,54763,mid-range,2318.21,689.97,USD,medium,fair,True,affirm|apple_pay|klarna,apple_pay,Food|Furniture,high,False,4947,58,29281.77,2021-11-22T00:40:45.546515,2026-01-16T07:10:06.101400,Melinda Jones
3230b0b7-c28c-4a66-899d-5486881b352a,USER-00014,jessicastanley@example.net,Jackie,Miller,67,Female,(861)311-7800,West Christineland,Palau,51598,premium,4395.86,1515.73,USD,high,good,True,credit_card|paypal|debit_card|google_pay|apple_pay,apple_pay,Furniture|Fashion|Wine,medium,False,4097,66,18000.26,2022-08-08T10:39:53.514406,2025-12-29T02:15:40.778065,Jackie Miller
b80353b2-e352-431a-86bc-3d96e83bc853,USER-00015,scott22@example.net,Mary,Johnson,50,Other,+1-955-877-8487,Reginafort,Mauritius,30271,premium,4212.33,1400.67,USD,high,good,False,klarna|google_pay,google_pay,Sports|Wine,high,True,12420,53,60628.66,2025-01-29T00:40:16.835547,2026-01-03T22:16:30.912054,Mary Johnson
4049449f-9328-4fda-b0e2-dc40cf8969f1,USER-00016,robert24@example.org,Aaron,Ochoa,22,Female,(254)878-0774,Carlatown,Mexico,49475,mid-range,2762.15,958.17,USD,medium,excellent,False,debit_card|apple_pay|affirm,affirm,Sports|Food|Electronics,low,True,10239,54,43195.9,2021-12-30T20:09:58.116325,2026-01-17T03:17:33.081527,Aaron Ochoa
f91914d3-aaaf-4bce-bcf2-81d63ce831d3,USER-00017,kfoster@example.net,Jillian,Price,20,Other,(534)316-3894x4,East Keith,Northern Mariana Islands,60183,mid-range,1802.17,367.91,USD,medium,excellent,False,apple_pay|affirm|google_pay|credit_card,apple_pay,Food|Furniture,low,False,10688,3,44197.18,2024-02-22T13:38:37.978487,2025-12-29T20:04:20.666131,Jillian Price
12cca2d1-d343-4856-814f-993aba05ce98,USER-00018,blopez@example.org,Brandon,Nichols,67,Female,(414)242-7031,Robinsonchester,Georgia,65826,premium,4395.86,1515.73,USD,high,good,True,credit_card|paypal|debit_card|google_pay|apple_pay,apple_pay,Furniture|Fashion|Wine,medium,False,4097,66,18000.26,2026-01-16T22:49:34.408070,2026-01-04T13:59:19.138991,Brandon Nichols
4be8f19b-41c2-45d4-9c6a-1ad0fce26db2,USER-00019,riveramegan@example.org,Brian,Rowe,50,Other,587-823-4601,Wrightton,Congo,60903,premium,4212.33,1400.67,USD,high,good,False,klarna|google_pay,google_pay,Sports|Wine,high,True,12420,53,60628.66,2024-09-24T07:36:50.732052,2025-12-24T11:47:14.107892,Brian Rowe
5b4dbc87-6a7d-4226-ac64-d3ed7653a70d,USER-00020,thomasmaldonado@example.com,Sharon,Moore,22,Female,001-508-881-474,Alexisview,Myanmar,16183,mid-range,2762.15,958.17,USD,medium,excellent,False,debit_card|apple_pay|affirm,affirm,Sports|Food|Electronics,low,True,10239,54,43195.9,2023-01-13T07:07:07.949605,2025-12-28T23:09:36.551766,Sharon Moore
5671a13d-f56f-4492-8a09-3cf054130cb5,USER-00021,perkinshannah@example.net,Caitlyn,Watson,20,Other,732-471-9500,East Tonymouth,Moldova,84996,mid-range,1802.17,367.91,USD,medium,excellent,False,apple_pay|affirm|google_pay|credit_card,apple_pay,Food|Furniture,low,False,10688,3,44197.18,2024-11-02T08:26:32.652046,2026-01-14T20:06:50.776112,Caitlyn Watson
caf82610-e54e-4981-87dd-43e6d13dd2a7,USER-00022,bquinn@example.net,Nicholas,Ramsey,67,Female,707-778-4873x92,Hillside,Central African Republic,09528,premium,4395.86,1515.73,USD,high,good,True,credit_card|paypal|debit_card|google_pay|apple_pay,apple_pay,Furniture|Fashion|Wine,medium,False,4097,66,18000.26,2023-09-17T10:25:31.738914,2026-01-04T03:41:32.845870,Nicholas Ramsey
48cc1847-7368-4c29-a87c-8005d166af65,USER-00023,amber70@example.net,William,Gross,50,Other,5959935186,New Justin,Ireland,84505,premium,4212.33,1400.67,USD,high,good,False,klarna|google_pay,google_pay,Sports|Wine,high,True,12420,53,60628.66,2022-08-31T13:14:51.584388,2025-12-24T13:26:25.322484,William Gross
27147fb5-225c-48d4-a30b-814533257f5d,USER-00024,williamssharon@example.org,Morgan,Harris,22,Female,531.309.6789x94,East Dianaland,Lao People's Democratic Republ,84245,mid-range,2762.15,958.17,USD,medium,excellent,False,debit_card|apple_pay|affirm,affirm,Sports|Food|Electronics,low,True,10239,54,43195.9,2021-05-11T07:44:57.158432,2026-01-07T09:54:36.553506,Morgan Harris
8b9f1a5d-777e-438b-a1ab-549904e0e2a4,USER-00025,yshort@example.net,Brian,Jensen,20,Other,501.441.3811x38,Reeseshire,Guinea-Bissau,88908,mid-range,1802.17,367.91,USD,medium,excellent,False,apple_pay|affirm|google_pay|credit_card,apple_pay,Food|Furniture,low,False,10688,3,44197.18,2023-05-08T04:29:09.595423,2026-01-10T15:06:37.183573,Brian Jensen
06a47a0a-304a-4a7c-befe-a4c61f2d2f2b,USER-00026,jacksonhenry@example.com,William,Sandoval,67,Female,+1-897-755-8556,New Amy,Honduras,72621,premium,4395.86,1515.73,USD,high,good,True,credit_card|paypal|debit_card|google_pay|apple_pay,apple_pay,Furniture|Fashion|Wine,medium,False,4097,66,18000.26,2025-09-07T19:11:51.960899,2025-12-29T07:04:48.017658,William Sandoval
9746759c-c2bf-42f1-87e6-5787a137e187,USER-00027,zwest@example.org,Jessica,Bird,50,Other,+1-408-324-0433,South Michaelberg,Estonia,48615,premium,4212.33,1400.67,USD,high,good,False,klarna|google_pay,google_pay,Sports|Wine,high,True,12420,53,60628.66,2025-07-03T02:30:10.804311,2025-12-29T04:01:58.100054,Jessica Bird
73b3dcb7-f0c7-472e-939e-82ec3e8062ce,USER-00028,lisa19@example.com,Ashley,Robinson,22,Female,257-827-9194,Port Brianmouth,Guernsey,57426,mid-range,2762.15,958.17,USD,medium,excellent,False,debit_card|apple_pay|affirm,affirm,Sports|Food|Electronics,low,True,10239,54,43195.9,2023-02-20T02:57:42.642849,2026-01-16T16:58:27.203298,Ashley Robinson
0417a844-72fa-46f6-9fc7-256a5023fafb,USER-00029,julieatkinson@example.org,Cynthia,Chen,20,Other,5484058925,Lake Jessicafurt,Kiribati,99177,mid-range,1802.17,367.91,USD,medium,excellent,False,apple_pay|affirm|google_pay|credit_card,apple_pay,Food|Furniture,low,False,10688,3,44197.18,2024-01-12T07:14:09.105170,2026-01-05T19:32:27.465122,Cynthia Chen
58196baf-8856-4b88-bc0e-31ab97ef2714,USER-00030,ryanhartman@example.org,David,Miller,67,Female,001-408-464-168,Hansenfort,Indonesia,85992,premium,4395.86,1515.73,USD,high,good,True,credit_card|paypal|debit_card|google_pay|apple_pay,apple_pay,Furniture|Fashion|Wine,medium,False,4097,66,18000.26,2023-11-29T20:02:43.806026,2026-01-07T12:10:35.444630,David Miller
eec1015c-99ab-4d47-b1aa-dd99952365b2,USER-00031,johnadams@example.com,Marcus,Glass,50,Other,216-665-5355,West Christina,Spain,58462,premium,4212.33,1400.67,USD,high,good,False,klarna|google_pay,google_pay,Sports|Wine,high,True,12420,53,60628.66,2024-03-03T12:37:50.755142,2026-01-03T21:16:10.195172,Marcus Glass
29512d66-ded2-47dd-9961-65a2578d6eb2,USER-00032,jamesbrooks@example.net,Melissa,Rodriguez,22,Female,9399240514,West Jasonside,Croatia,27213,mid-range,2762.15,958.17,USD,medium,excellent,False,debit_card|apple_pay|affirm,affirm,Sports|Food|Electronics,low,True,10239,54,43195.9,2023-10-15T08:25:33.964967,2026-01-13T04:23:29.545566,Melissa Rodriguez
ece564f6-0da9-43cd-9ddf-650cf791b556,USER-00033,jdean@example.net,Holly,Smith,20,Other,001-680-242-043,Penatown,Bangladesh,51441,mid-range,1802.17,367.91,USD,medium,excellent,False,apple_pay|affirm|google_pay|credit_card,apple_pay,Food|Furniture,low,False,10688,3,44197.18,2024-05-10T10:39:04.711997,2026-01-10T13:28:57.399787,Holly Smith
64891548-44fc-4af8-a7a3-03bd6a585e26,USER-00034,michelle04@example.net,Paul,Whitney,67,Female,515.679.8123x87,Tracyburgh,Andorra,45954,premium,4395.86,1515.73,USD,high,good,True,credit_card|paypal|debit_card|google_pay|apple_pay,apple_pay,Furniture|Fashion|Wine,medium,False,4097,66,18000.26,2024-06-23T03:50:49.727739,2026-01-01T08:00:29.121375,Paul Whitney
652970d9-0abd-477d-9412-005c5daa086a,USER-00035,joel84@example.org,Connie,Johns,50,Other,8845325621,Allenberg,Japan,41445,premium,4212.33,1400.67,USD,high,good,False,klarna|google_pay,google_pay,Sports|Wine,high,True,12420,53,60628.66,2025-08-08T19:54:03.470432,2025-12-31T13:13:15.041857,Connie Johns
8e2566f1-7ea3-47c7-8079-6859cf239d81,USER-00036,jamietaylor@example.net,Gabriella,Harris,22,Female,(348)326-2925,West Mary,Cameroon,95800,mid-range,2762.15,958.17,USD,medium,excellent,False,debit_card|apple_pay|affirm,affirm,Sports|Food|Electronics,low,True,10239,54,43195.9,2021-03-15T07:33:14.584106,2025-12-31T05:35:26.858794,Gabriella Harris
43d9a591-7b66-4823-8b3c-c236b2ec0b58,USER-00037,tali@example.com,Julie,Underwood,20,Other,+1-542-531-2209,Lake Anthony,Belgium,90697,mid-range,1802.17,367.91,USD,medium,excellent,False,apple_pay|affirm|google_pay|credit_card,apple_pay,Food|Furniture,low,False,10688,3,44197.18,2024-12-14T14:08:44.077895,2025-12-25T16:40:41.538559,Julie Underwood
8bbd9a8e-2170-499a-b518-ab0868db2d2d,USER-00038,xjoseph@example.org,Melissa,Henry,67,Female,(523)530-6046,North Gregory,Zimbabwe,58078,premium,4395.86,1515.73,USD,high,good,True,credit_card|paypal|debit_card|google_pay|apple_pay,apple_pay,Furniture|Fashion|Wine,medium,False,4097,66,18000.26,2025-05-23T00:30:57.987828,2026-01-05T08:53:40.992940,Melissa Henry
d5a9b689-3a7a-45be-83c8-765acd30b492,USER-00039,michelle36@example.com,Kimberly,Franklin,50,Other,(256)599-9880x8,Terrellton,Moldova,51278,premium,4212.33,1400.67,USD,high,good,False,klarna|google_pay,google_pay,Sports|Wine,high,True,12420,53,60628.66,2023-08-21T00:31:23.502088,2026-01-09T14:12:10.049616,Kimberly Franklin
57ad3ad7-15d7-4fe1-a354-ff98112ee052,USER-00040,leescott@example.com,Kim,Mitchell,22,Female,(364)390-8277,Port Brenda,Uganda,91742,mid-range,2762.15,958.17,USD,medium,excellent,False,debit_card|apple_pay|affirm,affirm,Sports|Food|Electronics,low,True,10239,54,43195.9,2023-10-15T07:40:34.380233,2026-01-02T11:08:37.924775,Kim Mitchell
744b80f6-6a53-4c87-9d76-c89d6f80691d,USER-00041,shannon27@example.net,Peggy,Huang,20,Other,814.452.1117x51,Pierceton,Seychelles,22899,mid-range,1802.17,367.91,USD,medium,excellent,False,apple_pay|affirm|google_pay|credit_card,apple_pay,Food|Furniture,low,False,10688,3,44197.18,2025-08-13T10:14:05.327282,2026-01-07T15:17:23.171509,Peggy Huang
31e34036-98de-42ab-8f41-cf90b50c5024,USER-00042,fernandothomas@example.net,Brett,Parker,67,Female,001-974-221-230,Youngshire,Palestinian Territory,62853,premium,4395.86,1515.73,USD,high,good,True,credit_card|paypal|debit_card|google_pay|apple_pay,apple_pay,Furniture|Fashion|Wine,medium,False,4097,66,18000.26,2023-04-29T02:07:35.068474,2026-01-03T22:17:09.937002,Brett Parker
cda9e604-6c88-4d75-b5e3-fe642053115e,USER-00043,sanchezamy@example.net,Courtney,Wilkins,50,Other,602.720.5020,North Danielburgh,Central African Republic,88593,premium,4212.33,1400.67,USD,high,good,False,klarna|google_pay,google_pay,Sports|Wine,high,True,12420,53,60628.66,2022-06-23T19:22:46.691193,2026-01-10T12:00:05.592172,Courtney Wilkins
36056f9a-474a-42da-a90d-321bbdbe7dc1,USER-00044,tammycurry@example.com,Sarah,Davis,22,Female,755-861-6814x72,Lake Jason,Azerbaijan,14827,mid-range,2762.15,958.17,USD,medium,excellent,False,debit_card|apple_pay|affirm,affirm,Sports|Food|Electronics,low,True,10239,54,43195.9,2023-11-29T21:38:25.959640,2026-01-20T01:16:04.059258,Sarah Davis
462562fe-3611-4503-be4a-52471be2f255,USER-00045,webbhaley@example.net,Justin,Lynch,20,Other,548-699-5299x78,North David,Lao People's Democratic Republ,82481,mid-range,1802.17,367.91,USD,medium,excellent,False,apple_pay|affirm|google_pay|credit_card,apple_pay,Food|Furniture,low,False,10688,3,44197.18,2025-01-14T11:07:39.812279,2026-01-12T19:06:47.029617,Justin Lynch
664bba95-8d19-4142-926d-6ac5b46ee16d,USER-00046,laurenduarte@example.com,Brandon,Bailey,67,Female,+1-330-734-4144,Randyshire,Nicaragua,04317,premium,4395.86,1515.73,USD,high,good,True,credit_card|paypal|debit_card|google_pay|apple_pay,apple_pay,Furniture|Fashion|Wine,medium,False,4097,66,18000.26,2025-03-19T22:43:49.385486,2025-12-27T11:49:37.383096,Brandon Bailey
b3606411-8944-4064-a763-98625d8d10cd,USER-00047,sandra77@example.org,Debbie,Olson,50,Other,+1-278-557-6084,Laurenstad,Bahrain,20070,premium,4212.33,1400.67,USD,high,good,False,klarna|google_pay,google_pay,Sports|Wine,high,True,12420,53,60628.66,2022-06-16T15:32:53.931110,2025-12-22T14:34:49.842874,Debbie Olson
e6d96ebc-1acf-4392-8f36-c6bb830dd545,USER-00048,ksims@example.net,Catherine,Lopez,22,Female,745-904-6173,Javierport,China,15211,mid-range,2762.15,958.17,USD,medium,excellent,False,debit_card|apple_pay|affirm,affirm,Sports|Food|Electronics,low,True,10239,54,43195.9,2022-12-04T20:44:30.430318,2025-12-22T19:03:36.933455,Catherine Lopez
0d01fb83-b5c3-403c-b413-eed3dd689f43,USER-00049,robinwallace@example.org,Lauren,Stein,20,Other,(435)578-4521,South Paulhaven,Brazil,01039,mid-range,1802.17,367.91,USD,medium,excellent,False,apple_pay|affirm|google_pay|credit_card,apple_pay,Food|Furniture,low,False,10688,3,44197.18,2022-08-11T09:15:29.765061,2025-12-22T23:50:14.665820,Lauren Stein
321790da-3228-4599-96f3-c8c92f98a9fe,USER-00050,cookpamela@example.org,Abigail,Hopkins,67,Female,309-643-5334x48,East Joshua,American Samoa,82151,premium,4395.86,1515.73,USD,high,good,True,credit_card|paypal|debit_card|google_pay|apple_pay,apple_pay,Furniture|Fashion|Wine,medium,False,4097,66,18000.26,2023-11-08T11:02:00.663226,2025-12-24T17:50:45.759008,Abigail Hopkins
cc660fa4-881c-481c-bb34-56dbee166ad8,USER-00051,andrea42@example.net,Linda,Andrews,50,Other,(214)995-8702,North Patrickland,Japan,51870,premium,4212.33,1400.67,USD,high,good,False,klarna|google_pay,google_pay,Sports|Wine,high,True,12420,53,60628.66,2021-12-13T07:56:12.115489,2026-01-08T13:20:35.571682,Linda Andrews
e004a240-d858-4390-b36d-a22836cb32cc,USER-00052,tjensen@example.com,Lisa,Marquez,22,Female,+1-581-479-2171,Robertafurt,Cocos (Keeling) Islands,92200,mid-range,2762.15,958.17,USD,medium,excellent,False,debit_card|apple_pay|affirm,affirm,Sports|Food|Electronics,low,True,10239,54,43195.9,2025-08-22T13:53:19.892320,2025-12-31T13:58:19.062716,Lisa Marquez
19c01ba5-4dc8-453b-8d87-53f2eb4de999,USER-00053,shawn01@example.com,Daniel,Mendoza,20,Other,(345)799-2816,Port Kevinmouth,Iran,77903,mid-range,1802.17,367.91,USD,medium,excellent,False,apple_pay|affirm|google_pay|credit_card,apple_pay,Food|Furniture,low,False,10688,3,44197.18,2023-02-14T11:58:39.922762,2026-01-09T07:09:56.582316,Daniel Mendoza
6178d966-626c-462a-a8e6-2cb130e1b582,USER-00054,terrireyes@example.com,Jared,Benson,67,Female,(769)358-3219x7,Thompsonfurt,Bangladesh,78916,premium,4395.86,1515.73,USD,high,good,True,credit_card|paypal|debit_card|google_pay|apple_pay,apple_pay,Furniture|Fashion|Wine,medium,False,4097,66,18000.26,2021-08-07T01:28:37.932685,2026-01-15T02:15:49.938194,Jared Benson
b15861e3-ca20-46bc-8b8a-2730ad6fcaf6,USER-00055,pmurphy@example.net,Bryan,Robinson,50,Other,(990)522-7846,Lake Natalie,French Southern Territories,75248,premium,4212.33,1400.67,USD,high,good,False,klarna|google_pay,google_pay,Sports|Wine,high,True,12420,53,60628.66,2025-01-10T02:33:25.185338,2026-01-11T01:25:05.740339,Bryan Robinson
6cedc252-2733-4754-a928-39fc9f3e928a,USER-00056,wrobbins@example.org,Brandi,Carr,22,Female,562.840.5800x85,Garrettfurt,Iraq,50513,mid-range,2762.15,958.17,USD,medium,excellent,False,debit_card|apple_pay|affirm,affirm,Sports|Food|Electronics,low,True,10239,54,43195.9,2023-03-26T05:10:18.002498,2025-12-28T00:12:41.065606,Brandi Carr
f0a138e9-ec46-4d4c-95c4-9388c553cd12,USER-00057,thomaslopez@example.com,Megan,Ward,20,Other,(824)922-0102x7,Hansonmouth,Malawi,56091,mid-range,1802.17,367.91,USD,medium,excellent,False,apple_pay|affirm|google_pay|credit_card,apple_pay,Food|Furniture,low,False,10688,3,44197.18,2023-10-25T14:59:54.968624,2026-01-04T04:10:07.628874,Megan Ward
3ecde876-72ad-41ed-8ed4-9e224edd0e90,USER-00058,jeremiah69@example.org,Becky,Bradford,67,Female,984.768.9500,New Timothyland,Cambodia,96207,premium,4395.86,1515.73,USD,high,good,True,credit_card|paypal|debit_card|google_pay|apple_pay,apple_pay,Furniture|Fashion|Wine,medium,False,4097,66,18000.26,2024-09-16T23:00:06.942537,2026-01-20T04:18:46.022354,Becky Bradford
ee227acc-1b35-4da6-81b9-f3e52745b859,USER-00059,steven18@example.net,Christopher,Kennedy,50,Other,001-918-794-905,Gomezport,French Guiana,22456,premium,4212.33,1400.67,USD,high,good,False,klarna|google_pay,google_pay,Sports|Wine,high,True,12420,53,60628.66,2021-03-25T23:38:26.816629,2026-01-18T08:35:53.825632,Christopher Kennedy
62daf5cd-0a75-4227-8ca5-defc7422ef97,USER-00060,jessica94@example.org,Crystal,Lane,22,Female,001-304-690-471,Davidview,Falkland Islands (Malvinas),34180,mid-range,2762.15,958.17,USD,medium,excellent,False,debit_card|apple_pay|affirm,affirm,Sports|Food|Electronics,low,True,10239,54,43195.9,2021-02-15T09:50:09.638290,2025-12-25T00:27:05.055925,Crystal Lane
84f1f71c-f6ca-47cb-b132-2819cd8c2764,USER-00061,reneestevenson@example.net,Sean,Morton,20,Other,837-828-0512x92,Lake Scott,Northern Mariana Islands,22427,mid-range,1802.17,367.91,USD,medium,excellent,False,apple_pay|affirm|google_pay|credit_card,apple_pay,Food|Furniture,low,False,10688,3,44197.18,2022-02-09T12:55:24.613098,2026-01-12T16:52:32.999555,Sean Morton
3c09a562-1d6c-4c78-9f7d-82306c6e6475,USER-00062,brian41@example.org,Gary,Ross,67,Female,978-836-6742x86,Suzanneton,Bhutan,70138,premium,4395.86,1515.73,USD,high,good,True,credit_card|paypal|debit_card|google_pay|apple_pay,apple_pay,Furniture|Fashion|Wine,medium,False,4097,66,18000.26,2024-03-29T12:50:22.569606,2026-01-19T08:35:17.036066,Gary Ross
1f3e42fe-b0d5-4939-9867-38f0328ffc59,USER-00063,pbishop@example.com,Matthew,Adams,50,Other,749-467-3938,Amytown,Switzerland,09407,premium,4212.33,1400.67,USD,high,good,False,klarna|google_pay,google_pay,Sports|Wine,high,True,12420,53,60628.66,2021-02-11T07:35:22.296227,2025-12-24T14:28:44.184561,Matthew Adams
da976b63-db43-47b9-90c8-dc68b0efac4c,USER-00064,jenningsmichael@example.net,Justin,Lee,22,Female,3914093911,Douglasshire,Spain,24718,mid-range,2762.15,958.17,USD,medium,excellent,False,debit_card|apple_pay|affirm,affirm,Sports|Food|Electronics,low,True,10239,54,43195.9,2025-07-14T17:58:02.243472,2026-01-11T13:00:23.218436,Justin Lee
c58c927b-3fa0-4473-8c87-5aae80ebf19e,USER-00065,kenneth17@example.com,Kayla,Schwartz,20,Other,+1-954-321-4066,Krauseborough,New Zealand,51964,mid-range,1802.17,367.91,USD,medium,excellent,False,apple_pay|affirm|google_pay|credit_card,apple_pay,Food|Furniture,low,False,10688,3,44197.18,2021-12-12T08:13:59.140415,2026-01-05T10:25:01.507244,Kayla Schwartz
e45fb619-7ebc-4057-a16b-ca55087bbe6c,USER-00066,amberreynolds@example.net,Dawn,Gaines,67,Female,001-241-201-194,Adamsmouth,United Kingdom,51793,premium,4395.86,1515.73,USD,high,good,True,credit_card|paypal|debit_card|google_pay|apple_pay,apple_pay,Furniture|Fashion|Wine,medium,False,4097,66,18000.26,2023-12-05T21:05:59.157847,2026-01-06T03:12:41.743682,Dawn Gaines
304af6d5-9bcd-4610-bc2b-64ae986ab03d,USER-00067,zmendoza@example.net,Kimberly,Floyd,50,Other,+1-730-667-1985,Brownland,Haiti,70575,premium,4212.33,1400.67,USD,high,good,False,klarna|google_pay,google_pay,Sports|Wine,high,True,12420,53,60628.66,2025-04-27T20:15:08.816975,2025-12-31T20:58:51.752246,Kimberly Floyd
9c2862b3-e044-42b5-85cb-438f37d2766e,USER-00068,shodges@example.net,James,Spencer,22,Female,(234)561-5717x3,Priceside,Norway,40835,mid-range,2762.15,958.17,USD,medium,excellent,False,debit_card|apple_pay|affirm,affirm,Sports|Food|Electronics,low,True,10239,54,43195.9,2023-07-21T23:52:03.320554,2026-01-19T14:54:09.368818,James Spencer
1f98780e-4c50-44a8-8dcc-89501eb4eb1b,USER-00069,blevy@example.org,Matthew,Morgan,20,Other,001-406-913-878,South Rebeccaton,Ecuador,92421,mid-range,1802.17,367.91,USD,medium,excellent,False,apple_pay|affirm|google_pay|credit_card,apple_pay,Food|Furniture,low,False,10688,3,44197.18,2024-04-19T06:50:00.960040,2025-12-22T02:28:43.611261,Matthew Morgan
8036d0ed-d59e-47b4-974a-abacddd787c1,USER-00070,conwaylori@example.org,Stephen,Jackson,67,Female,001-511-817-993,Lisafurt,Greece,16334,premium,4395.86,1515.73,USD,high,good,True,credit_card|paypal|debit_card|google_pay|apple_pay,apple_pay,Furniture|Fashion|Wine,medium,False,4097,66,18000.26,2025-12-07T13:45:53.336899,2026-01-07T22:49:55.491093,Stephen Jackson
958aab4e-cba8-43a0-a44a-fd65b7aead0c,USER-00071,marcoconnell@example.org,Kathryn,Watkins,50,Other,411-342-6258x27,Stricklandtown,Turkmenistan,64328,premium,4212.33,1400.67,USD,high,good,False,klarna|google_pay,google_pay,Sports|Wine,high,True,12420,53,60628.66,2021-06-16T21:18:24.575113,2025-12-21T21:20:13.594720,Kathryn Watkins
d3ad9696-91c7-4a5a-937a-c83a5ffc784d,USER-00072,mannbrittney@example.com,Robert,Aguirre,22,Female,001-472-932-487,Lake Margaretport,Guernsey,55392,mid-range,2762.15,958.17,USD,medium,excellent,False,debit_card|apple_pay|affirm,affirm,Sports|Food|Electronics,low,True,10239,54,43195.9,2021-01-28T19:38:06.108588,2025-12-28T17:47:45.306997,Robert Aguirre
be25936b-fa43-4a50-9325-cb3d2dbaa66f,USER-00073,downstiffany@example.net,Michael,Juarez,20,Other,+1-483-973-4031,Thompsonton,Austria,85024,mid-range,1802.17,367.91,USD,medium,excellent,False,apple_pay|affirm|google_pay|credit_card,apple_pay,Food|Furniture,low,False,10688,3,44197.18,2022-11-16T13:27:46.114949,2025-12-27T23:02:25.639292,Michael Juarez
570b6c80-71d0-427b-b379-e2e2155d3a50,USER-00074,matthew70@example.org,Joy,Buckley,67,Female,(720)878-1137,Lake Erica,Greece,30655,premium,4395.86,1515.73,USD,high,good,True,credit_card|paypal|debit_card|google_pay|apple_pay,apple_pay,Furniture|Fashion|Wine,medium,False,4097,66,18000.26,2024-12-13T00:50:54.927733,2025-12-31T10:57:03.726441,Joy Buckley
563d8889-e389-45fd-a5b2-1406fb4a746d,USER-00075,youngrobert@example.org,Nicholas,Walker,50,Other,997.506.2397x26,Theresaborough,Grenada,17174,premium,4212.33,1400.67,USD,high,good,False,klarna|google_pay,google_pay,Sports|Wine,high,True,12420,53,60628.66,2021-03-20T02:00:06.612744,2026-01-07T17:34:30.838425,Nicholas Walker
cab54706-6b8b-4c24-b502-a93921e80984,USER-00076,derek77@example.com,George,Cooper,22,Female,992-992-9831x68,Alexischester,Saint Pierre and Miquelon,32830,mid-range,2762.15,958.17,USD,medium,excellent,False,debit_card|apple_pay|affirm,affirm,Sports|Food|Electronics,low,True,10239,54,43195.9,2022-04-18T01:28:41.628688,2026-01-03T16:47:41.682127,George Cooper
8a928746-8436-4da1-a4fb-da976c8a5d47,USER-00077,patriciavargas@example.org,Robin,Villanueva,20,Other,(300)278-0686x7,Dodsonberg,Guinea-Bissau,39270,mid-range,1802.17,367.91,USD,medium,excellent,False,apple_pay|affirm|google_pay|credit_card,apple_pay,Food|Furniture,low,False,10688,3,44197.18,2022-04-02T01:08:30.566653,2026-01-20T15:22:51.700860,Robin Villanueva
6752f46e-b9c1-4fbe-8fcd-918fa5e40b7c,USER-00078,castillokevin@example.net,Stephen,Hudson,67,Female,001-207-372-625,Barrymouth,Marshall Islands,04788,premium,4395.86,1515.73,USD,high,good,True,credit_card|paypal|debit_card|google_pay|apple_pay,apple_pay,Furniture|Fashion|Wine,medium,False,4097,66,18000.26,2022-07-16T02:30:14.300640,2026-01-13T06:12:54.724414,Stephen Hudson
f98c739e-7104-44ab-a04c-6fbb6c7f053d,USER-00079,kristinmiller@example.com,Jill,Brown,50,Other,+1-550-416-5790,Johnville,Pakistan,63218,premium,4212.33,1400.67,USD,high,good,False,klarna|google_pay,google_pay,Sports|Wine,high,True,12420,53,60628.66,2024-09-28T01:46:56.418162,2026-01-13T05:46:31.347324,Jill Brown
6aa9f16d-2a45-4fb9-8597-05156bd6b7b4,USER-00080,karenhodges@example.com,Michael,Adams,22,Female,+1-664-901-5577,Laurenland,Comoros,60515,mid-range,2762.15,958.17,USD,medium,excellent,False,debit_card|apple_pay|affirm,affirm,Sports|Food|Electronics,low,True,10239,54,43195.9,2021-06-28T21:58:09.179901,2026-01-02T09:25:38.047311,Michael Adams
e59f38c1-f22b-495d-9783-4f0ea4a1f50f,USER-00081,keithfrye@example.org,Fred,Rodriguez,20,Other,(472)938-0468,Roberttown,French Guiana,25281,mid-range,1802.17,367.91,USD,medium,excellent,False,apple_pay|affirm|google_pay|credit_card,apple_pay,Food|Furniture,low,False,10688,3,44197.18,2021-05-15T10:20:02.789046,2026-01-16T19:49:38.272394,Fred Rodriguez
6dad9f37-f028-4e1b-912a-72cd188d312b,USER-00082,marystone@example.com,Robert,Cooper,67,Female,+1-657-598-8774,Watsonport,Sierra Leone,06703,premium,4395.86,1515.73,USD,high,good,True,credit_card|paypal|debit_card|google_pay|apple_pay,apple_pay,Furniture|Fashion|Wine,medium,False,4097,66,18000.26,2021-10-18T08:49:10.744092,2025-12-30T04:53:27.231518,Robert Cooper
5fc2c9ca-2c21-4fcf-9ff0-ca433def684d,USER-00083,christinemartin@example.net,Justin,Mcpherson,50,Other,001-422-531-059,Lake Loganstad,Cameroon,49379,premium,4212.33,1400.67,USD,high,good,False,klarna|google_pay,google_pay,Sports|Wine,high,True,12420,53,60628.66,2023-04-19T09:25:21.392919,2026-01-19T22:28:16.039683,Justin Mcpherson
453a887f-2c2a-4efd-84e0-dbfa34049f79,USER-00084,david06@example.com,Kayla,Gould,22,Female,320-988-5474x92,East Ericaville,Gambia,03751,mid-range,2762.15,958.17,USD,medium,excellent,False,debit_card|apple_pay|affirm,affirm,Sports|Food|Electronics,low,True,10239,54,43195.9,2023-01-23T22:16:23.785972,2026-01-15T21:34:01.966797,Kayla Gould
6dacac14-71db-4579-8140-476dbd9c2aac,USER-00085,uhoward@example.org,Cathy,Lee,20,Other,234.730.1871x86,Hernandezchester,Heard Island and McDonald Isla,51109,mid-range,1802.17,367.91,USD,medium,excellent,False,apple_pay|affirm|google_pay|credit_card,apple_pay,Food|Furniture,low,False,10688,3,44197.18,2022-12-02T08:03:32.910688,2025-12-30T05:05:02.747630,Cathy Lee
5a39a217-d8ab-4068-aeaa-9ae626c69a11,USER-00086,kyle78@example.org,Jason,Barron,67,Female,001-667-942-662,Carlshire,Saudi Arabia,49754,premium,4395.86,1515.73,USD,high,good,True,credit_card|paypal|debit_card|google_pay|apple_pay,apple_pay,Furniture|Fashion|Wine,medium,False,4097,66,18000.26,2021-06-30T23:54:47.975201,2026-01-02T22:56:50.975647,Jason Barron
759f1919-06e6-4a24-9b4e-4baed556f89c,USER-00087,robert87@example.net,Ashley,Melendez,50,Other,626.948.7049,Walkertown,Cape Verde,34930,premium,4212.33,1400.67,USD,high,good,False,klarna|google_pay,google_pay,Sports|Wine,high,True,12420,53,60628.66,2022-07-22T15:23:08.786182,2026-01-09T21:20:08.102186,Ashley Melendez
5bfa3855-cbc1-47ea-b326-c251d5e494b4,USER-00088,qmartinez@example.com,Robert,Vasquez,22,Female,001-830-614-719,Mccannville,Holy See (Vatican City State),67678,mid-range,2762.15,958.17,USD,medium,excellent,False,debit_card|apple_pay|affirm,affirm,Sports|Food|Electronics,low,True,10239,54,43195.9,2024-09-19T23:56:12.498956,2025-12-22T04:46:05.848714,Robert Vasquez
86a4cea5-888d-430b-bc96-08838092cf16,USER-00089,francisco02@example.com,Steven,Steele,20,Other,(520)445-6504x4,New Karenside,Gibraltar,41947,mid-range,1802.17,367.91,USD,medium,excellent,False,apple_pay|affirm|google_pay|credit_card,apple_pay,Food|Furniture,low,False,10688,3,44197.18,2025-03-10T09:54:37.501617,2026-01-11T05:18:43.856126,Steven Steele
e31c1d6b-f5d6-4890-97e4-766704da6904,USER-00090,joseph51@example.net,Betty,Morrow,67,Female,3285457652,New Jeffrey,Comoros,73725,premium,4395.86,1515.73,USD,high,good,True,credit_card|paypal|debit_card|google_pay|apple_pay,apple_pay,Furniture|Fashion|Wine,medium,False,4097,66,18000.26,2024-02-14T17:08:02.545645,2026-01-15T14:45:19.743397,Betty Morrow
ed13e952-b465-486c-a4c3-044f3915d13c,USER-00091,butlersabrina@example.org,Lori,Mclean,50,Other,554.452.7985x24,Lake Jeremy,Brunei Darussalam,28005,premium,4212.33,1400.67,USD,high,good,False,klarna|google_pay,google_pay,Sports|Wine,high,True,12420,53,60628.66,2021-09-15T06:38:20.627380,2025-12-24T00:43:53.061806,Lori Mclean
f6d5a0e3-5c1a-4257-80ad-f86b6aa018ab,USER-00092,joneskim@example.com,Brad,Rodriguez,22,Female,+1-589-507-1401,Lake Michael,Bermuda,19579,mid-range,2762.15,958.17,USD,medium,excellent,False,debit_card|apple_pay|affirm,affirm,Sports|Food|Electronics,low,True,10239,54,43195.9,2025-04-14T04:23:20.527887,2026-01-18T22:15:51.186877,Brad Rodriguez
870406ef-7915-4043-be2d-581d1db3d727,USER-00093,michael89@example.org,William,Jones,20,Other,001-308-533-428,Richardsonshire,Colombia,58128,mid-range,1802.17,367.91,USD,medium,excellent,False,apple_pay|affirm|google_pay|credit_card,apple_pay,Food|Furniture,low,False,10688,3,44197.18,2024-06-03T11:07:30.996920,2025-12-24T21:24:34.116207,William Jones
ae23dcab-e573-49cf-89bb-7a45c36451ec,USER-00094,tina63@example.net,Jeremy,Rodriguez,67,Female,317-818-2754x80,Stephenport,Poland,58691,premium,4395.86,1515.73,USD,high,good,True,credit_card|paypal|debit_card|google_pay|apple_pay,apple_pay,Furniture|Fashion|Wine,medium,False,4097,66,18000.26,2022-03-08T23:05:09.299789,2026-01-02T21:22:44.515542,Jeremy Rodriguez
1978d33e-6145-4b7e-891a-ac2a2962b6ec,USER-00095,elopez@example.com,Sheila,Richardson,50,Other,8718678112,Lake Saraburgh,Bahrain,48173,premium,4212.33,1400.67,USD,high,good,False,klarna|google_pay,google_pay,Sports|Wine,high,True,12420,53,60628.66,2025-12-06T09:27:40.659917,2025-12-31T19:57:02.227306,Sheila Richardson
c1327ecf-e725-4085-8f3f-e458a1360202,USER-00096,bmartinez@example.net,Victor,Hubbard,22,Female,001-399-346-579,Tracybury,Niue,18144,mid-range,2762.15,958.17,USD,medium,excellent,False,debit_card|apple_pay|affirm,affirm,Sports|Food|Electronics,low,True,10239,54,43195.9,2021-03-15T18:04:49.755814,2026-01-12T19:21:02.338528,Victor Hubbard
53c0ec54-2505-4c28-babe-ac10adb080a1,USER-00097,jimenezanthony@example.org,Patrick,Shelton,20,Other,(549)691-1877,Henryview,Mauritius,45539,mid-range,1802.17,367.91,USD,medium,excellent,False,apple_pay|affirm|google_pay|credit_card,apple_pay,Food|Furniture,low,False,10688,3,44197.18,2025-02-06T17:54:08.621992,2026-01-06T21:19:00.134175,Patrick Shelton
e2cf634e-7592-476b-b1ba-bc8033349db7,USER-00098,cisnerosanthony@example.com,Nicole,Wilson,67,Female,856.477.0028x42,Jenniferfort,Serbia,14837,premium,4395.86,1515.73,USD,high,good,True,credit_card|paypal|debit_card|google_pay|apple_pay,apple_pay,Furniture|Fashion|Wine,medium,False,4097,66,18000.26,2023-11-25T07:32:57.175830,2026-01-05T09:20:04.220992,Nicole Wilson
74c3e559-c63b-4c88-b401-f734652ef9a5,USER-00099,kalvarez@example.net,Brian,Baker,50,Other,001-269-454-500,Michaelshire,Anguilla,82441,premium,4212.33,1400.67,USD,high,good,False,klarna|google_pay,google_pay,Sports|Wine,high,True,12420,53,60628.66,2022-10-05T16:10:57.829927,2025-12-24T14:13:40.327600,Brian Baker
bcec4e07-7107-4c1f-ab2a-10a25feddf0d,USER-00100,victoria65@example.org,Donna,Wright,22,Female,+1-949-811-4152,Adamsfort,Namibia,03415,mid-range,2762.15,958.17,USD,medium,excellent,False,debit_card|apple_pay|affirm,affirm,Sports|Food|Electronics,low,True,10239,54,43195.9,2025-12-25T16:10:26.403178,2026-01-02T00:06:24.842170,Donna Wright
74bbd6d1-74d5-416e-ad82-194de5161749,USER-00101,gmorris@example.com,Craig,Leonard,20,Other,678-652-9456x37,West Wendyfurt,Spain,30108,mid-range,1802.17,367.91,USD,medium,excellent,False,apple_pay|affirm|google_pay|credit_card,apple_pay,Food|Furniture,low,False,10688,3,44197.18,2024-03-06T01:33:30.927833,2026-01-19T09:51:12.236420,Craig Leonard
354cf1da-9553-4cb2-986a-1db542ef618f,USER-00102,vargasjoshua@example.net,Laurie,Alvarez,67,Female,551.848.4685,Kinghaven,Korea,88523,premium,4395.86,1515.73,USD,high,good,True,credit_card|paypal|debit_card|google_pay|apple_pay,apple_pay,Furniture|Fashion|Wine,medium,False,4097,66,18000.26,2024-11-14T16:03:13.719843,2025-12-27T02:10:06.405499,Laurie Alvarez
cbf9261a-4487-4130-925b-644518465d13,USER-00103,burtonzachary@example.org,Barbara,Lewis,50,Other,001-574-489-690,Meganchester,Ghana,08945,premium,4212.33,1400.67,USD,high,good,False,klarna|google_pay,google_pay,Sports|Wine,high,True,12420,53,60628.66,2024-03-23T03:35:06.858630,2026-01-16T01:13:55.419765,Barbara Lewis
ce16d8fa-31d7-438d-ad0f-363d46e1ca2a,USER-00104,madison24@example.net,Carolyn,Sullivan,22,Female,823-803-4778,East Erikberg,Antarctica (the territory Sout,34369,mid-range,2762.15,958.17,USD,medium,excellent,False,debit_card|apple_pay|affirm,affirm,Sports|Food|Electronics,low,True,10239,54,43195.9,2025-01-01T13:34:40.209767,2025-12-30T00:07:54.003078,Carolyn Sullivan
ea145297-34c1-4604-b911-e95b3b6e713a,USER-00105,dawnwilliams@example.net,Todd,Smith,20,Other,459-541-6516,New Jessicaville,Mali,87561,mid-range,1802.17,367.91,USD,medium,excellent,False,apple_pay|affirm|google_pay|credit_card,apple_pay,Food|Furniture,low,False,10688,3,44197.18,2025-03-14T08:33:44.549927,2026-01-19T03:54:05.304880,Todd Smith
3d5bc02e-3bb2-472e-96c1-26b509cd5b53,USER-00106,tyler13@example.net,David,Roman,67,Female,296-936-3212x34,Hollyville,Ghana,72032,premium,4395.86,1515.73,USD,high,good,True,credit_card|paypal|debit_card|google_pay|apple_pay,apple_pay,Furniture|Fashion|Wine,medium,False,4097,66,18000.26,2023-03-05T09:08:28.358297,2026-01-11T03:42:27.056010,David Roman
fcb6be47-88f6-4f06-b347-3471946fc2fd,USER-00107,natasha25@example.com,Jennifer,Underwood,50,Other,7903034864,Port Scott,Algeria,52009,premium,4212.33,1400.67,USD,high,good,False,klarna|google_pay,google_pay,Sports|Wine,high,True,12420,53,60628.66,2025-09-10T06:49:32.902924,2026-01-18T05:02:34.989232,Jennifer Underwood
f125f2c5-6cca-4476-b9e4-569d73152d46,USER-00108,christopher34@example.org,Michele,Martin,22,Female,456.604.1776x56,West Robertside,Saint Pierre and Miquelon,43331,mid-range,2762.15,958.17,USD,medium,excellent,False,debit_card|apple_pay|affirm,affirm,Sports|Food|Electronics,low,True,10239,54,43195.9,2023-04-28T05:13:54.825933,2025-12-22T11:49:42.515520,Michele Martin
6bd59036-9b60-4f77-a157-d0771314ede8,USER-00109,davidsonisaiah@example.com,Krystal,Taylor,20,Other,(734)959-1123x8,Russoberg,Eritrea,23239,mid-range,1802.17,367.91,USD,medium,excellent,False,apple_pay|affirm|google_pay|credit_card,apple_pay,Food|Furniture,low,False,10688,3,44197.18,2024-06-28T22:08:58.148736,2026-01-15T11:24:33.235414,Krystal Taylor
9ebee2a7-d30f-4abb-b4c8-64f517afa0cc,USER-00110,james65@example.org,Phillip,Bennett,67,Female,001-530-608-931,North Richard,Japan,79195,premium,4395.86,1515.73,USD,high,good,True,credit_card|paypal|debit_card|google_pay|apple_pay,apple_pay,Furniture|Fashion|Wine,medium,False,4097,66,18000.26,2022-05-10T13:43:34.076077,2025-12-24T08:15:35.805001,Phillip Bennett
3be5ca08-8880-4ac8-a904-f75024c1adb9,USER-00111,george91@example.org,Jennifer,Graham,50,Other,571.533.3447x62,Jessicaborough,Italy,24142,premium,4212.33,1400.67,USD,high,good,False,klarna|google_pay,google_pay,Sports|Wine,high,True,12420,53,60628.66,2023-02-05T12:26:11.634731,2025-12-26T01:12:52.872683,Jennifer Graham
988fb0f1-6a97-4436-849c-96b10f36e78a,USER-00112,theresa39@example.com,Rebecca,Wood,22,Female,+1-371-207-2563,West Sarahfort,United States of America,46940,mid-range,2762.15,958.17,USD,medium,excellent,False,debit_card|apple_pay|affirm,affirm,Sports|Food|Electronics,low,True,10239,54,43195.9,2026-01-14T17:10:45.915845,2026-01-18T20:26:51.468933,Rebecca Wood
a067069f-56a0-4efd-99d6-42b68314cf40,USER-00113,smithwilliam@example.com,Kevin,Foster,20,Other,(428)309-2428x7,Jenniferchester,Cambodia,34632,mid-range,1802.17,367.91,USD,medium,excellent,False,apple_pay|affirm|google_pay|credit_card,apple_pay,Food|Furniture,low,False,10688,3,44197.18,2021-08-21T20:22:37.568857,2025-12-22T23:55:57.322577,Kevin Foster
ce5ce4d0-7cd1-4c46-967d-d59e5c982039,USER-00114,victormcpherson@example.com,Julie,Howe,67,Female,249-548-5625x72,North Jerry,Argentina,62137,premium,4395.86,1515.73,USD,high,good,True,credit_card|paypal|debit_card|google_pay|apple_pay,apple_pay,Furniture|Fashion|Wine,medium,False,4097,66,18000.26,2022-05-10T16:37:36.758339,2026-01-11T20:25:44.739793,Julie Howe
8af67e34-6c55-408c-a7cf-c247af0ca43d,USER-00115,fwilson@example.org,Scott,Zhang,50,Other,+1-577-671-2151,Port Gary,Malawi,36256,premium,4212.33,1400.67,USD,high,good,False,klarna|google_pay,google_pay,Sports|Wine,high,True,12420,53,60628.66,2023-11-15T01:45:53.446227,2026-01-10T13:35:41.863178,Scott Zhang
9101bca8-49e4-4f4b-b698-764d41f90774,USER-00116,brandybonilla@example.net,Katie,White,22,Female,737-315-0416,Ericland,Kuwait,93261,mid-range,2762.15,958.17,USD,medium,excellent,False,debit_card|apple_pay|affirm,affirm,Sports|Food|Electronics,low,True,10239,54,43195.9,2024-05-08T22:07:11.794243,2026-01-04T07:03:20.895251,Katie White
f7efc4f0-38f1-41c6-bf78-03df17fa4b3f,USER-00117,brooke05@example.org,Diana,Tapia,20,Other,692-430-4501x89,Port Michelle,Benin,03189,mid-range,1802.17,367.91,USD,medium,excellent,False,apple_pay|affirm|google_pay|credit_card,apple_pay,Food|Furniture,low,False,10688,3,44197.18,2025-04-26T00:35:17.779591,2025-12-26T13:27:11.252605,Diana Tapia
0ca3b8e4-f412-434e-8686-e2abd42fd9bd,USER-00118,wmitchell@example.net,Eric,Evans,67,Female,(849)325-1583x7,Shepherdburgh,Jordan,83166,premium,4395.86,1515.73,USD,high,good,True,credit_card|paypal|debit_card|google_pay|apple_pay,apple_pay,Furniture|Fashion|Wine,medium,False,4097,66,18000.26,2023-03-09T11:07:57.911872,2025-12-22T21:15:04.528293,Eric Evans
58fc9ffa-04ee-4a4f-92c5-a55378c03746,USER-00119,teresa32@example.com,Alison,Holland,50,Other,647-561-7422,Phillipston,Micronesia,10532,premium,4212.33,1400.67,USD,high,good,False,klarna|google_pay,google_pay,Sports|Wine,high,True,12420,53,60628.66,2025-08-22T15:32:11.133398,2026-01-06T01:47:39.430259,Alison Holland
d6f2d50e-bbd1-4bac-807e-ed954d92797c,USER-00120,dgutierrez@example.net,Jennifer,Hess,22,Female,(349)818-0172x2,Leemouth,Saudi Arabia,88353,mid-range,2762.15,958.17,USD,medium,excellent,False,debit_card|apple_pay|affirm,affirm,Sports|Food|Electronics,low,True,10239,54,43195.9,2023-04-22T03:59:24.381835,2026-01-14T21:46:34.905359,Jennifer Hess
6085d640-4060-49ab-884e-0f4fb289ca78,USER-00121,tammy23@example.org,Christian,Hendrix,20,Other,816-980-0610x27,Christinestad,Portugal,88817,mid-range,1802.17,367.91,USD,medium,excellent,False,apple_pay|affirm|google_pay|credit_card,apple_pay,Food|Furniture,low,False,10688,3,44197.18,2025-11-14T08:37:43.284718,2026-01-10T22:12:34.133046,Christian Hendrix
e0628391-6d30-465f-b379-5fe237f6159a,USER-00122,christopher20@example.org,Daniel,Smith,67,Female,303.672.3683,Hernandezchester,Angola,15765,premium,4395.86,1515.73,USD,high,good,True,credit_card|paypal|debit_card|google_pay|apple_pay,apple_pay,Furniture|Fashion|Wine,medium,False,4097,66,18000.26,2021-11-19T19:31:55.082551,2025-12-26T05:52:47.445873,Daniel Smith
efa7d8ee-0561-4a35-80ff-ad301570e714,USER-00123,emaynard@example.org,Michelle,Richards,50,Other,849.960.5016,Benjaminfurt,Libyan Arab Jamahiriya,67787,premium,4212.33,1400.67,USD,high,good,False,klarna|google_pay,google_pay,Sports|Wine,high,True,12420,53,60628.66,2024-01-04T19:50:54.535539,2026-01-09T00:24:44.799961,Michelle Richards
27e2b9e0-ab11-4308-bdb8-de5d0df71041,USER-00124,dhall@example.net,Andrew,Ray,22,Female,+1-914-867-1795,East Keithborough,Latvia,45569,mid-range,2762.15,958.17,USD,medium,excellent,False,debit_card|apple_pay|affirm,affirm,Sports|Food|Electronics,low,True,10239,54,43195.9,2023-03-31T13:10:46.829658,2026-01-05T21:38:01.370032,Andrew Ray
6dce874b-9c15-4509-a00e-1ce0b5fce006,USER-00125,sandra72@example.com,Jennifer,Myers,20,Other,(957)329-3417x2,Hahnfort,Gabon,31266,mid-range,1802.17,367.91,USD,medium,excellent,False,apple_pay|affirm|google_pay|credit_card,apple_pay,Food|Furniture,low,False,10688,3,44197.18,2022-02-06T22:31:11.502058,2025-12-23T02:00:40.879249,Jennifer Myers
1112f5e7-ca84-4711-8101-0e118abd391d,USER-00126,howardjose@example.net,Eric,Clayton,67,Female,701.256.1931x83,Paulahaven,Netherlands,88251,premium,4395.86,1515.73,USD,high,good,True,credit_card|paypal|debit_card|google_pay|apple_pay,apple_pay,Furniture|Fashion|Wine,medium,False,4097,66,18000.26,2021-07-29T15:45:01.874290,2025-12-23T04:26:22.933024,Eric Clayton
6a1a941a-a5dc-43c7-b241-8fde3b4440e1,USER-00127,wlloyd@example.org,Theresa,Harrington,50,Other,+1-918-908-1213,East Deborahmouth,Svalbard & Jan Mayen Islands,18559,premium,4212.33,1400.67,USD,high,good,False,klarna|google_pay,google_pay,Sports|Wine,high,True,12420,53,60628.66,2021-09-02T01:32:51.248976,2025-12-27T17:29:48.736158,Theresa Harrington
b082751e-4117-4f5f-9149-fd1a6b7a065a,USER-00128,ahammond@example.org,Mary,Wells,22,Female,482-814-5653x28,Hardinmouth,Zambia,68154,mid-range,2762.15,958.17,USD,medium,excellent,False,debit_card|apple_pay|affirm,affirm,Sports|Food|Electronics,low,True,10239,54,43195.9,2025-01-10T13:58:57.236333,2026-01-01T12:36:48.166146,Mary Wells
93e003cb-3c6e-4ee8-b073-b65f9b1d5b55,USER-00129,ramoskayla@example.net,Linda,Acevedo,20,Other,455-262-6060,Robertside,Tunisia,40389,mid-range,1802.17,367.91,USD,medium,excellent,False,apple_pay|affirm|google_pay|credit_card,apple_pay,Food|Furniture,low,False,10688,3,44197.18,2024-08-30T04:00:58.128626,2025-12-31T01:59:47.052656,Linda Acevedo
7f091a65-5acf-4d5b-8a3d-1a1b2c8faba1,USER-00130,alan48@example.net,Samantha,Graves,67,Female,738.899.7563x41,New Victoria,Finland,28515,premium,4395.86,1515.73,USD,high,good,True,credit_card|paypal|debit_card|google_pay|apple_pay,apple_pay,Furniture|Fashion|Wine,medium,False,4097,66,18000.26,2021-07-08T23:30:05.284922,2026-01-07T05:25:17.926728,Samantha Graves
c138dc3a-1408-41bb-bb50-6a7ab7cb1923,USER-00131,katherine20@example.org,Pamela,Fernandez,50,Other,234-368-1054x85,Evanstown,Korea,44931,premium,4212.33,1400.67,USD,high,good,False,klarna|google_pay,google_pay,Sports|Wine,high,True,12420,53,60628.66,2025-12-20T12:49:49.079424,2026-01-14T20:00:53.560987,Pamela Fernandez
85a04953-ee54-4762-817e-ffb8a2a8abe7,USER-00132,michaelmitchell@example.net,Ashley,Taylor,22,Female,(883)315-8935x7,North Rogerberg,Lebanon,28653,mid-range,2762.15,958.17,USD,medium,excellent,False,debit_card|apple_pay|affirm,affirm,Sports|Food|Electronics,low,True,10239,54,43195.9,2023-04-15T06:09:00.227910,2026-01-01T18:01:39.608679,Ashley Taylor
b7df8e69-3dc8-4830-912f-1c589907bb3f,USER-00133,hchapman@example.com,Monica,Silva,20,Other,+1-367-576-2282,Kennedyburgh,Western Sahara,73773,mid-range,1802.17,367.91,USD,medium,excellent,False,apple_pay|affirm|google_pay|credit_card,apple_pay,Food|Furniture,low,False,10688,3,44197.18,2022-11-25T22:41:54.031333,2026-01-19T05:26:50.983199,Monica Silva
7e2c22a7-374a-4cb5-aa03-242fb61ea148,USER-00134,xrodriguez@example.net,Keith,Mills,67,Female,454-854-4702,West Pamelaborough,Cocos (Keeling) Islands,97449,premium,4395.86,1515.73,USD,high,good,True,credit_card|paypal|debit_card|google_pay|apple_pay,apple_pay,Furniture|Fashion|Wine,medium,False,4097,66,18000.26,2023-07-02T02:33:02.860214,2025-12-25T08:12:42.931062,Keith Mills
65033536-3cb8-40ab-8784-06d634ce8296,USER-00135,carlos06@example.com,Ashley,Knight,50,Other,867-892-2877x72,South Matthew,Aruba,88377,premium,4212.33,1400.67,USD,high,good,False,klarna|google_pay,google_pay,Sports|Wine,high,True,12420,53,60628.66,2025-07-03T20:48:54.742255,2026-01-12T17:59:34.963217,Ashley Knight
f4930557-c931-4b29-9520-1d36e358e506,USER-00136,clinejasmine@example.net,Crystal,Ingram,22,Female,981-281-3989x09,Lake Sharonburgh,Andorra,36540,mid-range,2762.15,958.17,USD,medium,excellent,False,debit_card|apple_pay|affirm,affirm,Sports|Food|Electronics,low,True,10239,54,43195.9,2024-12-27T05:54:49.371883,2025-12-29T00:44:32.111860,Crystal Ingram
798fb36f-518d-4c70-a396-548e85c71804,USER-00137,imiller@example.net,Luke,Chapman,20,Other,305.462.6085x64,Douglasview,Seychelles,12248,mid-range,1802.17,367.91,USD,medium,excellent,False,apple_pay|affirm|google_pay|credit_card,apple_pay,Food|Furniture,low,False,10688,3,44197.18,2021-10-29T02:55:43.363684,2026-01-19T05:41:39.973689,Luke Chapman
5cf07c09-0528-4f33-b8b6-0b6a5fc44f9f,USER-00138,brianwoodward@example.org,Anthony,Brown,67,Female,(515)926-5461x0,Averyview,Bahamas,42225,premium,4395.86,1515.73,USD,high,good,True,credit_card|paypal|debit_card|google_pay|apple_pay,apple_pay,Furniture|Fashion|Wine,medium,False,4097,66,18000.26,2023-05-19T07:58:12.957815,2026-01-02T21:13:51.193628,Anthony Brown
822fa14e-37b5-4ab4-8e28-bb34dc5f80f9,USER-00139,ojohnson@example.org,Robin,Smith,50,Other,+1-991-338-2496,Port Tammy,Holy See (Vatican City State),71337,premium,4212.33,1400.67,USD,high,good,False,klarna|google_pay,google_pay,Sports|Wine,high,True,12420,53,60628.66,2025-12-24T20:11:06.706428,2026-01-14T03:11:34.333628,Robin Smith
e9310b9f-fb39-4eba-b7e3-4a23a167c169,USER-00140,jali@example.com,Bobby,Hess,22,Female,+1-642-200-7494,Lake Amanda,Bangladesh,39906,mid-range,2762.15,958.17,USD,medium,excellent,False,debit_card|apple_pay|affirm,affirm,Sports|Food|Electronics,low,True,10239,54,43195.9,2021-07-03T07:26:12.075707,2026-01-11T15:00:17.770867,Bobby Hess
cde1cc1e-a64e-4a78-9fb1-38560d2f5f67,USER-00141,jessicalutz@example.com,Jason,Wagner,20,Other,254-974-3553x79,North Emilychester,Moldova,91791,mid-range,1802.17,367.91,USD,medium,excellent,False,apple_pay|affirm|google_pay|credit_card,apple_pay,Food|Furniture,low,False,10688,3,44197.18,2024-07-27T20:04:53.278989,2026-01-13T13:06:38.905962,Jason Wagner
c67f29fd-101c-4d78-a372-9275c3b688c2,USER-00142,cobbdebra@example.org,Amanda,Stafford,67,Female,+1-971-256-9562,Lake Andrew,Fiji,89702,premium,4395.86,1515.73,USD,high,good,True,credit_card|paypal|debit_card|google_pay|apple_pay,apple_pay,Furniture|Fashion|Wine,medium,False,4097,66,18000.26,2025-08-30T03:05:19.150974,2026-01-01T09:46:01.081068,Amanda Stafford
bb20d5e2-be51-4041-b99a-1f138b109f29,USER-00143,velasquezcolleen@example.net,Jeffrey,Baird,50,Other,(904)479-3036x1,Lake Joanne,Peru,89942,premium,4212.33,1400.67,USD,high,good,False,klarna|google_pay,google_pay,Sports|Wine,high,True,12420,53,60628.66,2024-01-26T14:52:08.175727,2025-12-26T22:30:59.752548,Jeffrey Baird
cc41ba3c-e6fc-4349-b56e-754dc333dd3f,USER-00144,julieanderson@example.net,Melissa,Ibarra,22,Female,001-843-808-948,Davidhaven,Lao People's Democratic Republ,65456,mid-range,2762.15,958.17,USD,medium,excellent,False,debit_card|apple_pay|affirm,affirm,Sports|Food|Electronics,low,True,10239,54,43195.9,2022-11-11T14:11:41.556242,2026-01-13T10:37:53.284382,Melissa Ibarra
cb19ae13-2b52-4745-87e0-088c1ab5e98d,USER-00145,brandonhull@example.net,Shane,Smith,20,Other,551.490.3613,Lanceville,Antarctica (the territory Sout,63411,mid-range,1802.17,367.91,USD,medium,excellent,False,apple_pay|affirm|google_pay|credit_card,apple_pay,Food|Furniture,low,False,10688,3,44197.18,2023-03-20T07:07:05.126131,2025-12-22T09:25:57.989323,Shane Smith
0713a8e7-34c7-4ad9-9430-e5ecaf24e0a1,USER-00146,mary31@example.com,John,Peterson,67,Female,9583319971,North Sabrinafurt,Germany,91381,premium,4395.86,1515.73,USD,high,good,True,credit_card|paypal|debit_card|google_pay|apple_pay,apple_pay,Furniture|Fashion|Wine,medium,False,4097,66,18000.26,2021-05-19T05:26:28.960352,2025-12-25T11:57:41.769409,John Peterson
60e3d201-d21e-482d-b441-42a5966561ea,USER-00147,nbrown@example.net,Ryan,Garcia,50,Other,5802466196,Reyeschester,Turkmenistan,81793,premium,4212.33,1400.67,USD,high,good,False,klarna|google_pay,google_pay,Sports|Wine,high,True,12420,53,60628.66,2024-02-25T07:26:13.158459,2025-12-31T20:39:34.902911,Ryan Garcia
7ad3ce4b-2a5f-45b4-a7b8-7ed27123d510,USER-00148,gibsonmark@example.org,Daniel,Smith,22,Female,001-919-439-284,East Laura,Bahamas,17236,mid-range,2762.15,958.17,USD,medium,excellent,False,debit_card|apple_pay|affirm,affirm,Sports|Food|Electronics,low,True,10239,54,43195.9,2022-08-12T15:18:16.702014,2026-01-03T17:56:47.348161,Daniel Smith
90be0c5c-b914-4057-8a37-8ff022341855,USER-00149,larry82@example.org,Terrance,Morrison,20,Other,550-589-2038x80,Port Casey,Comoros,88038,mid-range,1802.17,367.91,USD,medium,excellent,False,apple_pay|affirm|google_pay|credit_card,apple_pay,Food|Furniture,low,False,10688,3,44197.18,2023-06-08T05:46:13.991482,2026-01-11T10:15:40.887926,Terrance Morrison
5d9c550c-b038-43d0-b513-1c0da6a1fb19,USER-00150,vgreene@example.net,Ashlee,Rogers,67,Female,565-521-7073x03,Navarromouth,Sri Lanka,97504,premium,4395.86,1515.73,USD,high,good,True,credit_card|paypal|debit_card|google_pay|apple_pay,apple_pay,Furniture|Fashion|Wine,medium,False,4097,66,18000.26,2022-12-07T23:04:49.060666,2026-01-02T16:21:39.172730,Ashlee Rogers
02ee434c-b8c1-4d98-b09b-139751157ae5,USER-00151,coxcharles@example.org,Angela,Thomas,50,Other,439.750.0334x23,East James,Christmas Island,34814,premium,4212.33,1400.67,USD,high,good,False,klarna|google_pay,google_pay,Sports|Wine,high,True,12420,53,60628.66,2025-08-10T11:56:27.633601,2025-12-22T07:15:04.827119,Angela Thomas
e112450e-07ab-4d5e-9149-1821a62e7489,USER-00152,nicholascobb@example.org,Matthew,Clark,22,Female,535.552.8961x12,Bensonmouth,Netherlands Antilles,56801,mid-range,2762.15,958.17,USD,medium,excellent,False,debit_card|apple_pay|affirm,affirm,Sports|Food|Electronics,low,True,10239,54,43195.9,2025-12-09T15:12:55.862910,2025-12-29T00:12:41.664118,Matthew Clark
d1fdff58-1e73-4e55-b30d-1c527397cb37,USER-00153,hinesbrenda@example.net,Kelly,Hernandez,20,Other,904.328.9731,New Paul,Turkmenistan,85051,mid-range,1802.17,367.91,USD,medium,excellent,False,apple_pay|affirm|google_pay|credit_card,apple_pay,Food|Furniture,low,False,10688,3,44197.18,2024-10-23T04:41:58.576858,2026-01-01T21:36:26.709748,Kelly Hernandez
b3657d89-5252-47e5-968e-ca39955a3486,USER-00154,twhite@example.com,Alicia,Webb,67,Female,574.696.9033x37,Onealshire,Cayman Islands,49535,premium,4395.86,1515.73,USD,high,good,True,credit_card|paypal|debit_card|google_pay|apple_pay,apple_pay,Furniture|Fashion|Wine,medium,False,4097,66,18000.26,2022-04-30T07:02:03.631301,2025-12-24T05:09:44.110293,Alicia Webb
057baf99-17be-4f8f-b835-19553bd2a8f6,USER-00155,phillipsapril@example.org,Brandy,Marshall,50,Other,+1-256-477-6657,Hallland,Guinea-Bissau,11303,premium,4212.33,1400.67,USD,high,good,False,klarna|google_pay,google_pay,Sports|Wine,high,True,12420,53,60628.66,2022-07-12T07:41:01.671439,2026-01-05T17:24:23.671873,Brandy Marshall
f85ef0e7-54e6-421b-8a96-70e21b971040,USER-00156,hartmansara@example.org,David,Ward,22,Female,+1-435-635-4443,Port Kevinstad,Slovenia,53429,mid-range,2762.15,958.17,USD,medium,excellent,False,debit_card|apple_pay|affirm,affirm,Sports|Food|Electronics,low,True,10239,54,43195.9,2025-10-13T17:13:31.225067,2026-01-15T07:52:33.531368,David Ward
1573002e-714b-4209-a418-fd7a01778e7e,USER-00157,kennedywilliam@example.org,Michelle,Perez,20,Other,001-837-838-987,South Shannon,Moldova,04446,mid-range,1802.17,367.91,USD,medium,excellent,False,apple_pay|affirm|google_pay|credit_card,apple_pay,Food|Furniture,low,False,10688,3,44197.18,2022-12-05T17:58:32.850382,2026-01-07T23:56:30.898807,Michelle Perez
3ffb0802-fddc-48b0-9237-102629a0c01a,USER-00158,kevinrojas@example.com,Lisa,Flowers,67,Female,736-866-8459x09,Harrisfurt,Bahrain,70557,premium,4395.86,1515.73,USD,high,good,True,credit_card|paypal|debit_card|google_pay|apple_pay,apple_pay,Furniture|Fashion|Wine,medium,False,4097,66,18000.26,2022-12-27T04:14:52.983171,2026-01-04T21:58:32.680782,Lisa Flowers
d2ae8edd-2b7e-463b-b7fb-34e52dafa756,USER-00159,ashley74@example.org,George,Leonard,50,Other,(609)570-2316,West Donna,Bangladesh,60094,premium,4212.33,1400.67,USD,high,good,False,klarna|google_pay,google_pay,Sports|Wine,high,True,12420,53,60628.66,2021-05-05T09:26:12.923723,2026-01-06T05:28:43.115051,George Leonard
78ea7f40-2183-4d00-a568-238a8490f650,USER-00160,markbrowning@example.com,Eric,Rodriguez,22,Female,+1-867-916-3234,New Barbara,Georgia,77504,mid-range,2762.15,958.17,USD,medium,excellent,False,debit_card|apple_pay|affirm,affirm,Sports|Food|Electronics,low,True,10239,54,43195.9,2022-01-26T03:22:54.184743,2026-01-12T04:12:42.146646,Eric Rodriguez
3dfa6f8b-c82b-4dec-b4a5-c818de183d38,USER-00161,ahill@example.org,Sean,Summers,20,Other,+1-938-759-7779,Peterburgh,Israel,33155,mid-range,1802.17,367.91,USD,medium,excellent,False,apple_pay|affirm|google_pay|credit_card,apple_pay,Food|Furniture,low,False,10688,3,44197.18,2021-12-14T10:01:11.692418,2026-01-09T04:54:22.050497,Sean Summers
a9878e88-ec50-4308-8a5c-2e73d8720a42,USER-00162,qellis@example.org,Holly,Davis,67,Female,001-303-724-841,Port Danielmouth,Ireland,59606,premium,4395.86,1515.73,USD,high,good,True,credit_card|paypal|debit_card|google_pay|apple_pay,apple_pay,Furniture|Fashion|Wine,medium,False,4097,66,18000.26,2021-11-17T12:01:40.034405,2025-12-27T21:26:37.471487,Holly Davis
57062d28-018c-482f-896d-9e47331c33ca,USER-00163,murraycharles@example.net,Emma,Murray,50,Other,363-560-0412x57,Taylorview,Tajikistan,21651,premium,4212.33,1400.67,USD,high,good,False,klarna|google_pay,google_pay,Sports|Wine,high,True,12420,53,60628.66,2021-11-28T00:02:33.572055,2025-12-22T05:08:36.402870,Emma Murray
4540d570-4c57-47c9-81ec-7c2803099cf6,USER-00164,thompsondavid@example.net,Peter,Jones,22,Female,001-304-827-523,Scotttown,Australia,49966,mid-range,2762.15,958.17,USD,medium,excellent,False,debit_card|apple_pay|affirm,affirm,Sports|Food|Electronics,low,True,10239,54,43195.9,2024-11-21T08:59:38.443097,2026-01-18T12:53:11.871567,Peter Jones
526fed60-2684-4f11-b3af-7a806e9dcb7c,USER-00165,regina31@example.org,Robert,Hays,20,Other,531-531-2206x81,Mcmillanville,Djibouti,28521,mid-range,1802.17,367.91,USD,medium,excellent,False,apple_pay|affirm|google_pay|credit_card,apple_pay,Food|Furniture,low,False,10688,3,44197.18,2021-08-01T20:09:24.539009,2025-12-31T08:57:38.410005,Robert Hays
4f14d8b2-96d7-4652-95ee-7e113af037f1,USER-00166,moralesleslie@example.com,Jason,Robinson,67,Female,+1-449-650-1364,New Markfurt,Philippines,91428,premium,4395.86,1515.73,USD,high,good,True,credit_card|paypal|debit_card|google_pay|apple_pay,apple_pay,Furniture|Fashion|Wine,medium,False,4097,66,18000.26,2021-09-20T05:33:16.246623,2025-12-26T22:22:27.071104,Jason Robinson
356ffdaa-893c-4c68-8094-edc444c0b827,USER-00167,tiffany71@example.com,Andres,Barr,50,Other,568.838.9030x91,New Christopher,Burundi,49590,premium,4212.33,1400.67,USD,high,good,False,klarna|google_pay,google_pay,Sports|Wine,high,True,12420,53,60628.66,2023-07-20T05:53:38.859882,2025-12-27T17:35:03.553281,Andres Barr
008fa39d-1af2-4c03-85e2-51d6a5fd3adc,USER-00168,charris@example.org,Sandra,George,22,Female,752.545.0864x03,New Brian,United States Virgin Islands,87664,mid-range,2762.15,958.17,USD,medium,excellent,False,debit_card|apple_pay|affirm,affirm,Sports|Food|Electronics,low,True,10239,54,43195.9,2025-12-30T10:37:57.231847,2026-01-14T17:10:52.084716,Sandra George
e75a1b9f-f8e3-4d0e-b135-4e085c0d4e1a,USER-00169,cathyjames@example.com,Isaiah,Soto,20,Other,471-530-2321,New Christian,Saint Kitts and Nevis,61721,mid-range,1802.17,367.91,USD,medium,excellent,False,apple_pay|affirm|google_pay|credit_card,apple_pay,Food|Furniture,low,False,10688,3,44197.18,2022-08-12T06:22:06.497167,2026-01-12T07:44:27.400850,Isaiah Soto
27857779-7d6b-47b6-b78e-d4439ef42ac6,USER-00170,rogerobrien@example.com,Justin,West,67,Female,+1-834-471-5662,Smithfurt,Japan,11410,premium,4395.86,1515.73,USD,high,good,True,credit_card|paypal|debit_card|google_pay|apple_pay,apple_pay,Furniture|Fashion|Wine,medium,False,4097,66,18000.26,2024-11-06T07:08:51.112444,2026-01-18T07:38:21.237530,Justin West
1ff9981d-b5cb-4c1b-ae36-2ee579180707,USER-00171,angelathompson@example.com,Steven,Chavez,50,Other,(789)971-5273x2,Frostfurt,Samoa,49409,premium,4212.33,1400.67,USD,high,good,False,klarna|google_pay,google_pay,Sports|Wine,high,True,12420,53,60628.66,2022-12-22T19:12:57.858314,2025-12-30T21:45:34.659477,Steven Chavez
5048e8c3-dccc-4d7b-aeab-98a6060b9195,USER-00172,ortizbenjamin@example.org,Paul,Cunningham,22,Female,864.558.7506,South Austin,Suriname,47872,mid-range,2762.15,958.17,USD,medium,excellent,False,debit_card|apple_pay|affirm,affirm,Sports|Food|Electronics,low,True,10239,54,43195.9,2024-03-17T17:12:16.500098,2026-01-10T23:09:44.152018,Paul Cunningham
1a037eb0-fc6a-4b9c-ad2e-dee522c03927,USER-00173,josegibson@example.net,Dylan,Wright,20,Other,001-520-811-669,Port Ronald,Puerto Rico,40113,mid-range,1802.17,367.91,USD,medium,excellent,False,apple_pay|affirm|google_pay|credit_card,apple_pay,Food|Furniture,low,False,10688,3,44197.18,2023-07-23T18:03:36.825427,2026-01-06T16:02:26.800612,Dylan Wright
5f4eab90-93ba-41e1-9fc2-995d012c2393,USER-00174,uwillis@example.com,Karen,Glass,67,Female,219-452-4364,Smithland,Singapore,91768,premium,4395.86,1515.73,USD,high,good,True,credit_card|paypal|debit_card|google_pay|apple_pay,apple_pay,Furniture|Fashion|Wine,medium,False,4097,66,18000.26,2023-02-22T12:43:24.401857,2026-01-03T04:15:44.303673,Karen Glass
a43ea7cd-0508-4d19-aef1-a695316ec21c,USER-00175,jessica22@example.com,Jacob,Taylor,50,Other,828.917.9323x02,Port Danaland,French Polynesia,11734,premium,4212.33,1400.67,USD,high,good,False,klarna|google_pay,google_pay,Sports|Wine,high,True,12420,53,60628.66,2022-12-11T06:42:19.720929,2025-12-29T23:24:16.629815,Jacob Taylor
86abcd6c-38e9-4926-b7e2-fa5d5565169e,USER-00176,anthony37@example.com,Emily,Garcia,22,Female,8406901380,Kennedymouth,Netherlands,56790,mid-range,2762.15,958.17,USD,medium,excellent,False,debit_card|apple_pay|affirm,affirm,Sports|Food|Electronics,low,True,10239,54,43195.9,2022-09-27T01:54:37.680184,2026-01-11T03:04:30.117607,Emily Garcia
1eaf5af8-feba-46e4-8a12-a9b8041a8ae9,USER-00177,yvonne35@example.net,Raymond,Bishop,20,Other,(551)707-6209x1,Montgomeryfort,Malaysia,54650,mid-range,1802.17,367.91,USD,medium,excellent,False,apple_pay|affirm|google_pay|credit_card,apple_pay,Food|Furniture,low,False,10688,3,44197.18,2024-05-10T04:19:18.372358,2025-12-21T18:23:19.652180,Raymond Bishop
23c80e24-7b98-4227-ba96-24261e17bb97,USER-00178,allen50@example.net,Mark,Wallace,67,Female,+1-576-491-5671,East Tylerland,Gabon,88720,premium,4395.86,1515.73,USD,high,good,True,credit_card|paypal|debit_card|google_pay|apple_pay,apple_pay,Furniture|Fashion|Wine,medium,False,4097,66,18000.26,2026-01-13T22:07:37.885382,2026-01-20T06:56:02.224940,Mark Wallace
d8095ef1-7c8e-4278-bcf6-128fe7fb535e,USER-00179,cjackson@example.org,Timothy,Fernandez,50,Other,832.611.6025,Lake Jonathan,Lebanon,88398,premium,4212.33,1400.67,USD,high,good,False,klarna|google_pay,google_pay,Sports|Wine,high,True,12420,53,60628.66,2021-09-02T06:34:19.662911,2025-12-25T17:52:49.672870,Timothy Fernandez
27681131-0efb-481c-8039-af8f2d960c46,USER-00180,sdavis@example.com,Monica,Huynh,22,Female,001-391-356-686,Joyborough,Samoa,15719,mid-range,2762.15,958.17,USD,medium,excellent,False,debit_card|apple_pay|affirm,affirm,Sports|Food|Electronics,low,True,10239,54,43195.9,2023-12-02T14:09:12.858825,2025-12-25T11:52:35.073017,Monica Huynh
3ced6829-48ed-4fce-aba0-4b108a7f1d9f,USER-00181,stephanie90@example.com,Bryan,Nichols,20,Other,(965)752-8993x1,Port Sherri,Taiwan,29193,mid-range,1802.17,367.91,USD,medium,excellent,False,apple_pay|affirm|google_pay|credit_card,apple_pay,Food|Furniture,low,False,10688,3,44197.18,2023-07-22T06:22:36.302137,2026-01-04T08:18:02.503175,Bryan Nichols
b5fac877-eb82-4161-9666-843d2637d52e,USER-00182,dustin09@example.com,Kyle,Mooney,67,Female,749-473-7460,Port Jessica,Sudan,30001,premium,4395.86,1515.73,USD,high,good,True,credit_card|paypal|debit_card|google_pay|apple_pay,apple_pay,Furniture|Fashion|Wine,medium,False,4097,66,18000.26,2024-07-22T13:19:02.153133,2025-12-23T05:59:00.860565,Kyle Mooney
611f347a-f2ed-4c66-b90b-b16669dcd87a,USER-00183,melissaluna@example.com,Tracey,Hopkins,50,Other,(808)365-6756,Justinborough,Reunion,72329,premium,4212.33,1400.67,USD,high,good,False,klarna|google_pay,google_pay,Sports|Wine,high,True,12420,53,60628.66,2023-01-09T13:53:24.963328,2025-12-25T14:23:03.571447,Tracey Hopkins
37c9f506-7441-4635-b9b8-3fb8cb2dcef0,USER-00184,hornjenna@example.com,Diamond,Ray,22,Female,874.823.3305x91,North Cody,Lebanon,24045,mid-range,2762.15,958.17,USD,medium,excellent,False,debit_card|apple_pay|affirm,affirm,Sports|Food|Electronics,low,True,10239,54,43195.9,2025-10-12T08:16:27.867103,2025-12-25T04:37:32.023329,Diamond Ray
d331edad-c7c0-4179-9b70-a3a0d7a767d3,USER-00185,brittney26@example.org,Austin,Allen,20,Other,349.326.1764x75,South Darlenehaven,Czech Republic,03519,mid-range,1802.17,367.91,USD,medium,excellent,False,apple_pay|affirm|google_pay|credit_card,apple_pay,Food|Furniture,low,False,10688,3,44197.18,2023-12-28T04:15:33.441147,2026-01-20T07:01:38.477993,Austin Allen
10a1fea6-959e-4fa0-b8b6-664a8aba6fa4,USER-00186,vhill@example.org,Laura,White,67,Female,964.392.1518x26,Port Karenville,Cocos (Keeling) Islands,79026,premium,4395.86,1515.73,USD,high,good,True,credit_card|paypal|debit_card|google_pay|apple_pay,apple_pay,Furniture|Fashion|Wine,medium,False,4097,66,18000.26,2024-07-13T01:46:45.326490,2025-12-21T19:58:08.815162,Laura White
0329007e-76f0-4cc1-8d58-973753ec4b4f,USER-00187,hmcbride@example.org,David,Harris,50,Other,(718)440-1184,Rowlandtown,Egypt,39901,premium,4212.33,1400.67,USD,high,good,False,klarna|google_pay,google_pay,Sports|Wine,high,True,12420,53,60628.66,2021-04-14T18:44:43.576992,2026-01-19T01:06:28.586838,David Harris
415e7961-0a4d-4246-b6b1-8c7b4d13d4e9,USER-00188,donna72@example.net,Tracy,Edwards,22,Female,(598)483-1030x3,New Michael,Brunei Darussalam,96066,mid-range,2762.15,958.17,USD,medium,excellent,False,debit_card|apple_pay|affirm,affirm,Sports|Food|Electronics,low,True,10239,54,43195.9,2024-03-01T22:31:31.627663,2025-12-23T21:40:29.237364,Tracy Edwards
d8bb2acc-349e-43cc-800a-a5c5ac62be50,USER-00189,jorge26@example.com,Christopher,King,20,Other,(728)831-4359x8,Johnsonbury,Belarus,35906,mid-range,1802.17,367.91,USD,medium,excellent,False,apple_pay|affirm|google_pay|credit_card,apple_pay,Food|Furniture,low,False,10688,3,44197.18,2021-09-05T01:19:41.880089,2025-12-24T23:19:43.423390,Christopher King
0b6e11d3-17a6-4ed6-a957-0392c35d7b50,USER-00190,ojones@example.org,Michael,Cook,67,Female,623-940-1636x11,New Michaelshire,Tonga,37462,premium,4395.86,1515.73,USD,high,good,True,credit_card|paypal|debit_card|google_pay|apple_pay,apple_pay,Furniture|Fashion|Wine,medium,False,4097,66,18000.26,2023-10-24T16:44:32.758029,2026-01-08T21:30:43.319626,Michael Cook
5607d2a0-0e55-41ba-8524-b7af47cc4c3a,USER-00191,jacksonstacey@example.com,Henry,Shaffer,50,Other,+1-888-696-7924,Lake Daniellestad,Russian Federation,33152,premium,4212.33,1400.67,USD,high,good,False,klarna|google_pay,google_pay,Sports|Wine,high,True,12420,53,60628.66,2024-06-12T00:39:40.970474,2026-01-03T05:16:16.796748,Henry Shaffer
93af4f5e-a770-4887-b989-e4a139f344a2,USER-00192,wwhite@example.com,Wayne,Hill,22,Female,(283)341-4651x1,Angelafort,Sri Lanka,01902,mid-range,2762.15,958.17,USD,medium,excellent,False,debit_card|apple_pay|affirm,affirm,Sports|Food|Electronics,low,True,10239,54,43195.9,2025-11-12T13:53:00.338454,2026-01-03T09:24:14.552530,Wayne Hill
5ab5fde3-377f-4983-aa92-a9827a688750,USER-00193,timothyrobertson@example.net,Pamela,Wolfe,20,Other,(909)430-6853x8,East Charles,Taiwan,17975,mid-range,1802.17,367.91,USD,medium,excellent,False,apple_pay|affirm|google_pay|credit_card,apple_pay,Food|Furniture,low,False,10688,3,44197.18,2023-08-16T13:29:04.783517,2026-01-19T05:55:26.497025,Pamela Wolfe
4d7c307d-afae-46c9-9fe9-941b27c22dbe,USER-00194,ksimpson@example.com,Tara,Morgan,67,Female,+1-638-214-4744,Staffordfort,Azerbaijan,47129,premium,4395.86,1515.73,USD,high,good,True,credit_card|paypal|debit_card|google_pay|apple_pay,apple_pay,Furniture|Fashion|Wine,medium,False,4097,66,18000.26,2021-01-31T05:32:08.032952,2026-01-04T11:35:26.246898,Tara Morgan
8456837a-46dd-48c9-a7d0-a6295149fea6,USER-00195,michael05@example.net,Jacob,Gomez,50,Other,367-931-8826,East Kaylaview,Czech Republic,62196,premium,4212.33,1400.67,USD,high,good,False,klarna|google_pay,google_pay,Sports|Wine,high,True,12420,53,60628.66,2023-01-12T11:25:08.326688,2025-12-30T15:37:15.597177,Jacob Gomez
c518b5bd-6737-4dc2-b3d9-1e2752f69fed,USER-00196,imcclain@example.com,Daniel,Gonzales,22,Female,422.856.0531x34,Mannington,Central African Republic,87821,mid-range,2762.15,958.17,USD,medium,excellent,False,debit_card|apple_pay|affirm,affirm,Sports|Food|Electronics,low,True,10239,54,43195.9,2022-01-18T20:54:11.262493,2026-01-05T01:13:41.601723,Daniel Gonzales
7d695c65-b5d1-4118-b6db-9286eaa8dc1b,USER-00197,david78@example.com,Lauren,Klein,20,Other,268-762-1102x25,Braytown,Jordan,63440,mid-range,1802.17,367.91,USD,medium,excellent,False,apple_pay|affirm|google_pay|credit_card,apple_pay,Food|Furniture,low,False,10688,3,44197.18,2022-07-03T02:17:46.863904,2026-01-05T06:00:17.600142,Lauren Klein
73f3a8c6-4ff4-42e5-8990-3a9eca97882c,USER-00198,jwright@example.net,William,Wright,67,Female,001-514-336-371,South Benjamin,Congo,19664,premium,4395.86,1515.73,USD,high,good,True,credit_card|paypal|debit_card|google_pay|apple_pay,apple_pay,Furniture|Fashion|Wine,medium,False,4097,66,18000.26,2023-03-09T23:39:44.777457,2026-01-09T03:59:32.392375,William Wright
11d6f75a-6c79-421d-97dc-2b16c7af0158,USER-00199,linomar@example.net,Kirk,Schultz,50,Other,635.367.0860,Michaelstad,Rwanda,55298,premium,4212.33,1400.67,USD,high,good,False,klarna|google_pay,google_pay,Sports|Wine,high,True,12420,53,60628.66,2022-04-16T11:39:44.906047,2026-01-17T12:36:44.358556,Kirk Schultz
f10ad540-3245-4722-8e6e-8011349f99ba,USER-00200,blakewilliams@example.net,Marc,Mitchell,22,Female,291-462-4755x41,Michaelstad,Samoa,77690,mid-range,2762.15,958.17,USD,medium,excellent,False,debit_card|apple_pay|affirm,affirm,Sports|Food|Electronics,low,True,10239,54,43195.9,2023-09-13T06:41:56.415475,2026-01-01T19:40:56.202782,Marc Mitchell
3ca2c7e0-979a-4e7b-8536-f420a60b50d1,USER-00201,jason61@example.org,David,Newton,20,Other,709-633-7118,Mayoborough,Martinique,94973,mid-range,1802.17,367.91,USD,medium,excellent,False,apple_pay|affirm|google_pay|credit_card,apple_pay,Food|Furniture,low,False,10688,3,44197.18,2021-10-28T02:36:10.671648,2025-12-25T12:10:29.400822,David Newton
4cd7bc7c-29dc-4190-9e23-eb941f81d7f9,USER-00202,qpierce@example.net,Theresa,Jacobson,67,Female,416.617.6880x29,New Bruceborough,Saint Vincent and the Grenadin,52601,premium,4395.86,1515.73,USD,high,good,True,credit_card|paypal|debit_card|google_pay|apple_pay,apple_pay,Furniture|Fashion|Wine,medium,False,4097,66,18000.26,2023-07-13T11:42:08.193208,2026-01-06T15:30:50.858437,Theresa Jacobson
116ba835-cf11-46e8-b6e4-a609553404d4,USER-00203,martinkaren@example.com,Anna,Myers,50,Other,+1-643-620-2939,West Jeanette,Micronesia,16112,premium,4212.33,1400.67,USD,high,good,False,klarna|google_pay,google_pay,Sports|Wine,high,True,12420,53,60628.66,2021-11-28T22:50:01.188228,2025-12-23T00:58:36.511458,Anna Myers
f9e56e5f-a698-4129-a327-046dd6bec5d8,USER-00204,kellybowman@example.com,Sara,Nelson,22,Female,7333810595,Jenniferchester,Ukraine,80649,mid-range,2762.15,958.17,USD,medium,excellent,False,debit_card|apple_pay|affirm,affirm,Sports|Food|Electronics,low,True,10239,54,43195.9,2022-07-13T00:13:47.634426,2026-01-20T05:31:26.248754,Sara Nelson
31a25000-2c24-4a92-a038-ce7d56757bf5,USER-00205,hollowayjeffrey@example.com,Gregory,Bonilla,20,Other,+1-591-764-9837,Jamesfurt,Cape Verde,58966,mid-range,1802.17,367.91,USD,medium,excellent,False,apple_pay|affirm|google_pay|credit_card,apple_pay,Food|Furniture,low,False,10688,3,44197.18,2022-03-19T15:28:17.476328,2026-01-12T11:03:42.633267,Gregory Bonilla
c7d326c5-ac98-4776-b12a-7dcd0e317457,USER-00206,eddie71@example.com,Hunter,Lopez,67,Female,(439)872-4042,North Douglas,Japan,32646,premium,4395.86,1515.73,USD,high,good,True,credit_card|paypal|debit_card|google_pay|apple_pay,apple_pay,Furniture|Fashion|Wine,medium,False,4097,66,18000.26,2023-05-01T10:28:33.512708,2026-01-10T00:37:16.820378,Hunter Lopez
8817e5b1-56ad-4a69-b6bd-85ae05539206,USER-00207,hgarcia@example.org,Jessica,Morton,50,Other,+1-416-260-1002,Port Danielmouth,Timor-Leste,93228,premium,4212.33,1400.67,USD,high,good,False,klarna|google_pay,google_pay,Sports|Wine,high,True,12420,53,60628.66,2021-06-24T15:15:14.575305,2025-12-25T20:22:53.415129,Jessica Morton
9e73cf11-d2a2-4e2c-813d-bf465490ee75,USER-00208,tochoa@example.com,Timothy,Sanchez,22,Female,+1-348-810-0184,North Rhonda,Anguilla,30211,mid-range,2762.15,958.17,USD,medium,excellent,False,debit_card|apple_pay|affirm,affirm,Sports|Food|Electronics,low,True,10239,54,43195.9,2023-03-11T12:08:52.616064,2025-12-26T02:14:48.914317,Timothy Sanchez
566a892a-0346-481c-9e7c-8c1ce22f889e,USER-00209,jeremiah61@example.com,Gavin,Rodriguez,20,Other,245-419-5151,South Alyssa,Netherlands Antilles,24272,mid-range,1802.17,367.91,USD,medium,excellent,False,apple_pay|affirm|google_pay|credit_card,apple_pay,Food|Furniture,low,False,10688,3,44197.18,2024-06-14T06:02:54.938210,2025-12-26T04:17:39.332561,Gavin Rodriguez
c06164fc-0216-41a3-8e7b-bc68da1163b4,USER-00210,colleen45@example.org,Joseph,Porter,67,Female,(341)802-2526x7,Duanemouth,Brunei Darussalam,24339,premium,4395.86,1515.73,USD,high,good,True,credit_card|paypal|debit_card|google_pay|apple_pay,apple_pay,Furniture|Fashion|Wine,medium,False,4097,66,18000.26,2024-11-22T03:27:12.945963,2026-01-01T06:00:50.899725,Joseph Porter
16412ca7-c75c-44f9-b43a-934ed8aadc56,USER-00211,scoleman@example.com,Carolyn,Fields,50,Other,(536)868-7887,New Jenniferhaven,Morocco,91399,premium,4212.33,1400.67,USD,high,good,False,klarna|google_pay,google_pay,Sports|Wine,high,True,12420,53,60628.66,2025-02-10T01:15:14.111164,2025-12-28T06:03:22.699997,Carolyn Fields
0222e45a-caed-4f9f-b830-1d15f466a5af,USER-00212,youngaaron@example.org,Michael,Wells,22,Female,(810)555-2472,Port Jeffrey,San Marino,18562,mid-range,2762.15,958.17,USD,medium,excellent,False,debit_card|apple_pay|affirm,affirm,Sports|Food|Electronics,low,True,10239,54,43195.9,2021-08-22T13:38:05.313824,2026-01-11T13:05:52.670259,Michael Wells
86744680-4957-4473-b13a-ab4b93142ae4,USER-00213,nicholasjohnson@example.com,Nathan,Miles,20,Other,+1-891-479-2025,South Julia,San Marino,69634,mid-range,1802.17,367.91,USD,medium,excellent,False,apple_pay|affirm|google_pay|credit_card,apple_pay,Food|Furniture,low,False,10688,3,44197.18,2024-07-19T04:31:10.145471,2025-12-30T15:46:52.947927,Nathan Miles
4c33fa09-5383-4f0e-969d-ac4571e04424,USER-00214,csharp@example.net,Heather,Mitchell,67,Female,(800)992-8206,Samanthahaven,Gambia,93477,premium,4395.86,1515.73,USD,high,good,True,credit_card|paypal|debit_card|google_pay|apple_pay,apple_pay,Furniture|Fashion|Wine,medium,False,4097,66,18000.26,2022-03-11T14:15:42.476701,2026-01-18T14:46:48.006610,Heather Mitchell
6dd6d89b-687e-4836-9769-9ab570a695cb,USER-00215,teresa86@example.org,Julia,Morales,50,Other,7368289177,Martinstad,Oman,56104,premium,4212.33,1400.67,USD,high,good,False,klarna|google_pay,google_pay,Sports|Wine,high,True,12420,53,60628.66,2022-01-11T02:08:02.939135,2025-12-24T22:11:04.086321,Julia Morales
704744c9-cd25-4e42-a7ef-e17dcb3f3762,USER-00216,coxkimberly@example.com,Anthony,Campbell,22,Female,+1-511-239-0438,West Christopher,Montenegro,74530,mid-range,2762.15,958.17,USD,medium,excellent,False,debit_card|apple_pay|affirm,affirm,Sports|Food|Electronics,low,True,10239,54,43195.9,2021-04-12T10:07:50.699827,2026-01-20T06:24:41.378952,Anthony Campbell
7a9d103b-ac00-4307-a0d0-12e9f0b9a352,USER-00217,uwilliams@example.org,Sherry,Smith,20,Other,(346)483-5652x1,New Laurafort,Namibia,05404,mid-range,1802.17,367.91,USD,medium,excellent,False,apple_pay|affirm|google_pay|credit_card,apple_pay,Food|Furniture,low,False,10688,3,44197.18,2022-07-04T06:54:20.345708,2025-12-26T05:14:35.005800,Sherry Smith
8086828d-7f30-4f9d-afbf-8d9310be4b47,USER-00218,omiller@example.org,Stephanie,Hall,67,Female,422.788.9857,Michaelchester,Armenia,93924,premium,4395.86,1515.73,USD,high,good,True,credit_card|paypal|debit_card|google_pay|apple_pay,apple_pay,Furniture|Fashion|Wine,medium,False,4097,66,18000.26,2024-12-04T06:27:30.240019,2026-01-02T07:13:57.032181,Stephanie Hall
fe79f926-eb85-4078-bbb1-3e8335d1d9a9,USER-00219,wendylawson@example.org,Ashley,Gamble,50,Other,702-448-1717,Evanview,Morocco,48123,premium,4212.33,1400.67,USD,high,good,False,klarna|google_pay,google_pay,Sports|Wine,high,True,12420,53,60628.66,2022-10-27T19:02:04.043082,2025-12-23T19:21:08.121665,Ashley Gamble
3d89f652-b249-4072-97cd-bfdaf35e3700,USER-00220,escott@example.com,Kathryn,Ramos,22,Female,(419)970-5466,Williammouth,Holy See (Vatican City State),11444,mid-range,2762.15,958.17,USD,medium,excellent,False,debit_card|apple_pay|affirm,affirm,Sports|Food|Electronics,low,True,10239,54,43195.9,2024-06-19T07:20:54.206280,2026-01-05T20:24:51.778496,Kathryn Ramos
38bbd43b-bd19-45a9-8061-a863d197f0d1,USER-00221,natalie09@example.net,Brian,Gibbs,20,Other,001-880-921-462,West Stevenside,United Arab Emirates,61430,mid-range,1802.17,367.91,USD,medium,excellent,False,apple_pay|affirm|google_pay|credit_card,apple_pay,Food|Furniture,low,False,10688,3,44197.18,2021-08-07T17:53:14.758873,2025-12-27T01:55:57.547839,Brian Gibbs
163d76ba-38f0-4d1f-9c4e-5ffc7899f705,USER-00222,lowerysandra@example.com,James,Murphy,67,Female,559-773-7147x08,New Kimton,Vietnam,47882,premium,4395.86,1515.73,USD,high,good,True,credit_card|paypal|debit_card|google_pay|apple_pay,apple_pay,Furniture|Fashion|Wine,medium,False,4097,66,18000.26,2025-01-01T08:43:31.847113,2026-01-20T00:41:58.655158,James Murphy
e76b4c87-7be2-42f0-8a95-8a5db6b0f771,USER-00223,brianparrish@example.net,Rodney,King,50,Other,(812)514-6147,Jackton,Bermuda,56669,premium,4212.33,1400.67,USD,high,good,False,klarna|google_pay,google_pay,Sports|Wine,high,True,12420,53,60628.66,2022-10-07T01:36:27.222364,2026-01-13T06:25:21.323181,Rodney King
3984b2a6-032d-4ee1-a311-a38eeaa7d8bf,USER-00224,jamesmcmahon@example.com,Thomas,Barker,22,Female,(365)496-0893,Elizabethmouth,American Samoa,20228,mid-range,2762.15,958.17,USD,medium,excellent,False,debit_card|apple_pay|affirm,affirm,Sports|Food|Electronics,low,True,10239,54,43195.9,2025-07-15T15:51:32.271726,2026-01-18T16:29:08.883200,Thomas Barker
a6cf3df3-e6a4-44af-b8e7-50a229476b14,USER-00225,hlin@example.net,Richard,Meyer,20,Other,8724791033,Robinsonborough,Zambia,25556,mid-range,1802.17,367.91,USD,medium,excellent,False,apple_pay|affirm|google_pay|credit_card,apple_pay,Food|Furniture,low,False,10688,3,44197.18,2025-11-30T01:40:58.130581,2026-01-07T23:27:29.024491,Richard Meyer
1e76a358-d8b2-40ab-a4d3-e83f13493bc6,USER-00226,woodmichael@example.com,Peggy,Shaw,67,Female,777-366-5586,South Ross,Christmas Island,72951,premium,4395.86,1515.73,USD,high,good,True,credit_card|paypal|debit_card|google_pay|apple_pay,apple_pay,Furniture|Fashion|Wine,medium,False,4097,66,18000.26,2024-01-11T20:42:00.925059,2026-01-06T22:55:30.381861,Peggy Shaw
a0f608cf-208b-4bfb-bce7-87a96388d497,USER-00227,qmitchell@example.net,Erin,Walters,50,Other,001-391-911-109,Lake Kellychester,Croatia,29714,premium,4212.33,1400.67,USD,high,good,False,klarna|google_pay,google_pay,Sports|Wine,high,True,12420,53,60628.66,2024-12-09T05:01:34.362670,2026-01-07T05:16:44.868680,Erin Walters
663c31f7-e4f3-4cf4-96b0-b260cd60d29c,USER-00228,gonzalezterrence@example.org,Michael,Leon,22,Female,566.205.3844x44,Johnsontown,Cape Verde,49575,mid-range,2762.15,958.17,USD,medium,excellent,False,debit_card|apple_pay|affirm,affirm,Sports|Food|Electronics,low,True,10239,54,43195.9,2025-04-04T21:13:03.100084,2026-01-06T05:47:21.734142,Michael Leon
04f13cc3-d0d9-4902-8ddb-d1171ab920ae,USER-00229,matthew96@example.org,Angela,Myers,20,Other,+1-860-596-2626,Lake Lauriehaven,British Indian Ocean Territory,83265,mid-range,1802.17,367.91,USD,medium,excellent,False,apple_pay|affirm|google_pay|credit_card,apple_pay,Food|Furniture,low,False,10688,3,44197.18,2023-12-10T01:37:14.934919,2026-01-02T10:23:04.564672,Angela Myers
a5d0d295-4a24-4cf3-a19d-2dc58970be87,USER-00230,mary25@example.org,Christopher,Johnson,67,Female,2924098196,Waltersstad,Colombia,31921,premium,4395.86,1515.73,USD,high,good,True,credit_card|paypal|debit_card|google_pay|apple_pay,apple_pay,Furniture|Fashion|Wine,medium,False,4097,66,18000.26,2024-04-26T02:35:27.533668,2025-12-28T07:47:58.539826,Christopher Johnson
a61e5338-7641-4316-894b-7c9e53486f01,USER-00231,amandasanchez@example.com,Kaylee,Hopkins,50,Other,612-609-1179x11,North Chris,Tanzania,47870,premium,4212.33,1400.67,USD,high,good,False,klarna|google_pay,google_pay,Sports|Wine,high,True,12420,53,60628.66,2025-08-14T06:40:27.739707,2025-12-27T21:52:33.603246,Kaylee Hopkins
33867dda-2eb5-408f-b8f1-782834a1fe04,USER-00232,henryandrew@example.org,Tommy,Garrett,22,Female,466.257.2240,West Victoriafort,Nicaragua,79143,mid-range,2762.15,958.17,USD,medium,excellent,False,debit_card|apple_pay|affirm,affirm,Sports|Food|Electronics,low,True,10239,54,43195.9,2023-10-15T10:59:33.404175,2025-12-26T10:10:31.391601,Tommy Garrett
2c16c17b-8a5e-45a4-a177-c65a328eeb0c,USER-00233,sara39@example.org,Amanda,Holmes,20,Other,001-923-551-305,West Jeanport,Lao People's Democratic Republ,98175,mid-range,1802.17,367.91,USD,medium,excellent,False,apple_pay|affirm|google_pay|credit_card,apple_pay,Food|Furniture,low,False,10688,3,44197.18,2025-02-05T21:18:31.500130,2026-01-03T18:06:01.677070,Amanda Holmes
27146215-c81a-43fc-9f8b-b05d66296412,USER-00234,qnielsen@example.org,James,Mathis,67,Female,001-846-619-942,Cindyfurt,Japan,26678,premium,4395.86,1515.73,USD,high,good,True,credit_card|paypal|debit_card|google_pay|apple_pay,apple_pay,Furniture|Fashion|Wine,medium,False,4097,66,18000.26,2023-11-22T04:27:44.234655,2026-01-01T21:23:14.581743,James Mathis
224e2f16-742b-4a8b-af19-2cf11b2c5b31,USER-00235,colepamela@example.net,Johnny,Ortiz,50,Other,+1-385-560-1256,Nathanmouth,British Virgin Islands,01763,premium,4212.33,1400.67,USD,high,good,False,klarna|google_pay,google_pay,Sports|Wine,high,True,12420,53,60628.66,2022-08-25T06:41:58.749900,2025-12-21T23:59:04.455032,Johnny Ortiz
83c8e713-1b97-4a49-9e45-d61fa4b94b35,USER-00236,jason95@example.org,Anna,Cruz,22,Female,+1-738-731-8491,East Brandon,Lithuania,65860,mid-range,2762.15,958.17,USD,medium,excellent,False,debit_card|apple_pay|affirm,affirm,Sports|Food|Electronics,low,True,10239,54,43195.9,2021-04-15T22:09:49.917362,2025-12-29T21:42:53.850149,Anna Cruz
5ecff136-aa96-4d0e-a535-c3bdd2fb7510,USER-00237,martinezgeorge@example.com,Brittany,Young,20,Other,2402907426,Deannaland,Latvia,12968,mid-range,1802.17,367.91,USD,medium,excellent,False,apple_pay|affirm|google_pay|credit_card,apple_pay,Food|Furniture,low,False,10688,3,44197.18,2025-03-15T22:38:00.827423,2026-01-03T02:59:33.428164,Brittany Young
8b84b3fb-b1c6-424d-bcce-730228cc0225,USER-00238,joshua56@example.org,Angela,Edwards,67,Female,+1-206-247-7159,North Victoria,Tokelau,90625,premium,4395.86,1515.73,USD,high,good,True,credit_card|paypal|debit_card|google_pay|apple_pay,apple_pay,Furniture|Fashion|Wine,medium,False,4097,66,18000.26,2024-09-04T02:27:18.980674,2025-12-28T11:06:05.536271,Angela Edwards
7e41f382-19fb-43a3-ac14-aaa16b1dd170,USER-00239,leerachel@example.com,Lisa,Medina,50,Other,7048010414,Hollyberg,Myanmar,60885,premium,4212.33,1400.67,USD,high,good,False,klarna|google_pay,google_pay,Sports|Wine,high,True,12420,53,60628.66,2021-08-27T10:27:54.643691,2025-12-31T06:03:19.308030,Lisa Medina
7e823bce-2f92-4e48-8257-6ebd8b4eb1bd,USER-00240,karenbarron@example.com,Dana,Barnett,22,Female,783.597.7457x31,Lake Christian,Lithuania,08400,mid-range,2762.15,958.17,USD,medium,excellent,False,debit_card|apple_pay|affirm,affirm,Sports|Food|Electronics,low,True,10239,54,43195.9,2022-02-12T11:52:12.525291,2026-01-10T18:53:42.288457,Dana Barnett
9a81b6a5-7e64-43f1-810d-d8cb3726f3fd,USER-00241,mcardenas@example.com,Dan,Clark,20,Other,001-488-554-728,Paulmouth,Trinidad and Tobago,81828,mid-range,1802.17,367.91,USD,medium,excellent,False,apple_pay|affirm|google_pay|credit_card,apple_pay,Food|Furniture,low,False,10688,3,44197.18,2023-08-16T03:49:22.760350,2026-01-14T01:45:03.586262,Dan Clark
e3fe70a5-0661-42ab-ae4c-20d2921a99d6,USER-00242,caseyhenderson@example.net,Kurt,Kane,67,Female,+1-912-771-1307,Davidside,Belize,46956,premium,4395.86,1515.73,USD,high,good,True,credit_card|paypal|debit_card|google_pay|apple_pay,apple_pay,Furniture|Fashion|Wine,medium,False,4097,66,18000.26,2023-03-19T10:17:09.558952,2025-12-26T04:34:56.159841,Kurt Kane
0f46ba8b-3011-4a48-b02c-0b85bbe4d4aa,USER-00243,dromero@example.com,Joseph,Davis,50,Other,+1-866-334-3629,Lake Johnville,Cyprus,15598,premium,4212.33,1400.67,USD,high,good,False,klarna|google_pay,google_pay,Sports|Wine,high,True,12420,53,60628.66,2021-04-27T12:17:52.491112,2025-12-22T17:49:52.185891,Joseph Davis
e7a5f9ff-9f6f-4425-83e3-fb8e2bb97131,USER-00244,john81@example.com,Jeremy,Oliver,22,Female,001-666-661-347,North Jacksonfort,Saint Vincent and the Grenadin,40520,mid-range,2762.15,958.17,USD,medium,excellent,False,debit_card|apple_pay|affirm,affirm,Sports|Food|Electronics,low,True,10239,54,43195.9,2025-04-26T10:08:51.315474,2026-01-11T07:26:58.905540,Jeremy Oliver
ba343491-269c-4732-91aa-386d5fc801d8,USER-00245,lesliejones@example.org,Martin,Gibson,20,Other,2767502412,Aguilarfort,Tunisia,32942,mid-range,1802.17,367.91,USD,medium,excellent,False,apple_pay|affirm|google_pay|credit_card,apple_pay,Food|Furniture,low,False,10688,3,44197.18,2023-06-02T11:24:40.615056,2025-12-23T00:39:46.538789,Martin Gibson
be42d2d6-4a80-4f68-9a1d-b5d8e7e90b9a,USER-00246,bradleyveronica@example.org,Alicia,Jackson,67,Female,(611)945-7758,Michaeltown,Sweden,46720,premium,4395.86,1515.73,USD,high,good,True,credit_card|paypal|debit_card|google_pay|apple_pay,apple_pay,Furniture|Fashion|Wine,medium,False,4097,66,18000.26,2022-07-24T09:39:50.669311,2025-12-31T16:25:40.151324,Alicia Jackson
b2cd614b-4bc4-4a14-87ac-8c8bc6131e65,USER-00247,rrodriguez@example.net,Jessica,Smith,50,Other,(332)657-0396x5,Archerhaven,China,35275,premium,4212.33,1400.67,USD,high,good,False,klarna|google_pay,google_pay,Sports|Wine,high,True,12420,53,60628.66,2025-08-09T21:50:42.107904,2026-01-01T03:18:15.386072,Jessica Smith
05012b59-3a11-4f84-9f1c-8ad8280b4ede,USER-00248,peter64@example.com,James,Riley,22,Female,001-459-916-795,New Tammy,Nigeria,73657,mid-range,2762.15,958.17,USD,medium,excellent,False,debit_card|apple_pay|affirm,affirm,Sports|Food|Electronics,low,True,10239,54,43195.9,2024-05-17T15:39:54.384675,2025-12-30T18:45:38.393996,James Riley
c9e80dae-88da-4e08-855d-eacd49fb7ecc,USER-00249,calvin40@example.com,Blake,Campbell,20,Other,001-210-674-065,West Natasha,Solomon Islands,66298,mid-range,1802.17,367.91,USD,medium,excellent,False,apple_pay|affirm|google_pay|credit_card,apple_pay,Food|Furniture,low,False,10688,3,44197.18,2024-05-19T11:44:33.755474,2026-01-13T17:43:59.900417,Blake Campbell
05f02d72-c2a7-4e34-b2f3-3b58aa949a66,USER-00250,stephaniereeves@example.org,Wendy,Gonzalez,67,Female,001-814-830-753,West Samanthaport,China,74413,premium,4395.86,1515.73,USD,high,good,True,credit_card|paypal|debit_card|google_pay|apple_pay,apple_pay,Furniture|Fashion|Wine,medium,False,4097,66,18000.26,2023-03-27T08:37:05.548154,2026-01-16T22:48:25.794567,Wendy Gonzalez
703934c6-c568-4cc5-824b-dd82a5feb1e3,USER-00251,feliciagonzalez@example.org,Robert,Gonzalez,50,Other,714-797-8266x12,Gomezmouth,Italy,54274,premium,4212.33,1400.67,USD,high,good,False,klarna|google_pay,google_pay,Sports|Wine,high,True,12420,53,60628.66,2023-05-12T20:50:10.174885,2026-01-18T01:10:40.091688,Robert Gonzalez
36a4617f-5086-466b-956c-75a93de985f7,USER-00252,bernardrobert@example.org,Christina,Turner,22,Female,298.852.9894,South Elizabeth,Kyrgyz Republic,68397,mid-range,2762.15,958.17,USD,medium,excellent,False,debit_card|apple_pay|affirm,affirm,Sports|Food|Electronics,low,True,10239,54,43195.9,2023-05-10T22:14:10.172851,2025-12-23T07:15:54.439142,Christina Turner
87095a16-66ae-41e4-b43b-c7efa7a446b7,USER-00253,nelsonvalerie@example.org,Matthew,Davis,20,Other,997-450-1980x38,Lake Danielle,Cape Verde,39939,mid-range,1802.17,367.91,USD,medium,excellent,False,apple_pay|affirm|google_pay|credit_card,apple_pay,Food|Furniture,low,False,10688,3,44197.18,2024-03-12T18:17:10.248061,2026-01-12T05:55:05.172915,Matthew Davis
bdc13847-2365-4c5e-8e17-b74d3923b298,USER-00254,shaffercindy@example.org,Danny,Smith,67,Female,+1-218-313-3170,Richardburgh,Svalbard & Jan Mayen Islands,31293,premium,4395.86,1515.73,USD,high,good,True,credit_card|paypal|debit_card|google_pay|apple_pay,apple_pay,Furniture|Fashion|Wine,medium,False,4097,66,18000.26,2025-04-06T14:54:23.389195,2026-01-07T01:46:25.289654,Danny Smith
5fbf44b5-6136-4fda-8993-af9cdb39f78b,USER-00255,nvillarreal@example.org,Ryan,Fields,50,Other,(623)628-8377,New Trevorview,India,51071,premium,4212.33,1400.67,USD,high,good,False,klarna|google_pay,google_pay,Sports|Wine,high,True,12420,53,60628.66,2024-07-17T12:34:54.346251,2025-12-24T21:25:03.495082,Ryan Fields
990128eb-7542-4b0a-8002-1e99ce44a8e8,USER-00256,jli@example.org,Justin,Wilson,22,Female,(209)440-9705x2,Vincenthaven,Cote d'Ivoire,46223,mid-range,2762.15,958.17,USD,medium,excellent,False,debit_card|apple_pay|affirm,affirm,Sports|Food|Electronics,low,True,10239,54,43195.9,2025-07-26T16:59:49.567975,2026-01-06T10:10:33.244299,Justin Wilson
b5b30114-c2ae-4db2-9ad1-8973ef58e056,USER-00257,thompsonedward@example.net,Jennifer,Morgan,20,Other,001-624-446-176,Briannashire,Guernsey,77111,mid-range,1802.17,367.91,USD,medium,excellent,False,apple_pay|affirm|google_pay|credit_card,apple_pay,Food|Furniture,low,False,10688,3,44197.18,2024-02-22T02:29:39.463247,2026-01-02T18:51:10.824892,Jennifer Morgan
9b66ea73-ecb4-4867-a907-38effdc868d4,USER-00258,johnsonjessica@example.org,Colin,Rodriguez,67,Female,+1-275-333-1266,Hinestown,Uzbekistan,23316,premium,4395.86,1515.73,USD,high,good,True,credit_card|paypal|debit_card|google_pay|apple_pay,apple_pay,Furniture|Fashion|Wine,medium,False,4097,66,18000.26,2022-08-29T23:20:33.934235,2026-01-11T15:13:06.081997,Colin Rodriguez
08b52731-93d3-43a6-b469-0a58bdfed542,USER-00259,oanderson@example.net,Angela,Gonzalez,50,Other,574.233.2683x19,North Michael,Ireland,74988,premium,4212.33,1400.67,USD,high,good,False,klarna|google_pay,google_pay,Sports|Wine,high,True,12420,53,60628.66,2023-10-15T15:17:27.381191,2025-12-23T19:57:02.580207,Angela Gonzalez
17cb9614-5487-448f-8039-575b9ff966b4,USER-00260,faithrosario@example.net,Dawn,Crawford,22,Female,397.985.5982,Garrettland,Montenegro,10743,mid-range,2762.15,958.17,USD,medium,excellent,False,debit_card|apple_pay|affirm,affirm,Sports|Food|Electronics,low,True,10239,54,43195.9,2021-09-09T18:01:08.500884,2026-01-06T04:33:12.879155,Dawn Crawford
7854037c-c1da-49de-b14b-ec1406950471,USER-00261,wilsonjerry@example.net,Amber,Johnson,20,Other,646-851-2418x93,New Heidiville,Myanmar,62233,mid-range,1802.17,367.91,USD,medium,excellent,False,apple_pay|affirm|google_pay|credit_card,apple_pay,Food|Furniture,low,False,10688,3,44197.18,2025-09-27T11:40:12.289386,2026-01-20T05:17:17.745562,Amber Johnson
a29208a3-6e3f-446a-b2dc-0df4fe7c0fc0,USER-00262,johnsonrobert@example.org,Matthew,Hubbard,67,Female,(238)750-3719,South Carlyland,Tuvalu,72777,premium,4395.86,1515.73,USD,high,good,True,credit_card|paypal|debit_card|google_pay|apple_pay,apple_pay,Furniture|Fashion|Wine,medium,False,4097,66,18000.26,2023-06-13T19:17:29.601986,2025-12-25T13:21:01.181442,Matthew Hubbard
ff2dd43f-9bdc-472d-a7be-f68c377d84d2,USER-00263,garciatyler@example.org,Debra,Reynolds,50,Other,830-800-3896x08,South Jacqueline,Mexico,18558,premium,4212.33,1400.67,USD,high,good,False,klarna|google_pay,google_pay,Sports|Wine,high,True,12420,53,60628.66,2021-08-19T13:12:10.765470,2025-12-25T05:05:25.707275,Debra Reynolds
e17b083c-9561-4444-8963-f0d01f9fe865,USER-00264,michael56@example.org,John,Davis,22,Female,3362890030,South Henry,Aruba,41674,mid-range,2762.15,958.17,USD,medium,excellent,False,debit_card|apple_pay|affirm,affirm,Sports|Food|Electronics,low,True,10239,54,43195.9,2022-10-21T00:49:25.339917,2026-01-10T07:53:10.603347,John Davis
ede77b8d-a2ad-4ee5-b47f-8b59bd239e72,USER-00265,whitneyanderson@example.com,Timothy,Martinez,20,Other,614-783-7537,Mistybury,Malta,35567,mid-range,1802.17,367.91,USD,medium,excellent,False,apple_pay|affirm|google_pay|credit_card,apple_pay,Food|Furniture,low,False,10688,3,44197.18,2022-08-25T18:31:29.991913,2026-01-06T21:57:27.500428,Timothy Martinez
9ad32fb7-6fde-4f60-9b5a-33f6b4993abf,USER-00266,brownrachel@example.net,Stephanie,Tucker,67,Female,732-483-4831,East Hollymouth,Zambia,15474,premium,4395.86,1515.73,USD,high,good,True,credit_card|paypal|debit_card|google_pay|apple_pay,apple_pay,Furniture|Fashion|Wine,medium,False,4097,66,18000.26,2021-02-28T08:26:04.544842,2026-01-15T18:17:23.934247,Stephanie Tucker
30872f83-0a11-4772-93c8-ff882d1a3855,USER-00267,joshua64@example.org,Brian,Bond,50,Other,(270)666-7033x6,New Kathryntown,United States of America,80289,premium,4212.33,1400.67,USD,high,good,False,klarna|google_pay,google_pay,Sports|Wine,high,True,12420,53,60628.66,2024-10-29T07:10:00.159676,2025-12-31T18:12:46.825579,Brian Bond
d558f50c-0211-4b84-b1ce-ea34342ea396,USER-00268,lisa93@example.org,Matthew,Calderon,22,Female,(460)818-6487x6,Reesebury,Bulgaria,02491,mid-range,2762.15,958.17,USD,medium,excellent,False,debit_card|apple_pay|affirm,affirm,Sports|Food|Electronics,low,True,10239,54,43195.9,2022-06-17T02:04:18.081393,2026-01-11T03:36:24.913465,Matthew Calderon
24b1fd31-de22-452b-beef-edeb6142a768,USER-00269,christopher38@example.com,Matthew,Foster,20,Other,+1-445-944-9014,Smithtown,Lao People's Democratic Republ,05351,mid-range,1802.17,367.91,USD,medium,excellent,False,apple_pay|affirm|google_pay|credit_card,apple_pay,Food|Furniture,low,False,10688,3,44197.18,2025-11-19T08:53:22.661376,2026-01-05T01:53:07.902525,Matthew Foster
8ff5240d-9fec-4f80-827b-909aff3def0b,USER-00270,rickyriley@example.org,Joshua,Bishop,67,Female,517-324-4472x32,East Gabriellemouth,Mozambique,42094,premium,4395.86,1515.73,USD,high,good,True,credit_card|paypal|debit_card|google_pay|apple_pay,apple_pay,Furniture|Fashion|Wine,medium,False,4097,66,18000.26,2021-04-07T02:11:48.348908,2026-01-12T04:38:00.150108,Joshua Bishop
08d7329f-8902-47bc-ba5e-a82efcaa3551,USER-00271,lynnvictoria@example.com,Allen,Kirk,50,Other,(380)593-5118x7,West Ashley,Switzerland,89763,premium,4212.33,1400.67,USD,high,good,False,klarna|google_pay,google_pay,Sports|Wine,high,True,12420,53,60628.66,2023-02-19T02:45:59.481795,2026-01-09T22:17:40.174561,Allen Kirk
bc3cc3da-3a30-4d52-ad94-2c34e33f2bb8,USER-00272,douglas59@example.com,Matthew,Russell,22,Female,+1-357-549-0250,Williamhaven,Slovenia,76717,mid-range,2762.15,958.17,USD,medium,excellent,False,debit_card|apple_pay|affirm,affirm,Sports|Food|Electronics,low,True,10239,54,43195.9,2024-08-14T06:13:56.895511,2026-01-18T20:53:33.054338,Matthew Russell
79ffeee9-b9b3-4d9b-b8ac-2a7626d15dc7,USER-00273,crivas@example.net,Jessica,James,20,Other,+1-911-939-8986,Josephshire,French Polynesia,32486,mid-range,1802.17,367.91,USD,medium,excellent,False,apple_pay|affirm|google_pay|credit_card,apple_pay,Food|Furniture,low,False,10688,3,44197.18,2022-09-12T17:10:00.304498,2026-01-14T15:25:12.432059,Jessica James
49e22087-6830-46aa-b289-5732f7fa05da,USER-00274,jerry51@example.net,John,Oconnor,67,Female,(451)558-8157x9,Craigberg,New Caledonia,34616,premium,4395.86,1515.73,USD,high,good,True,credit_card|paypal|debit_card|google_pay|apple_pay,apple_pay,Furniture|Fashion|Wine,medium,False,4097,66,18000.26,2025-01-12T20:42:26.125305,2025-12-31T22:04:03.112725,John Oconnor
9c55b983-e976-4b26-9b4d-4fde5304fd0f,USER-00275,millerrobert@example.org,Barbara,Chen,50,Other,001-832-270-216,North David,Tonga,69878,premium,4212.33,1400.67,USD,high,good,False,klarna|google_pay,google_pay,Sports|Wine,high,True,12420,53,60628.66,2025-08-25T01:26:01.637249,2026-01-17T19:12:11.937758,Barbara Chen
a3ee1fa6-d918-4a30-b6c4-c6d0d44c921a,USER-00276,david83@example.net,Kelly,Rogers,22,Female,499-491-0157x67,East Paulashire,Nauru,48981,mid-range,2762.15,958.17,USD,medium,excellent,False,debit_card|apple_pay|affirm,affirm,Sports|Food|Electronics,low,True,10239,54,43195.9,2024-06-04T03:50:28.507253,2026-01-04T06:40:31.386706,Kelly Rogers
843e9b13-26f7-40fc-920f-72e01affcb99,USER-00277,samuel89@example.com,Shirley,Davis,20,Other,775-409-8898x64,North Lisa,Saint Pierre and Miquelon,96312,mid-range,1802.17,367.91,USD,medium,excellent,False,apple_pay|affirm|google_pay|credit_card,apple_pay,Food|Furniture,low,False,10688,3,44197.18,2022-02-09T05:12:25.515735,2026-01-06T05:54:46.843776,Shirley Davis
823b8c10-ec9f-4464-8d46-1c159a45d076,USER-00278,cory42@example.org,Keith,Tucker,67,Female,324.549.1342,North Carmen,Armenia,71257,premium,4395.86,1515.73,USD,high,good,True,credit_card|paypal|debit_card|google_pay|apple_pay,apple_pay,Furniture|Fashion|Wine,medium,False,4097,66,18000.26,2023-09-29T19:31:05.753249,2025-12-27T12:37:52.868680,Keith Tucker
6a4ccccb-eb01-465d-b63e-39e9e0e75d09,USER-00279,bwall@example.com,James,Mcmahon,50,Other,001-967-882-741,Bakerberg,Fiji,96397,premium,4212.33,1400.67,USD,high,good,False,klarna|google_pay,google_pay,Sports|Wine,high,True,12420,53,60628.66,2024-05-25T16:18:12.883045,2026-01-19T17:24:44.376313,James Mcmahon
66a7e90c-fd21-4750-9f45-fcf84f062086,USER-00280,garnerjeffrey@example.org,Mark,Hunter,22,Female,278-215-0618x53,East Brenda,Tunisia,29364,mid-range,2762.15,958.17,USD,medium,excellent,False,debit_card|apple_pay|affirm,affirm,Sports|Food|Electronics,low,True,10239,54,43195.9,2024-06-03T03:19:14.946088,2025-12-29T15:08:30.433277,Mark Hunter
038a922d-e8b1-4590-9400-e58439a9e11c,USER-00281,toddlopez@example.com,Justin,Gonzalez,20,Other,583-406-1789,South Haileyfurt,Norfolk Island,77033,mid-range,1802.17,367.91,USD,medium,excellent,False,apple_pay|affirm|google_pay|credit_card,apple_pay,Food|Furniture,low,False,10688,3,44197.18,2022-03-25T02:38:07.355594,2026-01-01T03:12:09.185934,Justin Gonzalez
912573a4-54ca-43ee-b517-fb02dac7964c,USER-00282,nataliepittman@example.com,Elizabeth,Henry,67,Female,+1-769-558-7413,Wilsonmouth,Zimbabwe,42300,premium,4395.86,1515.73,USD,high,good,True,credit_card|paypal|debit_card|google_pay|apple_pay,apple_pay,Furniture|Fashion|Wine,medium,False,4097,66,18000.26,2024-05-10T21:10:18.144971,2026-01-01T02:23:32.667539,Elizabeth Henry
e5ceb967-22f4-4d1d-a8e1-58a789fb91e1,USER-00283,xbush@example.com,Mary,Shields,50,Other,+1-663-704-4836,Myersmouth,Jamaica,52756,premium,4212.33,1400.67,USD,high,good,False,klarna|google_pay,google_pay,Sports|Wine,high,True,12420,53,60628.66,2022-05-11T13:27:50.138851,2025-12-23T07:28:18.684881,Mary Shields
ade3404e-e60f-407e-b178-ec498b3124ca,USER-00284,vchandler@example.net,Lori,Parker,22,Female,(239)828-3199x5,Port Janetstad,Seychelles,72969,mid-range,2762.15,958.17,USD,medium,excellent,False,debit_card|apple_pay|affirm,affirm,Sports|Food|Electronics,low,True,10239,54,43195.9,2021-05-16T08:55:04.203665,2025-12-23T03:34:14.821412,Lori Parker
d4c82e90-817d-4dbf-8291-d819f9713b0b,USER-00285,michaelgonzalez@example.org,Mary,Foster,20,Other,001-234-325-563,Moodyton,Cayman Islands,37606,mid-range,1802.17,367.91,USD,medium,excellent,False,apple_pay|affirm|google_pay|credit_card,apple_pay,Food|Furniture,low,False,10688,3,44197.18,2022-07-25T00:13:58.305936,2025-12-28T13:44:22.579968,Mary Foster
c2076795-3963-436e-8b87-e1a7a5baf631,USER-00286,arthurbrady@example.com,Diana,Anderson,67,Female,001-841-511-860,Kristenchester,Malaysia,97950,premium,4395.86,1515.73,USD,high,good,True,credit_card|paypal|debit_card|google_pay|apple_pay,apple_pay,Furniture|Fashion|Wine,medium,False,4097,66,18000.26,2021-03-04T06:19:44.330337,2025-12-29T21:27:05.926024,Diana Anderson
05ebc908-c504-45da-8948-d03a4224c28a,USER-00287,corycosta@example.net,Thomas,Carter,50,Other,536-884-7488,South Jessicastad,Serbia,72142,premium,4212.33,1400.67,USD,high,good,False,klarna|google_pay,google_pay,Sports|Wine,high,True,12420,53,60628.66,2024-08-17T10:25:42.621669,2026-01-04T05:46:13.755027,Thomas Carter
9cb494ce-45b3-4e35-8be7-13da96e9461e,USER-00288,sandersjesse@example.com,Thomas,Rodriguez,22,Female,852-911-8237x93,North Katrina,El Salvador,54484,mid-range,2762.15,958.17,USD,medium,excellent,False,debit_card|apple_pay|affirm,affirm,Sports|Food|Electronics,low,True,10239,54,43195.9,2022-08-12T06:01:02.252051,2025-12-31T19:24:04.101819,Thomas Rodriguez
2f04d6c2-e904-4cbb-9907-1f4da02207a1,USER-00289,benjaminbarker@example.net,Richard,Smith,20,Other,001-338-378-753,Lyonsfurt,Brunei Darussalam,99707,mid-range,1802.17,367.91,USD,medium,excellent,False,apple_pay|affirm|google_pay|credit_card,apple_pay,Food|Furniture,low,False,10688,3,44197.18,2021-02-14T08:28:53.501503,2026-01-06T06:29:30.935692,Richard Smith
cff18155-df14-4913-9e4a-604876cd0209,USER-00290,martinsamuel@example.org,Benjamin,Coleman,67,Female,(387)828-6604,Jenniferview,Mali,42756,premium,4395.86,1515.73,USD,high,good,True,credit_card|paypal|debit_card|google_pay|apple_pay,apple_pay,Furniture|Fashion|Wine,medium,False,4097,66,18000.26,2024-02-17T18:25:16.729019,2026-01-01T19:42:38.658725,Benjamin Coleman
1144480c-798d-4e13-bc83-2342bcc889ab,USER-00291,donaldmills@example.org,Leah,Crane,50,Other,(289)747-7352x2,Whitefort,Bangladesh,01235,premium,4212.33,1400.67,USD,high,good,False,klarna|google_pay,google_pay,Sports|Wine,high,True,12420,53,60628.66,2022-08-12T22:54:56.051868,2025-12-27T07:15:41.114854,Leah Crane
9092d727-f158-40a6-9824-a744829c0222,USER-00292,medinamark@example.org,Colleen,Wheeler,22,Female,858-635-0344,Claudiafurt,Vietnam,33891,mid-range,2762.15,958.17,USD,medium,excellent,False,debit_card|apple_pay|affirm,affirm,Sports|Food|Electronics,low,True,10239,54,43195.9,2023-11-11T04:11:10.978291,2026-01-09T22:05:14.527098,Colleen Wheeler
b1e2630b-0a0f-4243-8cf9-a9bd3749c867,USER-00293,chrishernandez@example.net,Javier,White,20,Other,001-612-989-659,East Aaron,Djibouti,28870,mid-range,1802.17,367.91,USD,medium,excellent,False,apple_pay|affirm|google_pay|credit_card,apple_pay,Food|Furniture,low,False,10688,3,44197.18,2021-07-06T06:34:40.749027,2026-01-14T18:33:02.122961,Javier White
6ab5375f-5d6f-4aa5-830b-dec8246bf03f,USER-00294,douglasalvarez@example.org,Marcus,Huang,67,Female,3285767548,Bennettfurt,Romania,62691,premium,4395.86,1515.73,USD,high,good,True,credit_card|paypal|debit_card|google_pay|apple_pay,apple_pay,Furniture|Fashion|Wine,medium,False,4097,66,18000.26,2022-10-30T18:10:31.174384,2026-01-15T19:57:48.311724,Marcus Huang
a1f115f7-9491-4981-be46-48d6bc668f3e,USER-00295,alyssa93@example.org,Sonia,Bass,50,Other,001-226-787-741,Townsendstad,Saint Lucia,56085,premium,4212.33,1400.67,USD,high,good,False,klarna|google_pay,google_pay,Sports|Wine,high,True,12420,53,60628.66,2022-02-14T21:02:39.428980,2026-01-07T11:11:15.106868,Sonia Bass
7b9b6544-53cb-4e46-be88-290e426b7250,USER-00296,patrickwhite@example.net,Wendy,Gonzalez,22,Female,(683)209-4515x4,Darlenefurt,Aruba,91661,mid-range,2762.15,958.17,USD,medium,excellent,False,debit_card|apple_pay|affirm,affirm,Sports|Food|Electronics,low,True,10239,54,43195.9,2024-07-29T14:22:04.563259,2025-12-29T21:32:27.569013,Wendy Gonzalez
7f3d8f87-ec8b-4197-a41e-6b005c889acf,USER-00297,maddoxmadeline@example.net,Sara,Osborn,20,Other,+1-477-327-8105,Flowersville,Azerbaijan,58615,mid-range,1802.17,367.91,USD,medium,excellent,False,apple_pay|affirm|google_pay|credit_card,apple_pay,Food|Furniture,low,False,10688,3,44197.18,2024-03-29T15:12:23.583308,2025-12-23T13:00:36.624696,Sara Osborn
1e8452f6-9ed8-445f-8cee-e887c02baf31,USER-00298,hodgejoshua@example.org,Diana,Mclaughlin,67,Female,652-395-8066x01,South Bradley,New Caledonia,26542,premium,4395.86,1515.73,USD,high,good,True,credit_card|paypal|debit_card|google_pay|apple_pay,apple_pay,Furniture|Fashion|Wine,medium,False,4097,66,18000.26,2024-07-01T04:55:41.369985,2026-01-02T22:47:48.920104,Diana Mclaughlin
89efbf4b-a73d-44f3-84ff-b8ca2ad301fb,USER-00299,collinsann@example.org,Matthew,Carroll,50,Other,001-219-471-112,East Danamouth,Belgium,95433,premium,4212.33,1400.67,USD,high,good,False,klarna|google_pay,google_pay,Sports|Wine,high,True,12420,53,60628.66,2025-10-09T00:14:56.080949,2025-12-30T21:44:20.775918,Matthew Carroll
2b6500eb-84de-4063-adb2-0d0bd4e5ecc8,USER-00300,julierojas@example.com,Brian,Mccarthy,22,Female,(542)495-6334,Jordanmouth,Estonia,12613,mid-range,2762.15,958.17,USD,medium,excellent,False,debit_card|apple_pay|affirm,affirm,Sports|Food|Electronics,low,True,10239,54,43195.9,2023-07-04T02:24:43.140615,2026-01-08T00:47:49.457652,Brian Mccarthy
